bill_id,title,timeline_history,date_first_reading,date_second_reading,sponsors_full_details,sponsors_names,committee,primary_sponsor_name
ff26dd66-e370-46de-a8f6-3af7b3b61509,"2022 Supplementary Appropriation Act (Amendment) Bill, 2023",First Reading (House: 2023-07-13) -> Second Reading (House: 2023-07-13) -> Committee Assignment (House: 2023-07-13) -> Report (House: 2023-07-13) -> Third Reading/Concurrence (House: 2023-07-13) -> Harmonization (Not Started) -> Assent (Not Started),2023-07-13,2023-07-13,"Executive (APC, N/A, Constituency: .)",Executive,Supply,Executive
6f76d5a1-a74f-486f-87af-4bba4b298ce9,"2024 Appropriation Bill, 2023",First Reading (House: 2023-11-29) -> Second Reading (House: 2023-12-01) -> Committee Assignment (House: 2023-12-01) -> Report (House: 2023-12-30) -> Third Reading/Concurrence (House: 2023-12-30) -> Harmonization (Not Started) -> Assent (Not Started),2023-11-29,2023-12-01,"Executive (APC, N/A, Constituency: .)",Executive,Appropriations,Executive
12b05694-8f43-48a0-b9cf-d7525042ac5f,"1999 Constitution (Alteration) Bill, 2023",First Reading (House: 2023-07-25) -> Second Reading (Not Started) -> Committee Assignment (Not Started) -> Report (Not Started) -> Third Reading/Concurrence (Not Started) -> Harmonization (Not Started) -> Assent (Not Started),2023-07-25,,"Hon Ugochinyere Onyinye Ikeagwuonu (PDP, Imo, Constituency: Ideato North/Ideato South)",Hon Ugochinyere Onyinye Ikeagwuonu,Not Yet Referred,Hon Ugochinyere Onyinye Ikeagwuonu
1f129608-5e93-4355-9877-61f22618b959,"1999 Constitution (Alteration) Bill, 2023",First Reading (House: 2023-07-26) -> Second Reading (Not Started) -> Committee Assignment (Not Started) -> Report (Not Started) -> Third Reading/Concurrence (Not Started) -> Harmonization (Not Started) -> Assent (Not Started),2023-07-26,,"Hon Nicholas Ebomo Mutu (PDP, Delta, Constituency: Bomadi/Patani)",Hon Nicholas Ebomo Mutu,Not Yet Referred,Hon Nicholas Ebomo Mutu
9f5076d8-3c84-4e7d-a4c3-279b908a2b67,"1999 Constitution (Alteration) Bill, 2023",First Reading (House: 2023-07-26) -> Second Reading (Not Started) -> Committee Assignment (Not Started) -> Report (Not Started) -> Third Reading/Concurrence (Not Started) -> Harmonization (Not Started) -> Assent (Not Started),2023-07-26,,"Hon Dachung Musa Bagos (PDP, Plateau, Constituency: Jos South/Jos East)",Hon Dachung Musa Bagos,Not Yet Referred,Hon Dachung Musa Bagos
b359c1c4-0339-4fd6-b962-6998a04c3fe4,"1999 Constitution (Alteration) Bill, 2023",First Reading (House: 2023-07-25) -> Second Reading (Not Started) -> Committee Assignment (Not Started) -> Report (Not Started) -> Third Reading/Concurrence (Not Started) -> Harmonization (Not Started) -> Assent (Not Started),2023-07-25,,"Hon Ugochinyere Onyinye Ikeagwuonu (PDP, Imo, Constituency: Ideato North/Ideato South)",Hon Ugochinyere Onyinye Ikeagwuonu,Not Yet Referred,Hon Ugochinyere Onyinye Ikeagwuonu
f9abe3bd-9ef2-40b8-a59a-e7b522a53bdd,"1999 Constitution (Alteration) Bill, 2023",First Reading (House: 2023-07-25) -> Second Reading (Not Started) -> Committee Assignment (Not Started) -> Report (Not Started) -> Third Reading/Concurrence (Not Started) -> Harmonization (Not Started) -> Assent (Not Started),2023-07-25,,"Hon Sesi Whingan (APC, Lagos, Constituency: Badagry)",Hon Sesi Whingan,Not Yet Referred,Hon Sesi Whingan
d4c23df9-41b3-42af-8472-62927b4e0655,"Abuja Building Regulatory Agency (Establishment) Bill, 2023",First Reading (House: 2023-11-02) -> Second Reading (Not Started) -> Committee Assignment (Not Started) -> Report (Not Started) -> Third Reading/Concurrence (Not Started) -> Harmonization (Not Started) -> Assent (Not Started),2023-11-02,,"Hon Uchenna Clement nwachukwu (APGA, Anambra, Constituency: Nnewi North/Nnewi South/ Ekwusigo)",Hon Uchenna Clement nwachukwu,Not Yet Referred,Hon Uchenna Clement nwachukwu
54ae0aff-088f-401b-a7bb-6117eac5def0,"Abuja Environmental Protection Board (Est) Bill, 2023",First Reading (House: 2023-07-25) -> Second Reading (Not Started) -> Committee Assignment (Not Started) -> Report (Not Started) -> Third Reading/Concurrence (Not Started) -> Harmonization (Not Started) -> Concurrence (Not Started) -> Assent (Not Started),2023-07-25,,"Hon Benjamin Kalu (APC, Abia, Constituency: Bende)",Hon Benjamin Kalu,Not Yet Referred,Hon Benjamin Kalu
425a7e89-542f-4cc6-8e6e-8eb6c2601a0e,"Acts Authentication Act (Amendment) Bill, 2023",First Reading (House: 2023-07-05) -> Second Reading (House: 2023-09-26) -> Committee Assignment (House: 2023-09-26) -> Report (Not Started) -> Third Reading/Concurrence (Not Started) -> Harmonization (Not Started) -> Assent (Not Started),2023-07-05,2023-09-26,"Hon Ahmadu Usman Jaha (APC, Borno, Constituency: Damboa/Gwoza/Chibok); Hon Ugochinyere Onyinye Ikeagwuonu (PDP, Imo, Constituency: Ideato North/Ideato South); Hon Tajudeen Abbas (APC, Kaduna, Constituency: Zaria); Hon Benjamin Kalu (APC, Abia, Constituency: Bende)",Hon Ahmadu Usman Jaha; Hon Ugochinyere Onyinye Ikeagwuonu; Hon Tajudeen Abbas; Hon Benjamin Kalu,Justice,Hon Ahmadu Usman Jaha
379d4801-f398-440f-8a2c-b3e28588a506,"Administration of Criminal Justice Act (Amendment) Bill, 2023",First Reading (House: 2023-07-27) -> Second Reading (Not Started) -> Committee Assignment (Not Started) -> Report (Not Started) -> Third Reading/Concurrence (Not Started) -> Harmonization (Not Started) -> Assent (Not Started),2023-07-27,,"Hon Miriam Onuoha (APC, Imo, Constituency: Isiala Mbano/Okigwe/Onuimo)",Hon Miriam Onuoha,Not Yet Referred,Hon Miriam Onuoha
2083c18c-bf94-4dbf-b77d-6ab2feb3a433,"Advisory Council on Religious Affairs Act (Amendment) Bill, 2023",First Reading (House: 2023-10-04) -> Second Reading (Not Started) -> Committee Assignment (Not Started) -> Report (Not Started) -> Third Reading/Concurrence (Not Started) -> Harmonization (Not Started) -> Assent (Not Started),2023-10-04,,"Hon Sulaiman Gumi Abubakar (PDP, Zamfara, Constituency: Gummi/Bukkuyum)",Hon Sulaiman Gumi Abubakar,Not Yet Referred,Hon Sulaiman Gumi Abubakar
9030f7f1-c1db-4ff9-8d54-e5b84bce944e,"African Aviation and Aerospace University, Abuja (Establishment) Bill, 2023",First Reading (House: 2024-10-25) -> Second Reading (House: 2024-10-09) -> Committee Assignment (House: 2024-10-09) -> Report (Not Started) -> Third Reading/Concurrence (Not Started) -> Harmonization (Not Started) -> Assent (Not Started),2024-10-25,2024-10-09,"Hon Saidu Musa Abdullahi (APC, Niger, Constituency: Bida/Gbako/Katcha)",Hon Saidu Musa Abdullahi,Aviation Technology,Hon Saidu Musa Abdullahi
c66a8d69-74a7-4e79-932a-85b6125d1940,"African Union Convention for the Protection and Assistance of Internally Displaced Persons (Domestication and Enforcement) Bill, 2024",First Reading (House: 2024-05-09) -> Second Reading (House: 2024-05-21) -> Committee Assignment (House: 2024-05-21) -> Report (House: 2024-06-11) -> Third Reading/Concurrence (House: 2024-06-27) -> Harmonization (Not Started) -> Assent (Not Started),2024-05-09,2024-05-21,"Hon Benjamin Kalu (APC, Abia, Constituency: Bende)",Hon Benjamin Kalu,the Whole,Hon Benjamin Kalu
bd30c81e-3fb4-4b73-8eba-31b926d5067b,"Administration of Jury Trials Criminal Justice Bill, 2023",First Reading (House: 2023-07-26) -> Second Reading (Not Started) -> Committee Assignment (Not Started) -> Report (Not Started) -> Third Reading/Concurrence (Not Started) -> Harmonization (Not Started) -> Assent (Not Started),2023-07-26,,"Hon Pascal Agbodike (APGA, Anambra, Constituency: Ihiala)",Hon Pascal Agbodike,Not Yet Referred,Hon Pascal Agbodike
e70f338b-b7b5-4c1c-8c88-e98efe0a6a79,"Advance Fee Fraud and Other Fraud Related Offences Act (Amendment) Bill, 2023",First Reading (House: 2023-07-12) -> Second Reading (Not Started) -> Committee Assignment (Not Started) -> Report (Not Started) -> Third Reading/Concurrence (Not Started) -> Harmonization (Not Started) -> Assent (Not Started),2023-07-12,,"Hon Francis Ejiroghene Waive (APC, Delta, Constituency: Ughelli North, Ughelli South/Udu)",Hon Francis Ejiroghene Waive,Not Yet Referred,Hon Francis Ejiroghene Waive
32839f17-3522-4234-af71-9c1a700e975e,"Advance Fee Fraud and other Fraud Related Offences ACT, CAP A6, LFN 2007",First Reading (Not Started) -> Second Reading (Not Started) -> Committee Assignment (Not Started) -> Report (Not Started) -> Third Reading/Concurrence (Not Started) -> Harmonization (Not Started) -> Assent (Not Started),,,"Hon Abdulmumin Ari Mohammed (APC, Nasarawa, Constituency: Nassarawa/Toto)",Hon Abdulmumin Ari Mohammed,Not Yet Referred,Hon Abdulmumin Ari Mohammed
405d55b6-2895-4856-be53-3f1c97fdda15,"Advanced Healthcare Development Fund (Est.) Bill, 2024",First Reading (Not Started) -> Second Reading (Not Started) -> Committee Assignment (Not Started) -> Report (Not Started) -> Third Reading/Concurrence (Not Started) -> Harmonization (Not Started) -> Assent (Not Started),,,"Hon Akintunde Rotimi (APC, Ekiti, Constituency: Ikole/Oye)",Hon Akintunde Rotimi,Not Yet Referred,Hon Akintunde Rotimi
faf6820a-aab2-4c66-824f-9ce6a5259291,"Advertising Regulatory Council of Nigeria Act (Amendment) Bill, 2024",First Reading (House: 2024-07-18) -> Second Reading (Not Started) -> Committee Assignment (Not Started) -> Report (Not Started) -> Third Reading/Concurrence (Not Started) -> Harmonization (Not Started) -> Assent (Not Started),2024-07-18,,"Hon Akintunde Rotimi (APC, Ekiti, Constituency: Ikole/Oye)",Hon Akintunde Rotimi,Not Yet Referred,Hon Akintunde Rotimi
96221866-6739-4bf4-bb16-963a5c340704,"Administration of Criminal Justice Act (Amendment) Bill, 2023",First Reading (House: 2023-11-23) -> Second Reading (Not Started) -> Committee Assignment (Not Started) -> Report (Not Started) -> Third Reading/Concurrence (Not Started) -> Harmonization (Not Started) -> Assent (Not Started),2023-11-23,,"Hon Sada Soli (APC, Katsina, Constituency: Jibia/Kaita)",Hon Sada Soli,Not Yet Referred,Hon Sada Soli
4618622a-0723-46a1-9d47-db0d1eafc594,"Administration of Criminal Justice Act (Amendment) Bill, 2025",First Reading (House: 2025-07-22) -> Second Reading (Not Started) -> Committee Assignment (Not Started) -> Report (Not Started) -> Third Reading/Concurrence (Not Started) -> Harmonization (Not Started) -> Assent (Not Started),2025-07-22,,"Mitema Obordor (PDP, Bayelsa, Constituency: Ogbia)",Mitema Obordor,Not Yet Referred,Mitema Obordor
649a23ef-e2d5-4c63-90df-0c3f5b13811c,"Administration of Criminal Justice Act (Amendment) Bill, 2025",First Reading (House: 2025-07-03) -> Second Reading (Not Started) -> Committee Assignment (Not Started) -> Report (Not Started) -> Third Reading/Concurrence (Not Started) -> Harmonization (Not Started) -> Assent (Not Started),2025-07-03,,"Hon. Akingbaso Festus Olanrewaju (APC, Ondo, Constituency: Idanre/Ifedore)",Hon. Akingbaso Festus Olanrewaju,Not Yet Referred,Hon. Akingbaso Festus Olanrewaju
33ee9b83-2280-4002-aa73-f187b1193cd9,"Administration of Criminal Justice Act (Repeal and Re-enactment) Bill, 2023",First Reading (House: 2023-07-25) -> Second Reading (House: 2023-07-26) -> Committee Assignment (House: 2023-07-26) -> Report (House: 2023-10-12) -> Third Reading/Concurrence (House: 2023-10-12) -> Harmonization (Not Started) -> Assent (Not Started),2023-07-25,2023-07-26,"Hon Benjamin Kalu (APC, Abia, Constituency: Bende)",Hon Benjamin Kalu,the Whole,Hon Benjamin Kalu
255edaf5-caec-41a5-a20a-2e1f6e1034e8,Administration of Criminal Justice ACT CAP A3 2015,First Reading (Not Started) -> Second Reading (Not Started) -> Committee Assignment (Not Started) -> Report (Not Started) -> Third Reading/Concurrence (Not Started) -> Harmonization (Not Started) -> Assent (Not Started),,,"Hon Abdulmumin Ari Mohammed (APC, Nasarawa, Constituency: Nassarawa/Toto)",Hon Abdulmumin Ari Mohammed,Not Yet Referred,Hon Abdulmumin Ari Mohammed
82f21da2-e35f-43a6-99e4-1ab466a4096e,"African Union Convention for the Protection and Assistance of Internally Displaced Persons in Nigeria Bill, 2023",First Reading (House: 2023-07-27) -> Second Reading (House: 2023-07-27) -> Committee Assignment (House: 2023-07-27) -> Report (Not Started) -> Third Reading/Concurrence (Not Started) -> Harmonization (Not Started) -> Assent (Not Started),2023-07-27,2023-07-27,"Hon Julius Ihonvbere (APC, Edo, Constituency: Owan East/Owan West)",Hon Julius Ihonvbere,the Whole,Hon Julius Ihonvbere
b9acbfb2-2455-4f7d-b48b-fef39f59ac04,"African Union Development Agency Bill, 2023",First Reading (House: 2023-07-27) -> Second Reading (House: 2023-07-27) -> Committee Assignment (House: 2023-07-27) -> Report (Not Started) -> Third Reading/Concurrence (Not Started) -> Harmonization (Not Started) -> Assent (Not Started),2023-07-27,2023-07-27,"Hon Julius Ihonvbere (APC, Edo, Constituency: Owan East/Owan West)",Hon Julius Ihonvbere,the Whole,Hon Julius Ihonvbere
9472f9d7-f21e-41ba-8ed7-f0f9897b8b53,"Agricultural and Energy Technical Institute, Nasarawa, Eggon, Nasarawa State, (Establishment) Bill, 2023",First Reading (House: 2023-07-18) -> Second Reading (House: 2023-11-23) -> Committee Assignment (House: 2023-11-23) -> Report (House: 2024-09-26) -> Third Reading/Concurrence (Not Started) -> Harmonization (Not Started) -> Assent (Not Started),2023-07-18,2023-11-23,"Hon Jeremiah Umaru (APC, Nasarawa, Constituency: Akwanga/Nassarawa Eggon/ Wamba)",Hon Jeremiah Umaru,Agricultural Colleges and Institutions,Hon Jeremiah Umaru
1102d028-0c64-423c-a428-f42e65e75417,"Agricultural Credit Guarantee Scheme Fund Act (Amendment) Bill, 2024",First Reading (House: 2024-05-22) -> Second Reading (Not Started) -> Committee Assignment (Not Started) -> Report (Not Started) -> Third Reading/Concurrence (Not Started) -> Harmonization (Not Started) -> Assent (Not Started),2024-05-22,,"Chinedu Tochukwu Okere (APC, Imo, Constituency: Owerri Municipal/Owerri North/Owerri West)",Chinedu Tochukwu Okere,Not Yet Referred,Chinedu Tochukwu Okere
dac3ccb7-ecff-4ce4-a843-dc05a0b6b397,"Agricultural Credit Guarantee Scheme Fund Act (Amendment) Bill, 2025",First Reading (House: 2025-12-10) -> Second Reading (Not Started) -> Committee Assignment (Not Started) -> Report (Not Started) -> Third Reading/Concurrence (Not Started) -> Harmonization (Not Started) -> Assent (Not Started),2025-12-10,,"Akarachi Etinosa Tosan (APC, Imo, Constituency: Ikeduru/Mbaitoli)",Akarachi Etinosa Tosan,Not Yet Referred,Akarachi Etinosa Tosan
e164db66-1415-4471-a99a-28ec316b2cc2,"Agricultural Development and Modernization (Establishment) Bill, 2023",First Reading (House: 2023-10-12) -> Second Reading (Not Started) -> Committee Assignment (Not Started) -> Report (Not Started) -> Third Reading/Concurrence (Not Started) -> Harmonization (Not Started) -> Assent (Not Started),2023-10-12,,"Hon Lanre Okunlola (APC, Lagos, Constituency: Surulere II)",Hon Lanre Okunlola,Not Yet Referred,Hon Lanre Okunlola
bd2c0c36-a8be-4dc2-ba8c-146cc10d1783,"Agricultural Extension Services Revitalization Bill, 2024",First Reading (House: 2024-09-26) -> Second Reading (Not Started) -> Committee Assignment (Not Started) -> Report (Not Started) -> Third Reading/Concurrence (Not Started) -> Harmonization (Not Started) -> Assent (Not Started),2024-09-26,,"Dalyop Chollom Fom (LP, Plateau, Constituency: Barkin Ladi/Riyom)",Dalyop Chollom Fom,Not Yet Referred,Dalyop Chollom Fom
32417d54-2bc9-413b-951b-5da58cbd25da,"Agricultural Research Council of Nigeria (Amendment) Bill, 2025",First Reading (Not Started) -> Second Reading (Not Started) -> Committee Assignment (Not Started) -> Report (Not Started) -> Third Reading/Concurrence (Not Started) -> Harmonization (Not Started) -> Assent (Not Started),,,"Hon Tajudeen Abbas (APC, Kaduna, Constituency: Zaria)",Hon Tajudeen Abbas,Not Yet Referred,Hon Tajudeen Abbas
ad1f03e2-d15a-455f-acdf-bbfb85ed5ae8,"Agricultural Research Council of Nigeria (Amendment) Bill, 2025",First Reading (House: 2025-07-03) -> Second Reading (Not Started) -> Committee Assignment (Not Started) -> Report (Not Started) -> Third Reading/Concurrence (Not Started) -> Harmonization (Not Started) -> Assent (Not Started),2025-07-03,,"Shehu Dalhatu (APC, Katsina, Constituency: Faskari/Kankara/Sabuwa)",Shehu Dalhatu,Not Yet Referred,Shehu Dalhatu
ea3d4d0a-255c-4596-be9b-e870695591ea,"Agricultural Research Council of Nigeria (Amendment) Bill, 2025",First Reading (Not Started) -> Second Reading (Not Started) -> Committee Assignment (Not Started) -> Report (Not Started) -> Third Reading/Concurrence (Not Started) -> Harmonization (Not Started) -> Assent (Not Started),,,"Hon Tajudeen Abbas (APC, Kaduna, Constituency: Zaria)",Hon Tajudeen Abbas,Not Yet Referred,Hon Tajudeen Abbas
e4937ace-e7e3-4b28-9dd0-384ee2a782ff,Agricultural Research Council of Nigeria Act (Amendment) Bill 2024,First Reading (House: 2024-04-30) -> Second Reading (Not Started) -> Committee Assignment (Not Started) -> Report (Not Started) -> Third Reading/Concurrence (Not Started) -> Harmonization (Not Started) -> Assent (Not Started),2024-04-30,,"Hon Marcus Onobun (PDP, Edo, Constituency: Esan Central/Esan South/ Igueben)",Hon Marcus Onobun,Not Yet Referred,Hon Marcus Onobun
2d1d7e90-923e-4a68-8b6b-a876bb4a2334,"Agricultural Research Council of Nigeria Act (Amendment) Bill, 2023",First Reading (House: 2023-07-12) -> Second Reading (Not Started) -> Committee Assignment (Not Started) -> Report (Not Started) -> Third Reading/Concurrence (Not Started) -> Harmonization (Not Started) -> Assent (Not Started),2023-07-12,,"Hon Oluwole Oke (PDP, Osun, Constituency: Obokun/Oriade)",Hon Oluwole Oke,Not Yet Referred,Hon Oluwole Oke
5c25d7ae-a7bf-4fba-8a50-f160ad82358e,"Agricultural Research Council of Nigeria (Amendment) Bill, 2024.",First Reading (Not Started) -> Second Reading (Not Started) -> Committee Assignment (Not Started) -> Report (Not Started) -> Third Reading/Concurrence (Not Started) -> Harmonization (Not Started) -> Assent (Not Started),,,"Prince Solomon Wombo (APC, Benue, Constituency: Katsina-Ala/Ukum/Logo)",Prince Solomon Wombo,Not Yet Referred,Prince Solomon Wombo
30da598c-2cc2-4cb9-b883-2673d0c2f3c1,"Agricultural Research Council of Nigeria Act (Amendment) Bill, 2023",First Reading (House: 2023-12-21) -> Second Reading (Not Started) -> Committee Assignment (Not Started) -> Report (Not Started) -> Third Reading/Concurrence (Not Started) -> Harmonization (Not Started) -> Assent (Not Started),2023-12-21,,"Hon Paul Nnamchi (LP, Enugu, Constituency: Enugu East/Isi Uzo)",Hon Paul Nnamchi,Not Yet Referred,Hon Paul Nnamchi
3559f59b-ee0e-466f-abb9-07dc2399d72e,"Agricultural Research Council of Nigeria Act (Amendment) Bill, 2023",First Reading (House: 2023-07-11) -> Second Reading (Not Started) -> Committee Assignment (Not Started) -> Report (Not Started) -> Third Reading/Concurrence (Not Started) -> Harmonization (Not Started) -> Assent (Not Started),2023-07-11,,"Hon Balele Aminu (APC, Katsina, Constituency: Dutsin-ma/Kurfi)",Hon Balele Aminu,Not Yet Referred,Hon Balele Aminu
3e892bc2-9b6c-4f3a-8250-114950f64906,"Agricultural Research Council of Nigeria Act (Amendment) Bill, 2023",First Reading (House: 2023-07-11) -> Second Reading (House: 2023-11-23) -> Committee Assignment (House: 2023-11-23) -> Report (House: 2024-09-25) -> Third Reading/Concurrence (Not Started) -> Harmonization (Not Started) -> Assent (Not Started),2023-07-11,2023-11-23,"Hon Ojuawo Rufus Adeniyi (APC, Ekiti, Constituency: Ekiti South West/Ikere/Orun/ Ise)",Hon Ojuawo Rufus Adeniyi,Agricultural Colleges and Institutions,Hon Ojuawo Rufus Adeniyi
4ffa89a2-d663-438e-87c9-21e2f29a5610,"Agricultural Research Council of Nigeria Act (Amendment) Bill, 2023",First Reading (House: 2023-10-19) -> Second Reading (Not Started) -> Committee Assignment (Not Started) -> Report (Not Started) -> Third Reading/Concurrence (Not Started) -> Harmonization (Not Started) -> Assent (Not Started),2023-10-19,,"Useni Mark Bako (APC, Taraba, Constituency: Takum/Donga/Ussa)",Useni Mark Bako,Not Yet Referred,Useni Mark Bako
6e418499-5b56-499f-b5b1-77f80137cef1,"Agricultural Research Council of Nigeria Act (Amendment) Bill, 2023",First Reading (House: 2023-10-31) -> Second Reading (House: 2023-12-20) -> Committee Assignment (House: 2023-12-20) -> Report (House: 2024-02-28) -> Third Reading/Concurrence (House: 2024-02-29) -> Harmonization (Not Started) -> Assent (Not Started),2023-10-31,2023-12-20,"Hon Lawan Shettima Ali (APC, Yobe, Constituency: Bursari/Geidam/Yunusari)",Hon Lawan Shettima Ali,the Whole,Hon Lawan Shettima Ali
70f4a53f-8b9e-4817-961a-fef9121a641f,"Agricultural Research Council of Nigeria Act (Amendment) Bill, 2023",First Reading (House: 2023-11-14) -> Second Reading (House: 2023-12-19) -> Committee Assignment (House: 2023-12-19) -> Report (House: 2024-09-26) -> Third Reading/Concurrence (Not Started) -> Harmonization (Not Started) -> Assent (Not Started),2023-11-14,2023-12-19,"Hon Paul Nnamchi (LP, Enugu, Constituency: Enugu East/Isi Uzo)",Hon Paul Nnamchi,Agricultural Colleges and Institutions,Hon Paul Nnamchi
72aad2fc-589f-432c-b274-c0019a4d1f7a,"Agricultural Research Council of Nigeria Act (Amendment) Bill, 2023",First Reading (House: 2023-10-17) -> Second Reading (Not Started) -> Committee Assignment (Not Started) -> Report (Not Started) -> Third Reading/Concurrence (Not Started) -> Harmonization (Not Started) -> Assent (Not Started),2023-10-17,,"Hon Uchenna Okonkwo (LP, Anambra, Constituency: Idemili North/Idemili South)",Hon Uchenna Okonkwo,Not Yet Referred,Hon Uchenna Okonkwo
7ca1a5d3-c2b4-4907-a99f-fd32518a405f,"Agricultural Research Council of Nigeria Act (Amendment) Bill, 2023",First Reading (House: 2023-11-07) -> Second Reading (Not Started) -> Committee Assignment (Not Started) -> Report (Not Started) -> Third Reading/Concurrence (Not Started) -> Harmonization (Not Started) -> Assent (Not Started),2023-11-07,,"Hon Lukman Mudashiru (PDP, Osun, Constituency: Ayedire/Iwo/Ola-Oluwa)",Hon Lukman Mudashiru,Not Yet Referred,Hon Lukman Mudashiru
7da0bf75-19b0-4d88-9685-815e2d8ab831,"Agricultural Research Council of Nigeria Act (Amendment) Bill, 2023",First Reading (House: 2023-11-23) -> Second Reading (House: 2024-07-18) -> Committee Assignment (House: 2024-07-18) -> Report (Not Started) -> Third Reading/Concurrence (Not Started) -> Harmonization (Not Started) -> Assent (Not Started),2023-11-23,2024-07-18,"Hon Unyime Josiah Idem (PDP, Akwa Ibom, Constituency: Ukanafun/Oruk Anam)",Hon Unyime Josiah Idem,the Whole,Hon Unyime Josiah Idem
a9d43b8a-5b4c-4d64-ac63-d1b148087788,"Agricultural Research Council of Nigeria Act (Amendment) Bill, 2023",First Reading (House: 2023-10-17) -> Second Reading (Not Started) -> Committee Assignment (Not Started) -> Report (Not Started) -> Third Reading/Concurrence (Not Started) -> Harmonization (Not Started) -> Assent (Not Started),2023-10-17,,"Hon. Victor Obuzor (PDP, Rivers, Constituency: Ahoada West/Ogba Egbema)",Hon. Victor Obuzor,Not Yet Referred,Hon. Victor Obuzor
b84c16da-6866-48e1-a13c-f4c937cdc111,"Agricultural Research Council of Nigeria Act (Amendment) Bill, 2023",First Reading (House: 2023-11-28) -> Second Reading (Not Started) -> Committee Assignment (Not Started) -> Report (Not Started) -> Third Reading/Concurrence (Not Started) -> Harmonization (Not Started) -> Assent (Not Started),2023-11-28,,"Hon. Sesoo Ikpagher (APC, Benue, Constituency: Konshisha/Vandeikya)",Hon. Sesoo Ikpagher,Not Yet Referred,Hon. Sesoo Ikpagher
b92cd5aa-153c-4426-b690-a12b32e13c3e,"Agricultural Research Council of Nigeria Act (Amendment) Bill, 2023",First Reading (House: 2023-11-22) -> Second Reading (Not Started) -> Committee Assignment (Not Started) -> Report (Not Started) -> Third Reading/Concurrence (Not Started) -> Harmonization (Not Started) -> Assent (Not Started),2023-11-22,,"Hon Sulaiman Gumi Abubakar (PDP, Zamfara, Constituency: Gummi/Bukkuyum)",Hon Sulaiman Gumi Abubakar,Not Yet Referred,Hon Sulaiman Gumi Abubakar
c4fc675f-1c0e-41ac-81c1-9478e3e9aeb0,"Agricultural Research Council of Nigeria Act (Amendment) Bill, 2023",First Reading (House: 2023-11-14) -> Second Reading (Not Started) -> Committee Assignment (Not Started) -> Report (Not Started) -> Third Reading/Concurrence (Not Started) -> Harmonization (Not Started) -> Assent (Not Started),2023-11-14,,"Hon Sulaiman Gumi Abubakar (PDP, Zamfara, Constituency: Gummi/Bukkuyum)",Hon Sulaiman Gumi Abubakar,Not Yet Referred,Hon Sulaiman Gumi Abubakar
e9a3955f-73fb-4e8b-b079-b1a4ea2f012e,"Agricultural Research Council of Nigeria Act (Amendment) Bill, 2023",First Reading (House: 2023-11-14) -> Second Reading (Not Started) -> Committee Assignment (Not Started) -> Report (Not Started) -> Third Reading/Concurrence (Not Started) -> Harmonization (Not Started) -> Assent (Not Started),2023-11-14,,"Hon Unyime Josiah Idem (PDP, Akwa Ibom, Constituency: Ukanafun/Oruk Anam)",Hon Unyime Josiah Idem,Not Yet Referred,Hon Unyime Josiah Idem
01b9fcf1-0eaa-4d29-8a71-8c588850b06f,"Agricultural Research Council of Nigeria Act (Amendment) Bill, 2024",First Reading (House: 2024-07-11) -> Second Reading (Not Started) -> Committee Assignment (Not Started) -> Report (Not Started) -> Third Reading/Concurrence (Not Started) -> Harmonization (Not Started) -> Assent (Not Started),2024-07-11,,"Ifeoluwa Ehindero (APC, Ondo, Constituency: Akoko North East/Akoko North West)",Ifeoluwa Ehindero,Not Yet Referred,Ifeoluwa Ehindero
11f0a41c-1256-42b7-84b8-dd4ae060ed54,"Agricultural Research Council of Nigeria Act (Amendment) Bill, 2024",First Reading (House: 2024-05-21) -> Second Reading (Not Started) -> Committee Assignment (Not Started) -> Report (Not Started) -> Third Reading/Concurrence (Not Started) -> Harmonization (Not Started) -> Assent (Not Started),2024-05-21,,"Hon Olaide Yusuf Mohammed (APC, Oyo, Constituency: Irepo/Orelope/Olorunsogo)",Hon Olaide Yusuf Mohammed,Not Yet Referred,Hon Olaide Yusuf Mohammed
2af15178-7400-4793-bdab-8f4c34a6bd60,"Agricultural Research Council of Nigeria Act (Amendment) Bill, 2024",First Reading (House: 2024-07-17) -> Second Reading (House: 2025-12-16) -> Committee Assignment (House: 2025-12-16) -> Report (Not Started) -> Third Reading/Concurrence (Not Started) -> Harmonization (Not Started) -> Assent (Not Started),2024-07-17,2025-12-16,"Hon Tajudeen Kareem (APC, Oyo, Constituency: Saki East/Saki West/Atisbo)",Hon Tajudeen Kareem,Agriculture Production and Service,Hon Tajudeen Kareem
31f73c8a-9327-4a04-893b-552ea4208e38,"Agricultural Research Council of Nigeria Act (Amendment) Bill, 2024",First Reading (House: 2024-05-07) -> Second Reading (Not Started) -> Committee Assignment (Not Started) -> Report (Not Started) -> Third Reading/Concurrence (Not Started) -> Harmonization (Not Started) -> Assent (Not Started),2024-05-07,,"Kelechi Nwogu (PDP, Rivers, Constituency: Etche/Omuma)",Kelechi Nwogu,Not Yet Referred,Kelechi Nwogu
c95e6197-790d-46f0-ab90-2b61159bf219,"Agricultural Research Council of Nigeria Act (Amendment) Bill, 2023",First Reading (House: 2023-11-22) -> Second Reading (Not Started) -> Committee Assignment (Not Started) -> Report (Not Started) -> Third Reading/Concurrence (Not Started) -> Harmonization (Not Started) -> Assent (Not Started),2023-11-22,,"Hon Akintunde Rotimi (APC, Ekiti, Constituency: Ikole/Oye)",Hon Akintunde Rotimi,Not Yet Referred,Hon Akintunde Rotimi
d2d11d3a-42cc-497e-ad52-c36dd804eacf,"Agricultural Research Council of Nigeria Act (Amendment) Bill, 2023",First Reading (House: 2023-11-28) -> Second Reading (House: 2024-07-11) -> Committee Assignment (House: 2024-07-11) -> Report (Not Started) -> Third Reading/Concurrence (Not Started) -> Harmonization (Not Started) -> Assent (Not Started),2023-11-28,2024-07-11,"Hon Muhammed Buba Jajere (PDP, Yobe, Constituency: Fika/Fune)",Hon Muhammed Buba Jajere,Agricultural Colleges and Institutions,Hon Muhammed Buba Jajere
d4423c38-5f1a-454e-8b5f-0f8e546e350f,"Agricultural Research Council of Nigeria Act (Amendment) Bill, 2023",First Reading (House: 2023-11-22) -> Second Reading (House: 2024-05-21) -> Committee Assignment (House: 2024-05-21) -> Report (Not Started) -> Third Reading/Concurrence (Not Started) -> Harmonization (Not Started) -> Assent (Not Started),2023-11-22,2024-05-21,"Hon Nnamdi Ezechi (PDP, Delta, Constituency: Nkokwa East/Ndokwa West/ Ukwuani)",Hon Nnamdi Ezechi,Agricultural Colleges and Institutions,Hon Nnamdi Ezechi
d5e3f58b-c5c7-4579-ac55-5f81d9ed8f5e,"Agricultural Research Council of Nigeria Act (Amendment) Bill, 2023",First Reading (House: 2023-11-23) -> Second Reading (Not Started) -> Committee Assignment (Not Started) -> Report (Not Started) -> Third Reading/Concurrence (Not Started) -> Harmonization (Not Started) -> Assent (Not Started),2023-11-23,,"Lalu Ishaya David (APC, Plateau, Constituency: Bokkos/Mangu)",Lalu Ishaya David,Not Yet Referred,Lalu Ishaya David
de3f5ca4-bc80-445c-ad47-c94bbacf07ea,"Agricultural Research Council of Nigeria Act (Amendment) Bill, 2023",First Reading (House: 2023-11-23) -> Second Reading (Not Started) -> Committee Assignment (Not Started) -> Report (Not Started) -> Third Reading/Concurrence (Not Started) -> Harmonization (Not Started) -> Assent (Not Started),2023-11-23,,"Lalu Ishaya David (APC, Plateau, Constituency: Bokkos/Mangu)",Lalu Ishaya David,Not Yet Referred,Lalu Ishaya David
4242287f-b56c-470e-b9da-8636ac309954,"Agricultural Research Council of Nigeria Act (Amendment) Bill, 2024",First Reading (House: 2024-07-23) -> Second Reading (Not Started) -> Committee Assignment (Not Started) -> Report (Not Started) -> Third Reading/Concurrence (Not Started) -> Harmonization (Not Started) -> Assent (Not Started),2024-07-23,,"Hon Ghali Tijjani Mustapha (NNPP, Kano, Constituency: Alabasu/Gaya/Ajingi)",Hon Ghali Tijjani Mustapha,Not Yet Referred,Hon Ghali Tijjani Mustapha
4f838710-ad98-4873-a1c3-149053a66f60,"Agricultural Research Council of Nigeria Act (Amendment) Bill, 2024",First Reading (House: 2024-05-07) -> Second Reading (Not Started) -> Committee Assignment (Not Started) -> Report (Not Started) -> Third Reading/Concurrence (Not Started) -> Harmonization (Not Started) -> Assent (Not Started),2024-05-07,,"Hon Nnamdi Ezechi (PDP, Delta, Constituency: Nkokwa East/Ndokwa West/ Ukwuani)",Hon Nnamdi Ezechi,Not Yet Referred,Hon Nnamdi Ezechi
62abed81-b979-4051-8271-563ff75feeef,"Agricultural Research Council of Nigeria Act (Amendment) Bill, 2024",First Reading (House: 2024-06-06) -> Second Reading (Not Started) -> Committee Assignment (Not Started) -> Report (Not Started) -> Third Reading/Concurrence (Not Started) -> Harmonization (Not Started) -> Assent (Not Started),2024-06-06,,"Salman Idris (APC, Kogi, Constituency: Ijumu/Kabba-Bunu)",Salman Idris,Not Yet Referred,Salman Idris
6f6724a1-54e7-4cf3-963b-7b49bd2d4b84,"Agricultural Research Council of Nigeria Act (Amendment) Bill, 2024",First Reading (House: 2024-05-07) -> Second Reading (Not Started) -> Committee Assignment (Not Started) -> Report (Not Started) -> Third Reading/Concurrence (Not Started) -> Harmonization (Not Started) -> Assent (Not Started),2024-05-07,,"Chike John Okafor (APC, Imo, Constituency: Ehime Mbano/Ihite-Uboma/ Obowo)",Chike John Okafor,Not Yet Referred,Chike John Okafor
842d6a88-4aef-47c2-8879-70932a938ccd,"Agricultural Research Council of Nigeria Act (Amendment) Bill, 2024",First Reading (House: 2024-06-11) -> Second Reading (Not Started) -> Committee Assignment (Not Started) -> Report (Not Started) -> Third Reading/Concurrence (Not Started) -> Harmonization (Not Started) -> Assent (Not Started),2024-06-11,,"Gabriel Saleh Zock (APC, Kaduna, Constituency: Kachia/Kagarko)",Gabriel Saleh Zock,Not Yet Referred,Gabriel Saleh Zock
99e7e738-2ca2-48c2-b9ea-96b00286d62e,"Agricultural Research Council of Nigeria Act (Amendment) Bill, 2024",First Reading (House: 2024-07-02) -> Second Reading (Not Started) -> Committee Assignment (Not Started) -> Report (Not Started) -> Third Reading/Concurrence (Not Started) -> Harmonization (Not Started) -> Assent (Not Started),2024-07-02,,"Harrison Anozie Nwadike (APC, Imo, Constituency: Isu/Njaba/Nkwerre/Nwangele)",Harrison Anozie Nwadike,Not Yet Referred,Harrison Anozie Nwadike
a606b53a-9ed8-41eb-9a8c-f2316fb4d79c,"Agricultural Research Council of Nigeria Act (Amendment) Bill, 2024",First Reading (House: 2024-06-06) -> Second Reading (Not Started) -> Committee Assignment (Not Started) -> Report (Not Started) -> Third Reading/Concurrence (Not Started) -> Harmonization (Not Started) -> Assent (Not Started),2024-06-06,,"Hon Mohammed Chiroma (NNPP, Kano, Constituency: Gezawa/Gabasawa)",Hon Mohammed Chiroma,Not Yet Referred,Hon Mohammed Chiroma
bbccd298-cb7e-444d-b2a3-8a937f6b9a74,"Agricultural Research Council of Nigeria Act (Amendment) Bill, 2024",First Reading (House: 2024-06-05) -> Second Reading (Not Started) -> Committee Assignment (Not Started) -> Report (Not Started) -> Third Reading/Concurrence (Not Started) -> Harmonization (Not Started) -> Assent (Not Started),2024-06-05,,"Dalyop Chollom Fom (LP, Plateau, Constituency: Barkin Ladi/Riyom)",Dalyop Chollom Fom,Not Yet Referred,Dalyop Chollom Fom
c7c899b6-5b46-4312-aa20-f8d760aebaef,"Agricultural Research Council of Nigeria Act (Amendment) Bill, 2024",First Reading (House: 2024-06-05) -> Second Reading (Not Started) -> Committee Assignment (Not Started) -> Report (House: 2025-12-10) -> Third Reading/Concurrence (Not Started) -> Harmonization (Not Started) -> Assent (Not Started),2024-06-05,,"Hon Benjamin Kalu (APC, Abia, Constituency: Bende)",Hon Benjamin Kalu,Agricultural Colleges and Institutions,Hon Benjamin Kalu
dd1af36d-d8cb-4244-9f89-8006e90b99c2,"Agricultural Research Council of Nigeria Act (Amendment) Bill, 2024",First Reading (House: 2024-05-09) -> Second Reading (Not Started) -> Committee Assignment (Not Started) -> Report (Not Started) -> Third Reading/Concurrence (Not Started) -> Harmonization (Not Started) -> Assent (Not Started),2024-05-09,,"Abiodun Isiaq Akinlade (APC, Ogun, Constituency: Egbado South/Ipokia)",Abiodun Isiaq Akinlade,Not Yet Referred,Abiodun Isiaq Akinlade
ddef6ed5-e96c-499e-ab52-c150eb9e49c9,"Agricultural Research Council of Nigeria Act (Amendment) Bill, 2024",First Reading (House: 2024-06-11) -> Second Reading (Not Started) -> Committee Assignment (Not Started) -> Report (Not Started) -> Third Reading/Concurrence (Not Started) -> Harmonization (Not Started) -> Assent (Not Started),2024-06-11,,"Afam Ogene (LP, Anambra, Constituency: Ogbaru)",Afam Ogene,Not Yet Referred,Afam Ogene
f7960586-5f78-40b9-b088-3cc751745241,"Agricultural Research Council of Nigeria Act (Amendment) Bill, 2024",First Reading (House: 2024-03-13) -> Second Reading (Not Started) -> Committee Assignment (Not Started) -> Report (Not Started) -> Third Reading/Concurrence (Not Started) -> Harmonization (Not Started) -> Assent (Not Started),2024-03-13,,"Hon Adetunji Abidemi Olusoji (PDP, Osun, Constituency: Odo-Otin/Ifelodun/Boripe)",Hon Adetunji Abidemi Olusoji,Not Yet Referred,Hon Adetunji Abidemi Olusoji
5c685b41-5c6b-4f77-8de9-ed7fe3efd84d,"Agricultural Research Council of Nigeria Act (Amendment) Bill, 2025",First Reading (House: 2025-12-10) -> Second Reading (Not Started) -> Committee Assignment (Not Started) -> Report (Not Started) -> Third Reading/Concurrence (Not Started) -> Harmonization (Not Started) -> Assent (Not Started),2025-12-10,,"Adesola Ayoola Elegbeji (APC, Ogun, Constituency: Ikenne/Shagamu/Remo North)",Adesola Ayoola Elegbeji,Not Yet Referred,Adesola Ayoola Elegbeji
78bea3f0-42a3-4736-9a61-519f7b20ccfe,"Agricultural Research Council of Nigeria Act (Amendment) Bill, 2025.",First Reading (Not Started) -> Second Reading (Not Started) -> Committee Assignment (Not Started) -> Report (Not Started) -> Third Reading/Concurrence (Not Started) -> Harmonization (Not Started) -> Assent (Not Started),,,"Hon Awaji-inombek Dagomie Abiante (PDP, Rivers, Constituency: Opobo/Nkoro/Andoni)",Hon Awaji-inombek Dagomie Abiante,Not Yet Referred,Hon Awaji-inombek Dagomie Abiante
58de66e1-91d6-44f7-a760-7429e5f63c50,"Agricultural Research Council of Nigeria Act (Amendment) Bill, 2026",First Reading (House: 2026-03-11) -> Second Reading (Not Started) -> Committee Assignment (Not Started) -> Report (Not Started) -> Third Reading/Concurrence (Not Started) -> Harmonization (Not Started) -> Assent (Not Started),2026-03-11,,"Hon Francis Ejiroghene Waive (APC, Delta, Constituency: Ughelli North, Ughelli South/Udu)",Hon Francis Ejiroghene Waive,Not Yet Referred,Hon Francis Ejiroghene Waive
36d6e06d-ee90-4de5-9523-389e00a4e9d6,"Agricultural Research Council of Nigeria Act (Amendment) Bill,2025",First Reading (Not Started) -> Second Reading (Not Started) -> Committee Assignment (Not Started) -> Report (Not Started) -> Third Reading/Concurrence (Not Started) -> Harmonization (Not Started) -> Assent (Not Started),,,"Hon Olatunji Akinosi (APC, Ogun, Constituency: Ado-Odo/Ota)",Hon Olatunji Akinosi,Not Yet Referred,Hon Olatunji Akinosi
a827caa9-09eb-46ab-808e-1deed4e782e1,"Agricultural Research Council of Nigeria Act (Amendment), Bill, 2023",First Reading (House: 2023-10-19) -> Second Reading (Not Started) -> Committee Assignment (Not Started) -> Report (Not Started) -> Third Reading/Concurrence (Not Started) -> Harmonization (Not Started) -> Assent (Not Started),2023-10-19,,"Hon Zakaria Dauda Nyampa (PDP, Adamawa, Constituency: Madagali/Michika)",Hon Zakaria Dauda Nyampa,Not Yet Referred,Hon Zakaria Dauda Nyampa
a5eb2c68-3172-4f6f-8a72-c6937c7a0652,"Agricultural Research Council of Nigeria Act (Amendment)Bill, 2024",First Reading (House: 2024-06-06) -> Second Reading (Not Started) -> Committee Assignment (Not Started) -> Report (Not Started) -> Third Reading/Concurrence (Not Started) -> Harmonization (Not Started) -> Assent (Not Started),2024-06-06,,"Hon Leke Joseph Abejide (PDP, Kogi, Constituency: Yagba East/Yagba West/ Mopamuro)",Hon Leke Joseph Abejide,Not Yet Referred,Hon Leke Joseph Abejide
3c1b35f8-44dd-4e5e-8501-da75bd774355,"Agricultural Research Council of Nigeria of Nigeria Act (Amendment) Bill, 2023",First Reading (House: 2023-12-20) -> Second Reading (Not Started) -> Committee Assignment (Not Started) -> Report (Not Started) -> Third Reading/Concurrence (Not Started) -> Harmonization (Not Started) -> Assent (Not Started),2023-12-20,,"Akanni Clement Ademola (PDP, Osun, Constituency: Boluwaduro/Ifedayo/Ila)",Akanni Clement Ademola,Not Yet Referred,Akanni Clement Ademola
449eaf91-5abf-4795-a054-78122c1c40f3,"Agriculture (control of Importation Act (Amendment) Bill, 2023",First Reading (House: 2023-07-27) -> Second Reading (Not Started) -> Committee Assignment (Not Started) -> Report (Not Started) -> Third Reading/Concurrence (Not Started) -> Harmonization (Not Started) -> Assent (Not Started),2023-07-27,,"Hon Sesi Whingan (APC, Lagos, Constituency: Badagry)",Hon Sesi Whingan,Not Yet Referred,Hon Sesi Whingan
3fd71c54-fab8-4144-b803-cf69004c780d,"Agriculture Research Council Act (Amendment) Bill, 2023",First Reading (House: 2023-10-24) -> Second Reading (Not Started) -> Committee Assignment (Not Started) -> Report (Not Started) -> Third Reading/Concurrence (Not Started) -> Harmonization (Not Started) -> Assent (Not Started),2023-10-24,,"Kolawole Davidson Akinlayo (APC, Ekiti, Constituency: Ido/Osi, Moba/Ilejeme)",Kolawole Davidson Akinlayo,Not Yet Referred,Kolawole Davidson Akinlayo
b275dd55-4b15-4a95-978b-b3de0c943ab2,"Agro Processing and Export Free Trade Zone, Imeko, Ogun State (Est) Bill, 2023",First Reading (House: 2023-07-25) -> Second Reading (House: 2023-02-21) -> Committee Assignment (House: 2023-02-21) -> Report (Not Started) -> Third Reading/Concurrence (Not Started) -> Harmonization (Not Started) -> Assent (Not Started),2023-07-25,2023-02-21,"Hon Gboyega Nasir Isiaka (APC, Ogun, Constituency: Egbado North/Imeko-Afon)",Hon Gboyega Nasir Isiaka,Commerce,Hon Gboyega Nasir Isiaka
94d30fbb-c513-4742-ab26-1002d4a8da38,"Agro-Industrial Park (Establishment) Bill, 2024",First Reading (House: 2024-07-02) -> Second Reading (Not Started) -> Committee Assignment (Not Started) -> Report (Not Started) -> Third Reading/Concurrence (Not Started) -> Harmonization (Not Started) -> Assent (Not Started),2024-07-02,,"Harrison Anozie Nwadike (APC, Imo, Constituency: Isu/Njaba/Nkwerre/Nwangele)",Harrison Anozie Nwadike,Not Yet Referred,Harrison Anozie Nwadike
f6ad0a52-9d40-419a-855c-70ef22c6c18b,"Agro-Processing Export Free Trade Zone, Kebbe, Sokoto State (Establishment) Bill, 2025",First Reading (House: 2025-07-22) -> Second Reading (Not Started) -> Committee Assignment (Not Started) -> Report (Not Started) -> Third Reading/Concurrence (Not Started) -> Harmonization (Not Started) -> Assent (Not Started),2025-07-22,,"Hon Abdussamad Ibrahim Dasuki (PDP, Sokoto, Constituency: Kebbe/Tambuwal)",Hon Abdussamad Ibrahim Dasuki,Not Yet Referred,Hon Abdussamad Ibrahim Dasuki
9351605d-9a48-4f12-a297-36f946e7d389,"Aid for Economic Diversification Act (Amendment) Bill, 2023",First Reading (House: 2023-10-12) -> Second Reading (Not Started) -> Committee Assignment (Not Started) -> Report (Not Started) -> Third Reading/Concurrence (Not Started) -> Harmonization (Not Started) -> Assent (Not Started),2023-10-12,,"Hon Lanre Okunlola (APC, Lagos, Constituency: Surulere II)",Hon Lanre Okunlola,Not Yet Referred,Hon Lanre Okunlola
a8ab6b06-858d-4fa9-ac4b-dc9bc8b3f54f,"Akanu Ibiam Federal University of Science and Technology, Unwana, Ebonyi State (Establishment) Bill, 2023",First Reading (House: 2023-10-19) -> Second Reading (House: 2024-02-14) -> Committee Assignment (House: 2024-02-14) -> Report (Not Started) -> Third Reading/Concurrence (Not Started) -> Harmonization (Not Started) -> Assent (Not Started),2023-10-19,2024-02-14,"Hon Iduma Enwo Igariwey (APC, Ebonyi, Constituency: Afikpo North/Afikpo South)",Hon Iduma Enwo Igariwey,University Education,Hon Iduma Enwo Igariwey
3596803f-76db-4ec1-842e-69a4edc7e7ec,"Alex Ekwueme Federal Teaching Hospital Abakaliki (Est) Bill, 2023",First Reading (House: 2023-07-27) -> Second Reading (House: 2023-07-27) -> Committee Assignment (House: 2023-07-27) -> Report (Not Started) -> Third Reading/Concurrence (Not Started) -> Harmonization (Not Started) -> Assent (Not Started),2023-07-27,2023-07-27,"Hon Julius Ihonvbere (APC, Edo, Constituency: Owan East/Owan West)",Hon Julius Ihonvbere,the Whole,Hon Julius Ihonvbere
28bd746e-4c7a-42bb-abb1-0224d6204952,"Allocation of Revenue (Federation Account, Etc.) Act (Amendment) Bill, 2024",First Reading (House: 2024-03-13) -> Second Reading (Not Started) -> Committee Assignment (Not Started) -> Report (Not Started) -> Third Reading/Concurrence (Not Started) -> Harmonization (Not Started) -> Assent (Not Started),2024-03-13,,"Hon Mansur Manu Soro (APC, Bauchi, Constituency: Darazo/Gunjuwa)",Hon Mansur Manu Soro,Not Yet Referred,Hon Mansur Manu Soro
e4da32f7-b357-403f-8cc7-365f28bf98c4,"Allocation of Revenue (Federation Account) Bill, 2023",First Reading (House: 2023-07-18) -> Second Reading (Not Started) -> Committee Assignment (Not Started) -> Report (Not Started) -> Third Reading/Concurrence (Not Started) -> Harmonization (Not Started) -> Assent (Not Started),2023-07-18,,"Hon Francis Ejiroghene Waive (APC, Delta, Constituency: Ughelli North, Ughelli South/Udu)",Hon Francis Ejiroghene Waive,Not Yet Referred,Hon Francis Ejiroghene Waive
844269bc-8177-4e62-985a-963ff8d46c85,"Alvan Ikoku Federal University of Education Owerri, Imo State (Est.) Bill, 2025",First Reading (Not Started) -> Second Reading (Not Started) -> Committee Assignment (Not Started) -> Report (Not Started) -> Third Reading/Concurrence (Not Started) -> Harmonization (Not Started) -> Assent (Not Started),,,"Hon Ugochinyere Onyinye Ikeagwuonu (PDP, Imo, Constituency: Ideato North/Ideato South); Hon Tajudeen Abbas (APC, Kaduna, Constituency: Zaria)",Hon Ugochinyere Onyinye Ikeagwuonu; Hon Tajudeen Abbas,Not Yet Referred,Hon Ugochinyere Onyinye Ikeagwuonu
2cca7a0a-e6e6-4421-b6f6-ad9b6a694b5a,"Anatomy Act (Repeal and Enactment) Bill, 2023",First Reading (House: 2023-12-01) -> Second Reading (Not Started) -> Committee Assignment (Not Started) -> Report (Not Started) -> Third Reading/Concurrence (Not Started) -> Harmonization (Not Started) -> Assent (Not Started),2023-12-01,,"Hon Dennis Idahosa (APC, Edo, Constituency: Ovia North East/Ovia South West)",Hon Dennis Idahosa,Not Yet Referred,Hon Dennis Idahosa
74aaa814-9240-4f87-9f2e-18052b44dadd,"Animal Diseases Control Act (Amendment) Bill, 2023",First Reading (House: 2023-11-14) -> Second Reading (Not Started) -> Committee Assignment (Not Started) -> Report (Not Started) -> Third Reading/Concurrence (Not Started) -> Harmonization (Not Started) -> Assent (Not Started),2023-11-14,,"Hon Ime Bassey Okon (PDP, Akwa Ibom, Constituency: Itu/Ibiono Ibom)",Hon Ime Bassey Okon,Not Yet Referred,Hon Ime Bassey Okon
c958cde0-b315-4da1-8aea-7a756b687688,"Appropriation Act (Amendment) Bill, 2024",First Reading (House: 2024-07-17) -> Second Reading (House: 2024-07-17) -> Committee Assignment (House: 2024-07-17) -> Report (House: 2024-07-18) -> Third Reading/Concurrence (House: 2024-07-31) -> Harmonization (Not Started) -> Assent (Not Started),2024-07-17,2024-07-17,"Executive (APC, N/A, Constituency: .)",Executive,Appropriations,Executive
2628c89b-6ca3-44e7-86c8-4069218d18ae,"Appropriations Act (Amendment) Bill, 2023",First Reading (House: 2023-12-21) -> Second Reading (House: 2023-12-21) -> Committee Assignment (House: 2023-12-21) -> Report (House: 2023-12-21) -> Third Reading/Concurrence (House: 2023-12-21) -> Harmonization (Not Started) -> Assent (Not Started),2023-12-21,2023-12-21,"Executive (APC, N/A, Constituency: .)",Executive,Supply,Executive
2016ad55-38a2-4ca2-8f73-6f4c67f5ff71,"Arbitration and Conciliation Act (Amendment) Bill, 2023",First Reading (House: 2023-07-27) -> Second Reading (Not Started) -> Committee Assignment (Not Started) -> Report (Not Started) -> Third Reading/Concurrence (Not Started) -> Harmonization (Not Started) -> Assent (Not Started),2023-07-27,,"Hon Mohammed Bello El-Rufai (APC, Kaduna, Constituency: Kaduna North)",Hon Mohammed Bello El-Rufai,Not Yet Referred,Hon Mohammed Bello El-Rufai
1fa5ae83-a5c8-49fc-bc7f-a194d9ff67b1,"Armed Forces (Amendment) Bill, 2024",First Reading (House: 2024-02-27) -> Second Reading (Not Started) -> Committee Assignment (Not Started) -> Report (Not Started) -> Third Reading/Concurrence (Not Started) -> Harmonization (Not Started) -> Assent (Not Started),2024-02-27,,"Hon Ayodeji Alao (APC, Oyo, Constituency: Ogbomoso North/ Ogbomoso South/Orire)",Hon Ayodeji Alao,Not Yet Referred,Hon Ayodeji Alao
53529afd-7162-40d0-b476-b4ccd723c235,"Anti – Dumping and Countervailing Bill, 2023",First Reading (House: 2023-10-25) -> Second Reading (Not Started) -> Committee Assignment (Not Started) -> Report (Not Started) -> Third Reading/Concurrence (Not Started) -> Harmonization (Not Started) -> Assent (Not Started),2023-10-25,,"Hon Julius Ihonvbere (APC, Edo, Constituency: Owan East/Owan West)",Hon Julius Ihonvbere,Not Yet Referred,Hon Julius Ihonvbere
e2d08342-a176-44fe-8667-250b844db23b,"Anti – Torture Act (Amendment) Bill, 2023",First Reading (House: 2023-07-27) -> Second Reading (Not Started) -> Committee Assignment (Not Started) -> Report (Not Started) -> Third Reading/Concurrence (Not Started) -> Harmonization (Not Started) -> Assent (Not Started),2023-07-27,,"Hon Miriam Onuoha (APC, Imo, Constituency: Isiala Mbano/Okigwe/Onuimo)",Hon Miriam Onuoha,Not Yet Referred,Hon Miriam Onuoha
2deb5728-e9dc-41f5-9d7a-6dee6cafe458,"Appropriation (Amendment) Bill, 2024",First Reading (House: 2024-03-20) -> Second Reading (House: 2024-03-20) -> Committee Assignment (House: 2024-03-20) -> Report (House: 2024-03-20) -> Third Reading/Concurrence (House: 2024-03-20) -> Harmonization (Not Started) -> Assent (Not Started),2024-03-20,2024-03-20,"Executive (APC, N/A, Constituency: .)",Executive,Supply,Executive
1011f2de-c403-4767-8bb5-71bf1c9ad45f,"Armed Forces Act (Amendment) Bill, 2023",First Reading (House: 2023-07-27) -> Second Reading (House: 2023-10-10) -> Committee Assignment (House: 2023-10-10) -> Report (House: 2023-11-22) -> Third Reading/Concurrence (House: 2023-12-19) -> Harmonization (Not Started) -> Assent (Not Started),2023-07-27,2023-10-10,"Hon Benjamin Kalu (APC, Abia, Constituency: Bende)",Hon Benjamin Kalu,the Whole,Hon Benjamin Kalu
53b50b9e-d575-40c3-a09e-d77befd67241,"Armed Forces Act (Amendment) Bill, 2023",First Reading (House: 2023-11-23) -> Second Reading (Not Started) -> Committee Assignment (Not Started) -> Report (Not Started) -> Third Reading/Concurrence (Not Started) -> Harmonization (Not Started) -> Assent (Not Started),2023-11-23,,"Hon Bukar Talba (APC, Borno, Constituency: Monguno/Nganzai/Marte)",Hon Bukar Talba,Not Yet Referred,Hon Bukar Talba
8f51f99d-62e3-429a-beef-321ec98c9bea,"Armed Forces Act (Amendment) Bill, 2023",First Reading (House: 2023-07-05) -> Second Reading (Not Started) -> Committee Assignment (Not Started) -> Report (Not Started) -> Third Reading/Concurrence (Not Started) -> Harmonization (Not Started) -> Assent (Not Started),2023-07-05,,"Gaza Jonathan Gbefwi (PDP, Nasarawa, Constituency: Keffi/Karu/Kokona)",Gaza Jonathan Gbefwi,Not Yet Referred,Gaza Jonathan Gbefwi
b8a8fdef-65e8-4d11-9e14-a1d51b375ab6,"Armed Forces Act (Amendment) Bill, 2023",First Reading (House: 2023-07-05) -> Second Reading (House: 2023-10-12) -> Committee Assignment (House: 2024-10-12) -> Report (Not Started) -> Third Reading/Concurrence (Not Started) -> Harmonization (Not Started) -> Assent (Not Started),2023-07-05,2023-10-12,"Hon Zakaria Dauda Nyampa (PDP, Adamawa, Constituency: Madagali/Michika); Hon Ugochinyere Onyinye Ikeagwuonu (PDP, Imo, Constituency: Ideato North/Ideato South); Hon Alhassan Ado Garba (APC, Kano, Constituency: Doguwa/Tudun Wada); Hon Benjamin Kalu (APC, Abia, Constituency: Bende); Hon Blessing Onyeche Onuh (APGA, Benue, Constituency: Otukpo/Ohimini); Hon Olusola Steve Fatoba (APC, Ekiti, Constituency: Ado Ekiti/Irepodun/Ifelodun)",Hon Zakaria Dauda Nyampa; Hon Ugochinyere Onyinye Ikeagwuonu; Hon Alhassan Ado Garba; Hon Benjamin Kalu; Hon Blessing Onyeche Onuh; Hon Olusola Steve Fatoba,Defence,Hon Zakaria Dauda Nyampa
d29a98e1-efe9-4e32-9b55-da9bdd8e7b7e,"Armed Forces Act (Amendment) Bill, 2023",First Reading (House: 2023-07-19) -> Second Reading (Not Started) -> Committee Assignment (Not Started) -> Report (Not Started) -> Third Reading/Concurrence (Not Started) -> Harmonization (Not Started) -> Concurrence (Not Started) -> Assent (Not Started),2023-07-19,,"Hon Abdussamad Ibrahim Dasuki (PDP, Sokoto, Constituency: Kebbe/Tambuwal)",Hon Abdussamad Ibrahim Dasuki,Not Yet Referred,Hon Abdussamad Ibrahim Dasuki
de2950e5-948c-4188-860a-b30d0b49ee6a,"Armed Forces Act (Amendment) Bill, 2023",First Reading (House: 2023-10-19) -> Second Reading (Not Started) -> Committee Assignment (Not Started) -> Report (Not Started) -> Third Reading/Concurrence (Not Started) -> Harmonization (Not Started) -> Assent (Not Started),2023-10-19,,"Hon Babajimi Adegoke Benson (APC, Lagos, Constituency: Ikorodu)",Hon Babajimi Adegoke Benson,Not Yet Referred,Hon Babajimi Adegoke Benson
f8d997a5-2267-4d36-bbd4-ee3c93b3e0af,"Armed Forces Act (Amendment) Bill, 2023",First Reading (House: 2023-07-26) -> Second Reading (Not Started) -> Committee Assignment (Not Started) -> Report (Not Started) -> Third Reading/Concurrence (Not Started) -> Harmonization (Not Started) -> Assent (Not Started),2023-07-26,,"Hon Kabiru Alhassan Usman Rurum (NNPP, Kano, Constituency: Rano/Bunkure/Kibiya)",Hon Kabiru Alhassan Usman Rurum,Not Yet Referred,Hon Kabiru Alhassan Usman Rurum
46ace1ae-7a96-4ce6-a7ce-8ddfca6b4fb0,"Armed Forces Act (Amendment) Bill, 2024",First Reading (House: 2024-07-17) -> Second Reading (Not Started) -> Committee Assignment (Not Started) -> Report (Not Started) -> Third Reading/Concurrence (Not Started) -> Harmonization (Not Started) -> Assent (Not Started),2024-07-17,,"Hon Emmanuel Effiong Ukpong-udo (PDP, Akwa Ibom, Constituency: Ikono/Ini)",Hon Emmanuel Effiong Ukpong-udo,Not Yet Referred,Hon Emmanuel Effiong Ukpong-udo
3513a66b-6a8e-483e-9612-f011c5ce9a5d,"Armed Forces Comfort Fund Act (Amendment) Bill, 2023",First Reading (House: 2023-10-24) -> Second Reading (Not Started) -> Committee Assignment (Not Started) -> Report (Not Started) -> Third Reading/Concurrence (Not Started) -> Harmonization (Not Started) -> Assent (Not Started),2023-10-24,,"Hon Amos Gwamna Magaji (APC, Kaduna, Constituency: Zangon Kataf/Jaba)",Hon Amos Gwamna Magaji,Not Yet Referred,Hon Amos Gwamna Magaji
6f817ba2-e2df-4e86-988d-af908d27efe4,"Armed Forces Medical College (AFCOM) (Establishment) Bill, 2025",First Reading (House: 2025-11-18) -> Second Reading (Not Started) -> Committee Assignment (Not Started) -> Report (Not Started) -> Third Reading/Concurrence (Not Started) -> Harmonization (Not Started) -> Assent (Not Started),2025-11-18,,"Hon Babajimi Adegoke Benson (APC, Lagos, Constituency: Ikorodu)",Hon Babajimi Adegoke Benson,Not Yet Referred,Hon Babajimi Adegoke Benson
5f197a4a-19e8-4352-9a5b-14e8d7accb64,"Artificial Intelligence Management and Finance Institute (AIMFIN) (Est.) Bill, 2025",First Reading (Not Started) -> Second Reading (Not Started) -> Committee Assignment (Not Started) -> Report (Not Started) -> Third Reading/Concurrence (Not Started) -> Harmonization (Not Started) -> Assent (Not Started),,,"Hon Usman Zannah (APC, Borno, Constituency: Kaga/Gubio/Magumeri)",Hon Usman Zannah,Not Yet Referred,Hon Usman Zannah
79af3318-34e2-4496-b726-eb2f391c9eae,"Association of National Accountants of Nigeria Act (Amendment) Bill, 2023",First Reading (House: 2023-10-24) -> Second Reading (House: 2023-10-26) -> Committee Assignment (House: 2023-10-26) -> Report (House: 2023-11-14) -> Third Reading/Concurrence (House: 2023-11-16) -> Harmonization (Not Started) -> Assent (Not Started),2023-10-24,2023-10-26,"Hon Bello Ambarura Isah (APC, Sokoto, Constituency: Illela/Gwadabawa)",Hon Bello Ambarura Isah,the Whole,Hon Bello Ambarura Isah
1547de0e-7eac-457e-9470-344fdf23a7f8,"Association of Researchers and Inventors of Nigeria Bill, 2025",First Reading (Not Started) -> Second Reading (Not Started) -> Committee Assignment (Not Started) -> Report (Not Started) -> Third Reading/Concurrence (Not Started) -> Harmonization (Not Started) -> Assent (Not Started),,,"Hon Abdulmalik Zubairu (APC, Zamfara, Constituency: Bungudu/Maru)",Hon Abdulmalik Zubairu,Not Yet Referred,Hon Abdulmalik Zubairu
7438d73b-0e40-42e1-a65f-df1d1baf22b4,"Auctioneers Registration Council of Nigeria (Establishment) Bill, 2024",First Reading (House: 2024-06-05) -> Second Reading (House: 2024-06-06) -> Committee Assignment (House: 2024-06-06) -> Report (House: 2024-07-02) -> Third Reading/Concurrence (House: 2024-07-17) -> Harmonization (Not Started) -> Assent (Not Started),2024-06-05,2024-06-06,"Hon Francis Ejiroghene Waive (APC, Delta, Constituency: Ughelli North, Ughelli South/Udu)",Hon Francis Ejiroghene Waive,the Whole,Hon Francis Ejiroghene Waive
ec647a51-ae4d-47c7-b2fe-876f02e6c695,"Armed Forces Support Trust Fund Act (Amendment) Bill, 2023",First Reading (House: 2023-10-19) -> Second Reading (Not Started) -> Committee Assignment (Not Started) -> Report (Not Started) -> Third Reading/Concurrence (Not Started) -> Harmonization (Not Started) -> Assent (Not Started),2023-10-19,,"Hon Babajimi Adegoke Benson (APC, Lagos, Constituency: Ikorodu)",Hon Babajimi Adegoke Benson,Not Yet Referred,Hon Babajimi Adegoke Benson
8fd24ec1-0e14-4efe-8cae-d274c21c3c96,"Armed Forces Trust Fund (Establishment) Bill, 2024",First Reading (House: 2024-02-14) -> Second Reading (Not Started) -> Committee Assignment (Not Started) -> Report (Not Started) -> Third Reading/Concurrence (Not Started) -> Harmonization (Not Started) -> Assent (Not Started),2024-02-14,,"Hon Abdussamad Ibrahim Dasuki (PDP, Sokoto, Constituency: Kebbe/Tambuwal)",Hon Abdussamad Ibrahim Dasuki,Not Yet Referred,Hon Abdussamad Ibrahim Dasuki
3dd4dc32-5954-4f00-9acf-2b57302b9ee1,"Army Colour (Prohibition of Use) Act (Amendment) Bill, 2023",First Reading (House: 2023-10-10) -> Second Reading (Not Started) -> Committee Assignment (Not Started) -> Report (Not Started) -> Third Reading/Concurrence (Not Started) -> Harmonization (Not Started) -> Assent (Not Started),2023-10-10,,"Hon Emmanuel Effiong Ukpong-udo (PDP, Akwa Ibom, Constituency: Ikono/Ini)",Hon Emmanuel Effiong Ukpong-udo,Not Yet Referred,Hon Emmanuel Effiong Ukpong-udo
f2615548-116e-4cb8-8469-144979e7363a,"Army Colour (Prohibition of Use) Act (Amendment) Bill, 2023",First Reading (House: 2023-11-23) -> Second Reading (Not Started) -> Committee Assignment (Not Started) -> Report (Not Started) -> Third Reading/Concurrence (Not Started) -> Harmonization (Not Started) -> Assent (Not Started),2023-11-23,,"Uduak Alphonsus Odudoh (PDP, Akwa Ibom, Constituency: Ikot Abasi/Mkpat Enin/Eastern Obolo)",Uduak Alphonsus Odudoh,Not Yet Referred,Uduak Alphonsus Odudoh
4a192061-42ba-4ec0-8217-7eb1a42bbc83,"Bank and Other Financial Institutions (BOFIA) Act (Amendment) Bill, 2024",First Reading (House: 2024-04-30) -> Second Reading (Not Started) -> Committee Assignment (Not Started) -> Report (Not Started) -> Third Reading/Concurrence (Not Started) -> Harmonization (Not Started) -> Assent (Not Started),2024-04-30,,"Moses Oluwatoyin Fayinka (APC, Lagos, Constituency: Mushin II)",Moses Oluwatoyin Fayinka,Not Yet Referred,Moses Oluwatoyin Fayinka
e9ec726b-4f2e-4005-bda6-d5fc7a7a778e,"Bank Employee (Declaration of Assets) Amendment Bill, 2023",First Reading (House: 2023-07-25) -> Second Reading (Not Started) -> Committee Assignment (Not Started) -> Report (Not Started) -> Third Reading/Concurrence (Not Started) -> Harmonization (Not Started) -> Assent (Not Started),2023-07-25,,"Hon Francis Ejiroghene Waive (APC, Delta, Constituency: Ughelli North, Ughelli South/Udu)",Hon Francis Ejiroghene Waive,Not Yet Referred,Hon Francis Ejiroghene Waive
f443f8ac-f9be-4ec0-80ee-68da8cf798ca,"Bank Employee ETC Amendment (Declaration Assets) ACT, CAP, B1 2011",First Reading (Not Started) -> Second Reading (Not Started) -> Committee Assignment (Not Started) -> Report (Not Started) -> Third Reading/Concurrence (Not Started) -> Harmonization (Not Started) -> Assent (Not Started),,,"Hon Abdulmumin Ari Mohammed (APC, Nasarawa, Constituency: Nassarawa/Toto)",Hon Abdulmumin Ari Mohammed,Not Yet Referred,Hon Abdulmumin Ari Mohammed
a786bb26-b8db-4752-8caf-3d0a354a436a,"Bankruptcy and Insolvency Bill, 2023",First Reading (House: 2023-10-12) -> Second Reading (House: 2023-11-09) -> Committee Assignment (House: 2023-11-09) -> Report (Not Started) -> Third Reading/Concurrence (Not Started) -> Harmonization (Not Started) -> Assent (Not Started),2023-10-12,2023-11-09,"Hon Benjamin Kalu (APC, Abia, Constituency: Bende)",Hon Benjamin Kalu,the Whole,Hon Benjamin Kalu
139ec639-7f03-4df9-ab35-ee87bae1fc11,Banks and other Financial Institutions Act (Amendment) Bill 2023,First Reading (House: 2023-11-07) -> Second Reading (House: 2024-02-28) -> Committee Assignment (House: 2024-02-28) -> Report (Not Started) -> Third Reading/Concurrence (Not Started) -> Harmonization (Not Started) -> Assent (Not Started),2023-11-07,2024-02-28,"Hon Aliyu Bappa misau (PDP, Bauchi, Constituency: Misau/Dambam)",Hon Aliyu Bappa misau,Banking Regulations,Hon Aliyu Bappa misau
9c763b0e-f82d-4265-82db-9a1c2b74fa80,"Banks and other Financial Institutions Act (Amendment) Bill, 2023",First Reading (House: 2023-07-27) -> Second Reading (Not Started) -> Committee Assignment (Not Started) -> Report (Not Started) -> Third Reading/Concurrence (Not Started) -> Harmonization (Not Started) -> Assent (Not Started),2023-07-27,,"Hon Miriam Onuoha (APC, Imo, Constituency: Isiala Mbano/Okigwe/Onuimo)",Hon Miriam Onuoha,Not Yet Referred,Hon Miriam Onuoha
3a95fe01-eaa0-4ab3-8627-a87e01db0a82,"Banks and Other Financial Institutions Act (Amendment) Bill, 2025",First Reading (Not Started) -> Second Reading (Not Started) -> Committee Assignment (Not Started) -> Report (Not Started) -> Third Reading/Concurrence (Not Started) -> Harmonization (Not Started) -> Assent (Not Started),,,"Hon Jonathan Ajirioghene Ukodhiko (PDP, Delta, Constituency: Isoko North/Isoko South)",Hon Jonathan Ajirioghene Ukodhiko,Not Yet Referred,Hon Jonathan Ajirioghene Ukodhiko
7e15bec9-63b1-491c-8fae-bf5e383faa7c,"Bebeji Entrepreneur University, Kano (Establishment) Bill, 2025",First Reading (Not Started) -> Second Reading (House: 2025-02-13) -> Committee Assignment (House: 2025-02-13) -> Report (Not Started) -> Third Reading/Concurrence (Not Started) -> Harmonization (Not Started) -> Assent (Not Started),,2025-02-13,"Jubrin Abdulmumin (APC, Kano, Constituency: Bebeji/Kiru)",Jubrin Abdulmumin,Not Yet Referred,Jubrin Abdulmumin
d1cc3399-9045-4156-8777-c993955c1b74,"Bio-Fuels Energy Regulatory Commission (Establishment) Bill, 2023",First Reading (House: 2023-07-05) -> Second Reading (House: 2023-10-03) -> Committee Assignment (House: 2023-10-03) -> Report (Not Started) -> Third Reading/Concurrence (Not Started) -> Harmonization (Not Started) -> Assent (Not Started),2023-07-05,2023-10-03,"Hon Babajimi Adegoke Benson (APC, Lagos, Constituency: Ikorodu); Hon Leke Joseph Abejide (PDP, Kogi, Constituency: Yagba East/Yagba West/ Mopamuro); Hon Khadija Waziri Bukar abba ibrahim (APC, Yobe, Constituency: Damaturu/Gujba/Gulani/ Tarmuwa); Hon Benjamin Kalu (APC, Abia, Constituency: Bende); Hon Julius Ihonvbere (APC, Edo, Constituency: Owan East/Owan West); Hon Sununu Tanko Yusuf (APC, Kebbi, Constituency: Ngaski/Shanga/Yauri); Hon Amobi Ogah (LP, Abia, Constituency: Isuikwuato/Umu-Nneochi)",Hon Babajimi Adegoke Benson; Hon Leke Joseph Abejide; Hon Khadija Waziri Bukar abba ibrahim; Hon Benjamin Kalu; Hon Julius Ihonvbere; Hon Sununu Tanko Yusuf; Hon Amobi Ogah,Science Research Institutions with Modifications,Hon Babajimi Adegoke Benson
e29faa6f-ddd6-4046-b7a6-3336adf1977a,"Biomedical Engineers and Scientists Registration Bill, 2025",First Reading (Not Started) -> Second Reading (Not Started) -> Committee Assignment (Not Started) -> Report (Not Started) -> Third Reading/Concurrence (Not Started) -> Harmonization (Not Started) -> Assent (Not Started),,,"John Moenwul Dafaan (APC, Plateau, Constituency: Mikang/Qua’an/Pan/Shedam); Chimaobi Sam Atu (LP, Enugu, Constituency: Enugu North/Enugu South); Hon. Sadiq Ango Abdullahi (APC, Kaduna, Constituency: Sabon Gari); Hon Julius Ihonvbere (APC, Edo, Constituency: Owan East/Owan West); Dalyop Chollom Fom (LP, Plateau, Constituency: Barkin Ladi/Riyom); Hon Ahmed Doro Yusuf (APC, Katsina, Constituency: Bindawa/Mani); Hon Inuwa Garba (PDP, Gombe, Constituency: Yamaltu/Deba); Garba Ibrahim Muhammad (NNPP, Kano, Constituency: Gwale); Hon Nnolim John Nnaji (APC, Enugu, Constituency: Nkanu East/Nkanu West); Hon. Alfred Ajang Iliya (APC, Plateau, Constituency: Jos South/Jos East); Hon Paul Nnamchi (LP, Enugu, Constituency: Enugu East/Isi Uzo); Hon Aminu Jaji (APC, Zamfara, Constituency: Kaura-Namoda/Birnin Magaji)",John Moenwul Dafaan; Chimaobi Sam Atu; Hon. Sadiq Ango Abdullahi; Hon Julius Ihonvbere; Dalyop Chollom Fom; Hon Ahmed Doro Yusuf; Hon Inuwa Garba; Garba Ibrahim Muhammad; Hon Nnolim John Nnaji; Hon. Alfred Ajang Iliya; Hon Paul Nnamchi; Hon Aminu Jaji,Not Yet Referred,John Moenwul Dafaan
4d944467-97a5-4ada-b788-f5141e2d14bf,"Births, Death, etc (Compulsory Registration) Act (Amendment) Bill, 2023",First Reading (House: 2023-07-27) -> Second Reading (Not Started) -> Committee Assignment (Not Started) -> Report (Not Started) -> Third Reading/Concurrence (Not Started) -> Harmonization (Not Started) -> Assent (Not Started),2023-07-27,,"Hon Austin Asema Achado (APC, Benue, Constituency: Gwer East/Gwer West)",Hon Austin Asema Achado,Not Yet Referred,Hon Austin Asema Achado
42b932cc-c060-4f0b-8c48-c5dc40d13193,"Bitumen Development Commission (Establishment) Bill, 2023",First Reading (House: 2023-10-10) -> Second Reading (Not Started) -> Committee Assignment (Not Started) -> Report (Not Started) -> Third Reading/Concurrence (Not Started) -> Harmonization (Not Started) -> Assent (Not Started),2023-10-10,,"Hon Abiola Peter Makinde (APC, Ondo, Constituency: Ondo East/Ondo West)",Hon Abiola Peter Makinde,Not Yet Referred,Hon Abiola Peter Makinde
4fa994d1-5329-44ba-b644-f7860a9de12d,"Body-Worn Cameras by Law Enforcement Officers Bill, 2025",First Reading (Not Started) -> Second Reading (Not Started) -> Committee Assignment (Not Started) -> Report (Not Started) -> Third Reading/Concurrence (Not Started) -> Harmonization (Not Started) -> Assent (Not Started),,,"Hon Hassan Mohammed (NNPP, Kano, Constituency: Dawakin Kudu/Warawa)",Hon Hassan Mohammed,Not Yet Referred,Hon Hassan Mohammed
616507a7-b024-4f35-b241-dbe2c865b99d,"Border Communities Development Agency Act (Amendment) Bill, 2023",First Reading (House: 2023-11-16) -> Second Reading (Not Started) -> Committee Assignment (Not Started) -> Report (Not Started) -> Third Reading/Concurrence (Not Started) -> Harmonization (Not Started) -> Assent (Not Started),2023-11-16,,"Akarachi Etinosa Tosan (APC, Imo, Constituency: Ikeduru/Mbaitoli)",Akarachi Etinosa Tosan,Not Yet Referred,Akarachi Etinosa Tosan
12e69271-52a7-42e1-84ed-b95122e0171d,"Border Communities Development Agency Act (Amendment) Bill, 2024",First Reading (House: 2024-07-23) -> Second Reading (Not Started) -> Committee Assignment (Not Started) -> Report (Not Started) -> Third Reading/Concurrence (Not Started) -> Harmonization (Not Started) -> Assent (Not Started),2024-07-23,,"Hon Kingsley Chinda (PDP, Rivers, Constituency: Obio/Akpor)",Hon Kingsley Chinda,Not Yet Referred,Hon Kingsley Chinda
2b92304e-75dc-46c2-91db-095ba4ebcacf,"Border Communities Development Agency Act (Amendment) Bill, 2024",First Reading (House: 2024-05-07) -> Second Reading (Not Started) -> Committee Assignment (Not Started) -> Report (Not Started) -> Third Reading/Concurrence (Not Started) -> Harmonization (Not Started) -> Assent (Not Started),2024-05-07,,"Hon Saidu Musa Abdullahi (APC, Niger, Constituency: Bida/Gbako/Katcha)",Hon Saidu Musa Abdullahi,Not Yet Referred,Hon Saidu Musa Abdullahi
5637af48-11d7-4b26-ad47-880e10d411ef,Broadcasting Practitioners Act (Amendment) 2023,First Reading (House: 2023-10-19) -> Second Reading (Not Started) -> Committee Assignment (Not Started) -> Report (Not Started) -> Third Reading/Concurrence (Not Started) -> Harmonization (Not Started) -> Assent (Not Started),2023-10-19,,"Hon Adewale Hameed (APC, Lagos, Constituency: Agege)",Hon Adewale Hameed,Not Yet Referred,Hon Adewale Hameed
4d995179-57e9-40af-ad9d-6c6f759b9b30,"Broadcasting Practitioners’ Council of Nigeria Bill, 2023",First Reading (House: 2023-07-27) -> Second Reading (House: 2023-07-27) -> Committee Assignment (House: 2023-07-27) -> Report (House: 2024-02-28) -> Third Reading/Concurrence (House: 2024-02-29) -> Harmonization (Not Started) -> Assent (Not Started),2023-07-27,2023-07-27,"Hon Julius Ihonvbere (APC, Edo, Constituency: Owan East/Owan West)",Hon Julius Ihonvbere,the Whole,Hon Julius Ihonvbere
3fc026c0-4ccc-443b-80d1-4e0735bc25c0,"Budget and National Planning Bill, 2024",First Reading (House: 2024-05-09) -> Second Reading (House: 2024-06-05) -> Committee Assignment (House: 2024-06-05) -> Report (Not Started) -> Third Reading/Concurrence (Not Started) -> Harmonization (Not Started) -> Assent (Not Started),2024-05-09,2024-06-05,"Hon Ibrahim Ayokunle Isiaka (APC, Ogun, Constituency: Ifo/Ewekoro)",Hon Ibrahim Ayokunle Isiaka,National Planning and Economic Development,Hon Ibrahim Ayokunle Isiaka
22595b73-c89a-4cbf-83b9-9f41745ae9cc,"Cancer Registry Bill (Establishment) Bill, 2023",First Reading (House: 2023-07-27) -> Second Reading (Not Started) -> Committee Assignment (Not Started) -> Report (Not Started) -> Third Reading/Concurrence (Not Started) -> Harmonization (Not Started) -> Assent (Not Started),2023-07-27,,"Hon Sesi Whingan (APC, Lagos, Constituency: Badagry)",Hon Sesi Whingan,Not Yet Referred,Hon Sesi Whingan
10bba689-9c36-4970-b63a-9701891674ce,"Cannabis (Medical, Industrial and Control) Bill, 2025",First Reading (House: 2025-11-12) -> Second Reading (Not Started) -> Committee Assignment (Not Started) -> Report (Not Started) -> Third Reading/Concurrence (Not Started) -> Harmonization (Not Started) -> Assent (Not Started),2025-11-12,,"Hon Ayodeji Alao (APC, Oyo, Constituency: Ogbomoso North/ Ogbomoso South/Orire)",Hon Ayodeji Alao,Not Yet Referred,Hon Ayodeji Alao
b109107d-0940-420d-95eb-99fd723000ce,Carriage of Good by Land (Road and Rail) 2023,First Reading (House: 2023-07-27) -> Second Reading (Not Started) -> Committee Assignment (Not Started) -> Report (Not Started) -> Third Reading/Concurrence (Not Started) -> Harmonization (Not Started) -> Assent (Not Started),2023-07-27,,"Hon Dachung Musa Bagos (PDP, Plateau, Constituency: Jos South/Jos East)",Hon Dachung Musa Bagos,Not Yet Referred,Hon Dachung Musa Bagos
3042c9f9-f8e0-4052-80dc-9e52f231d4ab,"Central Bank Act (Amendment) Bill, 2023",First Reading (House: 2023-07-05) -> Second Reading (House: 2023-11-09) -> Committee Assignment (House: 2023-11-09) -> Report (Not Started) -> Third Reading/Concurrence (Not Started) -> Harmonization (Not Started) -> Assent (Not Started),2023-07-05,2023-11-09,"Hon Francis Ejiroghene Waive (APC, Delta, Constituency: Ughelli North, Ughelli South/Udu)",Hon Francis Ejiroghene Waive,Banking Regulations,Hon Francis Ejiroghene Waive
793a7772-1687-4293-8eae-9ff01377bf1b,"Central Bank of Nigeria (Amendment) Bill, 2025",First Reading (Not Started) -> Second Reading (Not Started) -> Committee Assignment (Not Started) -> Report (Not Started) -> Third Reading/Concurrence (Not Started) -> Harmonization (Not Started) -> Assent (Not Started),,,"Hon Jesse Okey-Joe Onuakachi (LP, Lagos, Constituency: Oshodi/Isolo II); Hon Julius Ihonvbere (APC, Edo, Constituency: Owan East/Owan West)",Hon Jesse Okey-Joe Onuakachi; Hon Julius Ihonvbere,Not Yet Referred,Hon Jesse Okey-Joe Onuakachi
ad71afc4-8edb-442d-96d7-ffecdc9b8182,"Central Bank of Nigeria Act (Amendment) Bill, 202",First Reading (House: 2023-10-24) -> Second Reading (Not Started) -> Committee Assignment (Not Started) -> Report (Not Started) -> Third Reading/Concurrence (Not Started) -> Harmonization (Not Started) -> Assent (Not Started),2023-10-24,,"Hon Miriam Onuoha (APC, Imo, Constituency: Isiala Mbano/Okigwe/Onuimo)",Hon Miriam Onuoha,Not Yet Referred,Hon Miriam Onuoha
f724476e-d5cb-4953-94be-9d0107b9e75f,"Central Bank of Nigeria Act (Amendment) Bill, 202",First Reading (House: 2023-10-12) -> Second Reading (Not Started) -> Committee Assignment (Not Started) -> Report (Not Started) -> Third Reading/Concurrence (Not Started) -> Harmonization (Not Started) -> Assent (Not Started),2023-10-12,,"Hon Amos Gwamna Magaji (APC, Kaduna, Constituency: Zangon Kataf/Jaba)",Hon Amos Gwamna Magaji,Not Yet Referred,Hon Amos Gwamna Magaji
05bebdbe-bc5b-4c6d-9f7a-d50f7fca973b,"Central Bank of Nigeria Act (Amendment) Bill, 2023",First Reading (House: 2023-11-02) -> Second Reading (Not Started) -> Committee Assignment (Not Started) -> Report (Not Started) -> Third Reading/Concurrence (Not Started) -> Harmonization (Not Started) -> Assent (Not Started),2023-11-02,,"Hon Aliyu Bappa misau (PDP, Bauchi, Constituency: Misau/Dambam)",Hon Aliyu Bappa misau,Not Yet Referred,Hon Aliyu Bappa misau
313b2c17-55dd-4a81-92a6-25d20babbc56,"Central Bank of Nigeria Act (Amendment) Bill, 2023",First Reading (House: 2023-11-07) -> Second Reading (Not Started) -> Committee Assignment (Not Started) -> Report (Not Started) -> Third Reading/Concurrence (Not Started) -> Harmonization (Not Started) -> Assent (Not Started),2023-11-07,,"Hon Sada Soli (APC, Katsina, Constituency: Jibia/Kaita)",Hon Sada Soli,Not Yet Referred,Hon Sada Soli
3fe3b593-a921-44da-8e97-3b9b83dc787f,"Central Bank of Nigeria Act (Amendment) Bill, 2023",First Reading (House: 2023-10-05) -> Second Reading (Not Started) -> Committee Assignment (Not Started) -> Report (Not Started) -> Third Reading/Concurrence (Not Started) -> Harmonization (Not Started) -> Assent (Not Started),2023-10-05,,"Hon Sesi Whingan (APC, Lagos, Constituency: Badagry)",Hon Sesi Whingan,Not Yet Referred,Hon Sesi Whingan
4e649546-f600-4f56-9846-3185ad5155cf,"Central Bank of Nigeria Act (Amendment) Bill, 2023",First Reading (House: 2023-07-20) -> Second Reading (Not Started) -> Committee Assignment (Not Started) -> Report (Not Started) -> Third Reading/Concurrence (Not Started) -> Harmonization (Not Started) -> Assent (Not Started),2023-07-20,,"Hon Saidu Musa Abdullahi (APC, Niger, Constituency: Bida/Gbako/Katcha)",Hon Saidu Musa Abdullahi,Not Yet Referred,Hon Saidu Musa Abdullahi
65f04fc8-447c-40e7-b63c-0e8387bd0bce,"Central Bank of Nigeria Act (Amendment) Bill, 2023",First Reading (House: 2023-07-25) -> Second Reading (Not Started) -> Committee Assignment (Not Started) -> Report (Not Started) -> Third Reading/Concurrence (Not Started) -> Harmonization (Not Started) -> Assent (Not Started),2023-07-25,,"Hon Tasir Olawale Raji (APC, Lagos, Constituency: Epe)",Hon Tasir Olawale Raji,Not Yet Referred,Hon Tasir Olawale Raji
78d4f2e1-e8ce-4158-b0b0-db5569c2e84a,"Central Bank of Nigeria Act (Amendment) Bill, 2023",First Reading (House: 2023-10-10) -> Second Reading (Not Started) -> Committee Assignment (Not Started) -> Report (Not Started) -> Third Reading/Concurrence (Not Started) -> Harmonization (Not Started) -> Assent (Not Started),2023-10-10,,"Hon Aliu Ademorin Kuye (APC, Lagos, Constituency: Shomolu)",Hon Aliu Ademorin Kuye,Not Yet Referred,Hon Aliu Ademorin Kuye
8759c5e8-b771-4700-9a7b-0a27d8f553e2,"Central Bank of Nigeria Act (Amendment) Bill, 2023",First Reading (House: 2023-07-20) -> Second Reading (Not Started) -> Committee Assignment (Not Started) -> Report (Not Started) -> Third Reading/Concurrence (Not Started) -> Harmonization (Not Started) -> Concurrence (Not Started) -> Assent (Not Started),2023-07-20,,"Hon Saidu Musa Abdullahi (APC, Niger, Constituency: Bida/Gbako/Katcha)",Hon Saidu Musa Abdullahi,Not Yet Referred,Hon Saidu Musa Abdullahi
a995de23-037c-4723-9809-14a91436ca67,"Central Bank of Nigeria Act (Amendment) Bill, 2023",First Reading (House: 2023-10-10) -> Second Reading (Not Started) -> Committee Assignment (Not Started) -> Report (Not Started) -> Third Reading/Concurrence (Not Started) -> Harmonization (Not Started) -> Assent (Not Started),2023-10-10,,"Hon. Akingbaso Festus Olanrewaju (APC, Ondo, Constituency: Idanre/Ifedore)",Hon. Akingbaso Festus Olanrewaju,Not Yet Referred,Hon. Akingbaso Festus Olanrewaju
b5f129f2-013c-45d0-8cc1-4e5c10459677,"Central Bank of Nigeria Act (Amendment) Bill, 2023",First Reading (House: 2023-11-28) -> Second Reading (Not Started) -> Committee Assignment (Not Started) -> Report (Not Started) -> Third Reading/Concurrence (Not Started) -> Harmonization (Not Started) -> Assent (Not Started),2023-11-28,,"Patrick Umoh (APC, Akwa Ibom, Constituency: Ikot Ekpene/Essien Udim/ Obot Akara)",Patrick Umoh,Not Yet Referred,Patrick Umoh
d31eeb20-44a4-4fc3-af2e-338013cbfe9f,"Central Bank of Nigeria Act (Amendment) Bill, 2023",First Reading (House: 2023-07-20) -> Second Reading (Not Started) -> Committee Assignment (Not Started) -> Report (Not Started) -> Third Reading/Concurrence (Not Started) -> Harmonization (Not Started) -> Assent (Not Started),2023-07-20,,"Hon Saidu Musa Abdullahi (APC, Niger, Constituency: Bida/Gbako/Katcha)",Hon Saidu Musa Abdullahi,Not Yet Referred,Hon Saidu Musa Abdullahi
ec83b3a0-c364-4e30-bc1d-f26f79a4655b,"Central Bank of Nigeria Act (Amendment) Bill, 2023",First Reading (House: 2023-11-22) -> Second Reading (Not Started) -> Committee Assignment (Not Started) -> Report (Not Started) -> Third Reading/Concurrence (Not Started) -> Harmonization (Not Started) -> Assent (Not Started),2023-11-22,,"Hon Sada Soli (APC, Katsina, Constituency: Jibia/Kaita)",Hon Sada Soli,Not Yet Referred,Hon Sada Soli
6fac5866-0a23-4739-8a33-c436bac59401,"Central Bank of Nigeria Act (Amendment) Bill, 2024",First Reading (House: 2024-05-08) -> Second Reading (Not Started) -> Committee Assignment (Not Started) -> Report (Not Started) -> Third Reading/Concurrence (Not Started) -> Harmonization (Not Started) -> Assent (Not Started),2024-05-08,,"Patrick Umoh (APC, Akwa Ibom, Constituency: Ikot Ekpene/Essien Udim/ Obot Akara)",Patrick Umoh,Not Yet Referred,Patrick Umoh
82ab27a8-c9d4-436f-9f4a-ab70669ad824,"Central Bank of Nigeria Act (Amendment) Bill, 2024",First Reading (House: 2024-07-09) -> Second Reading (House: 2024-07-18) -> Committee Assignment (House: 2024-07-18) -> Report (Not Started) -> Third Reading/Concurrence (Not Started) -> Harmonization (Not Started) -> Assent (Not Started),2024-07-09,2024-07-18,"Hon Adewale Hameed (APC, Lagos, Constituency: Agege)",Hon Adewale Hameed,the Whole,Hon Adewale Hameed
9806d393-bd49-49e1-8b78-72022a7c06c0,"Central Bank of Nigeria Act (Amendment) Bill, 2024",First Reading (House: 2024-03-12) -> Second Reading (Not Started) -> Committee Assignment (Not Started) -> Report (Not Started) -> Third Reading/Concurrence (Not Started) -> Harmonization (Not Started) -> Assent (Not Started),2024-03-12,,"Hon Mansur Manu Soro (APC, Bauchi, Constituency: Darazo/Gunjuwa)",Hon Mansur Manu Soro,Not Yet Referred,Hon Mansur Manu Soro
9bd045a4-1141-4041-a0e4-ddef12fc8de4,"Central Bank of Nigeria Act (Repeal) Bill, 2023",First Reading (House: 2023-07-27) -> Second Reading (Not Started) -> Committee Assignment (Not Started) -> Report (Not Started) -> Third Reading/Concurrence (Not Started) -> Harmonization (Not Started) -> Assent (Not Started),2023-07-27,,"Hon Sesi Whingan (APC, Lagos, Constituency: Badagry)",Hon Sesi Whingan,Not Yet Referred,Hon Sesi Whingan
c6a1aaec-6e01-4e2b-b708-2cccdb92a3ab,"Central Gaming Bill, 2025",First Reading (Not Started) -> Second Reading (Not Started) -> Committee Assignment (Not Started) -> Report (Not Started) -> Third Reading/Concurrence (Not Started) -> Harmonization (Not Started) -> Assent (Not Started),,,"Hon Joshua Gana (PDP, Niger, Constituency: Lavun/Mokwa/Edati); Hon Akinola Adekunle Alabi (APC, Oyo, Constituency: Egbeda/Ona-Ara); Hon Muktar Tolani Shagaya (APC, Kwara, Constituency: Ilorin West/Asa); Hon Uchenna Okonkwo (LP, Anambra, Constituency: Idemili North/Idemili South); Hon Benjamin Kalu (APC, Abia, Constituency: Bende); Hon Amobi Ogah (LP, Abia, Constituency: Isuikwuato/Umu-Nneochi); Hon Satomi Alhaji Ahmad (APC, Borno, Constituency: Jere)",Hon Joshua Gana; Hon Akinola Adekunle Alabi; Hon Muktar Tolani Shagaya; Hon Uchenna Okonkwo; Hon Benjamin Kalu; Hon Amobi Ogah; Hon Satomi Alhaji Ahmad,Not Yet Referred,Hon Joshua Gana
8c4ab451-65de-47b1-804d-aef1c4b275ed,"Centre for Rainforest Agriculture, Ugwogo-Nike, Enugu State (Establishment) Bill, 2023",First Reading (House: 2023-10-25) -> Second Reading (Not Started) -> Committee Assignment (Not Started) -> Report (Not Started) -> Third Reading/Concurrence (Not Started) -> Harmonization (Not Started) -> Assent (Not Started),2023-10-25,,"Hon Paul Nnamchi (LP, Enugu, Constituency: Enugu East/Isi Uzo)",Hon Paul Nnamchi,Not Yet Referred,Hon Paul Nnamchi
d7af22fe-aa8f-4cdb-b755-8d1e3b6bce60,"Certified Pension Institute of Nigeria (Establishment) Bill, 202",First Reading (House: 2023-10-19) -> Second Reading (House: 2024-02-20) -> Committee Assignment (House: 2024-07-18) -> Report (Not Started) -> Third Reading/Concurrence (Not Started) -> Harmonization (Not Started) -> Assent (Not Started),2023-10-19,2024-02-20,"Hon Uchenna Okonkwo (LP, Anambra, Constituency: Idemili North/Idemili South)",Hon Uchenna Okonkwo,the Whole,Hon Uchenna Okonkwo
49f39abf-82fc-4630-bccf-4d90148bd4b6,"Chartered Institute for Medical Dialysis Studies of Nigeria (Establishment) Bill, 2024",First Reading (House: 2024-02-27) -> Second Reading (Not Started) -> Committee Assignment (Not Started) -> Report (Not Started) -> Third Reading/Concurrence (Not Started) -> Harmonization (Not Started) -> Assent (Not Started),2024-02-27,,"Hon Abdulmalik Zubairu (APC, Zamfara, Constituency: Bungudu/Maru)",Hon Abdulmalik Zubairu,Health Institutions,Hon Abdulmalik Zubairu
d4df9dbd-d110-4a5f-b651-0bdf324a8b2f,"Chartered Institute for Medical Dialysis Studies of Nigeria, Oleh, Isoko South Local Government Area, Delta State, Bill, 2025",First Reading (Not Started) -> Second Reading (Not Started) -> Committee Assignment (Not Started) -> Report (Not Started) -> Third Reading/Concurrence (Not Started) -> Harmonization (Not Started) -> Assent (Not Started),,,"Hon Jonathan Ajirioghene Ukodhiko (PDP, Delta, Constituency: Isoko North/Isoko South)",Hon Jonathan Ajirioghene Ukodhiko,Not Yet Referred,Hon Jonathan Ajirioghene Ukodhiko
534e5f43-10ee-4c1d-b265-c9aebd474432,"Chartered Institute for Social Entrepreneurship and Leadership of Nigeria (Establishment) Bill, 2023",First Reading (House: 2023-11-02) -> Second Reading (Not Started) -> Committee Assignment (Not Started) -> Report (Not Started) -> Third Reading/Concurrence (Not Started) -> Harmonization (Not Started) -> Assent (Not Started),2023-11-02,,"Hon El-Rasheed Abdullahi (PDP, Gombe, Constituency: Dukku/Nafada)",Hon El-Rasheed Abdullahi,Not Yet Referred,Hon El-Rasheed Abdullahi
b30ee1b9-25ee-41a4-8b4c-130b7bf073dd,"Chartered Institute of Agribusiness of Nigeria (Establishment) Bill, 2023",First Reading (House: 2023-07-27) -> Second Reading (House: 2023-07-27) -> Committee Assignment (House: 2023-07-27) -> Report (House: 2023-10-17) -> Third Reading/Concurrence (House: 2023-10-17) -> Harmonization (Not Started) -> Assent (Not Started),2023-07-27,2023-07-27,"Hon Adeyemi Taofeek Alli (APC, Lagos, Constituency: Mushin I)",Hon Adeyemi Taofeek Alli,the Whole,Hon Adeyemi Taofeek Alli
ca91d5cd-6e16-48d5-8e06-cb383c12989c,"Chartered Institute of Auctioneers of Nigeria (Establishment) Bill, 2023",First Reading (House: 2023-12-19) -> Second Reading (House: 2024-02-08) -> Committee Assignment (House: 2024-02-08) -> Report (Not Started) -> Third Reading/Concurrence (Not Started) -> Harmonization (Not Started) -> Assent (Not Started),2023-12-19,2024-02-08,"Hon Adeyemi Taofeek Alli (APC, Lagos, Constituency: Mushin I)",Hon Adeyemi Taofeek Alli,the Whole,Hon Adeyemi Taofeek Alli
3215cd47-f492-41ab-83bc-db0696248873,"Chartered Institute of Business Administration of Nigeria (Establishment) Bill, 2023",First Reading (House: 2023-07-18) -> Second Reading (House: 2023-07-25) -> Committee Assignment (House: 2023-07-25) -> Report (House: 2023-11-14) -> Third Reading/Concurrence (House: 2023-11-16) -> Harmonization (Not Started) -> Assent (Not Started),2023-07-18,2023-07-25,"Hon Alex Egbona (PDP, Cross River, Constituency: Yakurr/Abi)",Hon Alex Egbona,the Whole,Hon Alex Egbona
457e6ef1-0c42-462b-9b60-fa70ab66aa9e,"Chartered Institute of Business Educators of Nigeria (Est.) Bill, 2024",First Reading (House: 2024-02-14) -> Second Reading (House: 2024-09-26) -> Committee Assignment (House: 2024-09-26) -> Report (Not Started) -> Third Reading/Concurrence (Not Started) -> Harmonization (Not Started) -> Assent (Not Started),2024-02-14,2024-09-26,"Moshood Olanrewaju Oshun (APC, Lagos, Constituency: Lagos Mainland)",Moshood Olanrewaju Oshun,Commerce,Moshood Olanrewaju Oshun
d4698056-d492-437b-a6de-30fecd93617f,Chartered Institute of Capital Market Registrars,First Reading (House: 2024-05-22) -> Second Reading (House: 2024-07-18) -> Committee Assignment (House: 2024-07-18) -> Report (Not Started) -> Third Reading/Concurrence (Not Started) -> Harmonization (Not Started) -> Assent (Not Started),2024-05-22,2024-07-18,"Hon Adeyemi Taofeek Alli (APC, Lagos, Constituency: Mushin I)",Hon Adeyemi Taofeek Alli,the Whole,Hon Adeyemi Taofeek Alli
402d6c27-70ce-4ca1-80bc-fa052d12b4d4,"Chartered Institute of Co-operatives and Social Enterprise Management (Establishment) Bill, 2023",First Reading (House: 2023-07-05) -> Second Reading (House: 2023-10-05) -> Committee Assignment (House: 2023-10-05) -> Report (Not Started) -> Third Reading/Concurrence (Not Started) -> Harmonization (Not Started) -> Assent (Not Started),2023-07-05,2023-10-05,"Hon Eze Nwachukwu Eze (APC, Ebonyi, Constituency: Ebonyi/Ohaukwu); Hon Yusuf Miga (APC, Jigawa, Constituency: Jahun/Miga); Hon Benjamin Kalu (APC, Abia, Constituency: Bende); Hon Moshood Kayode Akiolu (APC, Lagos, Constituency: Lagos Island II); Hon Mansur Manu Soro (APC, Bauchi, Constituency: Darazo/Gunjuwa); Hon Marie Enenimiete Ebikake (PDP, Bayelsa, Constituency: Brass/Nembe)",Hon Eze Nwachukwu Eze; Hon Yusuf Miga; Hon Benjamin Kalu; Hon Moshood Kayode Akiolu; Hon Mansur Manu Soro; Hon Marie Enenimiete Ebikake,Commerce,Hon Eze Nwachukwu Eze
e67097bf-6180-4db6-8221-01bdc62c13ad,"Chartered Institute of Cooperative Professionals of Nigeria (Establishment) Bill, 2023",First Reading (House: 2023-10-12) -> Second Reading (Not Started) -> Committee Assignment (Not Started) -> Report (Not Started) -> Third Reading/Concurrence (Not Started) -> Harmonization (Not Started) -> Assent (Not Started),2023-10-12,,"Hon Adeyemi Taofeek Alli (APC, Lagos, Constituency: Mushin I)",Hon Adeyemi Taofeek Alli,Not Yet Referred,Hon Adeyemi Taofeek Alli
e5b22cd2-7c80-468f-a356-ac1636b178e9,"Chartered Institute of Cost Managers of Nigeria (Establishment) Bill, 2023",First Reading (House: 2023-07-27) -> Second Reading (Not Started) -> Committee Assignment (Not Started) -> Report (Not Started) -> Third Reading/Concurrence (Not Started) -> Harmonization (Not Started) -> Assent (Not Started),2023-07-27,,"Hon Agbedi Yeitiemone Frederick (PDP, Bayelsa, Constituency: Sagbama/Ekeremor)",Hon Agbedi Yeitiemone Frederick,Not Yet Referred,Hon Agbedi Yeitiemone Frederick
0c983d53-d5b1-4973-9466-1478f41b697d,"Chartered Institute of Digital Forensics of Nigeria (Establishment) Bill, 2023",First Reading (House: 2023-07-27) -> Second Reading (House: 2023-07-27) -> Committee Assignment (House: 2023-07-27) -> Report (Not Started) -> Third Reading/Concurrence (House: 2023-10-17) -> Harmonization (Not Started) -> Assent (Not Started),2023-07-27,2023-07-27,"Hon Julius Ihonvbere (APC, Edo, Constituency: Owan East/Owan West)",Hon Julius Ihonvbere,the Whole,Hon Julius Ihonvbere
449947df-e16a-4ea4-bcc7-f4464acb1746,"Chartered Institute of Econometricians and data Analysts Bill, 2023",First Reading (House: 2023-07-25) -> Second Reading (Not Started) -> Committee Assignment (Not Started) -> Report (Not Started) -> Third Reading/Concurrence (Not Started) -> Harmonization (Not Started) -> Concurrence (Not Started) -> Assent (Not Started),2023-07-25,,"Hon Akiba Bassey Ekpenyong (LP, Cross River, Constituency: Calabar Municipal/Odukpani)",Hon Akiba Bassey Ekpenyong,Not Yet Referred,Hon Akiba Bassey Ekpenyong
bf53dd56-a38a-4ebc-bb89-093fc21b7141,"Chartered Institute of Entrepreneurship (Establishment) Bill, 2024",First Reading (House: 2024-09-25) -> Second Reading (Not Started) -> Committee Assignment (Not Started) -> Report (Not Started) -> Third Reading/Concurrence (Not Started) -> Harmonization (Not Started) -> Assent (Not Started),2024-09-25,,"Hon Adeyemi Taofeek Alli (APC, Lagos, Constituency: Mushin I)",Hon Adeyemi Taofeek Alli,Not Yet Referred,Hon Adeyemi Taofeek Alli
a2c0c88e-494d-42ad-b1d7-5e61c7ec342a,"Chartered Institute of Entrepreneurship and Enterprise Educators, Nigeria Bill, 2025",First Reading (Not Started) -> Second Reading (Not Started) -> Committee Assignment (Not Started) -> Report (Not Started) -> Third Reading/Concurrence (Not Started) -> Harmonization (Not Started) -> Assent (Not Started),,,"Hon Olaide Yusuf Mohammed (APC, Oyo, Constituency: Irepo/Orelope/Olorunsogo)",Hon Olaide Yusuf Mohammed,Not Yet Referred,Hon Olaide Yusuf Mohammed
90608ebe-31a4-4af3-8d4e-0c9107d3b430,"Chartered Institute of Export and Commodity Brokers of Nigeria (Establishment) Bill, 2024",First Reading (House: 2024-03-20) -> Second Reading (House: 2024-06-06) -> Committee Assignment (House: 2024-06-06) -> Report (House: 2024-07-11) -> Third Reading/Concurrence (House: 2024-07-17) -> Harmonization (Not Started) -> Assent (Not Started),2024-03-20,2024-06-06,"Hon Benjamin Kalu (APC, Abia, Constituency: Bende)",Hon Benjamin Kalu,the Whole,Hon Benjamin Kalu
9d483c00-1d9c-4451-90a1-ffa93cd9e88f,"Chartered Institute of Loan and Risk Management of Nigeria (Establishment) Bill, 2023",First Reading (House: 2023-10-17) -> Second Reading (House: 2023-10-26) -> Committee Assignment (House: 2023-10-26) -> Report (House: 2023-12-19) -> Third Reading/Concurrence (House: 2023-12-20) -> Harmonization (Not Started) -> Assent (Not Started),2023-10-17,2023-10-26,"Hon Ozurigbo Ugonna (APC, Imo, Constituency: Isu/Njaba/Nkwerre/Nwangele)",Hon Ozurigbo Ugonna,the Whole,Hon Ozurigbo Ugonna
8b76676a-5209-4716-a0dc-e1730471d9a2,"Chartered Institute of Management Analysts and Administrators Bill, 2024",First Reading (House: 2024-07-18) -> Second Reading (Not Started) -> Committee Assignment (Not Started) -> Report (Not Started) -> Third Reading/Concurrence (Not Started) -> Harmonization (Not Started) -> Assent (Not Started),2024-07-18,,"Hon Adeyemi Taofeek Alli (APC, Lagos, Constituency: Mushin I)",Hon Adeyemi Taofeek Alli,Not Yet Referred,Hon Adeyemi Taofeek Alli
4be430bb-db1b-4bc5-bf09-9e2d7e64491b,"Chartered Institute of Mentoring and Life Coaching of Nigeria (Establishment) Bill, 2023",First Reading (House: 2023-10-25) -> Second Reading (House: 2023-11-09) -> Committee Assignment (House: 2023-11-09) -> Report (House: 2024-02-29) -> Third Reading/Concurrence (House: 2024-03-06) -> Harmonization (Not Started) -> Assent (Not Started),2023-10-25,2023-11-09,"Hon Alex Egbona (PDP, Cross River, Constituency: Yakurr/Abi)",Hon Alex Egbona,the Whole,Hon Alex Egbona
1797cc26-df76-4759-b1d0-39b60208d85b,"Chartered Institute of Mortgage Bankers and Brokers of Nigeria (Establishment) Bill, 2023",First Reading (House: 2023-11-14) -> Second Reading (Not Started) -> Committee Assignment (Not Started) -> Report (Not Started) -> Third Reading/Concurrence (Not Started) -> Harmonization (Not Started) -> Assent (Not Started),2023-11-14,,"Hon Hassan Shehu Hussain (NNPP, Kano, Constituency: Nassarawa)",Hon Hassan Shehu Hussain,Not Yet Referred,Hon Hassan Shehu Hussain
7bc3be60-195c-4716-8d67-8ec0a65bd075,Chartered Institute of Nigerian Universities Professional Administrators,First Reading (House: 2023-10-31) -> Second Reading (Not Started) -> Committee Assignment (Not Started) -> Report (Not Started) -> Third Reading/Concurrence (Not Started) -> Harmonization (Not Started) -> Assent (Not Started),2023-10-31,,"Hon Pascal Agbodike (APGA, Anambra, Constituency: Ihiala)",Hon Pascal Agbodike,Not Yet Referred,Hon Pascal Agbodike
eee1d729-913e-4872-b75b-12cf7cac222f,"Chartered Institute of Finance and Control of Nigeria (Establishment) Bill, 2023",First Reading (House: 2023-07-11) -> Second Reading (Not Started) -> Committee Assignment (Not Started) -> Report (Not Started) -> Third Reading/Concurrence (Not Started) -> Harmonization (Not Started) -> Assent (Not Started),2023-07-11,,"Hon Gagdi Adamu Yusuf (APC, Plateau, Constituency: Kanke/Pankshin/Kanam)",Hon Gagdi Adamu Yusuf,Not Yet Referred,Hon Gagdi Adamu Yusuf
f1a19f91-3774-4703-b181-91183ab45d1d,"Chartered Institute of Finance and Intelligence Managers (Establishment) Bill, 2023",First Reading (House: 2023-10-24) -> Second Reading (Not Started) -> Committee Assignment (Not Started) -> Report (Not Started) -> Third Reading/Concurrence (Not Started) -> Harmonization (Not Started) -> Assent (Not Started),2023-10-24,,"Hon Alex Egbona (PDP, Cross River, Constituency: Yakurr/Abi)",Hon Alex Egbona,Not Yet Referred,Hon Alex Egbona
bd890d9d-adc8-4fc8-8c13-e6f238e5f8d8,"Chartered Institute of Financial and Investment Analyst of Nigeria Bill (Establishment) Bill, 2023",First Reading (House: 2023-07-27) -> Second Reading (Not Started) -> Committee Assignment (Not Started) -> Report (Not Started) -> Third Reading/Concurrence (Not Started) -> Harmonization (Not Started) -> Assent (Not Started),2023-07-27,,"Hon Sesi Whingan (APC, Lagos, Constituency: Badagry)",Hon Sesi Whingan,Not Yet Referred,Hon Sesi Whingan
2bc2b9db-536e-4da3-913c-42679ba0a061,"Chartered Institute of Health Care Management of Nigeria (Establishment) Bill, 2024",First Reading (House: 2024-03-20) -> Second Reading (House: 2024-06-06) -> Committee Assignment (House: 2024-06-06) -> Report (House: 2024-10-08) -> Third Reading/Concurrence (House: 2024-10-09) -> Harmonization (Not Started) -> Assent (Not Started),2024-03-20,2024-06-06,"Hon Benjamin Kalu (APC, Abia, Constituency: Bende)",Hon Benjamin Kalu,the Whole,Hon Benjamin Kalu
0273560e-8adc-4eab-9d0a-b1b0539a079c,"Chartered Institute of Human Capital Development of Nigeria (Establishment) Bill, 2024",First Reading (House: 2024-03-20) -> Second Reading (House: 2024-06-06) -> Committee Assignment (House: 2024-06-06) -> Report (House: 2024-07-11) -> Third Reading/Concurrence (House: 2024-07-17) -> Harmonization (Not Started) -> Assent (Not Started),2024-03-20,2024-06-06,"Hon Benjamin Kalu (APC, Abia, Constituency: Bende)",Hon Benjamin Kalu,the Whole,Hon Benjamin Kalu
69db1bbb-65b0-4828-8881-413f565e8462,"Chartered Institute of Outsourcing and Management of Nigeria (Establishment) Bill, 2023",First Reading (House: 2023-11-22) -> Second Reading (Not Started) -> Committee Assignment (Not Started) -> Report (Not Started) -> Third Reading/Concurrence (Not Started) -> Harmonization (Not Started) -> Assent (Not Started),2023-11-22,,"Hon Jeremiah Umaru (APC, Nasarawa, Constituency: Akwanga/Nassarawa Eggon/ Wamba)",Hon Jeremiah Umaru,Not Yet Referred,Hon Jeremiah Umaru
bc610acd-643e-457d-a54b-60e74fe14933,"Chartered Institute of Paramedic Studies (Establishment) Bill, 2023",First Reading (House: 2023-10-25) -> Second Reading (Not Started) -> Committee Assignment (Not Started) -> Report (Not Started) -> Third Reading/Concurrence (Not Started) -> Harmonization (Not Started) -> Assent (Not Started),2023-10-25,,"Hon Pascal Agbodike (APGA, Anambra, Constituency: Ihiala)",Hon Pascal Agbodike,Not Yet Referred,Hon Pascal Agbodike
401f6fe8-61b7-40a1-b415-eafc2efce9ed,"Chartered Institute of Peace Practitioners (Est) Bill, 2023",First Reading (House: 2023-07-26) -> Second Reading (Not Started) -> Committee Assignment (Not Started) -> Report (Not Started) -> Third Reading/Concurrence (Not Started) -> Harmonization (Not Started) -> Assent (Not Started),2023-07-26,,"Hon Mathew Nwogu (LP, Imo, Constituency: Aboh Mbaise/Ngor Okpala)",Hon Mathew Nwogu,Not Yet Referred,Hon Mathew Nwogu
b1a5291f-5a03-4e43-aba2-483e6756684d,"Chartered Institute of Professional Printers of Nigeria (Repeal and Enactment) Bill, 2023",First Reading (House: 2023-10-10) -> Second Reading (Not Started) -> Committee Assignment (Not Started) -> Report (Not Started) -> Third Reading/Concurrence (Not Started) -> Harmonization (Not Started) -> Assent (Not Started),2023-10-10,,"Hon Chinedu Ogah (APC, Ebonyi, Constituency: Ezza South/Ikwo)",Hon Chinedu Ogah,Not Yet Referred,Hon Chinedu Ogah
3453f4c2-9516-4ffe-b3b4-a2e660392034,"Chartered Institute of Project Management of Nigeria Act (Repeal and Enactment) Bill, 2024",First Reading (House: 2024-06-05) -> Second Reading (Not Started) -> Committee Assignment (Not Started) -> Report (Not Started) -> Third Reading/Concurrence (Not Started) -> Harmonization (Not Started) -> Assent (Not Started),2024-06-05,,"Hon Benjamin Kalu (APC, Abia, Constituency: Bende)",Hon Benjamin Kalu,Not Yet Referred,Hon Benjamin Kalu
8f2ab91d-9d1f-45d4-8406-8154c50ab86e,"Chartered Institute of Project Managers of Nigeria (Repeal and Enactment) Bill, 2023",First Reading (House: 2023-12-01) -> Second Reading (Not Started) -> Committee Assignment (Not Started) -> Report (Not Started) -> Third Reading/Concurrence (Not Started) -> Harmonization (Not Started) -> Assent (Not Started),2023-12-01,,"Hon Abdulmalik Zubairu (APC, Zamfara, Constituency: Bungudu/Maru)",Hon Abdulmalik Zubairu,Not Yet Referred,Hon Abdulmalik Zubairu
87d4f55c-1338-4c6c-8d82-02a120c4328c,"Chartered Institute of Public Diplomacy and Management of Nigeria (Est., etc.) Bill, 2025",First Reading (Not Started) -> Second Reading (Not Started) -> Committee Assignment (Not Started) -> Report (Not Started) -> Third Reading/Concurrence (Not Started) -> Harmonization (Not Started) -> Assent (Not Started),,,"Chimaobi Sam Atu (LP, Enugu, Constituency: Enugu North/Enugu South)",Chimaobi Sam Atu,Not Yet Referred,Chimaobi Sam Atu
f9faef2f-70df-43f1-8ada-57e0318654fd,"Chartered Institute of Public Health Studies (Establishment) Bill, 2023",First Reading (House: 2023-07-19) -> Second Reading (House: 2024-06-06) -> Committee Assignment (House: 2024-06-06) -> Report (Not Started) -> Third Reading/Concurrence (Not Started) -> Harmonization (Not Started) -> Assent (Not Started),2023-07-19,2024-06-06,"Hon Adeyemi Taofeek Alli (APC, Lagos, Constituency: Mushin I)",Hon Adeyemi Taofeek Alli,Health Institutions,Hon Adeyemi Taofeek Alli
523a4cc0-41c1-458a-ae78-36e8ee33d510,"Chartered Institute of Public Health Studies and Administration (Establishment) Bill, 2023",First Reading (House: 2023-12-19) -> Second Reading (Not Started) -> Committee Assignment (Not Started) -> Report (Not Started) -> Third Reading/Concurrence (Not Started) -> Harmonization (Not Started) -> Assent (Not Started),2023-12-19,,"Shehu Saleh Rijau (APC, Niger, Constituency: Magama/Rijau)",Shehu Saleh Rijau,Not Yet Referred,Shehu Saleh Rijau
a1174b09-1850-4584-8264-8c49f3148a64,"Chartered Institute of Public Management of Nigeria (Establishment) Bill, 2023",First Reading (House: 2023-11-23) -> Second Reading (House: 2023-12-20) -> Committee Assignment (House: 2023-12-20) -> Report (House: 2024-02-27) -> Third Reading/Concurrence (House: 2024-02-29) -> Harmonization (Not Started) -> Assent (Not Started),2023-11-23,2023-12-20,"Hon Alex Egbona (PDP, Cross River, Constituency: Yakurr/Abi)",Hon Alex Egbona,the Whole,Hon Alex Egbona
a57ccfec-a25d-431e-b9b5-d5d60d904344,"Chartered Institute of Purchasing and Supply Management of Nigeria Act (Amendment) Bill, 2023",First Reading (House: 2023-11-16) -> Second Reading (Not Started) -> Committee Assignment (Not Started) -> Report (Not Started) -> Third Reading/Concurrence (Not Started) -> Harmonization (Not Started) -> Assent (Not Started),2023-11-16,,"Hon Abdulmalik Zubairu (APC, Zamfara, Constituency: Bungudu/Maru)",Hon Abdulmalik Zubairu,Not Yet Referred,Hon Abdulmalik Zubairu
c44b8ac5-15f1-48da-9493-cf1fd720e388,"Chartered Institute of Purchasing and Supply Management of Nigeria Act (Amendment) Bill, 2023",First Reading (House: 2023-07-27) -> Second Reading (House: 2023-02-28) -> Committee Assignment (House: 2023-02-28) -> Report (Not Started) -> Third Reading/Concurrence (Not Started) -> Harmonization (Not Started) -> Assent (Not Started),2023-07-27,2023-02-28,"Aliyu Sani Madaki (NNPP, Kano, Constituency: Dala)",Aliyu Sani Madaki,Public Procurement,Aliyu Sani Madaki
ccbd863d-d40e-422e-910c-5411a1fd5bf9,"Chartered Institute of Stockbrokers Bill, 2023",First Reading (House: 2023-07-27) -> Second Reading (House: 2023-07-27) -> Committee Assignment (House: 2023-07-27) -> Report (House: 2024-03-20) -> Third Reading/Concurrence (House: 2024-03-20) -> Harmonization (Not Started) -> Assent (Not Started),2023-07-27,2023-07-27,"Hon Julius Ihonvbere (APC, Edo, Constituency: Owan East/Owan West)",Hon Julius Ihonvbere,the Whole,Hon Julius Ihonvbere
1ede7d80-1d4f-47d0-867c-ce92c42b6717,"Chartered Institute of Training and Development of Nigeria (Establishment) Bill, 2024",First Reading (House: 2024-06-27) -> Second Reading (House: 2024-07-18) -> Committee Assignment (House: 2024-07-18) -> Report (Not Started) -> Third Reading/Concurrence (Senate: 2025-11-11) -> Harmonization (Not Started) -> Assent (Not Started),2024-06-27,2024-07-18,"Dalyop Chollom Fom (LP, Plateau, Constituency: Barkin Ladi/Riyom)",Dalyop Chollom Fom,the Whole,Dalyop Chollom Fom
f3151abe-dfea-400a-a12a-ca6c36bf9bb3,Chartered Nigerian Institute for Industrial Security,First Reading (House: 2023-10-04) -> Second Reading (House: 2024-02-29) -> Committee Assignment (House: 2924-02-29) -> Report (House: 2024-03-20) -> Third Reading/Concurrence (House: 2024-03-20) -> Harmonization (Not Started) -> Assent (Not Started),2023-10-04,2024-02-29,"Hon Boniface Sunday Emerengwa (PDP, Rivers, Constituency: Ikwerre/Umohua)",Hon Boniface Sunday Emerengwa,the Whole,Hon Boniface Sunday Emerengwa
731700ae-8527-471f-911b-17732bd34be0,"Chartered Sustainability Professionals Institute of Nigeria (Establishment) Bill, 2025",First Reading (House: 2025-12-16) -> Second Reading (Not Started) -> Committee Assignment (Not Started) -> Report (Not Started) -> Third Reading/Concurrence (Not Started) -> Harmonization (Not Started) -> Assent (Not Started),2025-12-16,,"Hon Moshood Kayode Akiolu (APC, Lagos, Constituency: Lagos Island II)",Hon Moshood Kayode Akiolu,Not Yet Referred,Hon Moshood Kayode Akiolu
f6cc265e-db9e-4c33-a919-2999a4465882,"Chartered Sustainability Professionals Institute of Nigeria (Establishment) Bill, 2025",First Reading (House: 2025-12-10) -> Second Reading (House: 2026-03-11) -> Committee Assignment (House: 2026-03-11) -> Report (Not Started) -> Third Reading/Concurrence (Not Started) -> Harmonization (Not Started) -> Assent (Not Started),2025-12-10,2026-03-11,"Hon Moshood Kayode Akiolu (APC, Lagos, Constituency: Lagos Island II)",Hon Moshood Kayode Akiolu,Commerce,Hon Moshood Kayode Akiolu
3a812710-0a1d-4e01-82a6-bf22d235c1c9,"Child Online Access Protection Bill, 2023",First Reading (House: 2023-07-25) -> Second Reading (House: 2023-12-21) -> Committee Assignment (House: 2023-12-21) -> Report (House: 2025-11-12) -> Third Reading/Concurrence (Not Started) -> Harmonization (Not Started) -> Assent (Not Started),2023-07-25,2023-12-21,"Hon Olumide Babatunde Osoba (APC, Ogun, Constituency: Abeokuta North/ Obafemi- Owode/Odeda)",Hon Olumide Babatunde Osoba,Justice,Hon Olumide Babatunde Osoba
92a7b196-5a7a-49b9-a169-161893b40ec8,"Child Rights Act (Amendment) Bill, 2023",First Reading (House: 2023-11-22) -> Second Reading (Not Started) -> Committee Assignment (Not Started) -> Report (Not Started) -> Third Reading/Concurrence (Not Started) -> Harmonization (Not Started) -> Assent (Not Started),2023-11-22,,"Hon Sada Soli (APC, Katsina, Constituency: Jibia/Kaita)",Hon Sada Soli,Not Yet Referred,Hon Sada Soli
722970fb-7535-4d49-bd21-d67e4d446c42,"Child Rights Act (Amendment) Bill, 2024",First Reading (House: 2024-05-07) -> Second Reading (Not Started) -> Committee Assignment (Not Started) -> Report (Not Started) -> Third Reading/Concurrence (Not Started) -> Harmonization (Not Started) -> Assent (Not Started),2024-05-07,,"Hon Bamidele Salam (PDP, Osun, Constituency: Ede North/Ede South/ Egbedore/Ejigbo)",Hon Bamidele Salam,Not Yet Referred,Hon Bamidele Salam
efc7d48f-e98a-4ba8-a3f2-23c98055f5ee,"Child Rights and Welfare Commission (Establishment) Bill, 2023",First Reading (House: 2023-10-10) -> Second Reading (Not Started) -> Committee Assignment (Not Started) -> Report (Not Started) -> Third Reading/Concurrence (Not Started) -> Harmonization (Not Started) -> Assent (Not Started),2023-10-10,,"Hon Jesse Okey-Joe Onuakachi (LP, Lagos, Constituency: Oshodi/Isolo II)",Hon Jesse Okey-Joe Onuakachi,Not Yet Referred,Hon Jesse Okey-Joe Onuakachi
ff36bf6a-9f2e-4fba-b791-f079ae863892,"Child's Right Act (Amendment) Bill, 2025",First Reading (Not Started) -> Second Reading (Not Started) -> Committee Assignment (Not Started) -> Report (Not Started) -> Third Reading/Concurrence (Not Started) -> Harmonization (Not Started) -> Assent (Not Started),,,"Jubrin Abdulmumin (APC, Kano, Constituency: Bebeji/Kiru)",Jubrin Abdulmumin,Not Yet Referred,Jubrin Abdulmumin
b025a094-2ab7-4de9-8e88-e0b35338c06b,"Child’s Right Act (Amendment) Bill, 2023",First Reading (House: 2023-11-16) -> Second Reading (Not Started) -> Committee Assignment (Not Started) -> Report (Not Started) -> Third Reading/Concurrence (Not Started) -> Harmonization (Not Started) -> Assent (Not Started),2023-11-16,,"Hon Alex Egbona (PDP, Cross River, Constituency: Yakurr/Abi)",Hon Alex Egbona,Not Yet Referred,Hon Alex Egbona
db3147cd-9b39-48bc-8a1f-034e87ae24f5,"Child’s Right Act (Amendment) Bill, 2023",First Reading (House: 2023-07-27) -> Second Reading (Not Started) -> Committee Assignment (Not Started) -> Report (Not Started) -> Third Reading/Concurrence (Not Started) -> Harmonization (Not Started) -> Assent (Not Started),2023-07-27,,"Hon Mohammed Bello El-Rufai (APC, Kaduna, Constituency: Kaduna North)",Hon Mohammed Bello El-Rufai,Not Yet Referred,Hon Mohammed Bello El-Rufai
18055ced-4d9f-4991-94e7-2237e5d58bb1,"Citizenship and Leadership Training Centre Act (Repeal and Enactment) Bill, 2024",First Reading (House: 2024-07-02) -> Second Reading (Not Started) -> Committee Assignment (Not Started) -> Report (Not Started) -> Third Reading/Concurrence (Not Started) -> Harmonization (Not Started) -> Assent (Not Started),2024-07-02,,"Hon Martins Etim Esin (PDP, Akwa Ibom, Constituency: Oron/Mbo/Okobo/Udung Uko/Urue Offong/Oruko)",Hon Martins Etim Esin,Not Yet Referred,Hon Martins Etim Esin
0569fa73-80f8-40ae-821f-5396ca3293a9,"Citizenship Benefit Bill, 2024",First Reading (House: 2024-06-06) -> Second Reading (Not Started) -> Committee Assignment (Not Started) -> Report (Not Started) -> Third Reading/Concurrence (Not Started) -> Harmonization (Not Started) -> Assent (Not Started),2024-06-06,,"Hon Emeka Martins Chinedu (PDP, Imo, Constituency: Ahiazu Mbaise/Ezinihitte)",Hon Emeka Martins Chinedu,Not Yet Referred,Hon Emeka Martins Chinedu
8f3ca418-22b6-427c-bc05-2976f580db44,"Civil Aviation (Amendment) Bill, 2023",First Reading (House: 2023-12-21) -> Second Reading (Not Started) -> Committee Assignment (Not Started) -> Report (Not Started) -> Third Reading/Concurrence (Not Started) -> Harmonization (Not Started) -> Assent (Not Started),2023-12-21,,"Hon Miriam Onuoha (APC, Imo, Constituency: Isiala Mbano/Okigwe/Onuimo)",Hon Miriam Onuoha,Not Yet Referred,Hon Miriam Onuoha
013a6533-06c1-439c-9853-f91e5cd8e3aa,"Civil Aviation Act (Amendment) Bill, 2023",First Reading (House: 2023-07-26) -> Second Reading (Not Started) -> Committee Assignment (Not Started) -> Report (Not Started) -> Third Reading/Concurrence (Not Started) -> Harmonization (Not Started) -> Assent (Not Started),2023-07-26,,"Hon Obinna Aguocha (LP, Abia, Constituency: Umuahia North/ Umuahia South/ Ikwuano)",Hon Obinna Aguocha,Not Yet Referred,Hon Obinna Aguocha
1c19095a-d61f-429a-ac3d-4be25d8002ce,"Civil Aviation Act (Amendment) Bill, 2023",First Reading (House: 2023-07-27) -> Second Reading (Not Started) -> Committee Assignment (Not Started) -> Report (Not Started) -> Third Reading/Concurrence (Not Started) -> Harmonization (Not Started) -> Assent (Not Started),2023-07-27,,"Mukhtar Umar Zakari (NNPP, Kano, Constituency: Tarauni)",Mukhtar Umar Zakari,Not Yet Referred,Mukhtar Umar Zakari
8c4945ca-a5b0-43f0-8db3-992c0aab4a3e,"Civil Aviation Act (Amendment) Bill, 2023",First Reading (House: 2023-07-25) -> Second Reading (Not Started) -> Committee Assignment (Not Started) -> Report (Not Started) -> Third Reading/Concurrence (Not Started) -> Harmonization (Not Started) -> Assent (Not Started),2023-07-25,,"Hon Dachung Musa Bagos (PDP, Plateau, Constituency: Jos South/Jos East)",Hon Dachung Musa Bagos,Not Yet Referred,Hon Dachung Musa Bagos
58d38477-31bd-437e-a018-a52670d27e12,"Civil Defence Corps, Correctional, Federal Fire and Immigration Services Board Bill, 2023",First Reading (House: 2023-10-04) -> Second Reading (Not Started) -> Committee Assignment (Not Started) -> Report (Not Started) -> Third Reading/Concurrence (Not Started) -> Harmonization (Not Started) -> Assent (Not Started),2023-10-04,,"Hon Muhammed Bello Shehu (NNPP, Kano, Constituency: Fagge)",Hon Muhammed Bello Shehu,Not Yet Referred,Hon Muhammed Bello Shehu
4264b509-5c73-483d-abb8-7ddae73411e2,"Climate Resilient Commerce Bill, 2025",First Reading (Not Started) -> Second Reading (Not Started) -> Committee Assignment (Not Started) -> Report (Not Started) -> Third Reading/Concurrence (Not Started) -> Harmonization (Not Started) -> Assent (Not Started),,,"Hon Ahmed Munir (APC, Kaduna, Constituency: Lere)",Hon Ahmed Munir,Not Yet Referred,Hon Ahmed Munir
c39bf67c-a476-436a-9e8b-bbeff6ac9b53,"Close circuit Television (Compulsory Installation) Bill, 2023",First Reading (House: 2023-07-19) -> Second Reading (House: 2023-11-23) -> Committee Assignment (House: 2023-11-23) -> Report (Not Started) -> Third Reading/Concurrence (Not Started) -> Harmonization (Not Started) -> Assent (Not Started),2023-07-19,2023-11-23,"Hon Awaji-inombek Dagomie Abiante (PDP, Rivers, Constituency: Opobo/Nkoro/Andoni)",Hon Awaji-inombek Dagomie Abiante,the Whole,Hon Awaji-inombek Dagomie Abiante
91ecf545-271e-48c6-bcb5-45e87859710a,"Coastal and Inland Shipping (Cabotage) Act (Amendment) Bill, 2023",First Reading (House: 2023-07-25) -> Second Reading (House: 2023-07-25) -> Committee Assignment (House: 2023-07-25) -> Report (Not Started) -> Third Reading/Concurrence (Not Started) -> Harmonization (Not Started) -> Assent (Not Started),2023-07-25,2023-07-25,"Hon Gagdi Adamu Yusuf (APC, Plateau, Constituency: Kanke/Pankshin/Kanam)",Hon Gagdi Adamu Yusuf,the Whole,Hon Gagdi Adamu Yusuf
3321cb49-e6b7-4d4a-868d-a40e068e470a,"Coastal and Inland Shipping (Cabotage) Act (Amendment) Bill, 2024",First Reading (House: 2024-07-11) -> Second Reading (Not Started) -> Committee Assignment (Not Started) -> Report (Not Started) -> Third Reading/Concurrence (Not Started) -> Harmonization (Not Started) -> Assent (Not Started),2024-07-11,,"Hon Francis Ejiroghene Waive (APC, Delta, Constituency: Ughelli North, Ughelli South/Udu)",Hon Francis Ejiroghene Waive,Not Yet Referred,Hon Francis Ejiroghene Waive
a680fe3b-1ea7-46a6-90c2-81430163c740,"Cocoa Research Institute, Idanre, Ondo State (Establishment) Bill, 2025",First Reading (House: 2025-07-03) -> Second Reading (Not Started) -> Committee Assignment (Not Started) -> Report (Not Started) -> Third Reading/Concurrence (Not Started) -> Harmonization (Not Started) -> Assent (Not Started),2025-07-03,,"Hon. Akingbaso Festus Olanrewaju (APC, Ondo, Constituency: Idanre/Ifedore)",Hon. Akingbaso Festus Olanrewaju,Not Yet Referred,Hon. Akingbaso Festus Olanrewaju
86502f1e-6b91-40c1-97c5-50e6c8fd9684,Code of Conduct Bureau and Tribunal Act (Amendment) Bill 2024,First Reading (House: 2024-04-30) -> Second Reading (Not Started) -> Committee Assignment (Not Started) -> Report (Not Started) -> Third Reading/Concurrence (Not Started) -> Harmonization (Not Started) -> Assent (Not Started),2024-04-30,,"Hon Solomon T Bob (PDP, Rivers, Constituency: Ahoada West/Ogba Egbema)",Hon Solomon T Bob,Not Yet Referred,Hon Solomon T Bob
4556d937-44b2-4111-8391-649d625d3d8c,"Code of Conduct Bureau and Tribunal Act (Amendment) Bill, 2023",First Reading (House: 2023-07-26) -> Second Reading (House: 2023-12-21) -> Committee Assignment (House: 2023-12-21) -> Report (Not Started) -> Third Reading/Concurrence (Not Started) -> Harmonization (Not Started) -> Assent (Not Started),2023-07-26,2023-12-21,"Hon Akintunde Rotimi (APC, Ekiti, Constituency: Ikole/Oye)",Hon Akintunde Rotimi,Anti-Corruption,Hon Akintunde Rotimi
55412dda-35ac-4f38-a3a3-6750b948bc73,"Code of Conduct Bureau and Tribunal Act (Amendment) Bill, 2023",First Reading (House: 2023-11-22) -> Second Reading (Not Started) -> Committee Assignment (Not Started) -> Report (Not Started) -> Third Reading/Concurrence (Not Started) -> Harmonization (Not Started) -> Assent (Not Started),2023-11-22,,"Hon Sada Soli (APC, Katsina, Constituency: Jibia/Kaita)",Hon Sada Soli,Not Yet Referred,Hon Sada Soli
960c3b25-140f-49d1-8293-07010c45521e,"Code of Conduct Bureau and Tribunal Act (Amendment) Bill, 2023",First Reading (House: 2023-10-31) -> Second Reading (House: 2024-05-21) -> Committee Assignment (House: 2024-05-21) -> Report (Not Started) -> Third Reading/Concurrence (Not Started) -> Harmonization (Not Started) -> Assent (Not Started),2023-10-31,2024-05-21,"Hon Tasir Olawale Raji (APC, Lagos, Constituency: Epe)",Hon Tasir Olawale Raji,Anti-Corruption,Hon Tasir Olawale Raji
ca44b7b9-2c94-4268-9c3c-f60b34405a35,"Code of Conduct Bureau and Tribunal Act (Amendment) Bill, 2023",First Reading (House: 2023-10-19) -> Second Reading (Not Started) -> Committee Assignment (Not Started) -> Report (Not Started) -> Third Reading/Concurrence (Not Started) -> Harmonization (Not Started) -> Assent (Not Started),2023-10-19,,"Hon Joshua Gana (PDP, Niger, Constituency: Lavun/Mokwa/Edati)",Hon Joshua Gana,Not Yet Referred,Hon Joshua Gana
fd74ebd5-c1d2-467d-923c-4435fa0e82dc,"Code of Conduct Bureau and tribunal Act (Amendment) Bill, 2023",First Reading (House: 2023-07-12) -> Second Reading (Not Started) -> Committee Assignment (Not Started) -> Report (Not Started) -> Third Reading/Concurrence (Not Started) -> Harmonization (Not Started) -> Assent (Not Started),2023-07-12,,"Hon Francis Ejiroghene Waive (APC, Delta, Constituency: Ughelli North, Ughelli South/Udu)",Hon Francis Ejiroghene Waive,Not Yet Referred,Hon Francis Ejiroghene Waive
40e0b086-19a9-4085-9351-0a3e3bd8fee8,"Code of Conduct Bureau and Tribunal Act (Amendment) Bill, 2024",First Reading (House: 2024-07-11) -> Second Reading (Not Started) -> Committee Assignment (Not Started) -> Report (Not Started) -> Third Reading/Concurrence (Not Started) -> Harmonization (Not Started) -> Assent (Not Started),2024-07-11,,"Terseer Ugbor (APC, Benue, Constituency: Kwande/Ushongo)",Terseer Ugbor,Not Yet Referred,Terseer Ugbor
e3ff032e-7734-46fe-b7ae-01d505e6b816,"College of Entrepreneurship and Skill Acquisition, Ntigha, Abia State (Establishment) Bill, 2024",First Reading (House: 2024-04-30) -> Second Reading (Not Started) -> Committee Assignment (Not Started) -> Report (Not Started) -> Third Reading/Concurrence (Not Started) -> Harmonization (Not Started) -> Assent (Not Started),2024-04-30,,"Hon Obinna Ginger Onwusibe (LP, Abia, Constituency: Isiala Ngwa North /Isiala Ngwa South)",Hon Obinna Ginger Onwusibe,Not Yet Referred,Hon Obinna Ginger Onwusibe
886f8e19-06a0-4703-8e5b-7cfd83c814fc,"College of Nursing Sciences (Establishment) Bill, 2025",First Reading (House: 2025-02-20) -> Second Reading (House: 2025-05-08) -> Committee Assignment (House: 2025-05-08) -> Report (Not Started) -> Third Reading/Concurrence (House: 2025-11-18) -> Harmonization (Not Started) -> Assent (Not Started),2025-02-20,2025-05-08,"Hon Julius Ihonvbere (APC, Edo, Constituency: Owan East/Owan West)",Hon Julius Ihonvbere,Not Yet Referred,Hon Julius Ihonvbere
8bc7119d-9edf-4f13-8721-62b286324322,"Commercial Agriculture Credit Scheme Bill, 2023",First Reading (House: 2023-07-25) -> Second Reading (Not Started) -> Committee Assignment (Not Started) -> Report (Not Started) -> Third Reading/Concurrence (Not Started) -> Harmonization (Not Started) -> Concurrence (Not Started) -> Assent (Not Started),2023-07-25,,"Hon Offiono Godwin (PDP, Cross River, Constituency: Ogoja/Yala)",Hon Offiono Godwin,Not Yet Referred,Hon Offiono Godwin
8b4db9fb-48b3-4396-b141-a2613372a130,"Commercial Commuters Protection Bill, 2023",First Reading (House: 2023-07-27) -> Second Reading (House: 2023-07-27) -> Committee Assignment (House: 2023-07-27) -> Report (Not Started) -> Third Reading/Concurrence (Not Started) -> Harmonization (Not Started) -> Assent (Not Started),2023-07-27,2023-07-27,"Hon Julius Ihonvbere (APC, Edo, Constituency: Owan East/Owan West)",Hon Julius Ihonvbere,the Whole,Hon Julius Ihonvbere
7bfda9cb-82b2-44e0-95d6-db609ad76449,"Commodity and Grain Board (Establishment) Bill, 2023",First Reading (House: 2023-07-27) -> Second Reading (Not Started) -> Committee Assignment (Not Started) -> Report (Not Started) -> Third Reading/Concurrence (Not Started) -> Harmonization (Not Started) -> Assent (Not Started),2023-07-27,,"Hon Gagdi Adamu Yusuf (APC, Plateau, Constituency: Kanke/Pankshin/Kanam)",Hon Gagdi Adamu Yusuf,Not Yet Referred,Hon Gagdi Adamu Yusuf
85ada18a-eac7-42a1-b3ed-e3de4659f480,"Commodity Exchange Bill, 2023",First Reading (House: 2023-10-12) -> Second Reading (Not Started) -> Committee Assignment (Not Started) -> Report (Not Started) -> Third Reading/Concurrence (Not Started) -> Harmonization (Not Started) -> Assent (Not Started),2023-10-12,,"Hon Benjamin Kalu (APC, Abia, Constituency: Bende)",Hon Benjamin Kalu,Not Yet Referred,Hon Benjamin Kalu
2009cc8b-713e-49b1-8c36-9da6bc5ad6ca,"Community Health Practitioners (Registration, Etc.) Act (Amendment) Bill, 2026",First Reading (House: 2026-03-12) -> Second Reading (Not Started) -> Committee Assignment (Not Started) -> Report (Not Started) -> Third Reading/Concurrence (Not Started) -> Harmonization (Not Started) -> Assent (Not Started),2026-03-12,,"Executive (APC, N/A, Constituency: .)",Executive,Not Yet Referred,Executive
22b73d64-4fee-439a-ba60-d65eb06d5878,"Companies and Allied Matters Act (Amendment) Bill, 2023",First Reading (House: 2023-11-16) -> Second Reading (Not Started) -> Committee Assignment (Not Started) -> Report (Not Started) -> Third Reading/Concurrence (Not Started) -> Harmonization (Not Started) -> Assent (Not Started),2023-11-16,,"Hon Ayodeji Alao (APC, Oyo, Constituency: Ogbomoso North/ Ogbomoso South/Orire)",Hon Ayodeji Alao,Not Yet Referred,Hon Ayodeji Alao
30c15feb-07e6-4d10-a7ea-68f06dfd45f5,"Companies and Allied Matters Act (Amendment) Bill, 2023",First Reading (House: 2023-07-26) -> Second Reading (Not Started) -> Committee Assignment (Not Started) -> Report (Not Started) -> Third Reading/Concurrence (Not Started) -> Harmonization (Not Started) -> Assent (Not Started),2023-07-26,,"Hon Ozurigbo Ugonna (APC, Imo, Constituency: Isu/Njaba/Nkwerre/Nwangele)",Hon Ozurigbo Ugonna,Not Yet Referred,Hon Ozurigbo Ugonna
38993369-f279-4276-b1e2-b31b75f4016d,"Companies and Allied Matters Act (Amendment) Bill, 2023",First Reading (House: 2023-11-14) -> Second Reading (Not Started) -> Committee Assignment (Not Started) -> Report (Not Started) -> Third Reading/Concurrence (Not Started) -> Harmonization (Not Started) -> Assent (Not Started),2023-11-14,,"Hon Ime Bassey Okon (PDP, Akwa Ibom, Constituency: Itu/Ibiono Ibom)",Hon Ime Bassey Okon,Not Yet Referred,Hon Ime Bassey Okon
4abd5eb2-14c6-4bf8-9776-3de005bb7db4,"Companies and Allied Matters Act (Amendment) Bill, 2023",First Reading (House: 2023-07-12) -> Second Reading (Not Started) -> Committee Assignment (Not Started) -> Report (Not Started) -> Third Reading/Concurrence (Not Started) -> Harmonization (Not Started) -> Assent (Not Started),2023-07-12,,"Hon Francis Ejiroghene Waive (APC, Delta, Constituency: Ughelli North, Ughelli South/Udu)",Hon Francis Ejiroghene Waive,Not Yet Referred,Hon Francis Ejiroghene Waive
9e88085b-8f60-46dd-8df9-4c8a6bea53bc,"Companies and Allied Matters Act (Amendment) Bill, 2023",First Reading (House: 2023-07-27) -> Second Reading (Not Started) -> Committee Assignment (Not Started) -> Report (Not Started) -> Third Reading/Concurrence (Not Started) -> Harmonization (Not Started) -> Assent (Not Started),2023-07-27,,"Hon Ozurigbo Ugonna (APC, Imo, Constituency: Isu/Njaba/Nkwerre/Nwangele)",Hon Ozurigbo Ugonna,Not Yet Referred,Hon Ozurigbo Ugonna
cff13812-8f55-4891-b2c4-b6a3d21f6ea3,"Companies and Allied Matters Act (Amendment) Bill, 2023",First Reading (House: 2023-10-19) -> Second Reading (Not Started) -> Committee Assignment (Not Started) -> Report (Not Started) -> Third Reading/Concurrence (Not Started) -> Harmonization (Not Started) -> Assent (Not Started),2023-10-19,,"Hon Ozurigbo Ugonna (APC, Imo, Constituency: Isu/Njaba/Nkwerre/Nwangele)",Hon Ozurigbo Ugonna,Not Yet Referred,Hon Ozurigbo Ugonna
7b0996e8-4ba5-4aac-ac55-06938e07dab8,"Compulsory Free Universal Basic Education Act (Amendment) Bill, 2023",First Reading (House: 2023-11-28) -> Second Reading (Not Started) -> Committee Assignment (Not Started) -> Report (Not Started) -> Third Reading/Concurrence (Not Started) -> Harmonization (Not Started) -> Assent (Not Started),2023-11-28,,"Hon Muktar Tolani Shagaya (APC, Kwara, Constituency: Ilorin West/Asa)",Hon Muktar Tolani Shagaya,Not Yet Referred,Hon Muktar Tolani Shagaya
a46c37d0-d1c5-4cc3-a444-226cfa0d767e,"Compulsory Free Universal Basic Education Act (Amendment) Bill, 2023",First Reading (House: 2023-10-12) -> Second Reading (House: 2024-03-20) -> Committee Assignment (House: 2024-03-20) -> Report (Not Started) -> Third Reading/Concurrence (Not Started) -> Harmonization (Not Started) -> Assent (Not Started),2023-10-12,2024-03-20,"Hon Muktar Tolani Shagaya (APC, Kwara, Constituency: Ilorin West/Asa)",Hon Muktar Tolani Shagaya,Basic Education Services,Hon Muktar Tolani Shagaya
d95da8dc-52df-4cba-bfc2-128d425f92b0,"Compulsory Teaching of French Language in Primary. Secondary and Tertiary Institutions in Nigeria Bill, 2023",First Reading (House: 2023-11-23) -> Second Reading (Not Started) -> Committee Assignment (Not Started) -> Report (Not Started) -> Third Reading/Concurrence (Not Started) -> Harmonization (Not Started) -> Assent (Not Started),2023-11-23,,"Garba Ibrahim Muhammad (NNPP, Kano, Constituency: Gwale)",Garba Ibrahim Muhammad,Not Yet Referred,Garba Ibrahim Muhammad
772abf3f-1e07-40a6-b750-460c3698bb52,"Compulsory Treatment and care for Victims of Gunshot Act (Amendment) Bill, 2023",First Reading (House: 2023-07-18) -> Second Reading (Not Started) -> Committee Assignment (Not Started) -> Report (Not Started) -> Third Reading/Concurrence (Not Started) -> Harmonization (Not Started) -> Assent (Not Started),2023-07-18,,"Hon Francis Ejiroghene Waive (APC, Delta, Constituency: Ughelli North, Ughelli South/Udu)",Hon Francis Ejiroghene Waive,Not Yet Referred,Hon Francis Ejiroghene Waive
d6599b44-c73f-4acd-83ff-b964adaea896,"Compulsory Treatment and Care for Victims of Gunshots Act (Amendment) Bill, 2023",First Reading (House: 2023-12-20) -> Second Reading (Not Started) -> Committee Assignment (Not Started) -> Report (Not Started) -> Third Reading/Concurrence (Not Started) -> Harmonization (Not Started) -> Assent (Not Started),2023-12-20,,"Hon Tasir Olawale Raji (APC, Lagos, Constituency: Epe)",Hon Tasir Olawale Raji,Not Yet Referred,Hon Tasir Olawale Raji
942b8b48-e544-472f-a166-a1c00b95a50c,"Compulsory, Free Universal Basic Education ACT (Amendment 2004), CAP C52, to include Vocational and technical Education 2025",First Reading (Not Started) -> Second Reading (Not Started) -> Committee Assignment (Not Started) -> Report (Not Started) -> Third Reading/Concurrence (Not Started) -> Harmonization (Not Started) -> Assent (Not Started),,,"Hon Abdulmumin Ari Mohammed (APC, Nasarawa, Constituency: Nassarawa/Toto)",Hon Abdulmumin Ari Mohammed,Not Yet Referred,Hon Abdulmumin Ari Mohammed
209b0bc8-da19-4694-98d4-b2140c5257a1,"Compulsory, Free Universal Basic Education Act (Amendment) Bill, 2023",First Reading (House: 2023-10-19) -> Second Reading (Not Started) -> Committee Assignment (Not Started) -> Report (Not Started) -> Third Reading/Concurrence (Not Started) -> Harmonization (Not Started) -> Assent (Not Started),2023-10-19,,"Hon Alex Egbona (PDP, Cross River, Constituency: Yakurr/Abi)",Hon Alex Egbona,Not Yet Referred,Hon Alex Egbona
6dfa9952-530a-46cf-9dcd-a5826591f8e3,"Compulsory, Free Universal Basic Education Act (Amendment) Bill, 2023",First Reading (House: 2023-07-27) -> Second Reading (Not Started) -> Committee Assignment (Not Started) -> Report (Not Started) -> Third Reading/Concurrence (Not Started) -> Harmonization (Not Started) -> Assent (Not Started),2023-07-27,,"Hon Ozurigbo Ugonna (APC, Imo, Constituency: Isu/Njaba/Nkwerre/Nwangele)",Hon Ozurigbo Ugonna,Not Yet Referred,Hon Ozurigbo Ugonna
9c42a309-8075-427f-af52-2a7125a51d29,"Compulsory, Free Universal Basic Education Act (Amendment) Bill, 2023",First Reading (House: 2023-07-18) -> Second Reading (Not Started) -> Committee Assignment (Not Started) -> Report (Not Started) -> Third Reading/Concurrence (Not Started) -> Harmonization (Not Started) -> Assent (Not Started),2023-07-18,,"Hon Francis Ejiroghene Waive (APC, Delta, Constituency: Ughelli North, Ughelli South/Udu)",Hon Francis Ejiroghene Waive,Not Yet Referred,Hon Francis Ejiroghene Waive
b0b68fa8-34bc-4720-b757-d090bd3156b2,"Compulsory, Free Universal Basic Education Act (Amendment) Bill, 2023",First Reading (House: 2023-07-26) -> Second Reading (Not Started) -> Committee Assignment (Not Started) -> Report (Not Started) -> Third Reading/Concurrence (Not Started) -> Harmonization (Not Started) -> Assent (Not Started),2023-07-26,,"Hon Ozurigbo Ugonna (APC, Imo, Constituency: Isu/Njaba/Nkwerre/Nwangele)",Hon Ozurigbo Ugonna,Not Yet Referred,Hon Ozurigbo Ugonna
3766bd7b-0eb4-45ab-a865-438404fb6344,"Compulsory, Free Universal Basic Education Act (Amendment) Bill, 2024",First Reading (House: 2024-06-05) -> Second Reading (Not Started) -> Committee Assignment (Not Started) -> Report (Not Started) -> Third Reading/Concurrence (Not Started) -> Harmonization (Not Started) -> Assent (Not Started),2024-06-05,,"Hon Kabir Tukura Ibrahim (APC, Kebbi, Constituency: Fakai/Sakaba/Wasagu/Danko/ Zuru)",Hon Kabir Tukura Ibrahim,Not Yet Referred,Hon Kabir Tukura Ibrahim
434bc132-de46-4820-88e2-59c88609d8d0,"Compulsory, Free Universal Basic Education Act (Amendment) Bill, 2024",First Reading (House: 2024-03-14) -> Second Reading (Not Started) -> Committee Assignment (Not Started) -> Report (Not Started) -> Third Reading/Concurrence (Not Started) -> Harmonization (Not Started) -> Assent (Not Started),2024-03-14,,"Hon Mansur Manu Soro (APC, Bauchi, Constituency: Darazo/Gunjuwa)",Hon Mansur Manu Soro,Not Yet Referred,Hon Mansur Manu Soro
49f880a8-f65f-42b1-8655-9eecd790c5ea,"Compulsory, Free Universal Basic Education Act (Amendment) Bill, 2024",First Reading (Not Started) -> Second Reading (Not Started) -> Committee Assignment (Not Started) -> Report (Not Started) -> Third Reading/Concurrence (Not Started) -> Harmonization (Not Started) -> Assent (Not Started),,,"Hon Ghali Tijjani Mustapha (NNPP, Kano, Constituency: Alabasu/Gaya/Ajingi)",Hon Ghali Tijjani Mustapha,Not Yet Referred,Hon Ghali Tijjani Mustapha
dfdf2c2a-8650-4c9a-8251-d11f900e7c16,"Compulsory, Free Universal Basic Education Act (Amendment) Bill, 2024",First Reading (House: 2024-07-23) -> Second Reading (Not Started) -> Committee Assignment (Not Started) -> Report (Not Started) -> Third Reading/Concurrence (Not Started) -> Harmonization (Not Started) -> Assent (Not Started),2024-07-23,,"Hon Tajudeen Abbas (APC, Kaduna, Constituency: Zaria)",Hon Tajudeen Abbas,Not Yet Referred,Hon Tajudeen Abbas
dd420bfe-0a3a-4058-a490-e3515a2905a2,"Compulsory, Free Universal Basic Education Act (Amendment) Bill, 2025",First Reading (House: 2025-07-03) -> Second Reading (Not Started) -> Committee Assignment (Not Started) -> Report (Not Started) -> Third Reading/Concurrence (Not Started) -> Harmonization (Not Started) -> Assent (Not Started),2025-07-03,,"Hon Eze Nwachukwu Eze (APC, Ebonyi, Constituency: Ebonyi/Ohaukwu)",Hon Eze Nwachukwu Eze,Not Yet Referred,Hon Eze Nwachukwu Eze
45e6b3e2-a142-40c8-ac2d-6064f055201b,"Computer Professionals (Registration Council of Nigeria) Act (Amendment) Bill, 2025",First Reading (House: 2025-12-10) -> Second Reading (Not Started) -> Committee Assignment (Not Started) -> Report (Not Started) -> Third Reading/Concurrence (Not Started) -> Harmonization (Not Started) -> Assent (Not Started),2025-12-10,,"Akarachi Etinosa Tosan (APC, Imo, Constituency: Ikeduru/Mbaitoli)",Akarachi Etinosa Tosan,Not Yet Referred,Akarachi Etinosa Tosan
be9d3429-0317-473c-9fd6-07ebb7f1d0f3,"Constituencies and Senatorial Districts Development Fund Bill, 2024",First Reading (House: 2024-03-20) -> Second Reading (Not Started) -> Committee Assignment (Not Started) -> Report (Not Started) -> Third Reading/Concurrence (Not Started) -> Harmonization (Not Started) -> Assent (Not Started),2024-03-20,,"Ali Isa (PDP, Gombe, Constituency: Balanga/Billiri)",Ali Isa,Not Yet Referred,Ali Isa
0d0ba5e0-a687-4e48-9496-a1760982499d,"Constitution (Amendment) Bill, 2025",First Reading (Not Started) -> Second Reading (Not Started) -> Committee Assignment (Not Started) -> Report (Not Started) -> Third Reading/Concurrence (Not Started) -> Harmonization (Not Started) -> Assent (Not Started),,,"Hon Chinedu Ogah (APC, Ebonyi, Constituency: Ezza South/Ikwo)",Hon Chinedu Ogah,Not Yet Referred,Hon Chinedu Ogah
5b63c287-b5a0-46c5-a853-4e39f1874095,"Constitution (Amendment) Bill, 2025",First Reading (Not Started) -> Second Reading (Not Started) -> Committee Assignment (Not Started) -> Report (Not Started) -> Third Reading/Concurrence (Not Started) -> Harmonization (Not Started) -> Assent (Not Started),,,"Hon Bello Shinkafi Hassan (PDP, Zamfara, Constituency: Shinkafi/Zurmi)",Hon Bello Shinkafi Hassan,Not Yet Referred,Hon Bello Shinkafi Hassan
8547d0e1-bddd-46ef-8a5f-717c9ff2108a,"Constitution (Amendment) Bill, 2025",First Reading (Not Started) -> Second Reading (Not Started) -> Committee Assignment (Not Started) -> Report (Not Started) -> Third Reading/Concurrence (Not Started) -> Harmonization (Not Started) -> Assent (Not Started),,,"Hon Adebayo Olusegun Balogun (APC, Lagos, Constituency: Ibeju Lekki)",Hon Adebayo Olusegun Balogun,Not Yet Referred,Hon Adebayo Olusegun Balogun
f13a4642-996a-4e7f-a5ba-e2b735c991f4,"Constitution of the Federal Republic Nigeria 1999 (Alteration) Bill, 2024",First Reading (Not Started) -> Second Reading (Not Started) -> Committee Assignment (Not Started) -> Report (Not Started) -> Third Reading/Concurrence (Not Started) -> Harmonization (Not Started) -> Assent (Not Started),,,"Hon Akintunde Rotimi (APC, Ekiti, Constituency: Ikole/Oye)",Hon Akintunde Rotimi,Not Yet Referred,Hon Akintunde Rotimi
74847d2a-0efe-4b40-a277-a4f6da2e5887,"Constitution of the Federal Republic of Nigeria (1999) (Alteration) Bill, 2023",First Reading (House: 2023-07-18) -> Second Reading (Not Started) -> Committee Assignment (Not Started) -> Report (Not Started) -> Third Reading/Concurrence (Not Started) -> Harmonization (Not Started) -> Assent (Not Started),2023-07-18,,"Hon Muktar Tolani Shagaya (APC, Kwara, Constituency: Ilorin West/Asa)",Hon Muktar Tolani Shagaya,Not Yet Referred,Hon Muktar Tolani Shagaya
dfcc5e92-63ac-44ea-839b-090385cd0018,"Constitution of the Federal Republic of Nigeria (1999) (Alteration) Bill, 2023",First Reading (House: 2023-07-18) -> Second Reading (House: 2024-02-13) -> Committee Assignment (Not Started) -> Report (Not Started) -> Third Reading/Concurrence (Not Started) -> Harmonization (Not Started) -> Assent (Not Started),2023-07-18,2024-02-13,"Hon Adewunmi Oriyomi Onanuga (APC, Ogun, Constituency: Ikenne/Sagamu/Remo North)",Hon Adewunmi Oriyomi Onanuga,Not Yet Referred,Hon Adewunmi Oriyomi Onanuga
00ebb4ce-5bad-4f75-b2fe-ae69ac27a6bc,"Constitution of the Federal Republic of Nigeria (1999) Act (Alteration) Bill, 2023",First Reading (House: 2023-07-12) -> Second Reading (Not Started) -> Committee Assignment (Not Started) -> Report (Not Started) -> Third Reading/Concurrence (Not Started) -> Harmonization (Not Started) -> Assent (Not Started),2023-07-12,,"Hon Oluwole Oke (PDP, Osun, Constituency: Obokun/Oriade)",Hon Oluwole Oke,Not Yet Referred,Hon Oluwole Oke
925fb82c-8f15-4aa6-baad-780a4494e17f,"Constitution of the Federal Republic of Nigeria (1999) Act (Alteration) Bill, 2023",First Reading (House: 2023-07-12) -> Second Reading (Not Started) -> Committee Assignment (Not Started) -> Report (Not Started) -> Third Reading/Concurrence (Not Started) -> Harmonization (Not Started) -> Assent (Not Started),2023-07-12,,"Hon Francis Ejiroghene Waive (APC, Delta, Constituency: Ughelli North, Ughelli South/Udu)",Hon Francis Ejiroghene Waive,Not Yet Referred,Hon Francis Ejiroghene Waive
422fa846-bcc7-4c3d-9485-7f57202c90d8,"Constitution of the Federal Republic of Nigeria (Alteration) Bill, 2023",First Reading (House: 2023-10-05) -> Second Reading (Not Started) -> Committee Assignment (Not Started) -> Report (Not Started) -> Third Reading/Concurrence (Not Started) -> Harmonization (Not Started) -> Assent (Not Started),2023-10-05,,"Hon Ugochinyere Onyinye Ikeagwuonu (PDP, Imo, Constituency: Ideato North/Ideato South)",Hon Ugochinyere Onyinye Ikeagwuonu,Not Yet Referred,Hon Ugochinyere Onyinye Ikeagwuonu
60028b9f-f35b-447a-8c1c-8d686839a958,"Constitution of the Federal Republic of Nigeria (Alteration) Bill, 2023",First Reading (House: 2023-10-05) -> Second Reading (Not Started) -> Committee Assignment (Not Started) -> Report (Not Started) -> Third Reading/Concurrence (Not Started) -> Harmonization (Not Started) -> Assent (Not Started),2023-10-05,,"Hon Ugochinyere Onyinye Ikeagwuonu (PDP, Imo, Constituency: Ideato North/Ideato South)",Hon Ugochinyere Onyinye Ikeagwuonu,Not Yet Referred,Hon Ugochinyere Onyinye Ikeagwuonu
87751285-c33e-485b-9777-92c9cb690694,"Constitution of the Federal Republic of Nigeria (Alteration) Bill, 2023",First Reading (House: 2023-10-10) -> Second Reading (Not Started) -> Committee Assignment (Not Started) -> Report (Not Started) -> Third Reading/Concurrence (Not Started) -> Harmonization (Not Started) -> Assent (Not Started),2023-10-10,,"Hon. Sagir Koki (APC, Kano, Constituency: Municipal)",Hon. Sagir Koki,Not Yet Referred,Hon. Sagir Koki
4b06f928-9e9b-41e0-bbb7-db3fa54af86e,"Constitution of the Federal Republic of Nigeria (Alteration) Bill, 2024",First Reading (House: 2024-06-05) -> Second Reading (Not Started) -> Committee Assignment (Not Started) -> Report (Not Started) -> Third Reading/Concurrence (Not Started) -> Harmonization (Not Started) -> Assent (Not Started),2024-06-05,,"Hon Benjamin Kalu (APC, Abia, Constituency: Bende)",Hon Benjamin Kalu,Not Yet Referred,Hon Benjamin Kalu
c7ea4af1-8928-4f60-b448-f7c5464e082c,"Constitution of the Federal Republic of Nigeria (Alteration) Bill, 2024",First Reading (Not Started) -> Second Reading (Not Started) -> Committee Assignment (Not Started) -> Report (Not Started) -> Third Reading/Concurrence (Not Started) -> Harmonization (Not Started) -> Assent (Not Started),,,"Hon Iduma Enwo Igariwey (APC, Ebonyi, Constituency: Afikpo North/Afikpo South)",Hon Iduma Enwo Igariwey,Not Yet Referred,Hon Iduma Enwo Igariwey
4551baf9-00b3-46c0-9ce2-8f44b9ff1cab,"Constitution of the Federal Republic of Nigeria (Alteration) Bill, 2025",First Reading (Not Started) -> Second Reading (Not Started) -> Committee Assignment (Not Started) -> Report (Not Started) -> Third Reading/Concurrence (Not Started) -> Harmonization (Not Started) -> Assent (Not Started),,,"Hon Adebayo Olusegun Balogun (APC, Lagos, Constituency: Ibeju Lekki)",Hon Adebayo Olusegun Balogun,Not Yet Referred,Hon Adebayo Olusegun Balogun
54cd7181-5362-4431-96c3-1b04e2deb079,"Constitution of the Federal Republic of Nigeria (Alteration) Bill, 2025",First Reading (Not Started) -> Second Reading (Not Started) -> Committee Assignment (Not Started) -> Report (Not Started) -> Third Reading/Concurrence (Not Started) -> Harmonization (Not Started) -> Assent (Not Started),,,"Hon Adebayo Olusegun Balogun (APC, Lagos, Constituency: Ibeju Lekki)",Hon Adebayo Olusegun Balogun,Not Yet Referred,Hon Adebayo Olusegun Balogun
8eeadc6e-fe2d-4814-8e49-c1bb1ba22140,"Constitution of the Federal Republic of Nigeria (Alteration) Bill, 2025",First Reading (Not Started) -> Second Reading (Not Started) -> Committee Assignment (Not Started) -> Report (Not Started) -> Third Reading/Concurrence (Not Started) -> Harmonization (Not Started) -> Assent (Not Started),,,"Hon Benedict Etanabene (LP, Delta, Constituency: Okpe/Sapele/Uvwie)",Hon Benedict Etanabene,Not Yet Referred,Hon Benedict Etanabene
b30fd993-13a5-4946-80a3-69ce78560dbf,"Constitution of the Federal Republic of Nigeria (Alteration) Bill, 2025",First Reading (Not Started) -> Second Reading (Not Started) -> Committee Assignment (Not Started) -> Report (Not Started) -> Third Reading/Concurrence (Not Started) -> Harmonization (Not Started) -> Assent (Not Started),,,"Hon Ahmed Idris Wase (APC, Plateau, Constituency: Wase)",Hon Ahmed Idris Wase,Not Yet Referred,Hon Ahmed Idris Wase
b76e229d-5f99-4ee8-8774-49c780a49727,"Constitution of the Federal Republic of Nigeria (Alteration) Bill, 2025",First Reading (Not Started) -> Second Reading (Not Started) -> Committee Assignment (Not Started) -> Report (Not Started) -> Third Reading/Concurrence (Not Started) -> Harmonization (Not Started) -> Assent (Not Started),,,"Hon Adebayo Olusegun Balogun (APC, Lagos, Constituency: Ibeju Lekki)",Hon Adebayo Olusegun Balogun,Not Yet Referred,Hon Adebayo Olusegun Balogun
d870f6fd-eeb9-4611-8b43-796903fa6dba,"Constitution of the Federal Republic of Nigeria (Alteration) Bill, 2025",First Reading (Not Started) -> Second Reading (Not Started) -> Committee Assignment (Not Started) -> Report (Not Started) -> Third Reading/Concurrence (Not Started) -> Harmonization (Not Started) -> Assent (Not Started),,,"Hon Adebayo Olusegun Balogun (APC, Lagos, Constituency: Ibeju Lekki)",Hon Adebayo Olusegun Balogun,Not Yet Referred,Hon Adebayo Olusegun Balogun
54202048-5f49-4e1e-8ee2-82146c56998a,"Constitution of the Federal Republic of Nigeria (Alteration) Bill, 2025.",First Reading (Not Started) -> Second Reading (Not Started) -> Committee Assignment (Not Started) -> Report (Not Started) -> Third Reading/Concurrence (Not Started) -> Harmonization (Not Started) -> Assent (Not Started),,,"Hon Adebayo Olusegun Balogun (APC, Lagos, Constituency: Ibeju Lekki)",Hon Adebayo Olusegun Balogun,Not Yet Referred,Hon Adebayo Olusegun Balogun
17d0ab1c-fed0-49b2-9747-4cab424bca6a,"Constitution of the Federal Republic of Nigeria (Amendment) Bill, 2025",First Reading (Not Started) -> Second Reading (Not Started) -> Committee Assignment (Not Started) -> Report (Not Started) -> Third Reading/Concurrence (Not Started) -> Harmonization (Not Started) -> Assent (Not Started),,,"Hon Adebayo Olusegun Balogun (APC, Lagos, Constituency: Ibeju Lekki)",Hon Adebayo Olusegun Balogun,Not Yet Referred,Hon Adebayo Olusegun Balogun
1baf7d1e-d28d-44d1-919c-0e8d8e6fbdcb,"Constitution of the Federal Republic of Nigeria (Amendment) Bill, 2025",First Reading (Not Started) -> Second Reading (Not Started) -> Committee Assignment (Not Started) -> Report (Not Started) -> Third Reading/Concurrence (Not Started) -> Harmonization (Not Started) -> Assent (Not Started),,,"Hon Oluwole Oke (PDP, Osun, Constituency: Obokun/Oriade)",Hon Oluwole Oke,Not Yet Referred,Hon Oluwole Oke
4d435e4d-a6f0-4afd-8972-93041feef080,"Constitution of the Federal Republic of Nigeria (Amendment) Bill, 2025",First Reading (Not Started) -> Second Reading (Not Started) -> Committee Assignment (Not Started) -> Report (Not Started) -> Third Reading/Concurrence (Not Started) -> Harmonization (Not Started) -> Assent (Not Started),,,"Hon Francis Ejiroghene Waive (APC, Delta, Constituency: Ughelli North, Ughelli South/Udu)",Hon Francis Ejiroghene Waive,Not Yet Referred,Hon Francis Ejiroghene Waive
66387f30-0789-4aa6-a166-4343d8d1b5a2,"Constitution of the Federal Republic of Nigeria (Amendment) Bill, 2025",First Reading (Not Started) -> Second Reading (Not Started) -> Committee Assignment (Not Started) -> Report (Not Started) -> Third Reading/Concurrence (Not Started) -> Harmonization (Not Started) -> Assent (Not Started),,,"Hon Francis Ejiroghene Waive (APC, Delta, Constituency: Ughelli North, Ughelli South/Udu)",Hon Francis Ejiroghene Waive,Not Yet Referred,Hon Francis Ejiroghene Waive
a0ec86f5-e5f0-49ca-9418-5a34cc38eaa2,"Constitution of the Federal Republic of Nigeria (Amendment) Bill, 2025",First Reading (Not Started) -> Second Reading (Not Started) -> Committee Assignment (Not Started) -> Report (Not Started) -> Third Reading/Concurrence (Not Started) -> Harmonization (Not Started) -> Assent (Not Started),,,"Hon Adebayo Olusegun Balogun (APC, Lagos, Constituency: Ibeju Lekki)",Hon Adebayo Olusegun Balogun,Not Yet Referred,Hon Adebayo Olusegun Balogun
a2d256f4-1d9e-44ec-b187-c36119ccbee9,"Constitution of the Federal Republic of Nigeria (Amendment) Bill, 2025",First Reading (Not Started) -> Second Reading (Not Started) -> Committee Assignment (Not Started) -> Report (Not Started) -> Third Reading/Concurrence (Not Started) -> Harmonization (Not Started) -> Assent (Not Started),,,"Hon Adebayo Olusegun Balogun (APC, Lagos, Constituency: Ibeju Lekki)",Hon Adebayo Olusegun Balogun,Not Yet Referred,Hon Adebayo Olusegun Balogun
424d0678-2cb0-4008-94ff-1d77158b37a5,"Constitution of the Federal Republic of Nigeria (Fifth Alteration) Bill, 2025.",First Reading (Not Started) -> Second Reading (Not Started) -> Committee Assignment (Not Started) -> Report (Not Started) -> Third Reading/Concurrence (Not Started) -> Harmonization (Not Started) -> Assent (Not Started),,,"Patrick Umoh (APC, Akwa Ibom, Constituency: Ikot Ekpene/Essien Udim/ Obot Akara)",Patrick Umoh,Not Yet Referred,Patrick Umoh
faa32b67-0177-4a2a-a3a6-6ed6b5d6018c,Constitution of the Federal Republic of Nigeria (Sixth Alteration) Bill 2024,First Reading (House: 2024-07-02) -> Second Reading (Not Started) -> Committee Assignment (Not Started) -> Report (Not Started) -> Third Reading/Concurrence (Not Started) -> Harmonization (Not Started) -> Assent (Not Started),2024-07-02,,"Hon Okpolupm Etteh (PDP, Akwa Ibom, Constituency: Eket/Onna/Esit Eket/Ibeno)",Hon Okpolupm Etteh,Not Yet Referred,Hon Okpolupm Etteh
2dc69c18-c16f-41df-bfe2-8d298578e685,"Constitution of the Federal Republic of Nigeria (Sixth Alteration) Bill, 2024",First Reading (House: 2024-07-09) -> Second Reading (Not Started) -> Committee Assignment (Not Started) -> Report (Not Started) -> Third Reading/Concurrence (Not Started) -> Harmonization (Not Started) -> Assent (Not Started),2024-07-09,,"Hon Solomon T Bob (PDP, Rivers, Constituency: Ahoada West/Ogba Egbema)",Hon Solomon T Bob,Not Yet Referred,Hon Solomon T Bob
32e92625-3d6f-4006-9cc0-eefd83a4ae25,"Constitution of the Federal Republic of Nigeria (Sixth Alteration) Bill, 2024",First Reading (House: 2024-07-09) -> Second Reading (Not Started) -> Committee Assignment (Not Started) -> Report (Not Started) -> Third Reading/Concurrence (Not Started) -> Harmonization (Not Started) -> Assent (Not Started),2024-07-09,,"Hon Eze Nwachukwu Eze (APC, Ebonyi, Constituency: Ebonyi/Ohaukwu)",Hon Eze Nwachukwu Eze,Not Yet Referred,Hon Eze Nwachukwu Eze
a0b262f7-8034-48ae-b888-65690ddc839a,"Constitution of the Federal Republic of Nigeria (Sixth Alteration) Bill, 2024",First Reading (House: 2024-07-02) -> Second Reading (Not Started) -> Committee Assignment (Not Started) -> Report (Not Started) -> Third Reading/Concurrence (Not Started) -> Harmonization (Not Started) -> Assent (Not Started),2024-07-02,,"Hon Offiono Godwin (PDP, Cross River, Constituency: Ogoja/Yala)",Hon Offiono Godwin,Not Yet Referred,Hon Offiono Godwin
a729a5d7-9d4a-46de-8a0c-842266a822a5,"Constitution of the Federal Republic of Nigeria (Sixth Alteration) Bill, 2024",First Reading (House: 2024-07-09) -> Second Reading (Not Started) -> Committee Assignment (Not Started) -> Report (Not Started) -> Third Reading/Concurrence (Not Started) -> Harmonization (Not Started) -> Assent (Not Started),2024-07-09,,"Hon Jesse Okey-Joe Onuakachi (LP, Lagos, Constituency: Oshodi/Isolo II)",Hon Jesse Okey-Joe Onuakachi,Not Yet Referred,Hon Jesse Okey-Joe Onuakachi
b5761e11-225f-4d8d-800f-26bee4ca0979,"Constitution of the Federal Republic of Nigeria (Sixth Alteration) Bill, 2024",First Reading (House: 2024-07-02) -> Second Reading (Not Started) -> Committee Assignment (Not Started) -> Report (Not Started) -> Third Reading/Concurrence (Not Started) -> Harmonization (Not Started) -> Assent (Not Started),2024-07-02,,"Hon Amobi Ogah (LP, Abia, Constituency: Isuikwuato/Umu-Nneochi)",Hon Amobi Ogah,Not Yet Referred,Hon Amobi Ogah
c0022879-ede0-4799-ac3b-e6394b8a1afe,"Constitution of the Federal Republic of Nigeria (Sixth Alteration) Bill, 2024",First Reading (House: 2024-07-09) -> Second Reading (Not Started) -> Committee Assignment (Not Started) -> Report (Not Started) -> Third Reading/Concurrence (Not Started) -> Harmonization (Not Started) -> Assent (Not Started),2024-07-09,,"Hon Mansur Manu Soro (APC, Bauchi, Constituency: Darazo/Gunjuwa)",Hon Mansur Manu Soro,Not Yet Referred,Hon Mansur Manu Soro
c362c1d1-b175-49da-80f5-6326e52f3052,"Constitution of the Federal Republic of Nigeria (Sixth Alteration) Bill, 2024",First Reading (House: 2024-07-09) -> Second Reading (House: 2024-07-18) -> Committee Assignment (House: 2024-07-18) -> Report (Not Started) -> Third Reading/Concurrence (Not Started) -> Harmonization (Not Started) -> Assent (Not Started),2024-07-09,2024-07-18,"Abdullahi Ibrahim Ali (APC, Kogi, Constituency: Ankpa/Omala/Olamaboro)",Abdullahi Ibrahim Ali,Constitution Review,Abdullahi Ibrahim Ali
ddd117a4-29c9-426c-889a-a34c2934c606,"Constitution of the Federal Republic of Nigeria (Sixth Alteration) Bill, 2024",First Reading (House: 2024-07-02) -> Second Reading (House: 2024-07-11) -> Committee Assignment (House: 2024-07-11) -> Report (Not Started) -> Third Reading/Concurrence (Not Started) -> Harmonization (Not Started) -> Assent (Not Started),2024-07-02,2024-07-11,"Hon Amobi Ogah (LP, Abia, Constituency: Isuikwuato/Umu-Nneochi)",Hon Amobi Ogah,Constitution Review,Hon Amobi Ogah
e7f942f8-82de-469e-be89-412dfe766d8a,"Constitution of the Federal Republic of Nigeria (Sixth Alteration) Bill, 2024",First Reading (House: 2024-07-09) -> Second Reading (Not Started) -> Committee Assignment (Not Started) -> Report (Not Started) -> Third Reading/Concurrence (Not Started) -> Harmonization (Not Started) -> Assent (Not Started),2024-07-09,,"Hon Mansur Manu Soro (APC, Bauchi, Constituency: Darazo/Gunjuwa); Hon Oluwole Oke (PDP, Osun, Constituency: Obokun/Oriade)",Hon Mansur Manu Soro; Hon Oluwole Oke,Not Yet Referred,Hon Mansur Manu Soro
0238b7b6-ecfb-4ffd-bc25-3ed793e027cb,"Constitution of the Federal Republic of Nigeria (Sixth Alteration) Bill, 2025",First Reading (Not Started) -> Second Reading (Not Started) -> Committee Assignment (Not Started) -> Report (Not Started) -> Third Reading/Concurrence (Not Started) -> Harmonization (Not Started) -> Assent (Not Started),,,"Hon Benjamin Kalu (APC, Abia, Constituency: Bende)",Hon Benjamin Kalu,Not Yet Referred,Hon Benjamin Kalu
27c73f06-1ac6-4767-b46e-4a1634618cb3,"Constitution of the Federal Republic of Nigeria (Sixth Alteration) Bill, 2025",First Reading (Not Started) -> Second Reading (Not Started) -> Committee Assignment (Not Started) -> Report (Not Started) -> Third Reading/Concurrence (Not Started) -> Harmonization (Not Started) -> Assent (Not Started),,,"Hon Ahmed Idris Wase (APC, Plateau, Constituency: Wase)",Hon Ahmed Idris Wase,Not Yet Referred,Hon Ahmed Idris Wase
299c54f0-060e-43e1-828a-254911e8c2e4,"Constitution of the Federal Republic of Nigeria (Sixth Alteration) Bill, 2025",First Reading (Not Started) -> Second Reading (Not Started) -> Committee Assignment (Not Started) -> Report (Not Started) -> Third Reading/Concurrence (Not Started) -> Harmonization (Not Started) -> Assent (Not Started),,,"Gaza Jonathan Gbefwi (PDP, Nasarawa, Constituency: Keffi/Karu/Kokona); Hon Amobi Ogah (LP, Abia, Constituency: Isuikwuato/Umu-Nneochi); Hon Joshua Gana (PDP, Niger, Constituency: Lavun/Mokwa/Edati); Hon Mansur Manu Soro (APC, Bauchi, Constituency: Darazo/Gunjuwa); Nasiru Shehu (APC, Sokoto, Constituency: Dange-Shuni/Bodinga/Tureta); Hon Julius Ihonvbere (APC, Edo, Constituency: Owan East/Owan West); Kelechi Nwogu (PDP, Rivers, Constituency: Etche/Omuma); Hon Babajimi Adegoke Benson (APC, Lagos, Constituency: Ikorodu); Hon Benjamin Kalu (APC, Abia, Constituency: Bende)",Gaza Jonathan Gbefwi; Hon Amobi Ogah; Hon Joshua Gana; Hon Mansur Manu Soro; Nasiru Shehu; Hon Julius Ihonvbere; Kelechi Nwogu; Hon Babajimi Adegoke Benson; Hon Benjamin Kalu,Not Yet Referred,Gaza Jonathan Gbefwi
4dff098e-57aa-433c-8705-bcd6219d4f4c,"Constitution of the Federal Republic of Nigeria (Sixth Alteration) Bill, 2025",First Reading (Not Started) -> Second Reading (Not Started) -> Committee Assignment (Not Started) -> Report (Not Started) -> Third Reading/Concurrence (Not Started) -> Harmonization (Not Started) -> Assent (Not Started),,,"Patrick Umoh (APC, Akwa Ibom, Constituency: Ikot Ekpene/Essien Udim/ Obot Akara)",Patrick Umoh,Not Yet Referred,Patrick Umoh
ce3a7f86-8a0f-4e3e-8776-647784ff74b4,"Constitution of the Federal Republic of Nigeria (Sixth Alteration) Bill, 2025",First Reading (Not Started) -> Second Reading (Not Started) -> Committee Assignment (Not Started) -> Report (Not Started) -> Third Reading/Concurrence (Not Started) -> Harmonization (Not Started) -> Assent (Not Started),,,"Hon Osi Kama Nkemkanma (LP, Ebonyi, Constituency: Ivo-Ohaozara/Onicha); Joshua Chinedu Obika (LP, Federal Capital Territory (Fct), Constituency: Municipal/Bwari); Hon Benjamin Kalu (APC, Abia, Constituency: Bende); Hon Muktar Tolani Shagaya (APC, Kwara, Constituency: Ilorin West/Asa); Hon Billy Famous Osawaru (APC, Edo, Constituency: Orhionmwon/Uhunmwonde); Hon David Idris Zacharias (APC, Kogi, Constituency: Idah/Igalamela Odolu/Ibaji/ Ofu); Hon Abdussamad Ibrahim Dasuki (PDP, Sokoto, Constituency: Kebbe/Tambuwal); Hon Ahmadu Usman Jaha (APC, Borno, Constituency: Damboa/Gwoza/Chibok); Hon Moshood Kayode Akiolu (APC, Lagos, Constituency: Lagos Island II)",Hon Osi Kama Nkemkanma; Joshua Chinedu Obika; Hon Benjamin Kalu; Hon Muktar Tolani Shagaya; Hon Billy Famous Osawaru; Hon David Idris Zacharias; Hon Abdussamad Ibrahim Dasuki; Hon Ahmadu Usman Jaha; Hon Moshood Kayode Akiolu,Not Yet Referred,Hon Osi Kama Nkemkanma
48efb4ee-d4d7-402b-a9b5-1738f5c9c2df,"Constitution of the Federal Republic of Nigeria (Sixth Alteration) Bill, 2025.",First Reading (Not Started) -> Second Reading (Not Started) -> Committee Assignment (Not Started) -> Report (Not Started) -> Third Reading/Concurrence (Not Started) -> Harmonization (Not Started) -> Assent (Not Started),,,"Hon Benjamin Kalu (APC, Abia, Constituency: Bende)",Hon Benjamin Kalu,Not Yet Referred,Hon Benjamin Kalu
68e1207d-d665-4b96-922b-be433904026d,"Constitution of the Federal Republic of Nigeria 1999 (Alteration) Bill, 2025",First Reading (Not Started) -> Second Reading (Not Started) -> Committee Assignment (Not Started) -> Report (Not Started) -> Third Reading/Concurrence (Not Started) -> Harmonization (Not Started) -> Assent (Not Started),,,"Hon Ayodele Adefiranye (APC, Ondo, Constituency: Ileoluji/Okeigbo/Odigbo)",Hon Ayodele Adefiranye,Not Yet Referred,Hon Ayodele Adefiranye
9e538f50-71d5-454c-9787-32994b01f0a3,"Constitution of the Federal Republic of Nigeria 1999 (Alteration) Bill, 2025",First Reading (Not Started) -> Second Reading (Not Started) -> Committee Assignment (Not Started) -> Report (Not Started) -> Third Reading/Concurrence (Not Started) -> Harmonization (Not Started) -> Assent (Not Started),,,"Akarachi Etinosa Tosan (APC, Imo, Constituency: Ikeduru/Mbaitoli)",Akarachi Etinosa Tosan,Not Yet Referred,Akarachi Etinosa Tosan
3860456d-b713-4906-97f6-ff2938a90c86,"Constitution of the Federal Republic of Nigeria 1999 (Alteration) Bill, 2025.",First Reading (Not Started) -> Second Reading (Not Started) -> Committee Assignment (Not Started) -> Report (Not Started) -> Third Reading/Concurrence (Not Started) -> Harmonization (Not Started) -> Assent (Not Started),,,"Mukhtar Umar Zakari (NNPP, Kano, Constituency: Tarauni)",Mukhtar Umar Zakari,Not Yet Referred,Mukhtar Umar Zakari
8b06d3ba-9f8d-461f-b1c2-5ae05d8f93de,"Constitution of the Federal Republic of Nigeria 1999 (Fourth Alteration) Bill, 2024",First Reading (Not Started) -> Second Reading (Not Started) -> Committee Assignment (Not Started) -> Report (Not Started) -> Third Reading/Concurrence (Not Started) -> Harmonization (Not Started) -> Assent (Not Started),,,"Hon Akintunde Rotimi (APC, Ekiti, Constituency: Ikole/Oye)",Hon Akintunde Rotimi,Not Yet Referred,Hon Akintunde Rotimi
10fc18e3-b754-4d6d-a148-1773d8b3d6f6,"Constitution of the Federal Republic of Nigeria 1999 (Sixth Alteration) Bill, 2024",First Reading (House: 2024-06-06) -> Second Reading (Not Started) -> Committee Assignment (Not Started) -> Report (Not Started) -> Third Reading/Concurrence (Not Started) -> Harmonization (Not Started) -> Assent (Not Started),2024-06-06,,"Hon Aliyu Bappa misau (PDP, Bauchi, Constituency: Misau/Dambam)",Hon Aliyu Bappa misau,Not Yet Referred,Hon Aliyu Bappa misau
6470677f-1b21-4661-974f-9129034226e4,"Constitution of the Federal Republic of Nigeria 1999 (Sixth Alteration) Bill, 2025",First Reading (Not Started) -> Second Reading (Not Started) -> Committee Assignment (Not Started) -> Report (Not Started) -> Third Reading/Concurrence (Not Started) -> Harmonization (Not Started) -> Assent (Not Started),,,"Hon Bamidele Salam (PDP, Osun, Constituency: Ede North/Ede South/ Egbedore/Ejigbo)",Hon Bamidele Salam,Not Yet Referred,Hon Bamidele Salam
799671bf-0309-44da-889d-8a53e3552152,"Constitution of the Federal Republic of Nigeria 1999 (Sixth Alteration) Bill, 2025",First Reading (House: 2025-11-18) -> Second Reading (Not Started) -> Committee Assignment (Not Started) -> Report (Not Started) -> Third Reading/Concurrence (Not Started) -> Harmonization (Not Started) -> Assent (Not Started),2025-11-18,,"Hon Akintunde Rotimi (APC, Ekiti, Constituency: Ikole/Oye)",Hon Akintunde Rotimi,Not Yet Referred,Hon Akintunde Rotimi
df9cd455-da04-4d9e-9779-4d7c7007844b,"Constitution of the Federal Republic of Nigeria 1999 (Sixth Alteration) Bill, 2025 (HB. 2626)",First Reading (House: 2025-11-18) -> Second Reading (Not Started) -> Committee Assignment (Not Started) -> Report (Not Started) -> Third Reading/Concurrence (Not Started) -> Harmonization (Not Started) -> Assent (Not Started),2025-11-18,,"Hon Adelegbe Emmanuel Oluwatimehin (APC, Ondo, Constituency: Owo/Ose)",Hon Adelegbe Emmanuel Oluwatimehin,Not Yet Referred,Hon Adelegbe Emmanuel Oluwatimehin
11080387-ac7b-43cd-918c-d880fe37414a,"Constitution of the Federal Republic of Nigeria Act (Alteration) Bill, 2023",First Reading (House: 2023-10-12) -> Second Reading (Not Started) -> Committee Assignment (Not Started) -> Report (Not Started) -> Third Reading/Concurrence (Not Started) -> Harmonization (Not Started) -> Assent (Not Started),2023-10-12,,"Hon Benjamin Kalu (APC, Abia, Constituency: Bende)",Hon Benjamin Kalu,Not Yet Referred,Hon Benjamin Kalu
1389543b-ae7f-45d2-b1b4-9ab86fcfde18,"Constitution of the Federal Republic of Nigeria Act (Alteration) Bill, 2023",First Reading (House: 2023-10-12) -> Second Reading (Not Started) -> Committee Assignment (Not Started) -> Report (Not Started) -> Third Reading/Concurrence (Not Started) -> Harmonization (Not Started) -> Assent (Not Started),2023-10-12,,"Hon Benjamin Kalu (APC, Abia, Constituency: Bende)",Hon Benjamin Kalu,Not Yet Referred,Hon Benjamin Kalu
1fc030f0-3a5b-4b34-93fc-f1238712f149,"Constitution of the Federal Republic of Nigeria Act (Alteration) Bill, 2023",First Reading (House: 2023-10-12) -> Second Reading (House: 2024-02-20) -> Committee Assignment (House: 2024-02-20) -> Report (Not Started) -> Third Reading/Concurrence (Not Started) -> Harmonization (Not Started) -> Assent (Not Started),2023-10-12,2024-02-20,"Hon Benjamin Kalu (APC, Abia, Constituency: Bende)",Hon Benjamin Kalu,Constitution Review,Hon Benjamin Kalu
24396045-457d-41b8-86e5-3731d4da66c8,"Constitution of the Federal Republic of Nigeria, 1999 (Alteration) Bill 2024",First Reading (House: 2024-04-30) -> Second Reading (Not Started) -> Committee Assignment (Not Started) -> Report (Not Started) -> Third Reading/Concurrence (Not Started) -> Harmonization (Not Started) -> Assent (Not Started),2024-04-30,,"Hon Solomon T Bob (PDP, Rivers, Constituency: Ahoada West/Ogba Egbema)",Hon Solomon T Bob,Not Yet Referred,Hon Solomon T Bob
244f2fae-dfc6-4037-ad74-852dd184b639,"Constitution of the Federal Republic of Nigeria, 1999 (Alteration) Bill 2024",First Reading (House: 2024-04-30) -> Second Reading (Not Started) -> Committee Assignment (Not Started) -> Report (Not Started) -> Third Reading/Concurrence (Not Started) -> Harmonization (Not Started) -> Assent (Not Started),2024-04-30,,"Daniel Asama Ago (APC, Plateau, Constituency: Jos North/Bassa)",Daniel Asama Ago,Not Yet Referred,Daniel Asama Ago
4077e3f5-6338-4a5a-a103-23005edcb13b,"Constitution of the Federal Republic of Nigeria, 1999 (Alteration) Bill 2024",First Reading (House: 2024-04-30) -> Second Reading (Not Started) -> Committee Assignment (Not Started) -> Report (Not Started) -> Third Reading/Concurrence (Not Started) -> Harmonization (Not Started) -> Assent (Not Started),2024-04-30,,"Daniel Asama Ago (APC, Plateau, Constituency: Jos North/Bassa)",Daniel Asama Ago,Not Yet Referred,Daniel Asama Ago
4387a4b1-f2ae-453d-a372-090a3c4bd767,"Constitution of the Federal Republic of Nigeria, 1999 (Alteration) Bill 2024",First Reading (House: 2024-04-30) -> Second Reading (Not Started) -> Committee Assignment (Not Started) -> Report (Not Started) -> Third Reading/Concurrence (Not Started) -> Harmonization (Not Started) -> Assent (Not Started),2024-04-30,,"Hon Bamidele Salam (PDP, Osun, Constituency: Ede North/Ede South/ Egbedore/Ejigbo)",Hon Bamidele Salam,Not Yet Referred,Hon Bamidele Salam
56351032-a4eb-4b03-a79a-2e9eca89ffe9,"Constitution of the Federal Republic of Nigeria, 1999 (Alteration) Bill 2024",First Reading (House: 2024-04-30) -> Second Reading (Not Started) -> Committee Assignment (Not Started) -> Report (Not Started) -> Third Reading/Concurrence (Not Started) -> Harmonization (Not Started) -> Assent (Not Started),2024-04-30,,"Hon Bamidele Salam (PDP, Osun, Constituency: Ede North/Ede South/ Egbedore/Ejigbo)",Hon Bamidele Salam,Not Yet Referred,Hon Bamidele Salam
c5aa9a66-2d1a-49ae-b6b3-6edf23566bac,"Constitution of the Federal Republic of Nigeria, 1999 (Alteration) Bill 2024",First Reading (House: 2024-04-30) -> Second Reading (Not Started) -> Committee Assignment (Not Started) -> Report (Not Started) -> Third Reading/Concurrence (Not Started) -> Harmonization (Not Started) -> Assent (Not Started),2024-04-30,,"Hon Bamidele Salam (PDP, Osun, Constituency: Ede North/Ede South/ Egbedore/Ejigbo)",Hon Bamidele Salam,Not Yet Referred,Hon Bamidele Salam
f1eac958-73c4-4ab5-902c-049bb797bb49,"Constitution of the Federal Republic of Nigeria, 1999 (Alteration) Bill 2024",First Reading (House: 2024-07-02) -> Second Reading (Not Started) -> Committee Assignment (Not Started) -> Report (Not Started) -> Third Reading/Concurrence (Not Started) -> Harmonization (Not Started) -> Assent (Not Started),2024-07-02,,"Hon Paul Nnamchi (LP, Enugu, Constituency: Enugu East/Isi Uzo)",Hon Paul Nnamchi,Not Yet Referred,Hon Paul Nnamchi
04734684-d4d6-4601-9f9b-a5558d7ddaf9,"Constitution of the Federal Republic of Nigeria, 1999 (Alteration) Bill, 2023",First Reading (House: 2023-10-31) -> Second Reading (House: 2023-05-15) -> Committee Assignment (Not Started) -> Report (Not Started) -> Third Reading/Concurrence (Not Started) -> Harmonization (Not Started) -> Assent (Not Started),2023-10-31,2023-05-15,"Hon Sesi Whingan (APC, Lagos, Constituency: Badagry)",Hon Sesi Whingan,Not Yet Referred,Hon Sesi Whingan
1a04e672-dd2d-45bf-b06f-e712333bd51b,"Constitution of the Federal Republic of Nigeria, 1999 (Alteration) Bill, 2023",First Reading (House: 2023-11-09) -> Second Reading (Not Started) -> Committee Assignment (Not Started) -> Report (Not Started) -> Third Reading/Concurrence (Not Started) -> Harmonization (Not Started) -> Assent (Not Started),2023-11-09,,"Hon Mohammed Bello El-Rufai (APC, Kaduna, Constituency: Kaduna North)",Hon Mohammed Bello El-Rufai,Not Yet Referred,Hon Mohammed Bello El-Rufai
22b30f9c-eecf-458d-87b3-f27699788b44,"Constitution of the Federal Republic of Nigeria, 1999 (Alteration) Bill, 2023",First Reading (House: 2023-11-09) -> Second Reading (Not Started) -> Committee Assignment (Not Started) -> Report (Not Started) -> Third Reading/Concurrence (Not Started) -> Harmonization (Not Started) -> Assent (Not Started),2023-11-09,,"Hon Awaji-inombek Dagomie Abiante (PDP, Rivers, Constituency: Opobo/Nkoro/Andoni)",Hon Awaji-inombek Dagomie Abiante,Not Yet Referred,Hon Awaji-inombek Dagomie Abiante
29872892-07db-4a9a-bf4f-5a170f735e9b,"Constitution of the Federal Republic of Nigeria, 1999 (Alteration) Bill, 2023",First Reading (House: 2023-07-20) -> Second Reading (Not Started) -> Committee Assignment (Not Started) -> Report (Not Started) -> Third Reading/Concurrence (Not Started) -> Harmonization (Not Started) -> Assent (Not Started),2023-07-20,,"Hon Ugochinyere Onyinye Ikeagwuonu (PDP, Imo, Constituency: Ideato North/Ideato South)",Hon Ugochinyere Onyinye Ikeagwuonu,Not Yet Referred,Hon Ugochinyere Onyinye Ikeagwuonu
30afbf20-d91e-44d7-b5e2-4be1180ce200,"Constitution of the Federal Republic of Nigeria, 1999 (Alteration) Bill, 2023",First Reading (House: 2023-07-20) -> Second Reading (Not Started) -> Committee Assignment (Not Started) -> Report (Not Started) -> Third Reading/Concurrence (Not Started) -> Harmonization (Not Started) -> Assent (Not Started),2023-07-20,,"Hon Saidu Musa Abdullahi (APC, Niger, Constituency: Bida/Gbako/Katcha)",Hon Saidu Musa Abdullahi,Not Yet Referred,Hon Saidu Musa Abdullahi
3664926a-44d8-4abc-acf2-5fdab6c4f303,"Constitution of the Federal Republic of Nigeria, 1999 (Alteration) Bill, 2023",First Reading (House: 2023-07-20) -> Second Reading (Not Started) -> Committee Assignment (Not Started) -> Report (Not Started) -> Third Reading/Concurrence (Not Started) -> Harmonization (Not Started) -> Assent (Not Started),2023-07-20,,"Hon Ugochinyere Onyinye Ikeagwuonu (PDP, Imo, Constituency: Ideato North/Ideato South)",Hon Ugochinyere Onyinye Ikeagwuonu,Not Yet Referred,Hon Ugochinyere Onyinye Ikeagwuonu
3871a2c7-b3cd-4760-b335-65653e34f1b9,"Constitution of the Federal Republic of Nigeria, 1999 (Alteration) Bill, 2023",First Reading (House: 2023-11-09) -> Second Reading (Not Started) -> Committee Assignment (Not Started) -> Report (Not Started) -> Third Reading/Concurrence (Not Started) -> Harmonization (Not Started) -> Assent (Not Started),2023-11-09,,"Akpatason Ohiozojeh Peter (APC, Edo, Constituency: Akoko-Edo)",Akpatason Ohiozojeh Peter,Not Yet Referred,Akpatason Ohiozojeh Peter
3edb61ae-bb17-4498-b007-16e749774834,"Constitution of the Federal Republic of Nigeria, 1999 (Alteration) Bill, 2023",First Reading (House: 2023-07-27) -> Second Reading (Not Started) -> Committee Assignment (Not Started) -> Report (Not Started) -> Third Reading/Concurrence (Not Started) -> Harmonization (Not Started) -> Assent (Not Started),2023-07-27,,"Hon Saidu Musa Abdullahi (APC, Niger, Constituency: Bida/Gbako/Katcha)",Hon Saidu Musa Abdullahi,Not Yet Referred,Hon Saidu Musa Abdullahi
3f2442a4-111e-436b-be9e-52bd9b19b9d5,"Constitution of the Federal Republic of Nigeria, 1999 (Alteration) Bill, 2023",First Reading (House: 2023-07-20) -> Second Reading (Not Started) -> Committee Assignment (Not Started) -> Report (Not Started) -> Third Reading/Concurrence (Not Started) -> Harmonization (Not Started) -> Assent (Not Started),2023-07-20,,"Hon Ugochinyere Onyinye Ikeagwuonu (PDP, Imo, Constituency: Ideato North/Ideato South)",Hon Ugochinyere Onyinye Ikeagwuonu,Not Yet Referred,Hon Ugochinyere Onyinye Ikeagwuonu
57a5b75e-219a-42c9-b669-6f29d1f1093f,"Constitution of the Federal Republic of Nigeria, 1999 (Alteration) Bill, 2023",First Reading (House: 2023-07-20) -> Second Reading (Not Started) -> Committee Assignment (Not Started) -> Report (Not Started) -> Third Reading/Concurrence (Not Started) -> Harmonization (Not Started) -> Assent (Not Started),2023-07-20,,"Hon Ugochinyere Onyinye Ikeagwuonu (PDP, Imo, Constituency: Ideato North/Ideato South)",Hon Ugochinyere Onyinye Ikeagwuonu,Not Yet Referred,Hon Ugochinyere Onyinye Ikeagwuonu
730222ff-cfd7-415d-94ac-51ae9fe8b34e,"Constitution of the Federal Republic of Nigeria, 1999 (Alteration) Bill, 2023",First Reading (House: 2023-07-20) -> Second Reading (Not Started) -> Committee Assignment (Not Started) -> Report (Not Started) -> Third Reading/Concurrence (Not Started) -> Harmonization (Not Started) -> Assent (Not Started),2023-07-20,,"Hon Saidu Musa Abdullahi (APC, Niger, Constituency: Bida/Gbako/Katcha)",Hon Saidu Musa Abdullahi,Not Yet Referred,Hon Saidu Musa Abdullahi
8ecaca5b-339a-418b-be1e-d4f6f3cd6838,"Constitution of the Federal Republic of Nigeria, 1999 (Alteration) Bill, 2023",First Reading (House: 2023-11-23) -> Second Reading (Not Started) -> Committee Assignment (Not Started) -> Report (Not Started) -> Third Reading/Concurrence (Not Started) -> Harmonization (Not Started) -> Assent (Not Started),2023-11-23,,"Hon Sada Soli (APC, Katsina, Constituency: Jibia/Kaita)",Hon Sada Soli,Not Yet Referred,Hon Sada Soli
92bcf07a-ae10-4407-9310-57dac97413c7,"Constitution of the Federal Republic of Nigeria, 1999 (Alteration) Bill, 2023",First Reading (House: 2023-07-06) -> Second Reading (Not Started) -> Committee Assignment (Not Started) -> Report (Not Started) -> Third Reading/Concurrence (Not Started) -> Harmonization (Not Started) -> Assent (Not Started),2023-07-06,,"Hon Mohammed Bello El-Rufai (APC, Kaduna, Constituency: Kaduna North)",Hon Mohammed Bello El-Rufai,Not Yet Referred,Hon Mohammed Bello El-Rufai
97abc2d3-2ecf-44c7-a9ce-844e35977513,"Constitution of the Federal Republic of Nigeria, 1999 (Alteration) Bill, 2023",First Reading (House: 2023-10-31) -> Second Reading (Not Started) -> Committee Assignment (Not Started) -> Report (Not Started) -> Third Reading/Concurrence (Not Started) -> Harmonization (Not Started) -> Assent (Not Started),2023-10-31,,"Hon Adewunmi Oriyomi Onanuga (APC, Ogun, Constituency: Ikenne/Sagamu/Remo North)",Hon Adewunmi Oriyomi Onanuga,Not Yet Referred,Hon Adewunmi Oriyomi Onanuga
9afdcf9e-8927-42b1-87df-c62547b33064,"Constitution of the Federal Republic of Nigeria, 1999 (Alteration) Bill, 2023",First Reading (House: 2023-11-28) -> Second Reading (Not Started) -> Committee Assignment (Not Started) -> Report (Not Started) -> Third Reading/Concurrence (Not Started) -> Harmonization (Not Started) -> Assent (Not Started),2023-11-28,,"Hon Abdulraheem Olatunji Olawuyi (APC, Kwara, Constituency: Ekiti/Isin/Irepodun/Oke-Ero)",Hon Abdulraheem Olatunji Olawuyi,Not Yet Referred,Hon Abdulraheem Olatunji Olawuyi
a77c72ea-3272-4e68-b4e4-c772e1c5a65f,"Constitution of the Federal Republic of Nigeria, 1999 (Alteration) Bill, 2023",First Reading (House: 2023-10-31) -> Second Reading (Not Started) -> Committee Assignment (Not Started) -> Report (Not Started) -> Third Reading/Concurrence (Not Started) -> Harmonization (Not Started) -> Assent (Not Started),2023-10-31,,"Hon Tasir Olawale Raji (APC, Lagos, Constituency: Epe)",Hon Tasir Olawale Raji,Not Yet Referred,Hon Tasir Olawale Raji
d3f1f13a-7873-46d3-a57b-4372b0a4f789,"Constitution of the Federal Republic of Nigeria, 1999 (Alteration) Bill, 2023",First Reading (House: 2023-07-20) -> Second Reading (Not Started) -> Committee Assignment (Not Started) -> Report (Not Started) -> Third Reading/Concurrence (Not Started) -> Harmonization (Not Started) -> Assent (Not Started),2023-07-20,,"Hon Ugochinyere Onyinye Ikeagwuonu (PDP, Imo, Constituency: Ideato North/Ideato South)",Hon Ugochinyere Onyinye Ikeagwuonu,Not Yet Referred,Hon Ugochinyere Onyinye Ikeagwuonu
d4e69b3f-e939-42d7-b944-cee0b23897a5,"Constitution of the Federal Republic of Nigeria, 1999 (Alteration) Bill, 2023",First Reading (House: 2023-07-20) -> Second Reading (Not Started) -> Committee Assignment (Not Started) -> Report (Not Started) -> Third Reading/Concurrence (Not Started) -> Harmonization (Not Started) -> Assent (Not Started),2023-07-20,,"Hon Ugochinyere Onyinye Ikeagwuonu (PDP, Imo, Constituency: Ideato North/Ideato South)",Hon Ugochinyere Onyinye Ikeagwuonu,Not Yet Referred,Hon Ugochinyere Onyinye Ikeagwuonu
ec6d1737-3cd7-43ed-8655-41073767e7a8,"Constitution of the Federal Republic of Nigeria, 1999 (Alteration) Bill, 2023",First Reading (House: 2023-07-20) -> Second Reading (Not Started) -> Committee Assignment (Not Started) -> Report (Not Started) -> Third Reading/Concurrence (Not Started) -> Harmonization (Not Started) -> Assent (Not Started),2023-07-20,,"Hon Ugochinyere Onyinye Ikeagwuonu (PDP, Imo, Constituency: Ideato North/Ideato South)",Hon Ugochinyere Onyinye Ikeagwuonu,Not Yet Referred,Hon Ugochinyere Onyinye Ikeagwuonu
ef7b1c46-9bae-4599-89a2-61801a972ca0,"Constitution of the Federal Republic of Nigeria, 1999 (Alteration) Bill, 2023",First Reading (House: 2023-07-06) -> Second Reading (Not Started) -> Committee Assignment (Not Started) -> Report (Not Started) -> Third Reading/Concurrence (Not Started) -> Harmonization (Not Started) -> Assent (Not Started),2023-07-06,,"Hon Francis Ejiroghene Waive (APC, Delta, Constituency: Ughelli North, Ughelli South/Udu)",Hon Francis Ejiroghene Waive,Not Yet Referred,Hon Francis Ejiroghene Waive
0a46d672-b837-4af1-bc4b-432bbab7f6d1,"Constitution of the Federal Republic of Nigeria, 1999 (Alteration) Bill, 2024",First Reading (House: 2024-06-06) -> Second Reading (Not Started) -> Committee Assignment (Not Started) -> Report (Not Started) -> Third Reading/Concurrence (Not Started) -> Harmonization (Not Started) -> Assent (Not Started),2024-06-06,,"Hon Obinna Aguocha (LP, Abia, Constituency: Umuahia North/ Umuahia South/ Ikwuano)",Hon Obinna Aguocha,Not Yet Referred,Hon Obinna Aguocha
148e3422-9257-4d69-b36b-3b2ceb2be19f,"Constitution of the Federal Republic of Nigeria, 1999 (Alteration) Bill, 2024",First Reading (House: 2024-05-08) -> Second Reading (Not Started) -> Committee Assignment (Not Started) -> Report (Not Started) -> Third Reading/Concurrence (Not Started) -> Harmonization (Not Started) -> Assent (Not Started),2024-05-08,,"Hon Aminu Jamo Daura (APC, Katsina, Constituency: Daura/Sandamu/Mai’adua)",Hon Aminu Jamo Daura,Not Yet Referred,Hon Aminu Jamo Daura
212db5e0-d203-46fd-b8cf-7bb26eb658a6,"Constitution of the Federal Republic of Nigeria, 1999 (Alteration) Bill, 2024",First Reading (House: 2024-03-13) -> Second Reading (Not Started) -> Committee Assignment (Not Started) -> Report (Not Started) -> Third Reading/Concurrence (Not Started) -> Harmonization (Not Started) -> Assent (Not Started),2024-03-13,,"Hon Mansur Manu Soro (APC, Bauchi, Constituency: Darazo/Gunjuwa)",Hon Mansur Manu Soro,Not Yet Referred,Hon Mansur Manu Soro
275d8235-46b4-49f2-91c1-44d8842fd6bc,"Constitution of the Federal Republic of Nigeria, 1999 (Alteration) Bill, 2024",First Reading (House: 2024-05-08) -> Second Reading (Not Started) -> Committee Assignment (Not Started) -> Report (Not Started) -> Third Reading/Concurrence (Not Started) -> Harmonization (Not Started) -> Assent (Not Started),2024-05-08,,"Hon Yusuf Shitu Galambi (NNPP, Jigawa, Constituency: Gwaram)",Hon Yusuf Shitu Galambi,Not Yet Referred,Hon Yusuf Shitu Galambi
27e03666-7db1-4798-9053-1fd512837fd3,"Constitution of the Federal Republic of Nigeria, 1999 (Alteration) Bill, 2024",First Reading (House: 2024-03-12) -> Second Reading (Not Started) -> Committee Assignment (Not Started) -> Report (Not Started) -> Third Reading/Concurrence (Not Started) -> Harmonization (Not Started) -> Assent (Not Started),2024-03-12,,"Hon Mansur Manu Soro (APC, Bauchi, Constituency: Darazo/Gunjuwa)",Hon Mansur Manu Soro,Not Yet Referred,Hon Mansur Manu Soro
2bc8b841-4d30-4b0b-af57-71e59dc2bfbb,"Constitution of the Federal Republic of Nigeria, 1999 (Alteration) Bill, 2024",First Reading (House: 2024-03-12) -> Second Reading (Not Started) -> Committee Assignment (Not Started) -> Report (Not Started) -> Third Reading/Concurrence (Not Started) -> Harmonization (Not Started) -> Assent (Not Started),2024-03-12,,"Hon Mansur Manu Soro (APC, Bauchi, Constituency: Darazo/Gunjuwa)",Hon Mansur Manu Soro,Not Yet Referred,Hon Mansur Manu Soro
2d152f1b-b333-4ec8-b4d2-e5cf98b59fc5,"Constitution of the Federal Republic of Nigeria, 1999 (Alteration) Bill, 2024",First Reading (House: 2024-07-23) -> Second Reading (Not Started) -> Committee Assignment (Not Started) -> Report (Not Started) -> Third Reading/Concurrence (Not Started) -> Harmonization (Not Started) -> Assent (Not Started),2024-07-23,,"Dibiagwu Eugene Okechukwu (APC, Imo, Constituency: Ideato North/Ideato South)",Dibiagwu Eugene Okechukwu,Not Yet Referred,Dibiagwu Eugene Okechukwu
2e7dd287-5848-40df-87ed-99d06c511622,"Constitution of the Federal Republic of Nigeria, 1999 (Alteration) Bill, 2024",First Reading (House: 2024-03-14) -> Second Reading (Not Started) -> Committee Assignment (Not Started) -> Report (Not Started) -> Third Reading/Concurrence (Not Started) -> Harmonization (Not Started) -> Assent (Not Started),2024-03-14,,"Hon Benjamin Kalu (APC, Abia, Constituency: Bende); Hon Mansur Manu Soro (APC, Bauchi, Constituency: Darazo/Gunjuwa)",Hon Benjamin Kalu; Hon Mansur Manu Soro,Not Yet Referred,Hon Benjamin Kalu
36c153bc-3496-41b1-8e9d-f812ae19de13,"Constitution of the Federal Republic of Nigeria, 1999 (Alteration) Bill, 2024",First Reading (House: 2024-03-13) -> Second Reading (Not Started) -> Committee Assignment (Not Started) -> Report (Not Started) -> Third Reading/Concurrence (Not Started) -> Harmonization (Not Started) -> Assent (Not Started),2024-03-13,,"Hon Mansur Manu Soro (APC, Bauchi, Constituency: Darazo/Gunjuwa)",Hon Mansur Manu Soro,Not Yet Referred,Hon Mansur Manu Soro
3bce6edc-2a3b-47cc-b04a-4482c11b65e2,"Constitution of the Federal Republic of Nigeria, 1999 (Alteration) Bill, 2024",First Reading (House: 2024-05-09) -> Second Reading (Not Started) -> Committee Assignment (Not Started) -> Report (Not Started) -> Third Reading/Concurrence (Not Started) -> Harmonization (Not Started) -> Assent (Not Started),2024-05-09,,"Hon Nnamdi Ezechi (PDP, Delta, Constituency: Nkokwa East/Ndokwa West/ Ukwuani)",Hon Nnamdi Ezechi,Not Yet Referred,Hon Nnamdi Ezechi
3cb16823-6dbc-4ddf-8d47-334049c4aac8,"Constitution of the Federal Republic of Nigeria, 1999 (Alteration) Bill, 2024",First Reading (House: 2024-05-07) -> Second Reading (Not Started) -> Committee Assignment (Not Started) -> Report (Not Started) -> Third Reading/Concurrence (Not Started) -> Harmonization (Not Started) -> Assent (Not Started),2024-05-07,,"Hon Ghali Tijjani Mustapha (NNPP, Kano, Constituency: Alabasu/Gaya/Ajingi)",Hon Ghali Tijjani Mustapha,Not Yet Referred,Hon Ghali Tijjani Mustapha
4178bd1d-5dc0-4193-a508-906bb733eb54,"Constitution of the Federal Republic of Nigeria, 1999 (Alteration) Bill, 2024",First Reading (House: 2024-05-08) -> Second Reading (Not Started) -> Committee Assignment (Not Started) -> Report (Not Started) -> Third Reading/Concurrence (Not Started) -> Harmonization (Not Started) -> Assent (Not Started),2024-05-08,,"Patrick Umoh (APC, Akwa Ibom, Constituency: Ikot Ekpene/Essien Udim/ Obot Akara)",Patrick Umoh,Not Yet Referred,Patrick Umoh
4601a236-b7fa-4993-aed3-6e0d68fb8d8f,"Constitution of the Federal Republic of Nigeria, 1999 (Alteration) Bill, 2024",First Reading (House: 2024-07-11) -> Second Reading (Not Started) -> Committee Assignment (Not Started) -> Report (Not Started) -> Third Reading/Concurrence (Not Started) -> Harmonization (Not Started) -> Assent (Not Started),2024-07-11,,"Hon Adewale Hameed (APC, Lagos, Constituency: Agege)",Hon Adewale Hameed,Not Yet Referred,Hon Adewale Hameed
4ccb6595-9e6d-4503-a848-15684d153779,"Constitution of the Federal Republic of Nigeria, 1999 (Alteration) Bill, 2024",First Reading (House: 2024-05-08) -> Second Reading (Not Started) -> Committee Assignment (Not Started) -> Report (Not Started) -> Third Reading/Concurrence (Not Started) -> Harmonization (Not Started) -> Assent (Not Started),2024-05-08,,"Chike John Okafor (APC, Imo, Constituency: Ehime Mbano/Ihite-Uboma/ Obowo)",Chike John Okafor,Not Yet Referred,Chike John Okafor
5603cc9b-7d57-4c3b-8a65-a4528aeb50e7,"Constitution of the Federal Republic of Nigeria, 1999 (Alteration) Bill, 2024",First Reading (House: 2024-05-08) -> Second Reading (Not Started) -> Committee Assignment (Not Started) -> Report (Not Started) -> Third Reading/Concurrence (Not Started) -> Harmonization (Not Started) -> Assent (Not Started),2024-05-08,,"Daniel Asama Ago (APC, Plateau, Constituency: Jos North/Bassa)",Daniel Asama Ago,Not Yet Referred,Daniel Asama Ago
5ba80bea-dbfd-433f-990a-a85af03f68e8,"Constitution of the Federal Republic of Nigeria, 1999 (Alteration) Bill, 2024",First Reading (House: 2024-03-20) -> Second Reading (Not Started) -> Committee Assignment (Not Started) -> Report (Not Started) -> Third Reading/Concurrence (Not Started) -> Harmonization (Not Started) -> Assent (Not Started),2024-03-20,,"Ali Isa (PDP, Gombe, Constituency: Balanga/Billiri)",Ali Isa,Not Yet Referred,Ali Isa
5f751411-989a-413a-8525-bff2e3e62247,"Constitution of the Federal Republic of Nigeria, 1999 (Alteration) Bill, 2024",First Reading (House: 2024-07-23) -> Second Reading (Not Started) -> Committee Assignment (Not Started) -> Report (Not Started) -> Third Reading/Concurrence (Not Started) -> Harmonization (Not Started) -> Assent (Not Started),2024-07-23,,"Dibiagwu Eugene Okechukwu (APC, Imo, Constituency: Ideato North/Ideato South)",Dibiagwu Eugene Okechukwu,Not Yet Referred,Dibiagwu Eugene Okechukwu
63b81fe0-56c7-4bba-a0da-8b98f2b80bcc,"Constitution of the Federal Republic of Nigeria, 1999 (Alteration) Bill, 2024",First Reading (House: 2024-05-07) -> Second Reading (Not Started) -> Committee Assignment (Not Started) -> Report (Not Started) -> Third Reading/Concurrence (Not Started) -> Harmonization (Not Started) -> Assent (Not Started),2024-05-07,,"Hon Francis Ejiroghene Waive (APC, Delta, Constituency: Ughelli North, Ughelli South/Udu)",Hon Francis Ejiroghene Waive,Not Yet Referred,Hon Francis Ejiroghene Waive
64cf9f37-5c8e-4e32-a181-8c4f43b55a4b,"Constitution of the Federal Republic of Nigeria, 1999 (Alteration) Bill, 2024",First Reading (House: 2024-05-08) -> Second Reading (Not Started) -> Committee Assignment (Not Started) -> Report (Not Started) -> Third Reading/Concurrence (Not Started) -> Harmonization (Not Started) -> Assent (Not Started),2024-05-08,,"Hon Nnamdi Ezechi (PDP, Delta, Constituency: Nkokwa East/Ndokwa West/ Ukwuani)",Hon Nnamdi Ezechi,Not Yet Referred,Hon Nnamdi Ezechi
65cf6bda-580e-4db5-8fa6-da793e3049a0,"Constitution of the Federal Republic of Nigeria, 1999 (Alteration) Bill, 2024",First Reading (House: 2024-03-12) -> Second Reading (Not Started) -> Committee Assignment (Not Started) -> Report (Not Started) -> Third Reading/Concurrence (Not Started) -> Harmonization (Not Started) -> Assent (Not Started),2024-03-12,,"Hon Mansur Manu Soro (APC, Bauchi, Constituency: Darazo/Gunjuwa)",Hon Mansur Manu Soro,Not Yet Referred,Hon Mansur Manu Soro
66beaa46-178f-4026-b00f-bb1086422d34,"Constitution of the Federal Republic of Nigeria, 1999 (Alteration) Bill, 2024",First Reading (House: 2024-05-09) -> Second Reading (Not Started) -> Committee Assignment (Not Started) -> Report (Not Started) -> Third Reading/Concurrence (Not Started) -> Harmonization (Not Started) -> Assent (Not Started),2024-05-09,,"Gaza Jonathan Gbefwi (PDP, Nasarawa, Constituency: Keffi/Karu/Kokona)",Gaza Jonathan Gbefwi,Not Yet Referred,Gaza Jonathan Gbefwi
6ba69d79-bb59-4615-a0d7-657a8a9f0472,"Constitution of the Federal Republic of Nigeria, 1999 (Alteration) Bill, 2024",First Reading (House: 2024-05-07) -> Second Reading (Not Started) -> Committee Assignment (Not Started) -> Report (Not Started) -> Third Reading/Concurrence (Not Started) -> Harmonization (Not Started) -> Assent (Not Started),2024-05-07,,"Hon Kwamoti Bitrus Laori (PDP, Adamawa, Constituency: Demsa/Numan/Lamurde)",Hon Kwamoti Bitrus Laori,Not Yet Referred,Hon Kwamoti Bitrus Laori
6f885eee-1634-45ca-b008-0929390af205,"Constitution of the Federal Republic of Nigeria, 1999 (Alteration) Bill, 2024",First Reading (House: 2024-02-14) -> Second Reading (Not Started) -> Committee Assignment (Not Started) -> Report (Not Started) -> Third Reading/Concurrence (Not Started) -> Harmonization (Not Started) -> Assent (Not Started),2024-02-14,,"Hon Kingsley Chinda (PDP, Rivers, Constituency: Obio/Akpor)",Hon Kingsley Chinda,Not Yet Referred,Hon Kingsley Chinda
70c39d52-bb03-4c35-87a0-ab970c92a894,"Constitution of the Federal Republic of Nigeria, 1999 (Alteration) Bill, 2024",First Reading (House: 2024-02-14) -> Second Reading (Not Started) -> Committee Assignment (Not Started) -> Report (Not Started) -> Third Reading/Concurrence (Not Started) -> Harmonization (Not Started) -> Assent (Not Started),2024-02-14,,"Hon Kingsley Chinda (PDP, Rivers, Constituency: Obio/Akpor)",Hon Kingsley Chinda,Not Yet Referred,Hon Kingsley Chinda
72056b41-e2fa-4e52-a991-3f7a298a8c42,"Constitution of the Federal Republic of Nigeria, 1999 (Alteration) Bill, 2024",First Reading (House: 2024-05-07) -> Second Reading (Not Started) -> Committee Assignment (Not Started) -> Report (Not Started) -> Third Reading/Concurrence (Not Started) -> Harmonization (Not Started) -> Assent (Not Started),2024-05-07,,"Hon Jeremiah Umaru (APC, Nasarawa, Constituency: Akwanga/Nassarawa Eggon/ Wamba)",Hon Jeremiah Umaru,Not Yet Referred,Hon Jeremiah Umaru
75b84bbd-9ea8-408b-aa21-756ae5f6072c,"Constitution of the Federal Republic of Nigeria, 1999 (Alteration) Bill, 2024",First Reading (House: 2024-07-23) -> Second Reading (Not Started) -> Committee Assignment (Not Started) -> Report (Not Started) -> Third Reading/Concurrence (Not Started) -> Harmonization (Not Started) -> Assent (Not Started),2024-07-23,,"Hon Kingsley Chinda (PDP, Rivers, Constituency: Obio/Akpor)",Hon Kingsley Chinda,Not Yet Referred,Hon Kingsley Chinda
79ca3e83-26d4-4832-8013-1abc4bac7377,"Constitution of the Federal Republic of Nigeria, 1999 (Alteration) Bill, 2024",First Reading (House: 2024-05-08) -> Second Reading (Not Started) -> Committee Assignment (Not Started) -> Report (Not Started) -> Third Reading/Concurrence (Not Started) -> Harmonization (Not Started) -> Assent (Not Started),2024-05-08,,"Patrick Umoh (APC, Akwa Ibom, Constituency: Ikot Ekpene/Essien Udim/ Obot Akara)",Patrick Umoh,Not Yet Referred,Patrick Umoh
7a8edcd5-b9ff-4223-a875-194156e2007b,"Constitution of the Federal Republic of Nigeria, 1999 (Alteration) Bill, 2024",First Reading (House: 2024-03-12) -> Second Reading (Not Started) -> Committee Assignment (Not Started) -> Report (Not Started) -> Third Reading/Concurrence (Not Started) -> Harmonization (Not Started) -> Assent (Not Started),2024-03-12,,"Hon Mansur Manu Soro (APC, Bauchi, Constituency: Darazo/Gunjuwa)",Hon Mansur Manu Soro,Not Yet Referred,Hon Mansur Manu Soro
7c44f480-938b-411d-b1af-8ca3ec1ab4f8,"Constitution of the Federal Republic of Nigeria, 1999 (Alteration) Bill, 2024",First Reading (House: 2024-02-27) -> Second Reading (Not Started) -> Committee Assignment (Not Started) -> Report (Not Started) -> Third Reading/Concurrence (Not Started) -> Harmonization (Not Started) -> Assent (Not Started),2024-02-27,,"Hon Ayodeji Alao (APC, Oyo, Constituency: Ogbomoso North/ Ogbomoso South/Orire)",Hon Ayodeji Alao,Not Yet Referred,Hon Ayodeji Alao
7c8a7488-596a-4078-8634-e2eaf24d53d2,"Constitution of the Federal Republic of Nigeria, 1999 (Alteration) Bill, 2024",First Reading (House: 2024-05-08) -> Second Reading (Not Started) -> Committee Assignment (Not Started) -> Report (Not Started) -> Third Reading/Concurrence (Not Started) -> Harmonization (Not Started) -> Assent (Not Started),2024-05-08,,"Daniel Asama Ago (APC, Plateau, Constituency: Jos North/Bassa)",Daniel Asama Ago,Not Yet Referred,Daniel Asama Ago
872927f7-aa26-43ca-b887-7d6a257c41f5,"Constitution of the Federal Republic of Nigeria, 1999 (Alteration) Bill, 2024",First Reading (House: 2024-05-07) -> Second Reading (House: 2024-06-06) -> Committee Assignment (House: 2024-06-06) -> Report (Not Started) -> Third Reading/Concurrence (Not Started) -> Harmonization (Not Started) -> Assent (Not Started),2024-05-07,2024-06-06,"Hon Aminu Jamo Daura (APC, Katsina, Constituency: Daura/Sandamu/Mai’adua)",Hon Aminu Jamo Daura,Constitution Review,Hon Aminu Jamo Daura
889ed02b-5f11-4ccd-8368-e27153ca56e1,"Constitution of the Federal Republic of Nigeria, 1999 (Alteration) Bill, 2024",First Reading (House: 2024-03-13) -> Second Reading (Not Started) -> Committee Assignment (Not Started) -> Report (Not Started) -> Third Reading/Concurrence (Not Started) -> Harmonization (Not Started) -> Assent (Not Started),2024-03-13,,"Hon Mansur Manu Soro (APC, Bauchi, Constituency: Darazo/Gunjuwa)",Hon Mansur Manu Soro,Not Yet Referred,Hon Mansur Manu Soro
8bf5c6a9-3e55-4f55-8490-0fb90dc2748b,"Constitution of the Federal Republic of Nigeria, 1999 (Alteration) Bill, 2024",First Reading (House: 2024-07-11) -> Second Reading (Not Started) -> Committee Assignment (Not Started) -> Report (Not Started) -> Third Reading/Concurrence (Not Started) -> Harmonization (Not Started) -> Assent (Not Started),2024-07-11,,"Harrison Anozie Nwadike (APC, Imo, Constituency: Isu/Njaba/Nkwerre/Nwangele)",Harrison Anozie Nwadike,Not Yet Referred,Harrison Anozie Nwadike
8ed14890-6129-4a23-9f89-702db29445db,"Constitution of the Federal Republic of Nigeria, 1999 (Alteration) Bill, 2024",First Reading (House: 2024-02-08) -> Second Reading (Not Started) -> Committee Assignment (Not Started) -> Report (Not Started) -> Third Reading/Concurrence (Not Started) -> Harmonization (Not Started) -> Assent (Not Started),2024-02-08,,"Hon Adewale Hameed (APC, Lagos, Constituency: Agege)",Hon Adewale Hameed,Not Yet Referred,Hon Adewale Hameed
95fe20c4-be3f-47de-824a-7514b3226343,"Constitution of the Federal Republic of Nigeria, 1999 (Alteration) Bill, 2024",First Reading (House: 2024-03-20) -> Second Reading (Not Started) -> Committee Assignment (Not Started) -> Report (Not Started) -> Third Reading/Concurrence (Not Started) -> Harmonization (Not Started) -> Assent (Not Started),2024-03-20,,"Ali Isa (PDP, Gombe, Constituency: Balanga/Billiri)",Ali Isa,Not Yet Referred,Ali Isa
a3d1ca44-e908-43da-aa89-1afe1080097d,"Constitution of the Federal Republic of Nigeria, 1999 (Alteration) Bill, 2024",First Reading (House: 2024-05-08) -> Second Reading (Not Started) -> Committee Assignment (Not Started) -> Report (Not Started) -> Third Reading/Concurrence (Not Started) -> Harmonization (Not Started) -> Assent (Not Started),2024-05-08,,"Patrick Umoh (APC, Akwa Ibom, Constituency: Ikot Ekpene/Essien Udim/ Obot Akara)",Patrick Umoh,Not Yet Referred,Patrick Umoh
a4f6cc69-b47c-4e53-9a78-c6b1d6974a09,"Constitution of the Federal Republic of Nigeria, 1999 (Alteration) Bill, 2024",First Reading (House: 2024-05-08) -> Second Reading (Not Started) -> Committee Assignment (Not Started) -> Report (Not Started) -> Third Reading/Concurrence (Not Started) -> Harmonization (Not Started) -> Assent (Not Started),2024-05-08,,"Hon Solomon T Bob (PDP, Rivers, Constituency: Ahoada West/Ogba Egbema)",Hon Solomon T Bob,Not Yet Referred,Hon Solomon T Bob
a63b6c9b-96dd-497a-976a-297c8937fcd6,"Constitution of the Federal Republic of Nigeria, 1999 (Alteration) Bill, 2024",First Reading (House: 2024-02-08) -> Second Reading (Not Started) -> Committee Assignment (Not Started) -> Report (Not Started) -> Third Reading/Concurrence (Not Started) -> Harmonization (Not Started) -> Assent (Not Started),2024-02-08,,"Hon Oluwole Oke (PDP, Osun, Constituency: Obokun/Oriade)",Hon Oluwole Oke,Not Yet Referred,Hon Oluwole Oke
a9e2fedc-2150-4ce2-ba94-0204d09495b2,"Constitution of the Federal Republic of Nigeria, 1999 (Alteration) Bill, 2024",First Reading (House: 2024-03-20) -> Second Reading (House: 2024-05-16) -> Committee Assignment (House: 2024-05-16) -> Report (Not Started) -> Third Reading/Concurrence (Not Started) -> Harmonization (Not Started) -> Assent (Not Started),2024-03-20,2024-05-16,"Hon Tajudeen Kareem (APC, Oyo, Constituency: Saki East/Saki West/Atisbo)",Hon Tajudeen Kareem,Constitution Review,Hon Tajudeen Kareem
ab78cbd6-e751-4967-bd73-0fcd1dc656b5,"Constitution of the Federal Republic of Nigeria, 1999 (Alteration) Bill, 2024",First Reading (House: 2024-05-09) -> Second Reading (Not Started) -> Committee Assignment (Not Started) -> Report (Not Started) -> Third Reading/Concurrence (Not Started) -> Harmonization (Not Started) -> Assent (Not Started),2024-05-09,,"Patrick Umoh (APC, Akwa Ibom, Constituency: Ikot Ekpene/Essien Udim/ Obot Akara)",Patrick Umoh,Not Yet Referred,Patrick Umoh
ac350559-753c-42b3-bb8d-faa8bb77003e,"Constitution of the Federal Republic of Nigeria, 1999 (Alteration) Bill, 2024",First Reading (Not Started) -> Second Reading (Not Started) -> Committee Assignment (Not Started) -> Report (Not Started) -> Third Reading/Concurrence (Not Started) -> Harmonization (Not Started) -> Assent (Not Started),,,"Hon Adetola Kafilat Ogbara (APC, Lagos, Constituency: Kosofe); Hon Aliu Ademorin Kuye (APC, Lagos, Constituency: Shomolu); Hon Adeyemi Taofeek Alli (APC, Lagos, Constituency: Mushin I); Hon Adewale Hameed (APC, Lagos, Constituency: Agege); Adedayo Samuel Adesola (APC, Lagos, Constituency: Apapa); Moshood Olanrewaju Oshun (APC, Lagos, Constituency: Lagos Mainland); Hon Lanre Okunlola (APC, Lagos, Constituency: Surulere II); Fuad Kayode Laguda (APC, Lagos, Constituency: Surulere I); Hon George Olawande (LP, Lagos, Constituency: Amuwo-Odofin); Hon Adeboye Paul Kalejaiye (APC, Lagos, Constituency: Ajeromi/Ifelodun); Hon Tasir Olawale Raji (APC, Lagos, Constituency: Epe); Hon Jesse Okey-Joe Onuakachi (LP, Lagos, Constituency: Oshodi/Isolo II); Hon Sesi Whingan (APC, Lagos, Constituency: Badagry); Hon Oluwaseyi Sowumi (LP, Lagos, Constituency: Ojo); Hon Adeyemi Benjamin Olabinjo (APC, Lagos, Constituency: Ifako/Ijaiye); Hon Babajimi Adegoke Benson (APC, Lagos, Constituency: Ikorodu); Hon Thaddeus Atta (LP, Lagos, Constituency: Eti-Osa); Hon Adebayo Olusegun Balogun (APC, Lagos, Constituency: Ibeju Lekki); Hon Ganiyu Ayuba (APC, Lagos, Constituency: Alimosho); Hon Abiodun James Faleke (APC, Lagos, Constituency: Ikeja); Hon Moshood Kayode Akiolu (APC, Lagos, Constituency: Lagos Island II); Hon Akanni Enitan Dolapo-badru (APC, Lagos, Constituency: Lagos Island I); Hon Bashiru Ayinla Dawodu (PDP, Lagos, Constituency: Oshodi/Isolo I)",Hon Adetola Kafilat Ogbara; Hon Aliu Ademorin Kuye; Hon Adeyemi Taofeek Alli; Hon Adewale Hameed; Adedayo Samuel Adesola; Moshood Olanrewaju Oshun; Hon Lanre Okunlola; Fuad Kayode Laguda; Hon George Olawande; Hon Adeboye Paul Kalejaiye; Hon Tasir Olawale Raji; Hon Jesse Okey-Joe Onuakachi; Hon Sesi Whingan; Hon Oluwaseyi Sowumi; Hon Adeyemi Benjamin Olabinjo; Hon Babajimi Adegoke Benson; Hon Thaddeus Atta; Hon Adebayo Olusegun Balogun; Hon Ganiyu Ayuba; Hon Abiodun James Faleke; Hon Moshood Kayode Akiolu; Hon Akanni Enitan Dolapo-badru; Hon Bashiru Ayinla Dawodu,Not Yet Referred,Hon Adetola Kafilat Ogbara
b2bf85ff-79f6-4ac0-8623-f218ad26e1c9,"Constitution of the Federal Republic of Nigeria, 1999 (Alteration) Bill, 2024",First Reading (House: 2024-07-11) -> Second Reading (Not Started) -> Committee Assignment (Not Started) -> Report (Not Started) -> Third Reading/Concurrence (Not Started) -> Harmonization (Not Started) -> Assent (Not Started),2024-07-11,,"Hon Mansur Manu Soro (APC, Bauchi, Constituency: Darazo/Gunjuwa)",Hon Mansur Manu Soro,Not Yet Referred,Hon Mansur Manu Soro
b3af983f-c3ca-433e-9326-a4adfadd162d,"Constitution of the Federal Republic of Nigeria, 1999 (Alteration) Bill, 2024",First Reading (House: 2024-02-14) -> Second Reading (Not Started) -> Committee Assignment (Not Started) -> Report (Not Started) -> Third Reading/Concurrence (House: 2025-11-18) -> Harmonization (Not Started) -> Assent (Not Started),2024-02-14,,"Hon Kingsley Chinda (PDP, Rivers, Constituency: Obio/Akpor)",Hon Kingsley Chinda,Not Yet Referred,Hon Kingsley Chinda
b416a162-2b62-4c28-ab76-c29351a0e650,"Constitution of the Federal Republic of Nigeria, 1999 (Alteration) Bill, 2024",First Reading (House: 2024-07-11) -> Second Reading (House: 2024-09-26) -> Committee Assignment (House: 2024-09-26) -> Report (Not Started) -> Third Reading/Concurrence (Not Started) -> Harmonization (Not Started) -> Assent (Not Started),2024-07-11,2024-09-26,"Hon Obinna Ginger Onwusibe (LP, Abia, Constituency: Isiala Ngwa North /Isiala Ngwa South)",Hon Obinna Ginger Onwusibe,Constitution Review,Hon Obinna Ginger Onwusibe
c1736784-01cd-493d-806f-eef6c17056b1,"Constitution of the Federal Republic of Nigeria, 1999 (Alteration) Bill, 2024",First Reading (House: 2024-03-20) -> Second Reading (Not Started) -> Committee Assignment (Not Started) -> Report (Not Started) -> Third Reading/Concurrence (Not Started) -> Harmonization (Not Started) -> Assent (Not Started),2024-03-20,,"Ali Isa (PDP, Gombe, Constituency: Balanga/Billiri)",Ali Isa,Not Yet Referred,Ali Isa
c72f969a-abd3-4a6b-a8bb-09de5c9fc998,"Constitution of the Federal Republic of Nigeria, 1999 (Alteration) Bill, 2024",First Reading (House: 2024-03-14) -> Second Reading (Not Started) -> Committee Assignment (Not Started) -> Report (Not Started) -> Third Reading/Concurrence (Not Started) -> Harmonization (Not Started) -> Assent (Not Started),2024-03-14,,"Hon Mansur Manu Soro (APC, Bauchi, Constituency: Darazo/Gunjuwa)",Hon Mansur Manu Soro,Not Yet Referred,Hon Mansur Manu Soro
c8cd1441-36e9-44ba-8f07-4d7d4f98a055,"Constitution of the Federal Republic of Nigeria, 1999 (Alteration) Bill, 2024",First Reading (House: 2024-05-07) -> Second Reading (Not Started) -> Committee Assignment (Not Started) -> Report (Not Started) -> Third Reading/Concurrence (Not Started) -> Harmonization (Not Started) -> Assent (Not Started),2024-05-07,,"Hon Francis Ejiroghene Waive (APC, Delta, Constituency: Ughelli North, Ughelli South/Udu)",Hon Francis Ejiroghene Waive,Not Yet Referred,Hon Francis Ejiroghene Waive
d50bacab-9fe0-45ae-a741-7a2b0a2bce24,"Constitution of the Federal Republic of Nigeria, 1999 (Alteration) Bill, 2024",First Reading (House: 2024-06-06) -> Second Reading (Not Started) -> Committee Assignment (Not Started) -> Report (Not Started) -> Third Reading/Concurrence (Not Started) -> Harmonization (Not Started) -> Assent (Not Started),2024-06-06,,"Hon Ugochinyere Onyinye Ikeagwuonu (PDP, Imo, Constituency: Ideato North/Ideato South)",Hon Ugochinyere Onyinye Ikeagwuonu,Not Yet Referred,Hon Ugochinyere Onyinye Ikeagwuonu
d53eda9b-8cd4-406f-9681-837041b361b5,"Constitution of the Federal Republic of Nigeria, 1999 (Alteration) Bill, 2024",First Reading (House: 2024-05-07) -> Second Reading (Not Started) -> Committee Assignment (Not Started) -> Report (Not Started) -> Third Reading/Concurrence (Not Started) -> Harmonization (Not Started) -> Assent (Not Started),2024-05-07,,"Hon Ghali Tijjani Mustapha (NNPP, Kano, Constituency: Alabasu/Gaya/Ajingi)",Hon Ghali Tijjani Mustapha,Not Yet Referred,Hon Ghali Tijjani Mustapha
d964c35c-4b37-4476-b5ba-dab09dc35185,"Constitution of the Federal Republic of Nigeria, 1999 (Alteration) Bill, 2024",First Reading (House: 2024-05-07) -> Second Reading (Not Started) -> Committee Assignment (Not Started) -> Report (Not Started) -> Third Reading/Concurrence (Not Started) -> Harmonization (Not Started) -> Assent (Not Started),2024-05-07,,"Hon Sada Soli (APC, Katsina, Constituency: Jibia/Kaita)",Hon Sada Soli,Not Yet Referred,Hon Sada Soli
de379450-ca2b-4582-8af5-3f39b7283912,"Constitution of the Federal Republic of Nigeria, 1999 (Alteration) Bill, 2024",First Reading (House: 2024-05-07) -> Second Reading (Not Started) -> Committee Assignment (Not Started) -> Report (Not Started) -> Third Reading/Concurrence (Not Started) -> Harmonization (Not Started) -> Assent (Not Started),2024-05-07,,"Hon Benedict Etanabene (LP, Delta, Constituency: Okpe/Sapele/Uvwie)",Hon Benedict Etanabene,Not Yet Referred,Hon Benedict Etanabene
e251b857-a075-4459-9009-48ae0f25be47,"Constitution of the Federal Republic of Nigeria, 1999 (Alteration) Bill, 2024",First Reading (Not Started) -> Second Reading (Not Started) -> Committee Assignment (Not Started) -> Report (Not Started) -> Third Reading/Concurrence (Not Started) -> Harmonization (Not Started) -> Assent (Not Started),,,"Hon Akintunde Rotimi (APC, Ekiti, Constituency: Ikole/Oye)",Hon Akintunde Rotimi,Not Yet Referred,Hon Akintunde Rotimi
ec6b50df-f6f8-4871-9c1b-ce81d5070fe3,"Constitution of the Federal Republic of Nigeria, 1999 (Alteration) Bill, 2024",First Reading (House: 2024-05-08) -> Second Reading (Not Started) -> Committee Assignment (Not Started) -> Report (Not Started) -> Third Reading/Concurrence (Not Started) -> Harmonization (Not Started) -> Assent (Not Started),2024-05-08,,"Daniel Asama Ago (APC, Plateau, Constituency: Jos North/Bassa)",Daniel Asama Ago,Not Yet Referred,Daniel Asama Ago
f3fb3d11-7da6-41af-82a6-29802f5790ce,"Constitution of the Federal Republic of Nigeria, 1999 (Alteration) Bill, 2024",First Reading (House: 2024-05-08) -> Second Reading (Not Started) -> Committee Assignment (Not Started) -> Report (Not Started) -> Third Reading/Concurrence (Not Started) -> Harmonization (Not Started) -> Assent (Not Started),2024-05-08,,"Hon Solomon T Bob (PDP, Rivers, Constituency: Ahoada West/Ogba Egbema)",Hon Solomon T Bob,Not Yet Referred,Hon Solomon T Bob
f4c99b99-e48b-4a00-a202-20f8c44734b0,"Constitution of the Federal Republic of Nigeria, 1999 (Alteration) Bill, 2024",First Reading (House: 2024-05-07) -> Second Reading (Not Started) -> Committee Assignment (Not Started) -> Report (Not Started) -> Third Reading/Concurrence (Not Started) -> Harmonization (Not Started) -> Assent (Not Started),2024-05-07,,"Hon Kwamoti Bitrus Laori (PDP, Adamawa, Constituency: Demsa/Numan/Lamurde)",Hon Kwamoti Bitrus Laori,Not Yet Referred,Hon Kwamoti Bitrus Laori
3c5638ad-0986-4f79-a3d4-21d9c3e1ffbd,"Constitution of the Federal Republic of Nigeria, 1999 (Alteration) Bill, 2024 - Special Seats",First Reading (House: 2024-05-08) -> Second Reading (House: 2024-07-09) -> Committee Assignment (House: 2024-07-09) -> Report (Not Started) -> Third Reading/Concurrence (Not Started) -> Harmonization (Not Started) -> Assent (Not Started),2024-05-08,2024-07-09,"Hon Muktar Tolani Shagaya (APC, Kwara, Constituency: Ilorin West/Asa); Hon Khadija Waziri Bukar abba ibrahim (APC, Yobe, Constituency: Damaturu/Gujba/Gulani/ Tarmuwa); Hon Osi Kama Nkemkanma (LP, Ebonyi, Constituency: Ivo-Ohaozara/Onicha); Hon Chinwe Clara Nnabuife (YPP, Anambra, Constituency: Orumba North/Orumba South); Hon Hassan Mohammed (NNPP, Kano, Constituency: Dawakin Kudu/Warawa); Hon Amobi Ogah (LP, Abia, Constituency: Isuikwuato/Umu-Nneochi); Hon Francis Ejiroghene Waive (APC, Delta, Constituency: Ughelli North, Ughelli South/Udu); Hon Blessing Onyeche Onuh (APGA, Benue, Constituency: Otukpo/Ohimini); Hon Adewunmi Oriyomi Onanuga (APC, Ogun, Constituency: Ikenne/Sagamu/Remo North); Hon Benjamin Kalu (APC, Abia, Constituency: Bende); Gaza Jonathan Gbefwi (PDP, Nasarawa, Constituency: Keffi/Karu/Kokona); Hon Joshua Gana (PDP, Niger, Constituency: Lavun/Mokwa/Edati); Hon Jafaru Gambe Leko (APC, Bauchi, Constituency: Bogoro/Dass/Tafawa Balewa)",Hon Muktar Tolani Shagaya; Hon Khadija Waziri Bukar abba ibrahim; Hon Osi Kama Nkemkanma; Hon Chinwe Clara Nnabuife; Hon Hassan Mohammed; Hon Amobi Ogah; Hon Francis Ejiroghene Waive; Hon Blessing Onyeche Onuh; Hon Adewunmi Oriyomi Onanuga; Hon Benjamin Kalu; Gaza Jonathan Gbefwi; Hon Joshua Gana; Hon Jafaru Gambe Leko,Constitution Review,Hon Muktar Tolani Shagaya
e2f53edf-54fc-429d-baed-b61278a0b854,"Constitution of the Federal Republic of Nigeria, 1999 (Alteration) Bill, 2024.",First Reading (House: 2024-06-11) -> Second Reading (Not Started) -> Committee Assignment (Not Started) -> Report (Not Started) -> Third Reading/Concurrence (Not Started) -> Harmonization (Not Started) -> Assent (Not Started),2024-06-11,,"Auwalu Abdu Gwalabe (PDP, Bauchi, Constituency: Katagum)",Auwalu Abdu Gwalabe,Not Yet Referred,Auwalu Abdu Gwalabe
1b774054-2a3f-4bce-a4a7-8617b9c00329,"Constitution of the Federal Republic of Nigeria, 1999 (Alteration) Bill, 2025",First Reading (Not Started) -> Second Reading (Not Started) -> Committee Assignment (Not Started) -> Report (Not Started) -> Third Reading/Concurrence (Not Started) -> Harmonization (Not Started) -> Assent (Not Started),,,"Useni Mark Bako (APC, Taraba, Constituency: Takum/Donga/Ussa); Hon Olusola Steve Fatoba (APC, Ekiti, Constituency: Ado Ekiti/Irepodun/Ifelodun); Hon Mohammed Bello El-Rufai (APC, Kaduna, Constituency: Kaduna North); Hon Miriam Onuoha (APC, Imo, Constituency: Isiala Mbano/Okigwe/Onuimo); Hon Moshood Kayode Akiolu (APC, Lagos, Constituency: Lagos Island II); Hon Benjamin Kalu (APC, Abia, Constituency: Bende); Hon Francis Ejiroghene Waive (APC, Delta, Constituency: Ughelli North, Ughelli South/Udu)",Useni Mark Bako; Hon Olusola Steve Fatoba; Hon Mohammed Bello El-Rufai; Hon Miriam Onuoha; Hon Moshood Kayode Akiolu; Hon Benjamin Kalu; Hon Francis Ejiroghene Waive,Not Yet Referred,Useni Mark Bako
3202d2be-0bf0-4803-a838-f24b4b7287a5,"Constitution of the Federal Republic of Nigeria, 1999 (Alteration) Bill, 2025",First Reading (Not Started) -> Second Reading (Not Started) -> Committee Assignment (Not Started) -> Report (Not Started) -> Third Reading/Concurrence (Not Started) -> Harmonization (Not Started) -> Assent (Not Started),,,"Hon Benjamin Kalu (APC, Abia, Constituency: Bende)",Hon Benjamin Kalu,Not Yet Referred,Hon Benjamin Kalu
43d8102f-e7e6-47a3-911f-8dd1511ab47f,"Constitution of the Federal Republic of Nigeria, 1999 (Alteration) Bill, 2025",First Reading (House: 2025-12-10) -> Second Reading (Not Started) -> Committee Assignment (Not Started) -> Report (Not Started) -> Third Reading/Concurrence (Not Started) -> Harmonization (Not Started) -> Assent (Not Started),2025-12-10,,"Abdulrahman Ajiya (APC, Federal Capital Territory (Fct), Constituency: Abaji/Gwagwalada/Kwali/Kuje)",Abdulrahman Ajiya,Not Yet Referred,Abdulrahman Ajiya
4cc7643d-19c0-4991-a4f9-42e38cf4362b,"Constitution of the Federal Republic of Nigeria, 1999 (Alteration) Bill, 2025",First Reading (Not Started) -> Second Reading (Not Started) -> Committee Assignment (Not Started) -> Report (Not Started) -> Third Reading/Concurrence (Not Started) -> Harmonization (Not Started) -> Assent (Not Started),,,"Hon Tajudeen Abbas (APC, Kaduna, Constituency: Zaria)",Hon Tajudeen Abbas,Not Yet Referred,Hon Tajudeen Abbas
541f150b-bcbe-4561-9df8-99aefa719ec1,"Constitution of the Federal Republic of Nigeria, 1999 (Alteration) Bill, 2025",First Reading (Not Started) -> Second Reading (Not Started) -> Committee Assignment (Not Started) -> Report (Not Started) -> Third Reading/Concurrence (Not Started) -> Harmonization (Not Started) -> Assent (Not Started),,,"Mohammed Saidu Bargaja (PDP, Sokoto, Constituency: Isa/Sabon Birni); Hon Bello Ambarura Isah (APC, Sokoto, Constituency: Illela/Gwadabawa)",Mohammed Saidu Bargaja; Hon Bello Ambarura Isah,Not Yet Referred,Mohammed Saidu Bargaja
5f8a2198-19a3-48b3-b27e-679f4c92b033,"Constitution of the Federal Republic of Nigeria, 1999 (Alteration) Bill, 2025",First Reading (Not Started) -> Second Reading (Not Started) -> Committee Assignment (Not Started) -> Report (Not Started) -> Third Reading/Concurrence (Not Started) -> Harmonization (Not Started) -> Assent (Not Started),,,"Hon Nnolim John Nnaji (APC, Enugu, Constituency: Nkanu East/Nkanu West); Chimaobi Sam Atu (LP, Enugu, Constituency: Enugu North/Enugu South); Hon Paul Nnamchi (LP, Enugu, Constituency: Enugu East/Isi Uzo)",Hon Nnolim John Nnaji; Chimaobi Sam Atu; Hon Paul Nnamchi,Not Yet Referred,Hon Nnolim John Nnaji
7280609c-fa42-47e2-a55e-f0dfd9d25b48,"Constitution of the Federal Republic of Nigeria, 1999 (Alteration) Bill, 2025",First Reading (House: 2025-07-22) -> Second Reading (Not Started) -> Committee Assignment (Not Started) -> Report (Not Started) -> Third Reading/Concurrence (Not Started) -> Harmonization (Not Started) -> Assent (Not Started),2025-07-22,,"Hon Zakaria Dauda Nyampa (PDP, Adamawa, Constituency: Madagali/Michika)",Hon Zakaria Dauda Nyampa,Not Yet Referred,Hon Zakaria Dauda Nyampa
a810b0e5-fa24-4601-9fe4-c79031633e1b,"Constitution of the Federal Republic of Nigeria, 1999 (Alteration) Bill, 2025",First Reading (Not Started) -> Second Reading (Not Started) -> Committee Assignment (Not Started) -> Report (Not Started) -> Third Reading/Concurrence (Not Started) -> Harmonization (Not Started) -> Assent (Not Started),,,"Hon Abdulraheem Abdulmaleek (PDP, Kogi, Constituency: Adavi/Okehi)",Hon Abdulraheem Abdulmaleek,Not Yet Referred,Hon Abdulraheem Abdulmaleek
aa71308a-52d5-447d-b291-c6b1e77df71d,"Constitution of the Federal Republic of Nigeria, 1999 (Alteration) Bill, 2025",First Reading (Not Started) -> Second Reading (Not Started) -> Committee Assignment (Not Started) -> Report (Not Started) -> Third Reading/Concurrence (Not Started) -> Harmonization (Not Started) -> Assent (Not Started),,,"Gaza Jonathan Gbefwi (PDP, Nasarawa, Constituency: Keffi/Karu/Kokona); Nasiru Shehu (APC, Sokoto, Constituency: Dange-Shuni/Bodinga/Tureta); Hon Oluwole Oke (PDP, Osun, Constituency: Obokun/Oriade); Hon Jafaru Gambe Leko (APC, Bauchi, Constituency: Bogoro/Dass/Tafawa Balewa); Hon Benjamin Kalu (APC, Abia, Constituency: Bende); Nwaeke Felix Uche (PDP, Rivers, Constituency: Eleme/Tai/Oyigbo); Chris Nkwonta (PDP, Abia, Constituency: Ukwa East/Ukwa West)",Gaza Jonathan Gbefwi; Nasiru Shehu; Hon Oluwole Oke; Hon Jafaru Gambe Leko; Hon Benjamin Kalu; Nwaeke Felix Uche; Chris Nkwonta,Not Yet Referred,Gaza Jonathan Gbefwi
bcd3554d-268b-4e32-9ca5-703e80220ddb,"Constitution of the Federal Republic of Nigeria, 1999 (Alteration) Bill, 2025",First Reading (Not Started) -> Second Reading (Not Started) -> Committee Assignment (Not Started) -> Report (Not Started) -> Third Reading/Concurrence (Not Started) -> Harmonization (Not Started) -> Assent (Not Started),,,"Harrison Anozie Nwadike (APC, Imo, Constituency: Isu/Njaba/Nkwerre/Nwangele)",Harrison Anozie Nwadike,Not Yet Referred,Harrison Anozie Nwadike
bd622754-1aa0-4fbf-b3a4-a0c40d3d1d1b,"Constitution of the Federal Republic of Nigeria, 1999 (Alteration) Bill, 2025",First Reading (Not Started) -> Second Reading (Not Started) -> Committee Assignment (Not Started) -> Report (Not Started) -> Third Reading/Concurrence (Not Started) -> Harmonization (Not Started) -> Assent (Not Started),,,"Hon Benjamin Kalu (APC, Abia, Constituency: Bende)",Hon Benjamin Kalu,Not Yet Referred,Hon Benjamin Kalu
cd1b81eb-f373-48db-a25f-506b2f102b1a,"Constitution of the Federal Republic of Nigeria, 1999 (Alteration) Bill, 2025",First Reading (Not Started) -> Second Reading (Not Started) -> Committee Assignment (Not Started) -> Report (Not Started) -> Third Reading/Concurrence (Not Started) -> Harmonization (Not Started) -> Assent (Not Started),,,"Hon Jeremiah Umaru (APC, Nasarawa, Constituency: Akwanga/Nassarawa Eggon/ Wamba)",Hon Jeremiah Umaru,Not Yet Referred,Hon Jeremiah Umaru
f88fb0cf-ece5-49f7-92ae-612bc20f5206,"Constitution of the Federal Republic of Nigeria, 1999 (Alteration) Bill, 2025",First Reading (Not Started) -> Second Reading (Not Started) -> Committee Assignment (Not Started) -> Report (Not Started) -> Third Reading/Concurrence (Not Started) -> Harmonization (Not Started) -> Assent (Not Started),,,"Hon Benjamin Kalu (APC, Abia, Constituency: Bende); Muhammed Mukhtar (APC, Jigawa, Constituency: Kazaure/Roni/Gwiwa/Yankwashi)",Hon Benjamin Kalu; Muhammed Mukhtar,Not Yet Referred,Hon Benjamin Kalu
aeb9fa1c-e115-4f0a-931d-7d9b7330adfa,"Constitution of the Federal Republic of Nigeria, 1999 (Alterations) Bill, 2025",First Reading (Not Started) -> Second Reading (Not Started) -> Committee Assignment (Not Started) -> Report (Not Started) -> Third Reading/Concurrence (Not Started) -> Harmonization (Not Started) -> Assent (Not Started),,,"Akarachi Etinosa Tosan (APC, Imo, Constituency: Ikeduru/Mbaitoli)",Akarachi Etinosa Tosan,Not Yet Referred,Akarachi Etinosa Tosan
7f75e0fd-6829-4a2b-b2b2-6c5e212ade09,"Constitution of the Federal Republic of Nigeria, 1999 (Amendment) Bill, 2025",First Reading (Not Started) -> Second Reading (Not Started) -> Committee Assignment (Not Started) -> Report (Not Started) -> Third Reading/Concurrence (Not Started) -> Harmonization (Not Started) -> Assent (Not Started),,,"Hon Olufemi Richard Bamisile (APC, Ekiti, Constituency: Emure/Gbonyin/Ekiti East)",Hon Olufemi Richard Bamisile,Not Yet Referred,Hon Olufemi Richard Bamisile
1c6b460d-42dc-4bfe-ac87-9eead4cb5767,"Constitution of the Federal Republic of Nigeria, 1999 (Amendment) Bill, 2025.",First Reading (Not Started) -> Second Reading (Not Started) -> Committee Assignment (Not Started) -> Report (Not Started) -> Third Reading/Concurrence (Not Started) -> Harmonization (Not Started) -> Assent (Not Started),,,"Hon Billy Famous Osawaru (APC, Edo, Constituency: Orhionmwon/Uhunmwonde)",Hon Billy Famous Osawaru,Not Yet Referred,Hon Billy Famous Osawaru
70ea1e55-80cf-46b8-8452-9819fc715bc8,"Constitution of the Federal Republic of Nigeria, 1999 (Sixth Alteration) Bill 2024",First Reading (House: 2024-07-02) -> Second Reading (Not Started) -> Committee Assignment (Not Started) -> Report (Not Started) -> Third Reading/Concurrence (Not Started) -> Harmonization (Not Started) -> Assent (Not Started),2024-07-02,,"Hon Okpolupm Etteh (PDP, Akwa Ibom, Constituency: Eket/Onna/Esit Eket/Ibeno)",Hon Okpolupm Etteh,Not Yet Referred,Hon Okpolupm Etteh
0453afb4-a872-4970-a67b-71473c130d5d,"Constitution of the Federal Republic of Nigeria, 1999 (Sixth Alteration) Bill, 2024",First Reading (House: 2024-09-26) -> Second Reading (Not Started) -> Committee Assignment (Not Started) -> Report (Not Started) -> Third Reading/Concurrence (Not Started) -> Harmonization (Not Started) -> Assent (Not Started),2024-09-26,,"Hon Akintunde Rotimi (APC, Ekiti, Constituency: Ikole/Oye)",Hon Akintunde Rotimi,Not Yet Referred,Hon Akintunde Rotimi
0c0ce2da-1b32-4eca-b956-7e3707799e5a,"Constitution of the Federal Republic of Nigeria, 1999 (Sixth Alteration) Bill, 2024",First Reading (House: 2024-07-17) -> Second Reading (Not Started) -> Committee Assignment (Not Started) -> Report (Not Started) -> Third Reading/Concurrence (Not Started) -> Harmonization (Not Started) -> Assent (Not Started),2024-07-17,,"Hon Ugochinyere Onyinye Ikeagwuonu (PDP, Imo, Constituency: Ideato North/Ideato South)",Hon Ugochinyere Onyinye Ikeagwuonu,Not Yet Referred,Hon Ugochinyere Onyinye Ikeagwuonu
0d982766-cbc1-48ab-b152-bba4fa10be2c,"Constitution of the Federal Republic of Nigeria, 1999 (Sixth Alteration) Bill, 2024",First Reading (House: 2024-09-26) -> Second Reading (Not Started) -> Committee Assignment (Not Started) -> Report (Not Started) -> Third Reading/Concurrence (Not Started) -> Harmonization (Not Started) -> Assent (Not Started),2024-09-26,,"Hon Chinedu Ogah (APC, Ebonyi, Constituency: Ezza South/Ikwo)",Hon Chinedu Ogah,Not Yet Referred,Hon Chinedu Ogah
0ed9bf80-2dc0-4fbf-a05b-b0009062896a,"Constitution of the Federal Republic of Nigeria, 1999 (Sixth Alteration) Bill, 2024",First Reading (House: 2024-07-23) -> Second Reading (Not Started) -> Committee Assignment (Not Started) -> Report (Not Started) -> Third Reading/Concurrence (Not Started) -> Harmonization (Not Started) -> Assent (Not Started),2024-07-23,,"Hon Solomon T Bob (PDP, Rivers, Constituency: Ahoada West/Ogba Egbema)",Hon Solomon T Bob,Not Yet Referred,Hon Solomon T Bob
103aece7-d035-4353-bb21-894f9a08596a,"Constitution of the Federal Republic of Nigeria, 1999 (Sixth Alteration) Bill, 2024",First Reading (House: 2024-05-22) -> Second Reading (Not Started) -> Committee Assignment (Not Started) -> Report (Not Started) -> Third Reading/Concurrence (Not Started) -> Harmonization (Not Started) -> Assent (Not Started),2024-05-22,,"Hon Babajimi Adegoke Benson (APC, Lagos, Constituency: Ikorodu)",Hon Babajimi Adegoke Benson,Not Yet Referred,Hon Babajimi Adegoke Benson
1cd4b631-5614-4667-97dd-4a2bbc1df4c0,"Constitution of the Federal Republic of Nigeria, 1999 (Sixth Alteration) Bill, 2024",First Reading (House: 2024-05-21) -> Second Reading (House: 2024-07-02) -> Committee Assignment (House: 2024-07-02) -> Report (Not Started) -> Third Reading/Concurrence (Not Started) -> Harmonization (Not Started) -> Assent (Not Started),2024-05-21,2024-07-02,"Hon Tajudeen Abbas (APC, Kaduna, Constituency: Zaria)",Hon Tajudeen Abbas,Constitution Review,Hon Tajudeen Abbas
1dbc8f82-fb52-492a-9f16-bf05262e7bd3,"Constitution of the Federal Republic of Nigeria, 1999 (Sixth Alteration) Bill, 2024",First Reading (House: 2024-06-27) -> Second Reading (Not Started) -> Committee Assignment (Not Started) -> Report (Not Started) -> Third Reading/Concurrence (Not Started) -> Harmonization (Not Started) -> Assent (Not Started),2024-06-27,,"Hon Tajudeen Abbas (APC, Kaduna, Constituency: Zaria)",Hon Tajudeen Abbas,Not Yet Referred,Hon Tajudeen Abbas
1ff96ccf-6379-45ea-a8c7-ad46b9d8e1b6,"Constitution of the Federal Republic of Nigeria, 1999 (Sixth Alteration) Bill, 2024",First Reading (House: 2024-09-26) -> Second Reading (Not Started) -> Committee Assignment (Not Started) -> Report (Not Started) -> Third Reading/Concurrence (Not Started) -> Harmonization (Not Started) -> Assent (Not Started),2024-09-26,,"Obed Paul Shehu (PDP, Gombe, Constituency: Kaltungo/Shongom); Hon Mansur Manu Soro (APC, Bauchi, Constituency: Darazo/Gunjuwa)",Obed Paul Shehu; Hon Mansur Manu Soro,Not Yet Referred,Obed Paul Shehu
22cf7fe7-7b20-4317-81fb-6fa9711377bc,"Constitution of the Federal Republic of Nigeria, 1999 (Sixth Alteration) Bill, 2024",First Reading (House: 2024-06-27) -> Second Reading (Not Started) -> Committee Assignment (Not Started) -> Report (Not Started) -> Third Reading/Concurrence (Not Started) -> Harmonization (Not Started) -> Assent (Not Started),2024-06-27,,"Hon Akintunde Rotimi (APC, Ekiti, Constituency: Ikole/Oye)",Hon Akintunde Rotimi,Not Yet Referred,Hon Akintunde Rotimi
26f72770-7bd1-49ab-b697-13a0324af45c,"Constitution of the Federal Republic of Nigeria, 1999 (Sixth Alteration) Bill, 2024",First Reading (House: 2024-07-18) -> Second Reading (Not Started) -> Committee Assignment (Not Started) -> Report (Not Started) -> Third Reading/Concurrence (Not Started) -> Harmonization (Not Started) -> Assent (Not Started),2024-07-18,,"Hon Tajudeen Abbas (APC, Kaduna, Constituency: Zaria)",Hon Tajudeen Abbas,Not Yet Referred,Hon Tajudeen Abbas
34e04e80-db0d-4804-a3b7-7f3094558675,"Constitution of the Federal Republic of Nigeria, 1999 (Sixth Alteration) Bill, 2024",First Reading (House: 2024-05-23) -> Second Reading (Not Started) -> Committee Assignment (Not Started) -> Report (Not Started) -> Third Reading/Concurrence (Not Started) -> Harmonization (Not Started) -> Assent (Not Started),2024-05-23,,"Hon Adetola Kafilat Ogbara (APC, Lagos, Constituency: Kosofe)",Hon Adetola Kafilat Ogbara,Not Yet Referred,Hon Adetola Kafilat Ogbara
38132edd-875d-41a9-85a3-489c6a484f11,"Constitution of the Federal Republic of Nigeria, 1999 (Sixth Alteration) Bill, 2024",First Reading (House: 2024-05-21) -> Second Reading (Not Started) -> Committee Assignment (Not Started) -> Report (Not Started) -> Third Reading/Concurrence (Not Started) -> Harmonization (Not Started) -> Assent (Not Started),2024-05-21,,"Hon Babajimi Adegoke Benson (APC, Lagos, Constituency: Ikorodu)",Hon Babajimi Adegoke Benson,Not Yet Referred,Hon Babajimi Adegoke Benson
427c1676-8255-4f39-b414-84b7aa6499d4,"Constitution of the Federal Republic of Nigeria, 1999 (Sixth Alteration) Bill, 2024",First Reading (House: 2024-07-18) -> Second Reading (Not Started) -> Committee Assignment (Not Started) -> Report (Not Started) -> Third Reading/Concurrence (Not Started) -> Harmonization (Not Started) -> Assent (Not Started),2024-07-18,,"Hon Tajudeen Abbas (APC, Kaduna, Constituency: Zaria)",Hon Tajudeen Abbas,Not Yet Referred,Hon Tajudeen Abbas
4dced5cd-f267-47a4-abc2-17714cfb959e,"Constitution of the Federal Republic of Nigeria, 1999 (Sixth Alteration) Bill, 2024",First Reading (House: 2024-06-27) -> Second Reading (Not Started) -> Committee Assignment (Not Started) -> Report (Not Started) -> Third Reading/Concurrence (Not Started) -> Harmonization (Not Started) -> Assent (Not Started),2024-06-27,,"Dibiagwu Eugene Okechukwu (APC, Imo, Constituency: Ideato North/Ideato South)",Dibiagwu Eugene Okechukwu,Not Yet Referred,Dibiagwu Eugene Okechukwu
5a07f6ea-e884-4f6d-929f-457ffd2cdf84,"Constitution of the Federal Republic of Nigeria, 1999 (Sixth Alteration) Bill, 2024",First Reading (House: 2024-05-22) -> Second Reading (Not Started) -> Committee Assignment (Not Started) -> Report (Not Started) -> Third Reading/Concurrence (Not Started) -> Harmonization (Not Started) -> Assent (Not Started),2024-05-22,,"Hon Babajimi Adegoke Benson (APC, Lagos, Constituency: Ikorodu)",Hon Babajimi Adegoke Benson,Not Yet Referred,Hon Babajimi Adegoke Benson
5d829d31-5b93-410e-81c2-3465ed18b31a,"Constitution of the Federal Republic of Nigeria, 1999 (Sixth Alteration) Bill, 2024",First Reading (House: 2024-05-23) -> Second Reading (Not Started) -> Committee Assignment (Not Started) -> Report (Not Started) -> Third Reading/Concurrence (Not Started) -> Harmonization (Not Started) -> Assent (Not Started),2024-05-23,,"Hon Adetola Kafilat Ogbara (APC, Lagos, Constituency: Kosofe)",Hon Adetola Kafilat Ogbara,Not Yet Referred,Hon Adetola Kafilat Ogbara
607de175-3803-403a-989e-c41307018527,"Constitution of the Federal Republic of Nigeria, 1999 (Sixth Alteration) Bill, 2024",First Reading (House: 2024-06-27) -> Second Reading (Not Started) -> Committee Assignment (Not Started) -> Report (Not Started) -> Third Reading/Concurrence (Not Started) -> Harmonization (Not Started) -> Assent (Not Started),2024-06-27,,"Hon Tajudeen Abbas (APC, Kaduna, Constituency: Zaria)",Hon Tajudeen Abbas,Not Yet Referred,Hon Tajudeen Abbas
60dd4982-9eb3-4976-8d22-bac551ff05b2,"Constitution of the Federal Republic of Nigeria, 1999 (Sixth Alteration) Bill, 2024",First Reading (House: 2024-06-27) -> Second Reading (Not Started) -> Committee Assignment (Not Started) -> Report (Not Started) -> Third Reading/Concurrence (Not Started) -> Harmonization (Not Started) -> Assent (Not Started),2024-06-27,,"Hon Tajudeen Abbas (APC, Kaduna, Constituency: Zaria)",Hon Tajudeen Abbas,Not Yet Referred,Hon Tajudeen Abbas
681af575-4471-41c5-9b21-b7c4549364ec,"Constitution of the Federal Republic of Nigeria, 1999 (Sixth Alteration) Bill, 2024",First Reading (House: 2024-06-27) -> Second Reading (Not Started) -> Committee Assignment (Not Started) -> Report (Not Started) -> Third Reading/Concurrence (Not Started) -> Harmonization (Not Started) -> Assent (Not Started),2024-06-27,,"Hon Tajudeen Abbas (APC, Kaduna, Constituency: Zaria)",Hon Tajudeen Abbas,Not Yet Referred,Hon Tajudeen Abbas
6a01482f-f7aa-4df7-b8ce-ced392ede1c0,"Constitution of the Federal Republic of Nigeria, 1999 (Sixth Alteration) Bill, 2024",First Reading (House: 2024-07-18) -> Second Reading (Not Started) -> Committee Assignment (Not Started) -> Report (Not Started) -> Third Reading/Concurrence (Not Started) -> Harmonization (Not Started) -> Assent (Not Started),2024-07-18,,"Hon Adetola Kafilat Ogbara (APC, Lagos, Constituency: Kosofe)",Hon Adetola Kafilat Ogbara,Not Yet Referred,Hon Adetola Kafilat Ogbara
6eefb006-cd25-4f60-a86e-a008eac02020,"Constitution of the Federal Republic of Nigeria, 1999 (Sixth Alteration) Bill, 2024",First Reading (House: 2024-05-23) -> Second Reading (Not Started) -> Committee Assignment (Not Started) -> Report (Not Started) -> Third Reading/Concurrence (Not Started) -> Harmonization (Not Started) -> Assent (Not Started),2024-05-23,,"Hon Babajimi Adegoke Benson (APC, Lagos, Constituency: Ikorodu)",Hon Babajimi Adegoke Benson,Not Yet Referred,Hon Babajimi Adegoke Benson
72c755ac-a82d-41c3-a04d-230cbce74415,"Constitution of the Federal Republic of Nigeria, 1999 (Sixth Alteration) Bill, 2024",First Reading (House: 2024-07-11) -> Second Reading (Not Started) -> Committee Assignment (Not Started) -> Report (Not Started) -> Third Reading/Concurrence (Not Started) -> Harmonization (Not Started) -> Assent (Not Started),2024-07-11,,"Patrick Umoh (APC, Akwa Ibom, Constituency: Ikot Ekpene/Essien Udim/ Obot Akara)",Patrick Umoh,Not Yet Referred,Patrick Umoh
74590636-00ea-49be-8292-13652180ad13,"Constitution of the Federal Republic of Nigeria, 1999 (Sixth Alteration) Bill, 2024",First Reading (House: 2024-07-17) -> Second Reading (Not Started) -> Committee Assignment (Not Started) -> Report (Not Started) -> Third Reading/Concurrence (Not Started) -> Harmonization (Not Started) -> Assent (Not Started),2024-07-17,,"Hon Ugochinyere Onyinye Ikeagwuonu (PDP, Imo, Constituency: Ideato North/Ideato South)",Hon Ugochinyere Onyinye Ikeagwuonu,Not Yet Referred,Hon Ugochinyere Onyinye Ikeagwuonu
7589d5a4-62f5-4463-9e1b-62438767c17c,"Constitution of the Federal Republic of Nigeria, 1999 (Sixth Alteration) Bill, 2024",First Reading (House: 2024-07-17) -> Second Reading (Not Started) -> Committee Assignment (Not Started) -> Report (Not Started) -> Third Reading/Concurrence (Not Started) -> Harmonization (Not Started) -> Assent (Not Started),2024-07-17,,"Hon Ugochinyere Onyinye Ikeagwuonu (PDP, Imo, Constituency: Ideato North/Ideato South)",Hon Ugochinyere Onyinye Ikeagwuonu,Not Yet Referred,Hon Ugochinyere Onyinye Ikeagwuonu
789dd110-4e7c-412d-9a55-8c4c2f3940d4,"Constitution of the Federal Republic of Nigeria, 1999 (Sixth Alteration) Bill, 2024",First Reading (House: 2024-07-11) -> Second Reading (Not Started) -> Committee Assignment (Not Started) -> Report (Not Started) -> Third Reading/Concurrence (Not Started) -> Harmonization (Not Started) -> Assent (Not Started),2024-07-11,,"Hon Iduma Enwo Igariwey (APC, Ebonyi, Constituency: Afikpo North/Afikpo South)",Hon Iduma Enwo Igariwey,Not Yet Referred,Hon Iduma Enwo Igariwey
7bbda311-ba4a-4918-9e5f-c12f49a6228a,"Constitution of the Federal Republic of Nigeria, 1999 (Sixth Alteration) Bill, 2024",First Reading (House: 2024-07-23) -> Second Reading (Not Started) -> Committee Assignment (Not Started) -> Report (Not Started) -> Third Reading/Concurrence (Not Started) -> Harmonization (Not Started) -> Assent (Not Started),2024-07-23,,"Hon Tajudeen Abbas (APC, Kaduna, Constituency: Zaria)",Hon Tajudeen Abbas,Not Yet Referred,Hon Tajudeen Abbas
7e20980f-2e31-4893-a18f-04fba9c3b7c2,"Constitution of the Federal Republic of Nigeria, 1999 (Sixth Alteration) Bill, 2024",First Reading (House: 2024-07-17) -> Second Reading (Not Started) -> Committee Assignment (Not Started) -> Report (Not Started) -> Third Reading/Concurrence (Not Started) -> Harmonization (Not Started) -> Assent (Not Started),2024-07-17,,"Hon Bamidele Salam (PDP, Osun, Constituency: Ede North/Ede South/ Egbedore/Ejigbo)",Hon Bamidele Salam,Not Yet Referred,Hon Bamidele Salam
83aa4469-17c5-46c1-a72d-19cba1e8a386,"Constitution of the Federal Republic of Nigeria, 1999 (Sixth Alteration) Bill, 2024",First Reading (House: 2024-09-26) -> Second Reading (Not Started) -> Committee Assignment (Not Started) -> Report (Not Started) -> Third Reading/Concurrence (Not Started) -> Harmonization (Not Started) -> Assent (Not Started),2024-09-26,,"Gaza Jonathan Gbefwi (PDP, Nasarawa, Constituency: Keffi/Karu/Kokona); Hon Mansur Manu Soro (APC, Bauchi, Constituency: Darazo/Gunjuwa)",Gaza Jonathan Gbefwi; Hon Mansur Manu Soro,Not Yet Referred,Gaza Jonathan Gbefwi
8454d214-cba8-40d7-ad08-e3f3f797e40f,"Constitution of the Federal Republic of Nigeria, 1999 (Sixth Alteration) Bill, 2024",First Reading (House: 2024-05-21) -> Second Reading (Not Started) -> Committee Assignment (Not Started) -> Report (Not Started) -> Third Reading/Concurrence (Not Started) -> Harmonization (Not Started) -> Assent (Not Started),2024-05-21,,"Hon Kingsley Chinda (PDP, Rivers, Constituency: Obio/Akpor)",Hon Kingsley Chinda,Not Yet Referred,Hon Kingsley Chinda
929fc9fc-e689-4e88-8b79-4254680386e1,"Constitution of the Federal Republic of Nigeria, 1999 (Sixth Alteration) Bill, 2024",First Reading (House: 2024-07-18) -> Second Reading (Not Started) -> Committee Assignment (Not Started) -> Report (Not Started) -> Third Reading/Concurrence (Not Started) -> Harmonization (Not Started) -> Assent (Not Started),2024-07-18,,"Hon Paul Asuquo Ekpo (PDP, Akwa Ibom, Constituency: Etinan/Nsit Ibom/Nsit ubium)",Hon Paul Asuquo Ekpo,Not Yet Referred,Hon Paul Asuquo Ekpo
95f293d1-79f2-4714-b4de-183b3ba64e7b,"Constitution of the Federal Republic of Nigeria, 1999 (Sixth Alteration) Bill, 2024",First Reading (House: 2024-07-17) -> Second Reading (Not Started) -> Committee Assignment (Not Started) -> Report (Not Started) -> Third Reading/Concurrence (Not Started) -> Harmonization (Not Started) -> Assent (Not Started),2024-07-17,,"Hon Ugochinyere Onyinye Ikeagwuonu (PDP, Imo, Constituency: Ideato North/Ideato South)",Hon Ugochinyere Onyinye Ikeagwuonu,Not Yet Referred,Hon Ugochinyere Onyinye Ikeagwuonu
9651245f-3825-4453-bf18-6eea57ca0a3d,"Constitution of the Federal Republic of Nigeria, 1999 (Sixth Alteration) Bill, 2024",First Reading (House: 2024-05-22) -> Second Reading (Not Started) -> Committee Assignment (Not Started) -> Report (Not Started) -> Third Reading/Concurrence (Not Started) -> Harmonization (Not Started) -> Assent (Not Started),2024-05-22,,"Hon Ugochinyere Onyinye Ikeagwuonu (PDP, Imo, Constituency: Ideato North/Ideato South)",Hon Ugochinyere Onyinye Ikeagwuonu,Not Yet Referred,Hon Ugochinyere Onyinye Ikeagwuonu
a493fe93-0ffb-404f-a9ae-05a70f12158e,"Constitution of the Federal Republic of Nigeria, 1999 (Sixth Alteration) Bill, 2024",First Reading (House: 2024-07-23) -> Second Reading (Not Started) -> Committee Assignment (Not Started) -> Report (Not Started) -> Third Reading/Concurrence (Not Started) -> Harmonization (Not Started) -> Assent (Not Started),2024-07-23,,"Hon Kingsley Chinda (PDP, Rivers, Constituency: Obio/Akpor)",Hon Kingsley Chinda,Not Yet Referred,Hon Kingsley Chinda
aa6d56e3-af95-44da-8731-9728a6cac5d9,"Constitution of the Federal Republic of Nigeria, 1999 (Sixth Alteration) Bill, 2024",First Reading (House: 2024-07-17) -> Second Reading (Not Started) -> Committee Assignment (Not Started) -> Report (Not Started) -> Third Reading/Concurrence (Not Started) -> Harmonization (Not Started) -> Assent (Not Started),2024-07-17,,"Murphy Osaro Omoruyi (LP, Edo, Constituency: Egor/Ikpoba-Okha)",Murphy Osaro Omoruyi,Not Yet Referred,Murphy Osaro Omoruyi
ae2c170b-4390-4da7-93e5-bfd32cf36490,"Constitution of the Federal Republic of Nigeria, 1999 (Sixth alteration) Bill, 2024",First Reading (House: 2024-06-05) -> Second Reading (Not Started) -> Committee Assignment (Not Started) -> Report (Not Started) -> Third Reading/Concurrence (Not Started) -> Harmonization (Not Started) -> Assent (Not Started),2024-06-05,,"Hon Kabir Tukura Ibrahim (APC, Kebbi, Constituency: Fakai/Sakaba/Wasagu/Danko/ Zuru)",Hon Kabir Tukura Ibrahim,Not Yet Referred,Hon Kabir Tukura Ibrahim
b3436168-8083-4ee6-8c5c-f0a413836018,"Constitution of the Federal Republic of Nigeria, 1999 (Sixth Alteration) Bill, 2024",First Reading (House: 2024-05-23) -> Second Reading (Not Started) -> Committee Assignment (Not Started) -> Report (Not Started) -> Third Reading/Concurrence (Not Started) -> Harmonization (Not Started) -> Assent (Not Started),2024-05-23,,"Hon Babajimi Adegoke Benson (APC, Lagos, Constituency: Ikorodu)",Hon Babajimi Adegoke Benson,Not Yet Referred,Hon Babajimi Adegoke Benson
bb01b060-a141-4763-a1fe-1145da36de92,"Constitution of the Federal Republic of Nigeria, 1999 (Sixth Alteration) Bill, 2024",First Reading (House: 2024-05-23) -> Second Reading (Not Started) -> Committee Assignment (Not Started) -> Report (Not Started) -> Third Reading/Concurrence (Not Started) -> Harmonization (Not Started) -> Assent (Not Started),2024-05-23,,"Chinedu Tochukwu Okere (APC, Imo, Constituency: Owerri Municipal/Owerri North/Owerri West)",Chinedu Tochukwu Okere,Not Yet Referred,Chinedu Tochukwu Okere
c9ca77e2-5ae5-4b9d-a379-e84e314a38e4,"Constitution of the Federal Republic of Nigeria, 1999 (Sixth Alteration) Bill, 2024",First Reading (House: 2024-05-23) -> Second Reading (House: 2024-07-18) -> Committee Assignment (House: 2024-07-18) -> Report (Not Started) -> Third Reading/Concurrence (Not Started) -> Harmonization (Not Started) -> Assent (Not Started),2024-05-23,2024-07-18,"Hon Babajimi Adegoke Benson (APC, Lagos, Constituency: Ikorodu)",Hon Babajimi Adegoke Benson,Constitution Review,Hon Babajimi Adegoke Benson
cc1992f0-cc82-4e74-ae67-619438e35079,"Constitution of the Federal Republic of Nigeria, 1999 (Sixth Alteration) Bill, 2024",First Reading (House: 2024-05-23) -> Second Reading (Not Started) -> Committee Assignment (Not Started) -> Report (Not Started) -> Third Reading/Concurrence (Not Started) -> Harmonization (Not Started) -> Assent (Not Started),2024-05-23,,"Hon Babajimi Adegoke Benson (APC, Lagos, Constituency: Ikorodu)",Hon Babajimi Adegoke Benson,Not Yet Referred,Hon Babajimi Adegoke Benson
cd9b6d87-c13b-4225-aeaa-bfe1de1d2159,"Constitution of the Federal Republic of Nigeria, 1999 (Sixth Alteration) Bill, 2024",First Reading (House: 2024-09-26) -> Second Reading (Not Started) -> Committee Assignment (Not Started) -> Report (Not Started) -> Third Reading/Concurrence (Not Started) -> Harmonization (Not Started) -> Assent (Not Started),2024-09-26,,"Hon Chinedu Ogah (APC, Ebonyi, Constituency: Ezza South/Ikwo)",Hon Chinedu Ogah,Not Yet Referred,Hon Chinedu Ogah
ceecdbb4-de2a-42c3-ad19-33802597bd8b,"Constitution of the Federal Republic of Nigeria, 1999 (Sixth Alteration) Bill, 2024",First Reading (House: 2024-09-26) -> Second Reading (Not Started) -> Committee Assignment (Not Started) -> Report (Not Started) -> Third Reading/Concurrence (Not Started) -> Harmonization (Not Started) -> Assent (Not Started),2024-09-26,,"Hon Mansur Manu Soro (APC, Bauchi, Constituency: Darazo/Gunjuwa)",Hon Mansur Manu Soro,Not Yet Referred,Hon Mansur Manu Soro
d12aa3b9-28fa-4577-a810-6b98167d92ba,"Constitution of the Federal Republic of Nigeria, 1999 (Sixth Alteration) Bill, 2024",First Reading (House: 2024-05-21) -> Second Reading (Not Started) -> Committee Assignment (Not Started) -> Report (Not Started) -> Third Reading/Concurrence (Not Started) -> Harmonization (Not Started) -> Assent (Not Started),2024-05-21,,"Hon Mansur Manu Soro (APC, Bauchi, Constituency: Darazo/Gunjuwa)",Hon Mansur Manu Soro,Not Yet Referred,Hon Mansur Manu Soro
df726e90-9417-4702-a0bf-a886234737e0,"Constitution of the Federal Republic of Nigeria, 1999 (Sixth Alteration) Bill, 2024",First Reading (House: 2024-07-23) -> Second Reading (Not Started) -> Committee Assignment (Not Started) -> Report (Not Started) -> Third Reading/Concurrence (Not Started) -> Harmonization (Not Started) -> Assent (Not Started),2024-07-23,,"Hon Amos Gwamna Magaji (APC, Kaduna, Constituency: Zangon Kataf/Jaba)",Hon Amos Gwamna Magaji,Not Yet Referred,Hon Amos Gwamna Magaji
e0ad7f1f-7c52-4051-be22-2647af856c8b,"Constitution of the Federal Republic of Nigeria, 1999 (Sixth Alteration) Bill, 2024",First Reading (House: 2024-05-23) -> Second Reading (Not Started) -> Committee Assignment (Not Started) -> Report (Not Started) -> Third Reading/Concurrence (Not Started) -> Harmonization (Not Started) -> Assent (Not Started),2024-05-23,,"Hon Adetola Kafilat Ogbara (APC, Lagos, Constituency: Kosofe)",Hon Adetola Kafilat Ogbara,Not Yet Referred,Hon Adetola Kafilat Ogbara
e57d5572-f837-4a2d-b020-19e732ab6d90,"Constitution of the Federal Republic of Nigeria, 1999 (Sixth Alteration) Bill, 2024",First Reading (House: 2024-05-23) -> Second Reading (Not Started) -> Committee Assignment (Not Started) -> Report (Not Started) -> Third Reading/Concurrence (Not Started) -> Harmonization (Not Started) -> Assent (Not Started),2024-05-23,,"Hon Babajimi Adegoke Benson (APC, Lagos, Constituency: Ikorodu)",Hon Babajimi Adegoke Benson,Not Yet Referred,Hon Babajimi Adegoke Benson
f18d4817-627e-44b5-9650-b361d97482ef,"Constitution of the Federal Republic of Nigeria, 1999 (Sixth Alteration) Bill, 2024",First Reading (House: 2024-05-21) -> Second Reading (Not Started) -> Committee Assignment (Not Started) -> Report (Not Started) -> Third Reading/Concurrence (Not Started) -> Harmonization (Not Started) -> Assent (Not Started),2024-05-21,,"Hon Babajimi Adegoke Benson (APC, Lagos, Constituency: Ikorodu)",Hon Babajimi Adegoke Benson,Not Yet Referred,Hon Babajimi Adegoke Benson
f43cb444-6f1a-44da-9256-2b11eb5d2db0,"Constitution of the Federal Republic of Nigeria, 1999 (Sixth Alteration) Bill, 2024",First Reading (House: 2024-07-23) -> Second Reading (Not Started) -> Committee Assignment (Not Started) -> Report (Not Started) -> Third Reading/Concurrence (Not Started) -> Harmonization (Not Started) -> Assent (Not Started),2024-07-23,,"Hon Tajudeen Abbas (APC, Kaduna, Constituency: Zaria)",Hon Tajudeen Abbas,Not Yet Referred,Hon Tajudeen Abbas
f6be2306-7d66-4d49-ac97-c607d0d65742,"Constitution of the Federal Republic of Nigeria, 1999 (Sixth Alteration) Bill, 2024",First Reading (House: 2024-05-21) -> Second Reading (Not Started) -> Committee Assignment (Not Started) -> Report (Not Started) -> Third Reading/Concurrence (Not Started) -> Harmonization (Not Started) -> Assent (Not Started),2024-05-21,,"Hon Babajimi Adegoke Benson (APC, Lagos, Constituency: Ikorodu)",Hon Babajimi Adegoke Benson,Not Yet Referred,Hon Babajimi Adegoke Benson
f75311e9-b814-4f93-abdd-3474fd54cd09,"Constitution of the Federal Republic of Nigeria, 1999 (Sixth Alteration) Bill, 2024",First Reading (House: 2024-05-22) -> Second Reading (Not Started) -> Committee Assignment (Not Started) -> Report (Not Started) -> Third Reading/Concurrence (Not Started) -> Harmonization (Not Started) -> Assent (Not Started),2024-05-22,,"Hon Babajimi Adegoke Benson (APC, Lagos, Constituency: Ikorodu)",Hon Babajimi Adegoke Benson,Not Yet Referred,Hon Babajimi Adegoke Benson
fe8669cf-c3b5-46a9-b7e9-5806f6401da8,"Constitution of the Federal Republic of Nigeria, 1999 (Sixth Alteration) Bill, 2024",First Reading (House: 2024-07-11) -> Second Reading (Not Started) -> Committee Assignment (Not Started) -> Report (Not Started) -> Third Reading/Concurrence (Not Started) -> Harmonization (Not Started) -> Assent (Not Started),2024-07-11,,"Mark Udo Esset (PDP, Akwa Ibom, Constituency: Uyo/Uruan/Nsit Atai/ Ibesikpo Asutan)",Mark Udo Esset,Not Yet Referred,Mark Udo Esset
ff4e1332-40b1-45ff-9b98-fcaa2523344d,"Constitution of the Federal Republic of Nigeria, 1999 (Sixth Alteration) Bill, 2024",First Reading (House: 2024-07-17) -> Second Reading (Not Started) -> Committee Assignment (Not Started) -> Report (Not Started) -> Third Reading/Concurrence (Not Started) -> Harmonization (Not Started) -> Assent (Not Started),2024-07-17,,"Hon Sulaiman Gumi Abubakar (PDP, Zamfara, Constituency: Gummi/Bukkuyum)",Hon Sulaiman Gumi Abubakar,Not Yet Referred,Hon Sulaiman Gumi Abubakar
06cb3266-67dc-4a81-8663-91ca03639ba9,"Constitution of the Federal Republic of Nigeria, 1999 (Sixth Alteration) Bill, 2025",First Reading (House: 2025-12-16) -> Second Reading (Not Started) -> Committee Assignment (Not Started) -> Report (Not Started) -> Third Reading/Concurrence (Not Started) -> Harmonization (Not Started) -> Assent (Not Started),2025-12-16,,"Hon Usman Ibrahim Auyo (APC, Jigawa, Constituency: Hadejia/Kafin Hausa)",Hon Usman Ibrahim Auyo,Not Yet Referred,Hon Usman Ibrahim Auyo
0c6daeb3-3f3b-446c-ad8c-95cc47629741,"Constitution of the Federal Republic of Nigeria, 1999 (Sixth Alteration) Bill, 2025",First Reading (House: 2025-11-12) -> Second Reading (Not Started) -> Committee Assignment (Not Started) -> Report (Not Started) -> Third Reading/Concurrence (Not Started) -> Harmonization (Not Started) -> Assent (Not Started),2025-11-12,,"Hon Benedict Etanabene (LP, Delta, Constituency: Okpe/Sapele/Uvwie)",Hon Benedict Etanabene,Not Yet Referred,Hon Benedict Etanabene
18d82678-6885-4cf7-949f-bc03614cbcf3,"Constitution of the Federal Republic of Nigeria, 1999 (Sixth Alteration) Bill, 2025",First Reading (House: 2025-11-12) -> Second Reading (Not Started) -> Committee Assignment (Not Started) -> Report (Not Started) -> Third Reading/Concurrence (Not Started) -> Harmonization (Not Started) -> Assent (Not Started),2025-11-12,,"Hon Dumnamene Robinson Dekor (PDP, Rivers, Constituency: Khana/Gokana); Hon Awaji-inombek Dagomie Abiante (PDP, Rivers, Constituency: Opobo/Nkoro/Andoni)",Hon Dumnamene Robinson Dekor; Hon Awaji-inombek Dagomie Abiante,Not Yet Referred,Hon Dumnamene Robinson Dekor
34943be3-23de-459e-b83b-38b75272ec9f,"Constitution of the Federal Republic of Nigeria, 1999 (Sixth Alteration) Bill, 2025",First Reading (House: 2025-12-10) -> Second Reading (Not Started) -> Committee Assignment (Not Started) -> Report (Not Started) -> Third Reading/Concurrence (Not Started) -> Harmonization (Not Started) -> Assent (Not Started),2025-12-10,,"Hon Blessing Onyeche Onuh (APGA, Benue, Constituency: Otukpo/Ohimini)",Hon Blessing Onyeche Onuh,Not Yet Referred,Hon Blessing Onyeche Onuh
37caf98c-02f6-4f1d-b3d0-86c7d048d007,"Constitution of the Federal Republic of Nigeria, 1999 (Sixth Alteration) Bill, 2025",First Reading (House: 2025-11-12) -> Second Reading (Not Started) -> Committee Assignment (Not Started) -> Report (Not Started) -> Third Reading/Concurrence (Not Started) -> Harmonization (Not Started) -> Assent (Not Started),2025-11-12,,"Hon Rodney Ebikebina Ambiowei (PDP, Bayelsa, Constituency: Southern Ijaw)",Hon Rodney Ebikebina Ambiowei,Not Yet Referred,Hon Rodney Ebikebina Ambiowei
5579bcd2-266f-4cbe-a828-0a7d2e6f0216,"Constitution of the Federal Republic of Nigeria, 1999 (Sixth Alteration) Bill, 2025",First Reading (Not Started) -> Second Reading (Not Started) -> Committee Assignment (Not Started) -> Report (Not Started) -> Third Reading/Concurrence (Not Started) -> Harmonization (Not Started) -> Assent (Not Started),,,"Esosa Iyawe (LP, Edo, Constituency: Oredo)",Esosa Iyawe,Not Yet Referred,Esosa Iyawe
65ef5f37-d2a2-4794-92e9-9573840d7027,"Constitution of the Federal Republic of Nigeria, 1999 (Sixth Alteration) Bill, 2025",First Reading (House: 2025-12-10) -> Second Reading (Not Started) -> Committee Assignment (Not Started) -> Report (Not Started) -> Third Reading/Concurrence (Not Started) -> Harmonization (Not Started) -> Assent (Not Started),2025-12-10,,"Adesola Ayoola Elegbeji (APC, Ogun, Constituency: Ikenne/Shagamu/Remo North)",Adesola Ayoola Elegbeji,Not Yet Referred,Adesola Ayoola Elegbeji
71ceab20-ab7b-4bec-ab4e-26bcb5b7097c,"Constitution of the Federal Republic of Nigeria, 1999 (Sixth Alteration) Bill, 2025",First Reading (House: 2025-11-12) -> Second Reading (Not Started) -> Committee Assignment (Not Started) -> Report (Not Started) -> Third Reading/Concurrence (Not Started) -> Harmonization (Not Started) -> Assent (Not Started),2025-11-12,,"Morufu Adewale Adebayo (PDP, Osun, Constituency: Irepodun/Olorunda/Osogbo/Orolu)",Morufu Adewale Adebayo,Not Yet Referred,Morufu Adewale Adebayo
7be8aa3c-63a3-47c0-a333-7a2e5c876820,"Constitution of the Federal Republic of Nigeria, 1999 (Sixth Alteration) Bill, 2025",First Reading (Not Started) -> Second Reading (Not Started) -> Committee Assignment (Not Started) -> Report (Not Started) -> Third Reading/Concurrence (Not Started) -> Harmonization (Not Started) -> Assent (Not Started),,,"Hon Martins Etim Esin (PDP, Akwa Ibom, Constituency: Oron/Mbo/Okobo/Udung Uko/Urue Offong/Oruko)",Hon Martins Etim Esin,Not Yet Referred,Hon Martins Etim Esin
9b2efd64-b765-41fb-a60d-a87f06e66756,"Constitution of the Federal Republic of Nigeria, 1999 (Sixth Alteration) Bill, 2025",First Reading (House: 2025-11-12) -> Second Reading (Not Started) -> Committee Assignment (Not Started) -> Report (Not Started) -> Third Reading/Concurrence (Not Started) -> Harmonization (Not Started) -> Assent (Not Started),2025-11-12,,"Hon Ayodeji Alao (APC, Oyo, Constituency: Ogbomoso North/ Ogbomoso South/Orire)",Hon Ayodeji Alao,Not Yet Referred,Hon Ayodeji Alao
9fa34c67-55ec-4772-9b38-51a8534bfd1f,"Constitution of the Federal Republic of Nigeria, 1999 (Sixth Alteration) Bill, 2025",First Reading (Not Started) -> Second Reading (Not Started) -> Committee Assignment (Not Started) -> Report (Not Started) -> Third Reading/Concurrence (Not Started) -> Harmonization (Not Started) -> Assent (Not Started),,,"Hon Aminu Jamo Daura (APC, Katsina, Constituency: Daura/Sandamu/Mai’adua); Nasiru Shehu (APC, Sokoto, Constituency: Dange-Shuni/Bodinga/Tureta); Hon Jonathan Ajirioghene Ukodhiko (PDP, Delta, Constituency: Isoko North/Isoko South); Hon Benjamin Kalu (APC, Abia, Constituency: Bende); Hon Ibe Okwara Osonwa (LP, Abia, Constituency: Arochukwu/Ohafia); Hon Babajimi Adegoke Benson (APC, Lagos, Constituency: Ikorodu); Kelechi Nwogu (PDP, Rivers, Constituency: Etche/Omuma)",Hon Aminu Jamo Daura; Nasiru Shehu; Hon Jonathan Ajirioghene Ukodhiko; Hon Benjamin Kalu; Hon Ibe Okwara Osonwa; Hon Babajimi Adegoke Benson; Kelechi Nwogu,Not Yet Referred,Hon Aminu Jamo Daura
b0d50a28-f70d-49dc-a562-bcc04c08c850,"Constitution of the Federal Republic of Nigeria, 1999 (Sixth Alteration) Bill, 2025",First Reading (House: 2025-12-10) -> Second Reading (Not Started) -> Committee Assignment (Not Started) -> Report (Not Started) -> Third Reading/Concurrence (Not Started) -> Harmonization (Not Started) -> Assent (Not Started),2025-12-10,,"Adesola Ayoola Elegbeji (APC, Ogun, Constituency: Ikenne/Shagamu/Remo North)",Adesola Ayoola Elegbeji,Not Yet Referred,Adesola Ayoola Elegbeji
cfd604b3-7bc2-428c-bc48-f60eee913615,"Constitution of the Federal Republic of Nigeria, 1999 (Sixth Alteration) Bill, 2025",First Reading (House: 2025-07-03) -> Second Reading (Not Started) -> Committee Assignment (Not Started) -> Report (Not Started) -> Third Reading/Concurrence (Not Started) -> Harmonization (Not Started) -> Assent (Not Started),2025-07-03,,"Hon Aminu Jamo Daura (APC, Katsina, Constituency: Daura/Sandamu/Mai’adua)",Hon Aminu Jamo Daura,Not Yet Referred,Hon Aminu Jamo Daura
28e15334-6182-4dbc-91ca-b0d59667a80f,"Constitution of the Federal Republic of Nigeria, 1999 (Sixth Alteration) Bill, 2025 (",First Reading (House: 2025-12-10) -> Second Reading (Not Started) -> Committee Assignment (Not Started) -> Report (Not Started) -> Third Reading/Concurrence (Not Started) -> Harmonization (Not Started) -> Assent (Not Started),2025-12-10,,"Hon Abdulraheem Olatunji Olawuyi (APC, Kwara, Constituency: Ekiti/Isin/Irepodun/Oke-Ero)",Hon Abdulraheem Olatunji Olawuyi,Not Yet Referred,Hon Abdulraheem Olatunji Olawuyi
99d3bcb2-ee79-4a46-9793-a2df71c72cdb,"Constitution of the Federal Republic of Nigeria, 1999 (Sixth Alteration) Bill, 2025 (Creation of Ibadan State)",First Reading (House: 2025-07-22) -> Second Reading (Not Started) -> Committee Assignment (Not Started) -> Report (Not Started) -> Third Reading/Concurrence (Not Started) -> Harmonization (Not Started) -> Assent (Not Started),2025-07-22,,"Hon Abass Adekunle Adeogun (PDP, Oyo, Constituency: Ibadan North East/Ibadan South East)",Hon Abass Adekunle Adeogun,Not Yet Referred,Hon Abass Adekunle Adeogun
e979c8f9-8b7f-463e-9c96-d1ef024d18a1,"Constitution of the Federal Republic of Nigeria, 1999 (Sixth Alteration) Bill, 2025 (Creation of Ose State) (",First Reading (House: 2025-07-22) -> Second Reading (Not Started) -> Committee Assignment (Not Started) -> Report (Not Started) -> Third Reading/Concurrence (Not Started) -> Harmonization (Not Started) -> Assent (Not Started),2025-07-22,,"Ifeoluwa Ehindero (APC, Ondo, Constituency: Akoko North East/Akoko North West)",Ifeoluwa Ehindero,Not Yet Referred,Ifeoluwa Ehindero
96f09f74-c958-4c9e-bea7-118835575702,"Constitution of the Federal Republic of Nigeria, 1999 (Sixth Alteration) Bill, 2025 (HB.2600)",First Reading (House: 2025-11-12) -> Second Reading (Not Started) -> Committee Assignment (Not Started) -> Report (Not Started) -> Third Reading/Concurrence (Not Started) -> Harmonization (Not Started) -> Assent (Not Started),2025-11-12,,"Hon Midala Usman Balami (PDP, Borno, Constituency: Askira-Uba/Hawul)",Hon Midala Usman Balami,Not Yet Referred,Hon Midala Usman Balami
64b97b8b-f4c1-4b2c-8a32-47180676c400,"Constitution of the Federal Republic of Nigeria, 1999 (Sixth Alteration) Bill, 2025.",First Reading (Not Started) -> Second Reading (Not Started) -> Committee Assignment (Not Started) -> Report (Not Started) -> Third Reading/Concurrence (Not Started) -> Harmonization (Not Started) -> Assent (Not Started),,,"Hon Osi Kama Nkemkanma (LP, Ebonyi, Constituency: Ivo-Ohaozara/Onicha)",Hon Osi Kama Nkemkanma,Not Yet Referred,Hon Osi Kama Nkemkanma
3979ad2a-a4d7-4f48-9d5b-29443fb0304d,"Constitution of the Federal Republic of Nigeria, 1999 (Sixth Alteration) Bill, 2026",First Reading (House: 2026-03-12) -> Second Reading (Not Started) -> Committee Assignment (Not Started) -> Report (Not Started) -> Third Reading/Concurrence (Not Started) -> Harmonization (Not Started) -> Assent (Not Started),2026-03-12,,"Chinedu Tochukwu Okere (APC, Imo, Constituency: Owerri Municipal/Owerri North/Owerri West)",Chinedu Tochukwu Okere,Not Yet Referred,Chinedu Tochukwu Okere
5b4ffda2-cab7-4668-948f-b1ccfcf83837,"Constitution of the Federal Republic of Nigeria, 1999 (Sixth Alteration) Bill, 2026",First Reading (House: 2026-03-12) -> Second Reading (Not Started) -> Committee Assignment (Not Started) -> Report (Not Started) -> Third Reading/Concurrence (Not Started) -> Harmonization (Not Started) -> Assent (Not Started),2026-03-12,,"Murphy Osaro Omoruyi (LP, Edo, Constituency: Egor/Ikpoba-Okha)",Murphy Osaro Omoruyi,Not Yet Referred,Murphy Osaro Omoruyi
8fb02d67-6d4b-4175-98e6-91ed6fc35602,"Constitution of the Federal Republic of Nigeria, 1999 (Sixth Alteration) Bill, 2026",First Reading (House: 2026-03-12) -> Second Reading (Not Started) -> Committee Assignment (Not Started) -> Report (Not Started) -> Third Reading/Concurrence (Not Started) -> Harmonization (Not Started) -> Assent (Not Started),2026-03-12,,"Chinedu Tochukwu Okere (APC, Imo, Constituency: Owerri Municipal/Owerri North/Owerri West)",Chinedu Tochukwu Okere,Not Yet Referred,Chinedu Tochukwu Okere
0bf05e0a-fddb-45fc-aa7e-aed0a580a662,"Constitution of the Federal Republic of Nigeria, 1999 Act (Alteration) Bill, 2023",First Reading (House: 2023-07-27) -> Second Reading (Not Started) -> Committee Assignment (Not Started) -> Report (Not Started) -> Third Reading/Concurrence (Not Started) -> Harmonization (Not Started) -> Assent (Not Started),2023-07-27,,"Hon Dachung Musa Bagos (PDP, Plateau, Constituency: Jos South/Jos East)",Hon Dachung Musa Bagos,Not Yet Referred,Hon Dachung Musa Bagos
3a16543b-1cba-4f1e-a5fa-5430e0bf59af,"Constitution of the Federal Republic of Nigeria, 1999 Act (Alteration) Bill, 2023",First Reading (House: 2023-07-27) -> Second Reading (Not Started) -> Committee Assignment (Not Started) -> Report (Not Started) -> Third Reading/Concurrence (Not Started) -> Harmonization (Not Started) -> Assent (Not Started),2023-07-27,,"Hon Dachung Musa Bagos (PDP, Plateau, Constituency: Jos South/Jos East)",Hon Dachung Musa Bagos,Not Yet Referred,Hon Dachung Musa Bagos
4fc5c121-a11f-48d2-89b8-bc2890016404,"Constitution of the Federal Republic of Nigeria, 1999 Act (Alteration) Bill, 2023",First Reading (House: 2023-11-07) -> Second Reading (Not Started) -> Committee Assignment (Not Started) -> Report (Not Started) -> Third Reading/Concurrence (Not Started) -> Harmonization (Not Started) -> Assent (Not Started),2023-11-07,,"Hon Awaji-inombek Dagomie Abiante (PDP, Rivers, Constituency: Opobo/Nkoro/Andoni)",Hon Awaji-inombek Dagomie Abiante,Not Yet Referred,Hon Awaji-inombek Dagomie Abiante
53251603-624c-4787-bee1-c4abfefa903c,"Constitution of the Federal Republic of Nigeria, 1999 Act (Alteration) Bill, 2023",First Reading (House: 2023-11-16) -> Second Reading (Not Started) -> Committee Assignment (Not Started) -> Report (Not Started) -> Third Reading/Concurrence (Not Started) -> Harmonization (Not Started) -> Assent (Not Started),2023-11-16,,"Hon Ojema Ojotu (PDP, Benue, Constituency: Apa/Agatu)",Hon Ojema Ojotu,Not Yet Referred,Hon Ojema Ojotu
5b4504ac-659b-43d2-a1ac-fff850e3c68a,"Constitution of the Federal Republic of Nigeria, 1999 Act (Alteration) Bill, 2023",First Reading (House: 2023-11-22) -> Second Reading (Not Started) -> Committee Assignment (Not Started) -> Report (Not Started) -> Third Reading/Concurrence (Not Started) -> Harmonization (Not Started) -> Assent (Not Started),2023-11-22,,"Hon Mansur Manu Soro (APC, Bauchi, Constituency: Darazo/Gunjuwa)",Hon Mansur Manu Soro,Not Yet Referred,Hon Mansur Manu Soro
5ec650f1-9c9d-4a06-91eb-35e73b070a15,"Constitution of the Federal Republic of Nigeria, 1999 Act (Alteration) Bill, 2023",First Reading (House: 2023-11-22) -> Second Reading (Not Started) -> Committee Assignment (Not Started) -> Report (Not Started) -> Third Reading/Concurrence (Not Started) -> Harmonization (Not Started) -> Assent (Not Started),2023-11-22,,"Hon Mansur Manu Soro (APC, Bauchi, Constituency: Darazo/Gunjuwa)",Hon Mansur Manu Soro,Not Yet Referred,Hon Mansur Manu Soro
61ae559f-0e0f-4b23-b6d3-2572a3a28d01,"Constitution of the Federal Republic of Nigeria, 1999 Act (Alteration) Bill, 2023",First Reading (House: 2023-11-16) -> Second Reading (House: 2024-02-27) -> Committee Assignment (House: 2024-02-27) -> Report (Not Started) -> Third Reading/Concurrence (Not Started) -> Harmonization (Not Started) -> Assent (Not Started),2023-11-16,2024-02-27,"Hon Sulaiman Gumi Abubakar (PDP, Zamfara, Constituency: Gummi/Bukkuyum)",Hon Sulaiman Gumi Abubakar,Constitution Review,Hon Sulaiman Gumi Abubakar
67eabb5e-535b-4521-9800-87e76fa97260,"Constitution of the Federal Republic of Nigeria, 1999 Act (Alteration) Bill, 2023",First Reading (House: 2023-11-16) -> Second Reading (Not Started) -> Committee Assignment (Not Started) -> Report (Not Started) -> Third Reading/Concurrence (Not Started) -> Harmonization (Not Started) -> Assent (Not Started),2023-11-16,,"Hon Alex Egbona (PDP, Cross River, Constituency: Yakurr/Abi)",Hon Alex Egbona,Not Yet Referred,Hon Alex Egbona
808b2e88-12a9-4333-9181-74174135043a,"Constitution of the Federal Republic of Nigeria, 1999 Act (Alteration) Bill, 2023",First Reading (House: 2023-07-27) -> Second Reading (Not Started) -> Committee Assignment (Not Started) -> Report (Not Started) -> Third Reading/Concurrence (Not Started) -> Harmonization (Not Started) -> Assent (Not Started),2023-07-27,,"Hon Dachung Musa Bagos (PDP, Plateau, Constituency: Jos South/Jos East)",Hon Dachung Musa Bagos,Not Yet Referred,Hon Dachung Musa Bagos
a2f1acd4-ffc3-4564-9f0d-122dcaa7400c,"Constitution of the Federal Republic of Nigeria, 1999 Act (Alteration) Bill, 2023",First Reading (House: 2023-07-27) -> Second Reading (Not Started) -> Committee Assignment (Not Started) -> Report (Not Started) -> Third Reading/Concurrence (Not Started) -> Harmonization (Not Started) -> Assent (Not Started),2023-07-27,,"Hon Dachung Musa Bagos (PDP, Plateau, Constituency: Jos South/Jos East)",Hon Dachung Musa Bagos,Not Yet Referred,Hon Dachung Musa Bagos
ac41231f-3833-47e3-b1d9-d2d3b2befcff,"Constitution of the Federal Republic of Nigeria, 1999 Act (Alteration) Bill, 2023",First Reading (House: 2023-11-22) -> Second Reading (Not Started) -> Committee Assignment (Not Started) -> Report (Not Started) -> Third Reading/Concurrence (Not Started) -> Harmonization (Not Started) -> Assent (Not Started),2023-11-22,,"Hon Mansur Manu Soro (APC, Bauchi, Constituency: Darazo/Gunjuwa)",Hon Mansur Manu Soro,Not Yet Referred,Hon Mansur Manu Soro
b17fe937-3bd0-4ca9-912a-ea361042ef9c,"Constitution of the Federal Republic of Nigeria, 1999 Act (Alteration) Bill, 2023",First Reading (House: 2023-07-27) -> Second Reading (Not Started) -> Committee Assignment (Not Started) -> Report (Not Started) -> Third Reading/Concurrence (Not Started) -> Harmonization (Not Started) -> Assent (Not Started),2023-07-27,,"Hon Dachung Musa Bagos (PDP, Plateau, Constituency: Jos South/Jos East)",Hon Dachung Musa Bagos,Not Yet Referred,Hon Dachung Musa Bagos
bf6d049c-d1da-4fdb-9630-df60e82acb3a,"Constitution of the Federal Republic of Nigeria, 1999 Act (Alteration) Bill, 2023",First Reading (House: 2023-10-19) -> Second Reading (House: 2024-02-28) -> Committee Assignment (Not Started) -> Report (Not Started) -> Third Reading/Concurrence (Not Started) -> Harmonization (Not Started) -> Assent (Not Started),2023-10-19,2024-02-28,"Hon Awaji-inombek Dagomie Abiante (PDP, Rivers, Constituency: Opobo/Nkoro/Andoni)",Hon Awaji-inombek Dagomie Abiante,Not Yet Referred,Hon Awaji-inombek Dagomie Abiante
cb6efa1d-02bc-4c84-9a21-b6084bfe56fc,"Constitution of the Federal Republic of Nigeria, 1999 Act (Alteration) Bill, 2023",First Reading (House: 2023-07-27) -> Second Reading (Not Started) -> Committee Assignment (Not Started) -> Report (Not Started) -> Third Reading/Concurrence (Not Started) -> Harmonization (Not Started) -> Assent (Not Started),2023-07-27,,"Hon Dachung Musa Bagos (PDP, Plateau, Constituency: Jos South/Jos East)",Hon Dachung Musa Bagos,Not Yet Referred,Hon Dachung Musa Bagos
f3d756a6-91d5-4001-9fee-8cdf7d38500c,"Constitution of the Federal Republic of Nigeria, 1999 Act (Alteration) Bill, 2023",First Reading (House: 2023-10-19) -> Second Reading (Not Started) -> Committee Assignment (Not Started) -> Report (Not Started) -> Third Reading/Concurrence (Not Started) -> Harmonization (Not Started) -> Assent (Not Started),2023-10-19,,"Hon Awaji-inombek Dagomie Abiante (PDP, Rivers, Constituency: Opobo/Nkoro/Andoni)",Hon Awaji-inombek Dagomie Abiante,Not Yet Referred,Hon Awaji-inombek Dagomie Abiante
e094cab5-f66d-4f45-8ca4-b2e7f6ea05b1,"Constitution of the Federal Republic of Nigeria, 1999, Act (Alteration) Bill, 2023",First Reading (House: 2023-10-24) -> Second Reading (Not Started) -> Committee Assignment (Not Started) -> Report (Not Started) -> Third Reading/Concurrence (Not Started) -> Harmonization (Not Started) -> Assent (Not Started),2023-10-24,,"Hon Ibrahim Almustapha Aliyu (APC, Sokoto, Constituency: Wurno/Rabah)",Hon Ibrahim Almustapha Aliyu,Not Yet Referred,Hon Ibrahim Almustapha Aliyu
6b182822-1168-4af2-bb40-d63248fc9eeb,"Constitution of the Federal Republic of Nigeria,1999 (Alteration) Bill, 2024",First Reading (House: 2024-06-11) -> Second Reading (Not Started) -> Committee Assignment (Not Started) -> Report (Not Started) -> Third Reading/Concurrence (Not Started) -> Harmonization (Not Started) -> Assent (Not Started),2024-06-11,,"Jaafaru Yakubu (PDP, Taraba, Constituency: Bali/Gassol)",Jaafaru Yakubu,Not Yet Referred,Jaafaru Yakubu
a9819a2a-2c78-46fa-96ff-9003aff5cc86,"Constitution of the Federal Republic on Nigeria (Alteration) Bill, 2025",First Reading (Not Started) -> Second Reading (Not Started) -> Committee Assignment (Not Started) -> Report (Not Started) -> Third Reading/Concurrence (Not Started) -> Harmonization (Not Started) -> Assent (Not Started),,,"Hon Tajudeen Abbas (APC, Kaduna, Constituency: Zaria)",Hon Tajudeen Abbas,Not Yet Referred,Hon Tajudeen Abbas
074b2b69-6511-4102-b9ea-3eef6cc18b8a,"Contamination Centre, (Establishment) Bill, 2023",First Reading (House: 2023-07-27) -> Second Reading (Not Started) -> Committee Assignment (Not Started) -> Report (Not Started) -> Third Reading/Concurrence (Not Started) -> Harmonization (Not Started) -> Assent (Not Started),2023-07-27,,"Hon Taofeek Abimbola Ajilesoro (APC, Osun, Constituency: Ife Central/Ife North/Ife South/Ife East)",Hon Taofeek Abimbola Ajilesoro,Not Yet Referred,Hon Taofeek Abimbola Ajilesoro
0570ba78-581f-48c0-b9e5-ee0ae737a5d1,"Control of Small Arms and Light Weapons Bill, 2023",First Reading (House: 2023-07-25) -> Second Reading (House: 2023-07-26) -> Committee Assignment (House: 2023-10-10) -> Report (House: 2023-10-17) -> Third Reading/Concurrence (Not Started) -> Harmonization (Not Started) -> Assent (Not Started),2023-07-25,2023-07-26,"Hon Ahmadu Usman Jaha (APC, Borno, Constituency: Damboa/Gwoza/Chibok)",Hon Ahmadu Usman Jaha,the Whole,Hon Ahmadu Usman Jaha
3588e7a6-296d-4a1f-bdf8-8227f35b18af,"Control of Usage of Artificial Intelligence Technology in Nigeria Bill, 2023",First Reading (House: 2023-11-22) -> Second Reading (Not Started) -> Committee Assignment (Not Started) -> Report (Not Started) -> Third Reading/Concurrence (Not Started) -> Harmonization (Not Started) -> Assent (Not Started),2023-11-22,,"Hon Sada Soli (APC, Katsina, Constituency: Jibia/Kaita)",Hon Sada Soli,Not Yet Referred,Hon Sada Soli
c6496002-d69a-49a5-84c0-ecc2197c7579,"Copyright Act (Amendment) Bill, 2023",First Reading (House: 2023-10-05) -> Second Reading (Not Started) -> Committee Assignment (Not Started) -> Report (Not Started) -> Third Reading/Concurrence (Not Started) -> Harmonization (Not Started) -> Assent (Not Started),2023-10-05,,"Hon Olumide Babatunde Osoba (APC, Ogun, Constituency: Abeokuta North/ Obafemi- Owode/Odeda)",Hon Olumide Babatunde Osoba,Not Yet Referred,Hon Olumide Babatunde Osoba
824bbfa7-d76b-4832-9264-2df9bc1b03fe,"Corporate Bodies (Members Emolument) Act (Repeal) Bill, 2023",First Reading (House: 2023-07-26) -> Second Reading (Not Started) -> Committee Assignment (Not Started) -> Report (Not Started) -> Third Reading/Concurrence (Not Started) -> Harmonization (Not Started) -> Concurrence (Not Started) -> Assent (Not Started),2023-07-26,,"Hon Osi Kama Nkemkanma (LP, Ebonyi, Constituency: Ivo-Ohaozara/Onicha)",Hon Osi Kama Nkemkanma,Not Yet Referred,Hon Osi Kama Nkemkanma
eceed687-caf3-4d65-a4cb-e4f5e9554384,"Corporate Social Responsibility Bill, 2023",First Reading (House: 2023-07-25) -> Second Reading (House: 2023-11-08) -> Committee Assignment (House: 2023-11-08) -> Report (Not Started) -> Third Reading/Concurrence (Not Started) -> Harmonization (Not Started) -> Assent (Not Started),2023-07-25,2023-11-08,"Hon Olumide Babatunde Osoba (APC, Ogun, Constituency: Abeokuta North/ Obafemi- Owode/Odeda)",Hon Olumide Babatunde Osoba,Corporate Social Responsibility,Hon Olumide Babatunde Osoba
cb2a6aa4-f2ff-4a35-a5e4-e04a29f3f125,"Corporate Social Responsibility Commission (Establishment) Bill, 2023",First Reading (House: 2023-11-07) -> Second Reading (Not Started) -> Committee Assignment (Not Started) -> Report (Not Started) -> Third Reading/Concurrence (Not Started) -> Harmonization (Not Started) -> Assent (Not Started),2023-11-07,,"Hon Saidu Musa Abdullahi (APC, Niger, Constituency: Bida/Gbako/Katcha)",Hon Saidu Musa Abdullahi,Not Yet Referred,Hon Saidu Musa Abdullahi
da7be8c6-8d69-4aae-9823-9fa9aac5029b,"Corporate Social Responsibility Commission (Establishment) Bill, 2023",First Reading (House: 2023-11-02) -> Second Reading (Not Started) -> Committee Assignment (Not Started) -> Report (Not Started) -> Third Reading/Concurrence (Not Started) -> Harmonization (Not Started) -> Assent (Not Started),2023-11-02,,"Hon Jesse Okey-Joe Onuakachi (LP, Lagos, Constituency: Oshodi/Isolo II)",Hon Jesse Okey-Joe Onuakachi,Not Yet Referred,Hon Jesse Okey-Joe Onuakachi
360b0747-828f-4704-a256-cde041582113,"Corrupt Practices and other related Offences (Amendment) Bill, 2023",First Reading (House: 2023-07-27) -> Second Reading (House: 2023-10-10) -> Committee Assignment (House: 2023-10-10) -> Report (House: 2024-02-29) -> Third Reading/Concurrence (House: 2024-03-06) -> Harmonization (Not Started) -> Assent (Not Started),2023-07-27,2023-10-10,"Hon Benjamin Kalu (APC, Abia, Constituency: Bende)",Hon Benjamin Kalu,the Whole,Hon Benjamin Kalu
8f64314c-776a-4460-99d4-107b125d273e,"Corrupt Practices and Other Related Offences Act (Amendment) Bill, 2023",First Reading (House: 2023-07-27) -> Second Reading (Not Started) -> Committee Assignment (Not Started) -> Report (Not Started) -> Third Reading/Concurrence (Not Started) -> Harmonization (Not Started) -> Assent (Not Started),2023-07-27,,"Hon Dachung Musa Bagos (PDP, Plateau, Constituency: Jos South/Jos East)",Hon Dachung Musa Bagos,Not Yet Referred,Hon Dachung Musa Bagos
ce35a1da-d91d-44ab-9063-24dd6ef65b70,"Council for Regulation of Legislative Counsel and Other Legislative Practitioners (Establishment), Bill 2023",First Reading (House: 2023-07-12) -> Second Reading (Not Started) -> Committee Assignment (Not Started) -> Report (Not Started) -> Third Reading/Concurrence (Not Started) -> Harmonization (Not Started) -> Assent (Not Started),2023-07-12,,"Hon Kingsley Chinda (PDP, Rivers, Constituency: Obio/Akpor)",Hon Kingsley Chinda,Not Yet Referred,Hon Kingsley Chinda
f713ef9f-87df-46a3-b1b4-141c58ff9e1f,Council for the Regulations of Freight Forwarding in Nigeria Act (Amendment) Bill 2024,First Reading (House: 2024-04-30) -> Second Reading (Not Started) -> Committee Assignment (Not Started) -> Report (Not Started) -> Third Reading/Concurrence (Not Started) -> Harmonization (Not Started) -> Assent (Not Started),2024-04-30,,"Hon Oluwole Oke (PDP, Osun, Constituency: Obokun/Oriade)",Hon Oluwole Oke,Not Yet Referred,Hon Oluwole Oke
5f8e00bc-3b47-4c7d-a9da-6cb8d1f01f96,"Counter Insurgency Bill, 2024",First Reading (House: 2024-07-23) -> Second Reading (Not Started) -> Committee Assignment (Not Started) -> Report (Not Started) -> Third Reading/Concurrence (Not Started) -> Harmonization (Not Started) -> Assent (Not Started),2024-07-23,,"Hon Tajudeen Abbas (APC, Kaduna, Constituency: Zaria)",Hon Tajudeen Abbas,Not Yet Referred,Hon Tajudeen Abbas
f6c9e5a1-3998-47af-ba29-f3a1f2f15e29,"Counter Sabotage Bill, 2024",First Reading (House: 2024-07-23) -> Second Reading (Not Started) -> Committee Assignment (Not Started) -> Report (Not Started) -> Third Reading/Concurrence (Not Started) -> Harmonization (Not Started) -> Assent (Not Started),2024-07-23,,"Hon Tajudeen Abbas (APC, Kaduna, Constituency: Zaria)",Hon Tajudeen Abbas,Not Yet Referred,Hon Tajudeen Abbas
73b3a425-63e3-4510-963b-d6287adcb4fd,"Counter Subversion Bill, 2024",First Reading (House: 2024-07-23) -> Second Reading (Not Started) -> Committee Assignment (Not Started) -> Report (Not Started) -> Third Reading/Concurrence (Not Started) -> Harmonization (Not Started) -> Assent (Not Started),2024-07-23,,"Hon Tajudeen Abbas (APC, Kaduna, Constituency: Zaria)",Hon Tajudeen Abbas,Not Yet Referred,Hon Tajudeen Abbas
f46ceeaa-ea14-4c21-9678-795f9faf2d58,"Counterfeit and Fake Drugs and Unwholesome Processed Foods (Amendment) Bill, 2023",First Reading (House: 2023-07-27) -> Second Reading (Not Started) -> Committee Assignment (Not Started) -> Report (Not Started) -> Third Reading/Concurrence (Not Started) -> Harmonization (Not Started) -> Assent (Not Started),2023-07-27,,"Hon Rabiu Yusuf (NNPP, Kano, Constituency: Sumaila/Takai)",Hon Rabiu Yusuf,Not Yet Referred,Hon Rabiu Yusuf
d91a3c78-b627-415b-a2aa-14cd41f55cff,"Counterfeit and Fake Drugs and Unwholesome Processed Foods (Miscellaneous Provision) Act (Repeal and Enactment) Bill, 2023",First Reading (House: 2023-12-01) -> Second Reading (Not Started) -> Committee Assignment (Not Started) -> Report (Not Started) -> Third Reading/Concurrence (Not Started) -> Harmonization (Not Started) -> Assent (Not Started),2023-12-01,,"Hon Dennis Idahosa (APC, Edo, Constituency: Ovia North East/Ovia South West)",Hon Dennis Idahosa,Not Yet Referred,Hon Dennis Idahosa
0b42f120-2df0-4853-9e61-d5d95352f090,"Counterfeit and Fake Drugs and Unwholesome Processed Foods (Miscellaneous Provisions) Act (Amendment) Bill, 2023",First Reading (House: 2023-11-07) -> Second Reading (Not Started) -> Committee Assignment (Not Started) -> Report (Not Started) -> Third Reading/Concurrence (Not Started) -> Harmonization (Not Started) -> Assent (Not Started),2023-11-07,,"Hon Aliyu Bappa misau (PDP, Bauchi, Constituency: Misau/Dambam)",Hon Aliyu Bappa misau,Not Yet Referred,Hon Aliyu Bappa misau
d91adcca-9ee5-456a-9fb5-eb24ffb75969,"Counterfeit and Fake Drugs and Unwholesome Processed Foods (Miscellaneous Provisions) Act (Amendment) Bill, 2025",First Reading (House: 2025-07-03) -> Second Reading (Not Started) -> Committee Assignment (Not Started) -> Report (Not Started) -> Third Reading/Concurrence (Not Started) -> Harmonization (Not Started) -> Assent (Not Started),2025-07-03,,"Hon. Akingbaso Festus Olanrewaju (APC, Ondo, Constituency: Idanre/Ifedore)",Hon. Akingbaso Festus Olanrewaju,Not Yet Referred,Hon. Akingbaso Festus Olanrewaju
c5207af6-c4ce-4650-bf8d-cab239321425,"Counterfeit and Fake Drugs and Unwholesome Processed Foods and Drinks (Miscellaneous Provision) (Amendment) Bill, 2025",First Reading (Not Started) -> Second Reading (Not Started) -> Committee Assignment (Not Started) -> Report (Not Started) -> Third Reading/Concurrence (Not Started) -> Harmonization (Not Started) -> Assent (Not Started),,,"Hon Sada Soli (APC, Katsina, Constituency: Jibia/Kaita)",Hon Sada Soli,Not Yet Referred,Hon Sada Soli
85c80ffd-efc4-42a2-8e5c-0aa547980d7c,"Counterfeit Currency (Special Provision) Act (Amendment) Bill, 2023",First Reading (House: 2023-11-07) -> Second Reading (Not Started) -> Committee Assignment (Not Started) -> Report (Not Started) -> Third Reading/Concurrence (Not Started) -> Harmonization (Not Started) -> Assent (Not Started),2023-11-07,,"Hon Aliyu Bappa misau (PDP, Bauchi, Constituency: Misau/Dambam)",Hon Aliyu Bappa misau,Not Yet Referred,Hon Aliyu Bappa misau
d924bb37-21a5-44f6-9735-c844271db916,"Counterfeit Medical Products, Fake Drugs and Wholesome Processed Foods (Prohibition and Control) Act (Repeal and Enactment) Bill, 2023",First Reading (House: 2023-10-10) -> Second Reading (House: 2024-02-29) -> Committee Assignment (House: 2024-02-29) -> Report (Not Started) -> Third Reading/Concurrence (Not Started) -> Harmonization (Not Started) -> Assent (Not Started),2023-10-10,2024-02-29,"Hon Adewale Hameed (APC, Lagos, Constituency: Agege)",Hon Adewale Hameed,the Whole,Hon Adewale Hameed
397cc9b2-8985-4092-91a9-2b49be398006,"Court of Appeal Act (Amendment) Bill, 2023",First Reading (House: 2023-11-28) -> Second Reading (House: 2024-05-15) -> Committee Assignment (House: 2024-05-15) -> Report (House: 2024-06-11) -> Third Reading/Concurrence (Not Started) -> Harmonization (Not Started) -> Assent (Not Started),2023-11-28,2024-05-15,"Patrick Umoh (APC, Akwa Ibom, Constituency: Ikot Ekpene/Essien Udim/ Obot Akara)",Patrick Umoh,Judiciary,Patrick Umoh
e773a3ed-8bf9-481e-b958-28a534004489,"Court of Appeal Act (Amendment) Bill, 2023",First Reading (House: 2023-07-27) -> Second Reading (House: 2024-05-21) -> Committee Assignment (House: 2024-05-21) -> Report (Not Started) -> Third Reading/Concurrence (Not Started) -> Harmonization (Not Started) -> Assent (Not Started),2023-07-27,2024-05-21,"Hon Babajimi Adegoke Benson (APC, Lagos, Constituency: Ikorodu)",Hon Babajimi Adegoke Benson,the Whole,Hon Babajimi Adegoke Benson
d15626de-e4ed-4056-a2a9-73813b95dc2c,"Court of Appeal Act (Amendment) Bill, 2024",First Reading (House: 2024-05-08) -> Second Reading (Not Started) -> Committee Assignment (Not Started) -> Report (Not Started) -> Third Reading/Concurrence (Not Started) -> Harmonization (Not Started) -> Assent (Not Started),2024-05-08,,"Patrick Umoh (APC, Akwa Ibom, Constituency: Ikot Ekpene/Essien Udim/ Obot Akara)",Patrick Umoh,Not Yet Referred,Patrick Umoh
e2c09cbe-d6fc-47d7-a6e9-76330c5cd588,"Court of Appeal Act (Amendment) Bill, 2026",First Reading (House: 2026-03-11) -> Second Reading (Not Started) -> Committee Assignment (Not Started) -> Report (Not Started) -> Third Reading/Concurrence (Not Started) -> Harmonization (Not Started) -> Assent (Not Started),2026-03-11,,"Executive (APC, N/A, Constituency: .)",Executive,Not Yet Referred,Executive
1eb0cc43-3af5-4299-be3f-c7bed2ee716b,"Crimes Against Humanity, War Crimes, Genocide and Related Offences Bill, 2025",First Reading (House: 2025-11-18) -> Second Reading (Not Started) -> Committee Assignment (Not Started) -> Report (Not Started) -> Third Reading/Concurrence (Not Started) -> Harmonization (Not Started) -> Assent (Not Started),2025-11-18,,"Hon Akintunde Rotimi (APC, Ekiti, Constituency: Ikole/Oye)",Hon Akintunde Rotimi,Not Yet Referred,Hon Akintunde Rotimi
03c5e7c2-3d49-4a09-a7f2-7f7dde7a597c,"Criminal Code Act (Amendment) Bill, 2023",First Reading (House: 2023-10-10) -> Second Reading (Not Started) -> Committee Assignment (Not Started) -> Report (Not Started) -> Third Reading/Concurrence (Not Started) -> Harmonization (Not Started) -> Assent (Not Started),2023-10-10,,"Hon Jesse Okey-Joe Onuakachi (LP, Lagos, Constituency: Oshodi/Isolo II)",Hon Jesse Okey-Joe Onuakachi,Not Yet Referred,Hon Jesse Okey-Joe Onuakachi
2c30c547-2876-4737-ba39-c03a65e1b7ce,"Criminal Code Act (Amendment) Bill, 2023",First Reading (House: 2023-10-25) -> Second Reading (Not Started) -> Committee Assignment (Not Started) -> Report (Not Started) -> Third Reading/Concurrence (Not Started) -> Harmonization (Not Started) -> Assent (Not Started),2023-10-25,,"Hon Mohammed Bello El-Rufai (APC, Kaduna, Constituency: Kaduna North)",Hon Mohammed Bello El-Rufai,Not Yet Referred,Hon Mohammed Bello El-Rufai
7c68420e-14b2-46ed-bfc4-6611bcd4ae19,"Criminal Code Act (Amendment) Bill, 2023",First Reading (House: 2023-11-23) -> Second Reading (Not Started) -> Committee Assignment (Not Started) -> Report (Not Started) -> Third Reading/Concurrence (Not Started) -> Harmonization (Not Started) -> Assent (Not Started),2023-11-23,,"Hon Bukar Talba (APC, Borno, Constituency: Monguno/Nganzai/Marte)",Hon Bukar Talba,Not Yet Referred,Hon Bukar Talba
c888c467-1a3f-44c6-9b77-039d9f902472,"Criminal Code Act (Amendment) Bill, 2023",First Reading (House: 2023-07-18) -> Second Reading (Not Started) -> Committee Assignment (Not Started) -> Report (Not Started) -> Third Reading/Concurrence (Not Started) -> Harmonization (Not Started) -> Assent (Not Started),2023-07-18,,"Hon Francis Ejiroghene Waive (APC, Delta, Constituency: Ughelli North, Ughelli South/Udu)",Hon Francis Ejiroghene Waive,Not Yet Referred,Hon Francis Ejiroghene Waive
013e61fc-f812-458b-aa13-5996274ce27c,"Criminal Code Act (Amendment) Bill, 2025",First Reading (Not Started) -> Second Reading (Not Started) -> Committee Assignment (Not Started) -> Report (Not Started) -> Third Reading/Concurrence (Not Started) -> Harmonization (Not Started) -> Assent (Not Started),,,"Hon Abiola Peter Makinde (APC, Ondo, Constituency: Ondo East/Ondo West)",Hon Abiola Peter Makinde,Not Yet Referred,Hon Abiola Peter Makinde
4a9a9044-35e4-4b20-9a82-acef6b5d8981,"Criminal Code Act (Amendment) Bill, 2025",First Reading (Not Started) -> Second Reading (Not Started) -> Committee Assignment (Not Started) -> Report (Not Started) -> Third Reading/Concurrence (Not Started) -> Harmonization (Not Started) -> Assent (Not Started),,,"Hon Abiola Peter Makinde (APC, Ondo, Constituency: Ondo East/Ondo West)",Hon Abiola Peter Makinde,Not Yet Referred,Hon Abiola Peter Makinde
0226402a-286d-48bf-8697-94b7ecea1a17,Criminal Code ACT CAP C38 LFN to Provide Stiffer Penalties to Selected Sections of the ACT 2004,First Reading (Not Started) -> Second Reading (Not Started) -> Committee Assignment (Not Started) -> Report (Not Started) -> Third Reading/Concurrence (Not Started) -> Harmonization (Not Started) -> Assent (Not Started),,,"Hon Abdulmumin Ari Mohammed (APC, Nasarawa, Constituency: Nassarawa/Toto)",Hon Abdulmumin Ari Mohammed,Not Yet Referred,Hon Abdulmumin Ari Mohammed
a9e1df88-ed51-4598-9755-2238e26cf19f,"Criminal Justice Act (Amendment) Bill, 2023",First Reading (House: 2023-07-19) -> Second Reading (Not Started) -> Committee Assignment (Not Started) -> Report (Not Started) -> Third Reading/Concurrence (Not Started) -> Harmonization (Not Started) -> Assent (Not Started),2023-07-19,,"Hon Mathew Nwogu (LP, Imo, Constituency: Aboh Mbaise/Ngor Okpala)",Hon Mathew Nwogu,Not Yet Referred,Hon Mathew Nwogu
0dbd5e30-4318-4b88-9440-befa87984829,"Critical Infrastructure Protection Bill, 2023",First Reading (House: 2023-11-14) -> Second Reading (Not Started) -> Committee Assignment (Not Started) -> Report (Not Started) -> Third Reading/Concurrence (Not Started) -> Harmonization (Not Started) -> Assent (Not Started),2023-11-14,,"Hon Paul Nnamchi (LP, Enugu, Constituency: Enugu East/Isi Uzo)",Hon Paul Nnamchi,Not Yet Referred,Hon Paul Nnamchi
9bcb4203-0f4f-4262-acec-4eb5dbfcb97c,"Crude Oil Theft (Prevention and Prohibition) Bill, 2025",First Reading (House: 2025-07-22) -> Second Reading (Not Started) -> Committee Assignment (Not Started) -> Report (Not Started) -> Third Reading/Concurrence (Not Started) -> Harmonization (Not Started) -> Assent (Not Started),2025-07-22,,"Hon Alhassan Ado Garba (APC, Kano, Constituency: Doguwa/Tudun Wada)",Hon Alhassan Ado Garba,Not Yet Referred,Hon Alhassan Ado Garba
9cf7b43f-e661-4aa5-8461-6e538347cdb1,"Currency Change (Procedure) Bill, 2023",First Reading (House: 2023-07-26) -> Second Reading (Not Started) -> Committee Assignment (Not Started) -> Report (Not Started) -> Third Reading/Concurrence (Not Started) -> Harmonization (Not Started) -> Assent (Not Started),2023-07-26,,"Hon Gboyega Nasir Isiaka (APC, Ogun, Constituency: Egbado North/Imeko-Afon); Hon Joshua Gana (PDP, Niger, Constituency: Lavun/Mokwa/Edati); Hon Benjamin Kalu (APC, Abia, Constituency: Bende); Hon Osi Kama Nkemkanma (LP, Ebonyi, Constituency: Ivo-Ohaozara/Onicha); Hon Jafaru Gambe Leko (APC, Bauchi, Constituency: Bogoro/Dass/Tafawa Balewa); Nwaeke Felix Uche (PDP, Rivers, Constituency: Eleme/Tai/Oyigbo); Hon Oluwole Oke (PDP, Osun, Constituency: Obokun/Oriade)",Hon Gboyega Nasir Isiaka; Hon Joshua Gana; Hon Benjamin Kalu; Hon Osi Kama Nkemkanma; Hon Jafaru Gambe Leko; Nwaeke Felix Uche; Hon Oluwole Oke,Not Yet Referred,Hon Gboyega Nasir Isiaka
e4a5a7ae-0af7-4dc4-a8a8-4a405871e897,"Currency Offences Act (Amendment) Bill, 2023",First Reading (House: 2023-11-07) -> Second Reading (Not Started) -> Committee Assignment (Not Started) -> Report (Not Started) -> Third Reading/Concurrence (Not Started) -> Harmonization (Not Started) -> Assent (Not Started),2023-11-07,,"Hon Awaji-inombek Dagomie Abiante (PDP, Rivers, Constituency: Opobo/Nkoro/Andoni)",Hon Awaji-inombek Dagomie Abiante,Not Yet Referred,Hon Awaji-inombek Dagomie Abiante
aa743778-d20e-4eb1-8aac-de5321f8a5ce,"Cybercrimes (Prohibition and Protection) Act (Amendment) Bill, 2023",First Reading (House: 2023-07-18) -> Second Reading (Not Started) -> Committee Assignment (Not Started) -> Report (Not Started) -> Third Reading/Concurrence (Not Started) -> Harmonization (Not Started) -> Concurrence (Not Started) -> Assent (Not Started),2023-07-18,,"Hon Benjamin Kalu (APC, Abia, Constituency: Bende)",Hon Benjamin Kalu,Not Yet Referred,Hon Benjamin Kalu
cae8ad3f-8a21-47b8-90d1-20c5167a4952,"Cybercrimes (Prohibition, Prevention etc.) Act (Amendment) Bill, 2023",First Reading (House: 2023-10-24) -> Second Reading (Not Started) -> Committee Assignment (Not Started) -> Report (Not Started) -> Third Reading/Concurrence (Not Started) -> Harmonization (Not Started) -> Assent (Not Started),2023-10-24,,"Hon Satomi Alhaji Ahmad (APC, Borno, Constituency: Jere)",Hon Satomi Alhaji Ahmad,Not Yet Referred,Hon Satomi Alhaji Ahmad
1adb46b9-eca1-4468-a1bc-76505549a77b,"Cybercrimes (Prohibition, Prevention etc) Act (Amendment) Bill, 2023",First Reading (House: 2023-11-16) -> Second Reading (Not Started) -> Committee Assignment (Not Started) -> Report (Not Started) -> Third Reading/Concurrence (Not Started) -> Harmonization (Not Started) -> Assent (Not Started),2023-11-16,,"Hon Abubakar Hassan Nalaraba (APC, Nasarawa, Constituency: Awe/Doma/Keana)",Hon Abubakar Hassan Nalaraba,Not Yet Referred,Hon Abubakar Hassan Nalaraba
72b138f4-a662-4776-ab20-0e803adc43df,"Cybercrimes (Prohibition, Prevention etc) Act (Amendment) Bill, 2023",First Reading (House: 2023-10-19) -> Second Reading (Not Started) -> Committee Assignment (Not Started) -> Report (Not Started) -> Third Reading/Concurrence (Not Started) -> Harmonization (Not Started) -> Assent (Not Started),2023-10-19,,"Hon Alex Egbona (PDP, Cross River, Constituency: Yakurr/Abi)",Hon Alex Egbona,Not Yet Referred,Hon Alex Egbona
ac5eb50d-82c1-404b-b99a-eaf0f423d0ea,"Dangerous Drugs Act (Amendment) Bill, 2025",First Reading (Not Started) -> Second Reading (Not Started) -> Committee Assignment (Not Started) -> Report (Not Started) -> Third Reading/Concurrence (Not Started) -> Harmonization (Not Started) -> Assent (Not Started),,,"Jubrin Abdulmumin (APC, Kano, Constituency: Bebeji/Kiru)",Jubrin Abdulmumin,Not Yet Referred,Jubrin Abdulmumin
55cab4b5-1c3a-4241-b554-b8920a4ec515,"Dave Umahi Federal University of Medical Sciences, Uburu, Ebonyi State (Establishment) Bill, 2023",First Reading (House: 2023-07-27) -> Second Reading (Not Started) -> Committee Assignment (Not Started) -> Report (Not Started) -> Third Reading/Concurrence (Not Started) -> Harmonization (Not Started) -> Assent (Not Started),2023-07-27,,"Hon Chinedu Ogah (APC, Ebonyi, Constituency: Ezza South/Ikwo)",Hon Chinedu Ogah,Not Yet Referred,Hon Chinedu Ogah
fba8cabd-dfc8-485f-bcd0-3efad6c3308e,"Debt Management Bureau Act (Amendment) Bill, 2023",First Reading (House: 2023-10-24) -> Second Reading (Not Started) -> Committee Assignment (Not Started) -> Report (Not Started) -> Third Reading/Concurrence (Not Started) -> Harmonization (Not Started) -> Assent (Not Started),2023-10-24,,"Hon Miriam Onuoha (APC, Imo, Constituency: Isiala Mbano/Okigwe/Onuimo)",Hon Miriam Onuoha,Not Yet Referred,Hon Miriam Onuoha
b763b08d-c9e2-440d-a373-b3064a9e38b8,"Debt Management Bureau Act (Amendment) Bill, 2024",First Reading (House: 2024-03-12) -> Second Reading (Not Started) -> Committee Assignment (Not Started) -> Report (Not Started) -> Third Reading/Concurrence (Not Started) -> Harmonization (Not Started) -> Assent (Not Started),2024-03-12,,"Hon Mansur Manu Soro (APC, Bauchi, Constituency: Darazo/Gunjuwa)",Hon Mansur Manu Soro,Not Yet Referred,Hon Mansur Manu Soro
9e25957b-1cb0-4e64-9da1-9202194b819f,"Defence Industries Corporation of Nigeria (Repeal and Re-enactment) Bill, 2023",First Reading (House: 2023-07-12) -> Second Reading (Not Started) -> Committee Assignment (Not Started) -> Report (Not Started) -> Third Reading/Concurrence (Not Started) -> Harmonization (Not Started) -> Assent (Not Started),2023-07-12,,"Hon Oluwole Oke (PDP, Osun, Constituency: Obokun/Oriade)",Hon Oluwole Oke,Not Yet Referred,Hon Oluwole Oke
f3594ef2-f467-45df-8473-74b9d3734f16,Defence Industries Corporation of Nigeria (Repeal) Bill 2023,First Reading (House: 2023-07-13) -> Second Reading (House: 2023-07-18) -> Committee Assignment (House: 2023-07-18) -> Report (House: 2023-07-18) -> Third Reading/Concurrence (House: 2023-07-18) -> Harmonization (Not Started) -> Assent (Not Started),2023-07-13,2023-07-18,"Hon Julius Ihonvbere (APC, Edo, Constituency: Owan East/Owan West)",Hon Julius Ihonvbere,the Whole,Hon Julius Ihonvbere
902e6ab1-746e-40bb-b365-8166f6ec390c,"Dental Technologists (Registration, Etc.) Act (Amendment) Bill, 2026",First Reading (House: 2026-03-12) -> Second Reading (Not Started) -> Committee Assignment (Not Started) -> Report (Not Started) -> Third Reading/Concurrence (Not Started) -> Harmonization (Not Started) -> Assent (Not Started),2026-03-12,,"Executive (APC, N/A, Constituency: .)",Executive,Not Yet Referred,Executive
e3644342-0374-4eeb-ba6e-a4f7e07c7382,"Dental Therapists (Registration, Etc.) Act (Amendment) Bill, 2026",First Reading (House: 2026-03-12) -> Second Reading (Not Started) -> Committee Assignment (Not Started) -> Report (Not Started) -> Third Reading/Concurrence (Not Started) -> Harmonization (Not Started) -> Assent (Not Started),2026-03-12,,"Executive (APC, N/A, Constituency: .)",Executive,Not Yet Referred,Executive
be6381c2-c254-4739-a3a5-30f3aabad15e,"Department of State Service Research and Development Bureau (Establishment) Bill, 2026",First Reading (House: 2026-03-11) -> Second Reading (Not Started) -> Committee Assignment (Not Started) -> Report (Not Started) -> Third Reading/Concurrence (Not Started) -> Harmonization (Not Started) -> Assent (Not Started),2026-03-11,,"Hon Tajudeen Abbas (APC, Kaduna, Constituency: Zaria)",Hon Tajudeen Abbas,Not Yet Referred,Hon Tajudeen Abbas
79fa0e78-f086-4703-acf9-83955a44f8e3,"Department of State Services Security Trust Fund Bill, 2025.",First Reading (Not Started) -> Second Reading (Not Started) -> Committee Assignment (Not Started) -> Report (Not Started) -> Third Reading/Concurrence (Not Started) -> Harmonization (Not Started) -> Assent (Not Started),,,"Hon Gagdi Adamu Yusuf (APC, Plateau, Constituency: Kanke/Pankshin/Kanam)",Hon Gagdi Adamu Yusuf,Not Yet Referred,Hon Gagdi Adamu Yusuf
1ac310f2-9ff9-4cc5-aff7-96d3e58a18a6,"Dietitians Council of Nigeria (Establishment) Bill, 2024",First Reading (House: 2024-02-14) -> Second Reading (House: 2024-03-06) -> Committee Assignment (House: 2024-03-06) -> Report (Not Started) -> Third Reading/Concurrence (House: 2024-07-23) -> Harmonization (Not Started) -> Assent (Not Started),2024-02-14,2024-03-06,"Hon Francis Ejiroghene Waive (APC, Delta, Constituency: Ughelli North, Ughelli South/Udu)",Hon Francis Ejiroghene Waive,the Whole,Hon Francis Ejiroghene Waive
c052c47a-0294-4052-a470-263d1a07bd2b,"Digital Health Services Bill, 2025",First Reading (Not Started) -> Second Reading (Not Started) -> Committee Assignment (Not Started) -> Report (Not Started) -> Third Reading/Concurrence (Not Started) -> Harmonization (Not Started) -> Assent (Not Started),,,"Esosa Iyawe (LP, Edo, Constituency: Oredo)",Esosa Iyawe,Not Yet Referred,Esosa Iyawe
b126e9e7-af33-4f17-ab3e-15a515706f0a,"Digital Marketing Regulation Bill, 2024",First Reading (House: 2024-05-22) -> Second Reading (Not Started) -> Committee Assignment (Not Started) -> Report (Not Started) -> Third Reading/Concurrence (Not Started) -> Harmonization (Not Started) -> Assent (Not Started),2024-05-22,,"Esosa Iyawe (LP, Edo, Constituency: Oredo)",Esosa Iyawe,Not Yet Referred,Esosa Iyawe
3438892a-d87d-471d-823b-db7fd9c72368,"Digital Rights and Freedom Bill, 2024",First Reading (Not Started) -> Second Reading (Not Started) -> Committee Assignment (Not Started) -> Report (Not Started) -> Third Reading/Concurrence (Not Started) -> Harmonization (Not Started) -> Assent (Not Started),,,"Chris Nkwonta (PDP, Abia, Constituency: Ukwa East/Ukwa West)",Chris Nkwonta,Not Yet Referred,Chris Nkwonta
8e92a97c-b932-4b8e-94e4-53880bee8e11,"Digital Television Services (Pay-Per-View) Subscription Bill, 2023",First Reading (House: 2023-11-23) -> Second Reading (Not Started) -> Committee Assignment (Not Started) -> Report (Not Started) -> Third Reading/Concurrence (Not Started) -> Harmonization (Not Started) -> Assent (Not Started),2023-11-23,,"Hon Bukar Talba (APC, Borno, Constituency: Monguno/Nganzai/Marte)",Hon Bukar Talba,Not Yet Referred,Hon Bukar Talba
ef7c978d-262b-4051-9e6e-de949f9cc8c4,"Discrimination Against Persons with Disabilities (Prohibition) Act (Amendment) Bill, 2023",First Reading (House: 2023-11-16) -> Second Reading (Not Started) -> Committee Assignment (Not Started) -> Report (Not Started) -> Third Reading/Concurrence (Not Started) -> Harmonization (Not Started) -> Assent (Not Started),2023-11-16,,"Hon Kingsley Chinda (PDP, Rivers, Constituency: Obio/Akpor)",Hon Kingsley Chinda,Not Yet Referred,Hon Kingsley Chinda
b71c5798-c5c2-48a2-b4e7-9763e9e8bac4,"Discrimination Against Persons with Disabilities (Prohibition) Act (Repeal and Enactment) Bill, 2023",First Reading (House: 2023-10-17) -> Second Reading (Not Started) -> Committee Assignment (Not Started) -> Report (Not Started) -> Third Reading/Concurrence (Not Started) -> Harmonization (Not Started) -> Assent (Not Started),2023-10-17,,"Hon Akintunde Rotimi (APC, Ekiti, Constituency: Ikole/Oye)",Hon Akintunde Rotimi,Not Yet Referred,Hon Akintunde Rotimi
6da935df-fef8-4993-adad-b60212ab1599,"Discrimination Against Persons with Disability (Prohibition) Act (Amendment) Bill, 2025",First Reading (House: 2025-12-16) -> Second Reading (Not Started) -> Committee Assignment (Not Started) -> Report (Not Started) -> Third Reading/Concurrence (Not Started) -> Harmonization (Not Started) -> Assent (Not Started),2025-12-16,,"Hon Blessing Onyeche Onuh (APGA, Benue, Constituency: Otukpo/Ohimini)",Hon Blessing Onyeche Onuh,Not Yet Referred,Hon Blessing Onyeche Onuh
f12a4224-7b11-4c7c-9161-7b9dce0f6abf,"Dishonoured Cheque act (Repeal and Enactment) Bill, 2023",First Reading (House: 2023-10-10) -> Second Reading (Not Started) -> Committee Assignment (Not Started) -> Report (Not Started) -> Third Reading/Concurrence (Not Started) -> Harmonization (Not Started) -> Assent (Not Started),2023-10-10,,"Hon. Akingbaso Festus Olanrewaju (APC, Ondo, Constituency: Idanre/Ifedore)",Hon. Akingbaso Festus Olanrewaju,Not Yet Referred,Hon. Akingbaso Festus Olanrewaju
368040be-548f-4eb9-97e6-19c8c96373e4,"Dishonoured Cheques (offences) Act (Amendment) Bill, 2024",First Reading (House: 2024-07-11) -> Second Reading (Not Started) -> Committee Assignment (Not Started) -> Report (Not Started) -> Third Reading/Concurrence (Not Started) -> Harmonization (Not Started) -> Assent (Not Started),2024-07-11,,"Hon Anthony Adebayo Adepoju (PDP, Oyo, Constituency: Ibarapa Central/Ibarapa North)",Hon Anthony Adebayo Adepoju,Not Yet Referred,Hon Anthony Adebayo Adepoju
061d3d91-1f7f-4c0a-ab42-78d6fdfea9bd,"Dollarisation of Nigerian Economy Bill, 2026",First Reading (House: 2026-03-12) -> Second Reading (Not Started) -> Committee Assignment (Not Started) -> Report (Not Started) -> Third Reading/Concurrence (Not Started) -> Harmonization (Not Started) -> Assent (Not Started),2026-03-12,,"Murphy Osaro Omoruyi (LP, Edo, Constituency: Egor/Ikpoba-Okha)",Murphy Osaro Omoruyi,Not Yet Referred,Murphy Osaro Omoruyi
a15acb5b-3f63-48a1-8fa4-e7edae88c7a4,"Ecological Fund Management Board (Establishment) Bill, 2023",First Reading (House: 2023-07-18) -> Second Reading (Not Started) -> Committee Assignment (Not Started) -> Report (Not Started) -> Third Reading/Concurrence (Not Started) -> Harmonization (Not Started) -> Assent (Not Started),2023-07-18,,"Hon Adewunmi Oriyomi Onanuga (APC, Ogun, Constituency: Ikenne/Sagamu/Remo North)",Hon Adewunmi Oriyomi Onanuga,Not Yet Referred,Hon Adewunmi Oriyomi Onanuga
42d0603a-23e9-4294-bd45-6b544de21da3,"Economic and Financial Crimes Commission (Amendment) Bill, 2023",First Reading (House: 2023-11-28) -> Second Reading (Not Started) -> Committee Assignment (Not Started) -> Report (Not Started) -> Third Reading/Concurrence (Not Started) -> Harmonization (Not Started) -> Assent (Not Started),2023-11-28,,"Patrick Umoh (APC, Akwa Ibom, Constituency: Ikot Ekpene/Essien Udim/ Obot Akara)",Patrick Umoh,Not Yet Referred,Patrick Umoh
5486ee4e-08b4-4da9-9393-898f977c5932,"Economic and Financial Crimes Commission Act (Amendment) Bill, 2023",First Reading (House: 2023-10-19) -> Second Reading (Not Started) -> Committee Assignment (Not Started) -> Report (Not Started) -> Third Reading/Concurrence (Not Started) -> Harmonization (Not Started) -> Assent (Not Started),2023-10-19,,"Hon Ozurigbo Ugonna (APC, Imo, Constituency: Isu/Njaba/Nkwerre/Nwangele)",Hon Ozurigbo Ugonna,Not Yet Referred,Hon Ozurigbo Ugonna
e2f4e826-5a57-4401-be3a-410abe195bf9,"Economic and Financial Crimes Commission Act (Amendment) Bill, 2023",First Reading (House: 2023-07-27) -> Second Reading (House: 2023-10-10) -> Committee Assignment (House: 2023-10-10) -> Report (House: 2024-02-29) -> Third Reading/Concurrence (House: 2024-03-06) -> Harmonization (Not Started) -> Assent (Not Started),2023-07-27,2023-10-10,"Hon Benjamin Kalu (APC, Abia, Constituency: Bende)",Hon Benjamin Kalu,the Whole,Hon Benjamin Kalu
b117d2dc-e0aa-41b9-80ec-a26c8203eab5,"Economic and Financial Crimes Commission Act (Amendment) Bill, 2024",First Reading (House: 2024-05-08) -> Second Reading (Not Started) -> Committee Assignment (Not Started) -> Report (Not Started) -> Third Reading/Concurrence (Not Started) -> Harmonization (Not Started) -> Assent (Not Started),2024-05-08,,"Patrick Umoh (APC, Akwa Ibom, Constituency: Ikot Ekpene/Essien Udim/ Obot Akara)",Patrick Umoh,Not Yet Referred,Patrick Umoh
d305775c-78ce-4ca4-93ae-d86d1acf9e9f,"Economic and Financial Crimes Commission Act (Amendment) Bill, 2026",First Reading (House: 2026-03-11) -> Second Reading (Not Started) -> Committee Assignment (Not Started) -> Report (Not Started) -> Third Reading/Concurrence (Not Started) -> Harmonization (Not Started) -> Assent (Not Started),2026-03-11,,"Hon Abdussamad Ibrahim Dasuki (PDP, Sokoto, Constituency: Kebbe/Tambuwal)",Hon Abdussamad Ibrahim Dasuki,Not Yet Referred,Hon Abdussamad Ibrahim Dasuki
60747110-4942-421c-939c-276169405835,"Economic and Financial Crimes Commission Institute (Establishment) Bill, 2025",First Reading (Not Started) -> Second Reading (House: 2025-11-12) -> Committee Assignment (House: 2025-11-12) -> Report (Not Started) -> Third Reading/Concurrence (Not Started) -> Harmonization (Not Started) -> Assent (Not Started),,2025-11-12,"Hon Gagdi Adamu Yusuf (APC, Plateau, Constituency: Kanke/Pankshin/Kanam)",Hon Gagdi Adamu Yusuf,Not Yet Referred,Hon Gagdi Adamu Yusuf
b522199f-54d4-429d-a286-c1e2ae42eff5,"ECOWAS Convention on Small Arms and Light Weapons, their Ammunition, and other Related Materials (Ratification and Enforcement) Bill, 2023",First Reading (House: 2023-07-27) -> Second Reading (Not Started) -> Committee Assignment (Not Started) -> Report (Not Started) -> Third Reading/Concurrence (Not Started) -> Harmonization (Not Started) -> Assent (Not Started),2023-07-27,,"Hon Benjamin Kalu (APC, Abia, Constituency: Bende)",Hon Benjamin Kalu,Not Yet Referred,Hon Benjamin Kalu
1f50c072-ac74-48d8-9502-ce002a4ce6cc,"Education (National Minimum Standards and Establishment of Institutions) Act (Amendment), 2023",First Reading (House: 2023-07-27) -> Second Reading (Not Started) -> Committee Assignment (Not Started) -> Report (Not Started) -> Third Reading/Concurrence (Not Started) -> Harmonization (Not Started) -> Assent (Not Started),2023-07-27,,"Hon Dachung Musa Bagos (PDP, Plateau, Constituency: Jos South/Jos East)",Hon Dachung Musa Bagos,Not Yet Referred,Hon Dachung Musa Bagos
12ffe930-78ee-4e2d-a37d-cd6917f4fcf9,"Education Reform Bill, 2025",First Reading (Not Started) -> Second Reading (Not Started) -> Committee Assignment (Not Started) -> Report (Not Started) -> Third Reading/Concurrence (Not Started) -> Harmonization (Not Started) -> Assent (Not Started),,,"Isa Mohammed Anka (APC, Katsina, Constituency: Anka/Talata Mafara)",Isa Mohammed Anka,Not Yet Referred,Isa Mohammed Anka
1dce667d-d52c-49cb-8123-158f0dac9521,"Educational Correspondence Colleges Accreditation Act (Amendment) Bill, 2025",First Reading (Not Started) -> Second Reading (Not Started) -> Committee Assignment (Not Started) -> Report (Not Started) -> Third Reading/Concurrence (Not Started) -> Harmonization (Not Started) -> Assent (Not Started),,,"Hon Sada Soli (APC, Katsina, Constituency: Jibia/Kaita)",Hon Sada Soli,Not Yet Referred,Hon Sada Soli
0a59d151-9eaa-4d80-808b-6e7a7ee44cc7,"EFCC Act (Amendment) Bill, 2023",First Reading (House: 2023-07-26) -> Second Reading (Not Started) -> Committee Assignment (Not Started) -> Report (Not Started) -> Third Reading/Concurrence (Not Started) -> Harmonization (Not Started) -> Assent (Not Started),2023-07-26,,"Hon Ozurigbo Ugonna (APC, Imo, Constituency: Isu/Njaba/Nkwerre/Nwangele)",Hon Ozurigbo Ugonna,Not Yet Referred,Hon Ozurigbo Ugonna
8738d6a0-871c-4395-84d2-a00f153986f7,"EFCC Act (Amendment) Bill, 2023",First Reading (House: 2023-07-27) -> Second Reading (Not Started) -> Committee Assignment (Not Started) -> Report (Not Started) -> Third Reading/Concurrence (Not Started) -> Harmonization (Not Started) -> Assent (Not Started),2023-07-27,,"Hon Ozurigbo Ugonna (APC, Imo, Constituency: Isu/Njaba/Nkwerre/Nwangele)",Hon Ozurigbo Ugonna,Not Yet Referred,Hon Ozurigbo Ugonna
3bec2b99-c696-41f4-a128-cfed8c782e86,"Electoral (Amendment) Bill, 2025",First Reading (Not Started) -> Second Reading (Not Started) -> Committee Assignment (Not Started) -> Report (Not Started) -> Third Reading/Concurrence (Not Started) -> Harmonization (Not Started) -> Assent (Not Started),,,"Hon Adebayo Olusegun Balogun (APC, Lagos, Constituency: Ibeju Lekki)",Hon Adebayo Olusegun Balogun,Not Yet Referred,Hon Adebayo Olusegun Balogun
9c704375-c0d3-4023-8064-51e9658ff280,"Electoral (Amendment) Bill, 2025",First Reading (Not Started) -> Second Reading (Not Started) -> Committee Assignment (Not Started) -> Report (Not Started) -> Third Reading/Concurrence (Not Started) -> Harmonization (Not Started) -> Assent (Not Started),,,"Hon Adebayo Olusegun Balogun (APC, Lagos, Constituency: Ibeju Lekki)",Hon Adebayo Olusegun Balogun,Not Yet Referred,Hon Adebayo Olusegun Balogun
83c56934-51bf-4f49-b3c4-ce4598d1620c,"Electoral (Amendment) Bill, 2026",First Reading (House: 2026-03-11) -> Second Reading (House: 2026-03-11) -> Committee Assignment (House: 2026-03-11) -> Report (House: 2026-03-11) -> Third Reading/Concurrence (House: 2026-03-11) -> Harmonization (Not Started) -> Assent (Not Started),2026-03-11,2026-03-11,"Hon Julius Ihonvbere (APC, Edo, Constituency: Owan East/Owan West)",Hon Julius Ihonvbere,the Whole,Hon Julius Ihonvbere
d712bc1e-d1cb-49b0-82ec-542d6d8e977b,Electoral Act (Amendment) Bill 2024,First Reading (House: 2024-04-30) -> Second Reading (Not Started) -> Committee Assignment (Not Started) -> Report (Not Started) -> Third Reading/Concurrence (Not Started) -> Harmonization (Not Started) -> Assent (Not Started),2024-04-30,,"Hon Bamidele Salam (PDP, Osun, Constituency: Ede North/Ede South/ Egbedore/Ejigbo)",Hon Bamidele Salam,Not Yet Referred,Hon Bamidele Salam
0317c87d-cfa5-4c05-bcef-7873bb0469c4,"Electoral Act (Amendment) Bill, 2023",First Reading (House: 2023-11-23) -> Second Reading (Not Started) -> Committee Assignment (Not Started) -> Report (Not Started) -> Third Reading/Concurrence (Not Started) -> Harmonization (Not Started) -> Assent (Not Started),2023-11-23,,"Hon Sada Soli (APC, Katsina, Constituency: Jibia/Kaita)",Hon Sada Soli,Not Yet Referred,Hon Sada Soli
78245a05-46a5-45cb-b4c0-cb128dccc558,"Electoral Act (Amendment) Bill, 2023",First Reading (House: 2023-07-11) -> Second Reading (House: 2023-02-07) -> Committee Assignment (House: 2023-02-07) -> Report (Not Started) -> Third Reading/Concurrence (Not Started) -> Harmonization (Not Started) -> Assent (Not Started),2023-07-11,2023-02-07,"Hon Francis Ejiroghene Waive (APC, Delta, Constituency: Ughelli North, Ughelli South/Udu)",Hon Francis Ejiroghene Waive,Electoral Matters,Hon Francis Ejiroghene Waive
8ebc5bec-10ea-4156-8a81-53519ad0f36e,"Electoral Act (Amendment) Bill, 2023",First Reading (House: 2023-07-25) -> Second Reading (Not Started) -> Committee Assignment (Not Started) -> Report (Not Started) -> Third Reading/Concurrence (Not Started) -> Harmonization (Not Started) -> Assent (Not Started),2023-07-25,,"Hon Tasir Olawale Raji (APC, Lagos, Constituency: Epe)",Hon Tasir Olawale Raji,Not Yet Referred,Hon Tasir Olawale Raji
9af22dec-bad9-491e-af52-446d00c365f8,"Electoral Act (Amendment) Bill, 2023",First Reading (House: 2023-10-17) -> Second Reading (Not Started) -> Committee Assignment (Not Started) -> Report (Not Started) -> Third Reading/Concurrence (Not Started) -> Harmonization (Not Started) -> Assent (Not Started),2023-10-17,,"Useni Mark Bako (APC, Taraba, Constituency: Takum/Donga/Ussa)",Useni Mark Bako,Not Yet Referred,Useni Mark Bako
d3a42751-1482-4128-8af0-1a6716876938,"Electoral Act (Amendment) Bill, 2023",First Reading (House: 2023-10-25) -> Second Reading (Not Started) -> Committee Assignment (Not Started) -> Report (Not Started) -> Third Reading/Concurrence (Not Started) -> Harmonization (Not Started) -> Assent (Not Started),2023-10-25,,"Hon Emmanuel Effiong Ukpong-udo (PDP, Akwa Ibom, Constituency: Ikono/Ini)",Hon Emmanuel Effiong Ukpong-udo,Not Yet Referred,Hon Emmanuel Effiong Ukpong-udo
23625421-9b9a-48f5-8211-87d4f73580d6,"Electoral Act (Amendment) Bill, 2024",First Reading (House: 2024-07-18) -> Second Reading (Not Started) -> Committee Assignment (Not Started) -> Report (Not Started) -> Third Reading/Concurrence (Not Started) -> Harmonization (Not Started) -> Assent (Not Started),2024-07-18,,"Hon Ahmed Idris Wase (APC, Plateau, Constituency: Wase)",Hon Ahmed Idris Wase,Not Yet Referred,Hon Ahmed Idris Wase
39c139ab-0eac-4141-9306-66dffbdb5172,"Electoral Act (Amendment) Bill, 2024",First Reading (House: 2024-07-17) -> Second Reading (Not Started) -> Committee Assignment (Not Started) -> Report (Not Started) -> Third Reading/Concurrence (Not Started) -> Harmonization (Not Started) -> Assent (Not Started),2024-07-17,,"Murphy Osaro Omoruyi (LP, Edo, Constituency: Egor/Ikpoba-Okha)",Murphy Osaro Omoruyi,Not Yet Referred,Murphy Osaro Omoruyi
5122817e-f5f7-4fc0-95d0-15cbee719c9f,"Electoral Act (Amendment) Bill, 2024",First Reading (House: 2024-05-23) -> Second Reading (House: 2024-06-11) -> Committee Assignment (House: 2024-06-11) -> Report (Not Started) -> Third Reading/Concurrence (Not Started) -> Harmonization (Not Started) -> Assent (Not Started),2024-05-23,2024-06-11,"Hon Abubakar Hassan Fulata (APC, Jigawa, Constituency: Birniwa Guri/Kirikasamma)",Hon Abubakar Hassan Fulata,Electoral Matters,Hon Abubakar Hassan Fulata
5cc65c62-d1df-4959-9a81-4617a119a1b4,"Electoral Act (Amendment) Bill, 2024",First Reading (House: 2024-02-27) -> Second Reading (Not Started) -> Committee Assignment (Not Started) -> Report (Not Started) -> Third Reading/Concurrence (Not Started) -> Harmonization (Not Started) -> Assent (Not Started),2024-02-27,,"Hon Abiodun James Faleke (APC, Lagos, Constituency: Ikeja)",Hon Abiodun James Faleke,Not Yet Referred,Hon Abiodun James Faleke
8b811a15-2f62-4559-b2b0-92f2250e65b6,"Electoral Act (Amendment) Bill, 2024",First Reading (House: 2024-04-30) -> Second Reading (Not Started) -> Committee Assignment (Not Started) -> Report (Not Started) -> Third Reading/Concurrence (Not Started) -> Harmonization (Not Started) -> Assent (Not Started),2024-04-30,,"Hon Benedict Etanabene (LP, Delta, Constituency: Okpe/Sapele/Uvwie)",Hon Benedict Etanabene,Not Yet Referred,Hon Benedict Etanabene
8d380cf7-9e5b-49a1-ad2c-20183ca23e79,"Electoral Act (Amendment) Bill, 2024",First Reading (House: 2024-05-07) -> Second Reading (Not Started) -> Committee Assignment (Not Started) -> Report (Not Started) -> Third Reading/Concurrence (Not Started) -> Harmonization (Not Started) -> Assent (Not Started),2024-05-07,,"Hon Benedict Etanabene (LP, Delta, Constituency: Okpe/Sapele/Uvwie)",Hon Benedict Etanabene,Not Yet Referred,Hon Benedict Etanabene
96e80f2a-7037-4f4f-972e-76789136dc21,"Electoral Act (Amendment) Bill, 2024",First Reading (House: 2024-02-27) -> Second Reading (House: 2024-03-14) -> Committee Assignment (House: 2024-03-14) -> Report (Not Started) -> Third Reading/Concurrence (Not Started) -> Harmonization (Not Started) -> Assent (Not Started),2024-02-27,2024-03-14,"Hon Abiodun James Faleke (APC, Lagos, Constituency: Ikeja)",Hon Abiodun James Faleke,Not Yet Referred,Hon Abiodun James Faleke
b0546e9f-11f4-468b-9edd-78b37cfaee46,"Electoral Act (Amendment) Bill, 2024",First Reading (House: 2024-03-20) -> Second Reading (Not Started) -> Committee Assignment (Not Started) -> Report (Not Started) -> Third Reading/Concurrence (Not Started) -> Harmonization (Not Started) -> Assent (Not Started),2024-03-20,,"Ali Isa (PDP, Gombe, Constituency: Balanga/Billiri)",Ali Isa,Not Yet Referred,Ali Isa
efb8c143-675e-4a51-8a67-2e5af0e2967d,"Electoral Act (Amendment) Bill, 2025",First Reading (Not Started) -> Second Reading (Not Started) -> Committee Assignment (Not Started) -> Report (Not Started) -> Third Reading/Concurrence (Not Started) -> Harmonization (Not Started) -> Assent (Not Started),,,"Clement Jimbo (APC, Akwa Ibom, Constituency: Abak/Etim Ekpo/Ika)",Clement Jimbo,Not Yet Referred,Clement Jimbo
f0678456-a559-407a-a18d-3da55d1714e2,"Electoral Act (Amendment) Bill, 2025",First Reading (House: 2025-11-12) -> Second Reading (Not Started) -> Committee Assignment (Not Started) -> Report (Not Started) -> Third Reading/Concurrence (Not Started) -> Harmonization (Not Started) -> Assent (Not Started),2025-11-12,,"Hon Benedict Etanabene (LP, Delta, Constituency: Okpe/Sapele/Uvwie)",Hon Benedict Etanabene,Not Yet Referred,Hon Benedict Etanabene
10756106-f7ec-488b-8248-aa41f1e175f8,"Electoral Act 2022 (Amendment) Bill, 2024",First Reading (House: 2024-07-17) -> Second Reading (Not Started) -> Committee Assignment (Not Started) -> Report (Not Started) -> Third Reading/Concurrence (Not Started) -> Harmonization (Not Started) -> Assent (Not Started),2024-07-17,,"Hon Ugochinyere Onyinye Ikeagwuonu (PDP, Imo, Constituency: Ideato North/Ideato South)",Hon Ugochinyere Onyinye Ikeagwuonu,Not Yet Referred,Hon Ugochinyere Onyinye Ikeagwuonu
06f5b883-640e-401a-b2ce-2d1e591907cb,"Electoral Act 2022 (Amendment)Bill, 2024",First Reading (House: 2024-07-17) -> Second Reading (Not Started) -> Committee Assignment (Not Started) -> Report (Not Started) -> Third Reading/Concurrence (Not Started) -> Harmonization (Not Started) -> Assent (Not Started),2024-07-17,,"Hon Ugochinyere Onyinye Ikeagwuonu (PDP, Imo, Constituency: Ideato North/Ideato South)",Hon Ugochinyere Onyinye Ikeagwuonu,Not Yet Referred,Hon Ugochinyere Onyinye Ikeagwuonu
fbc7a09f-cecb-4485-b288-b19775de63de,Electoral Act Amendment Bill 2025,First Reading (House: 2025-07-22) -> Second Reading (House: 2025-07-23) -> Committee Assignment (House: 2025-07-23) -> Report (House: 2025-12-03) -> Third Reading/Concurrence (House: 2025-12-23) -> Harmonization (Not Started) -> Assent (Not Started),2025-07-22,2025-07-23,"Hon Adebayo Olusegun Balogun (APC, Lagos, Constituency: Ibeju Lekki)",Hon Adebayo Olusegun Balogun,Electoral Matters,Hon Adebayo Olusegun Balogun
98c4c776-9590-458d-9659-9bf80ff4d208,"Electoral Act Amendment Bill, 2025",First Reading (Not Started) -> Second Reading (Not Started) -> Committee Assignment (Not Started) -> Report (Not Started) -> Third Reading/Concurrence (Not Started) -> Harmonization (Not Started) -> Assent (Not Started),,,"Hon Kwamoti Bitrus Laori (PDP, Adamawa, Constituency: Demsa/Numan/Lamurde)",Hon Kwamoti Bitrus Laori,Not Yet Referred,Hon Kwamoti Bitrus Laori
2c8dc78b-0099-4d2d-9f76-9471e2dae91f,"Electoral Offences Commission and Tribunal (Establishment) Bill, 2023",First Reading (House: 2023-11-16) -> Second Reading (Not Started) -> Committee Assignment (Not Started) -> Report (Not Started) -> Third Reading/Concurrence (Not Started) -> Harmonization (Not Started) -> Assent (Not Started),2023-11-16,,"Hon Kingsley Chinda (PDP, Rivers, Constituency: Obio/Akpor)",Hon Kingsley Chinda,Not Yet Referred,Hon Kingsley Chinda
197f421a-30b0-4414-a4da-d1f9b3789462,"Electric Power Sector Reform Act (Amendment) Bill, 2023",First Reading (House: 2023-07-11) -> Second Reading (House: 2023-07-20) -> Committee Assignment (House: 2023-07-20) -> Report (House: 2023-07-27) -> Third Reading/Concurrence (House: 2023-07-27) -> Harmonization (Not Started) -> Assent (Not Started),2023-07-11,2023-07-20,"Hon Babajimi Adegoke Benson (APC, Lagos, Constituency: Ikorodu)",Hon Babajimi Adegoke Benson,the Whole,Hon Babajimi Adegoke Benson
6d767717-dad6-4294-8406-9170eddd9fca,"Electricity Act (amendment) Bill, 2023",First Reading (House: 2023-07-27) -> Second Reading (Not Started) -> Committee Assignment (Not Started) -> Report (Not Started) -> Third Reading/Concurrence (Not Started) -> Harmonization (Not Started) -> Assent (Not Started),2023-07-27,,"Hon Miriam Onuoha (APC, Imo, Constituency: Isiala Mbano/Okigwe/Onuimo)",Hon Miriam Onuoha,Not Yet Referred,Hon Miriam Onuoha
52980e4e-2936-4943-8c5e-e8469bfd1ad1,"Electricity Act (Amendment) Bill, 2024",First Reading (House: 2024-07-17) -> Second Reading (Not Started) -> Committee Assignment (Not Started) -> Report (Not Started) -> Third Reading/Concurrence (Not Started) -> Harmonization (Not Started) -> Assent (Not Started),2024-07-17,,"Hon Anthony Adebayo Adepoju (PDP, Oyo, Constituency: Ibarapa Central/Ibarapa North)",Hon Anthony Adebayo Adepoju,Not Yet Referred,Hon Anthony Adebayo Adepoju
39314afc-1569-4d9b-a7e7-dc5fc7e0c34b,"Electricity Act (Amendment) Bill, 2025",First Reading (Not Started) -> Second Reading (House: 2025-11-12) -> Committee Assignment (House: 2025-12-11) -> Report (Not Started) -> Third Reading/Concurrence (Not Started) -> Harmonization (Not Started) -> Assent (Not Started),,2025-11-12,"Hon. Victor Obuzor (PDP, Rivers, Constituency: Ahoada West/Ogba Egbema)",Hon. Victor Obuzor,Power,Hon. Victor Obuzor
64d65925-846a-45da-b5f0-744b37926259,Elites Sheriff Corp (Establishment) Bill. 2023,First Reading (House: 2023-11-23) -> Second Reading (Not Started) -> Committee Assignment (Not Started) -> Report (Not Started) -> Third Reading/Concurrence (Not Started) -> Harmonization (Not Started) -> Assent (Not Started),2023-11-23,,"Hon Victor Abang (APC, Cross River, Constituency: Boki/Ikom)",Hon Victor Abang,Not Yet Referred,Hon Victor Abang
47d9cafd-7ef7-4826-8d53-f15609dd7dd8,"Emene Dry Port (Establishment) Bill, 2025",First Reading (Not Started) -> Second Reading (Not Started) -> Committee Assignment (Not Started) -> Report (Not Started) -> Third Reading/Concurrence (Not Started) -> Harmonization (Not Started) -> Assent (Not Started),,,"Hon Nnolim John Nnaji (APC, Enugu, Constituency: Nkanu East/Nkanu West); Hon Abdulmalik Zubairu (APC, Zamfara, Constituency: Bungudu/Maru); Garba Ibrahim Muhammad (NNPP, Kano, Constituency: Gwale); Hon Julius Ihonvbere (APC, Edo, Constituency: Owan East/Owan West); Dalyop Chollom Fom (LP, Plateau, Constituency: Barkin Ladi/Riyom); Hon Aminu Jaji (APC, Zamfara, Constituency: Kaura-Namoda/Birnin Magaji); Chimaobi Sam Atu (LP, Enugu, Constituency: Enugu North/Enugu South); Hon Ahmed Doro Yusuf (APC, Katsina, Constituency: Bindawa/Mani); John Moenwul Dafaan (APC, Plateau, Constituency: Mikang/Qua’an/Pan/Shedam); Hon Paul Nnamchi (LP, Enugu, Constituency: Enugu East/Isi Uzo); Hon. Alfred Ajang Iliya (APC, Plateau, Constituency: Jos South/Jos East); Hon Inuwa Garba (PDP, Gombe, Constituency: Yamaltu/Deba); Hon. Sadiq Ango Abdullahi (APC, Kaduna, Constituency: Sabon Gari)",Hon Nnolim John Nnaji; Hon Abdulmalik Zubairu; Garba Ibrahim Muhammad; Hon Julius Ihonvbere; Dalyop Chollom Fom; Hon Aminu Jaji; Chimaobi Sam Atu; Hon Ahmed Doro Yusuf; John Moenwul Dafaan; Hon Paul Nnamchi; Hon. Alfred Ajang Iliya; Hon Inuwa Garba; Hon. Sadiq Ango Abdullahi,Not Yet Referred,Hon Nnolim John Nnaji
eefd1bb9-9a2f-41bc-8797-b236d7880549,"Emergency Powers (Repeal and Enactment) Bill, 2023",First Reading (House: 2023-07-27) -> Second Reading (Not Started) -> Committee Assignment (Not Started) -> Report (Not Started) -> Third Reading/Concurrence (Not Started) -> Harmonization (Not Started) -> Assent (Not Started),2023-07-27,,"Hon Gagdi Adamu Yusuf (APC, Plateau, Constituency: Kanke/Pankshin/Kanam)",Hon Gagdi Adamu Yusuf,Not Yet Referred,Hon Gagdi Adamu Yusuf
a64ebc6f-16f0-458d-87df-830a3a94f027,"Employee Remuneration Protection Bill, 2023",First Reading (House: 2023-07-19) -> Second Reading (Not Started) -> Committee Assignment (Not Started) -> Report (Not Started) -> Third Reading/Concurrence (Not Started) -> Harmonization (Not Started) -> Assent (Not Started),2023-07-19,,"Hon Adewale Hameed (APC, Lagos, Constituency: Agege)",Hon Adewale Hameed,Not Yet Referred,Hon Adewale Hameed
0e4997a2-9b2b-48d9-b386-4daf0a3e95c5,"Employee’s Compensation Act (Amendment) Bill, 2023",First Reading (House: 2023-07-12) -> Second Reading (Not Started) -> Committee Assignment (Not Started) -> Report (Not Started) -> Third Reading/Concurrence (Not Started) -> Harmonization (Not Started) -> Assent (Not Started),2023-07-12,,"Hon Obinna Aguocha (LP, Abia, Constituency: Umuahia North/ Umuahia South/ Ikwuano)",Hon Obinna Aguocha,Not Yet Referred,Hon Obinna Aguocha
2352a843-03e9-4296-a522-4def248e34e9,"Endangered Species Conservation and Protection Bill, 2024",First Reading (House: 2024-02-27) -> Second Reading (House: 2024-05-16) -> Committee Assignment (House: 2024-05-16) -> Report (Not Started) -> Third Reading/Concurrence (Not Started) -> Harmonization (Not Started) -> Assent (Not Started),2024-02-27,2024-05-16,"Terseer Ugbor (APC, Benue, Constituency: Kwande/Ushongo)",Terseer Ugbor,"Treaties, Protocol and Agreement",Terseer Ugbor
f55d394a-d758-4c3e-9670-517d87f174c8,"Energy Commission of Nigeria (Repeal and Enactment) Bill, 2025",First Reading (House: 2025-12-10) -> Second Reading (Not Started) -> Committee Assignment (Not Started) -> Report (Not Started) -> Third Reading/Concurrence (Not Started) -> Harmonization (Not Started) -> Assent (Not Started),2025-12-10,,"Hon Adelegbe Emmanuel Oluwatimehin (APC, Ondo, Constituency: Owo/Ose)",Hon Adelegbe Emmanuel Oluwatimehin,Not Yet Referred,Hon Adelegbe Emmanuel Oluwatimehin
befaf6b5-186b-4c54-9ae8-66c687c15d37,"Energy Commission of Nigeria Act (Repeal and Enactment) Bill, 2023",First Reading (House: 2023-12-19) -> Second Reading (Not Started) -> Committee Assignment (Not Started) -> Report (Not Started) -> Third Reading/Concurrence (Not Started) -> Harmonization (Not Started) -> Assent (Not Started),2023-12-19,,"Moshood Olanrewaju Oshun (APC, Lagos, Constituency: Lagos Mainland)",Moshood Olanrewaju Oshun,Not Yet Referred,Moshood Olanrewaju Oshun
39a54fef-5caf-4f18-846d-19fca183594b,"Entrepreneurship Institute, Tambuwal, Sokoto State (Establishment) Bill, 2025",First Reading (House: 2025-07-22) -> Second Reading (Not Started) -> Committee Assignment (Not Started) -> Report (Not Started) -> Third Reading/Concurrence (Not Started) -> Harmonization (Not Started) -> Assent (Not Started),2025-07-22,,"Hon Abdussamad Ibrahim Dasuki (PDP, Sokoto, Constituency: Kebbe/Tambuwal)",Hon Abdussamad Ibrahim Dasuki,Not Yet Referred,Hon Abdussamad Ibrahim Dasuki
eccab6b3-5e66-49c4-a14b-71ff0a2b5b76,"Environmental Health (Control) Bill, 2024",First Reading (House: 2024-03-20) -> Second Reading (Not Started) -> Committee Assignment (Not Started) -> Report (Not Started) -> Third Reading/Concurrence (Not Started) -> Harmonization (Not Started) -> Assent (Not Started),2024-03-20,,"Hon Benjamin Kalu (APC, Abia, Constituency: Bende)",Hon Benjamin Kalu,Not Yet Referred,Hon Benjamin Kalu
db510bb7-2ed4-430e-8ea9-0d6920db1e28,"Environmental Health and Safety Agency (Establishment) Bill, 2023",First Reading (House: 2023-07-06) -> Second Reading (Not Started) -> Committee Assignment (Not Started) -> Report (Not Started) -> Third Reading/Concurrence (Not Started) -> Harmonization (Not Started) -> Assent (Not Started),2023-07-06,,"Hon Tajudeen Abbas (APC, Kaduna, Constituency: Zaria)",Hon Tajudeen Abbas,Not Yet Referred,Hon Tajudeen Abbas
66d272cc-4f91-42d1-aa41-81ab688810c9,"Environmental Health Bill (Establishment) Bill, 2023",First Reading (House: 2023-07-27) -> Second Reading (Not Started) -> Committee Assignment (Not Started) -> Report (Not Started) -> Third Reading/Concurrence (Not Started) -> Harmonization (Not Started) -> Assent (Not Started),2023-07-27,,"Hon Sesi Whingan (APC, Lagos, Constituency: Badagry)",Hon Sesi Whingan,Not Yet Referred,Hon Sesi Whingan
b8a9d2bf-74b2-460d-8366-d210fe3f6e35,"Environmental Impact Assessment Bill, 2023",First Reading (House: 2023-07-27) -> Second Reading (Not Started) -> Committee Assignment (Not Started) -> Report (Not Started) -> Third Reading/Concurrence (Not Started) -> Harmonization (Not Started) -> Assent (Not Started),2023-07-27,,"Hon Gagdi Adamu Yusuf (APC, Plateau, Constituency: Kanke/Pankshin/Kanam)",Hon Gagdi Adamu Yusuf,Not Yet Referred,Hon Gagdi Adamu Yusuf
ce54e977-ef02-4bd1-b0df-010c92f406c7,"Environmental Restoration Agency (Est) Bill, 2023",First Reading (House: 2023-07-26) -> Second Reading (Not Started) -> Committee Assignment (Not Started) -> Report (Not Started) -> Third Reading/Concurrence (Not Started) -> Harmonization (Not Started) -> Concurrence (Not Started) -> Assent (Not Started),2023-07-26,,"Hon Osi Kama Nkemkanma (LP, Ebonyi, Constituency: Ivo-Ohaozara/Onicha)",Hon Osi Kama Nkemkanma,Not Yet Referred,Hon Osi Kama Nkemkanma
8bb6acca-8906-4e43-a9fd-7bffb62a2c09,"Environmental, Social and Health Impact Assessment Bill, 2025",First Reading (Not Started) -> Second Reading (Not Started) -> Committee Assignment (Not Started) -> Report (Not Started) -> Third Reading/Concurrence (Not Started) -> Harmonization (Not Started) -> Assent (Not Started),,,"Hon Julius Gbabojor Pondi (PDP, Delta, Constituency: Burutu); Terseer Ugbor (APC, Benue, Constituency: Kwande/Ushongo)",Hon Julius Gbabojor Pondi; Terseer Ugbor,Not Yet Referred,Hon Julius Gbabojor Pondi
4d773123-5f80-42f0-885a-74872243e675,"Epidemiologist General of the Federation of Nigeria (Establishment) Bill, 2023",First Reading (House: 2023-07-26) -> Second Reading (House: 2024-05-21) -> Committee Assignment (House: 2024-05-21) -> Report (Not Started) -> Third Reading/Concurrence (Not Started) -> Harmonization (Not Started) -> Assent (Not Started),2023-07-26,2024-05-21,"Hon Benjamin Kalu (APC, Abia, Constituency: Bende)",Hon Benjamin Kalu,the Whole,Hon Benjamin Kalu
c3f31c98-9d11-44dc-aab7-ab3cb15b3cf1,"Erosion Control Prevention Commission (Establishment) Bill, 2023",First Reading (House: 2023-10-19) -> Second Reading (Not Started) -> Committee Assignment (Not Started) -> Report (Not Started) -> Third Reading/Concurrence (Not Started) -> Harmonization (Not Started) -> Assent (Not Started),2023-10-19,,"Chimaobi Sam Atu (LP, Enugu, Constituency: Enugu North/Enugu South)",Chimaobi Sam Atu,Not Yet Referred,Chimaobi Sam Atu
72e2ae6a-432f-4b51-b3ff-acac91250ab7,"Espionage (Prevention and Prohibition) Bill, 2024",First Reading (House: 2024-07-23) -> Second Reading (Not Started) -> Committee Assignment (Not Started) -> Report (Not Started) -> Third Reading/Concurrence (Not Started) -> Harmonization (Not Started) -> Assent (Not Started),2024-07-23,,"Hon Tajudeen Abbas (APC, Kaduna, Constituency: Zaria)",Hon Tajudeen Abbas,Not Yet Referred,Hon Tajudeen Abbas
b871e1e4-a4db-4e27-9d58-4371633b1741,"Estate Surveyor and Valuers (Registration, etc. (Amendment) Bill, 2023",First Reading (House: 2023-07-27) -> Second Reading (Not Started) -> Committee Assignment (Not Started) -> Report (Not Started) -> Third Reading/Concurrence (Not Started) -> Harmonization (Not Started) -> Assent (Not Started),2023-07-27,,"Hon Sesi Whingan (APC, Lagos, Constituency: Badagry)",Hon Sesi Whingan,Not Yet Referred,Hon Sesi Whingan
85e7e568-6c3d-4630-823c-71818138a3fd,"Estate Surveyors and Valuers (Registration, etc) Act. (Amendment), 2023",First Reading (House: 2023-07-27) -> Second Reading (Not Started) -> Committee Assignment (Not Started) -> Report (Not Started) -> Third Reading/Concurrence (Not Started) -> Harmonization (Not Started) -> Assent (Not Started),2023-07-27,,"Hon Akintunde Rotimi (APC, Ekiti, Constituency: Ikole/Oye)",Hon Akintunde Rotimi,Not Yet Referred,Hon Akintunde Rotimi
e13e09ca-5b96-4acc-8687-3c8694ad2322,"Examination Malpractices (Repeal and Enactment) Bill, 2025",First Reading (Not Started) -> Second Reading (Not Started) -> Committee Assignment (Not Started) -> Report (Not Started) -> Third Reading/Concurrence (Not Started) -> Harmonization (Not Started) -> Assent (Not Started),,,"Esosa Iyawe (LP, Edo, Constituency: Oredo)",Esosa Iyawe,Not Yet Referred,Esosa Iyawe
1870f1cc-fc77-4237-83e4-534fa9f664a6,"Examination Malpractices Act (Amendment) Bill, 2023",First Reading (House: 2023-11-23) -> Second Reading (Not Started) -> Committee Assignment (Not Started) -> Report (Not Started) -> Third Reading/Concurrence (Not Started) -> Harmonization (Not Started) -> Assent (Not Started),2023-11-23,,"Hon Sada Soli (APC, Katsina, Constituency: Jibia/Kaita)",Hon Sada Soli,Not Yet Referred,Hon Sada Soli
699ad071-5e98-4ba9-9157-62a1b7df34cf,"Examination Malpractices Act (Amendment) Bill, 2023",First Reading (House: 2023-10-10) -> Second Reading (Not Started) -> Committee Assignment (Not Started) -> Report (Not Started) -> Third Reading/Concurrence (Not Started) -> Harmonization (Not Started) -> Assent (Not Started),2023-10-10,,"Hon Amos Gwamna Magaji (APC, Kaduna, Constituency: Zangon Kataf/Jaba)",Hon Amos Gwamna Magaji,Not Yet Referred,Hon Amos Gwamna Magaji
9a21ff9a-42ea-4e26-a4d4-592a67b71605,"Examination Malpractices Act (Amendment) Bill, 2024",First Reading (House: 2024-05-22) -> Second Reading (Not Started) -> Committee Assignment (Not Started) -> Report (Not Started) -> Third Reading/Concurrence (Not Started) -> Harmonization (Not Started) -> Assent (Not Started),2024-05-22,,"Chinedu Tochukwu Okere (APC, Imo, Constituency: Owerri Municipal/Owerri North/Owerri West)",Chinedu Tochukwu Okere,Not Yet Referred,Chinedu Tochukwu Okere
284dcc3f-c132-457c-a7ab-c7dadb82cbff,"Exclusive Economic Zone Act (Amendment) Bill, 2025 (HB.2466)",First Reading (House: 2025-07-22) -> Second Reading (Not Started) -> Committee Assignment (Not Started) -> Report (Not Started) -> Third Reading/Concurrence (Not Started) -> Harmonization (Not Started) -> Assent (Not Started),2025-07-22,,"Hon Sani Umar Bala (APC, Kano, Constituency: Tsanyawa/Kunchi)",Hon Sani Umar Bala,Not Yet Referred,Hon Sani Umar Bala
730ebe5a-4592-42ba-9a83-9d2b7e7d8df7,"Family Advancement Program (Amendment) Bill, 2023",First Reading (House: 2023-11-22) -> Second Reading (Not Started) -> Committee Assignment (Not Started) -> Report (Not Started) -> Third Reading/Concurrence (Not Started) -> Harmonization (Not Started) -> Assent (Not Started),2023-11-22,,"Hon Sada Soli (APC, Katsina, Constituency: Jibia/Kaita)",Hon Sada Soli,Not Yet Referred,Hon Sada Soli
cc55a063-cc1d-4daa-aaaf-9311d2d0e881,"FCT Health Insurance Agency (Establishment) Bill, 2024",First Reading (House: 2024-06-06) -> Second Reading (Not Started) -> Committee Assignment (Not Started) -> Report (Not Started) -> Third Reading/Concurrence (Not Started) -> Harmonization (Not Started) -> Assent (Not Started),2024-06-06,,"Hon Benjamin Kalu (APC, Abia, Constituency: Bende)",Hon Benjamin Kalu,Not Yet Referred,Hon Benjamin Kalu
97b8193d-ea3e-4c05-a79e-797b5caf0096,"FCT Signage and Advertisement Agency (Establishment) Bill, 2024",First Reading (House: 2024-06-06) -> Second Reading (Not Started) -> Committee Assignment (Not Started) -> Report (Not Started) -> Third Reading/Concurrence (Not Started) -> Harmonization (Not Started) -> Assent (Not Started),2024-06-06,,"Hon Benjamin Kalu (APC, Abia, Constituency: Bende)",Hon Benjamin Kalu,Not Yet Referred,Hon Benjamin Kalu
ff685609-44fc-4b51-af19-90badb6737b1,"Factoring Assignment and Receivables Financing (Establishment) Bill, 2023",First Reading (House: 2023-10-04) -> Second Reading (Not Started) -> Committee Assignment (Not Started) -> Report (Not Started) -> Third Reading/Concurrence (House: 2026-03-12) -> Harmonization (Not Started) -> Assent (Not Started),2023-10-04,,"Hon Muhammed Bello Shehu (NNPP, Kano, Constituency: Fagge)",Hon Muhammed Bello Shehu,Not Yet Referred,Hon Muhammed Bello Shehu
03b1a75e-8c6a-4e32-ac64-3a2d5c4e6de5,"Explosives Act (Amendment) Bill, 2023",First Reading (House: 2023-07-27) -> Second Reading (Not Started) -> Committee Assignment (Not Started) -> Report (Not Started) -> Third Reading/Concurrence (Not Started) -> Harmonization (Not Started) -> Assent (Not Started),2023-07-27,,"Hon Sesi Whingan (APC, Lagos, Constituency: Badagry)",Hon Sesi Whingan,Not Yet Referred,Hon Sesi Whingan
715aa162-665b-483b-84f5-b16945faef5f,"Export (Prohibition) Act (Repeal) Bill, 2023",First Reading (House: 2023-07-06) -> Second Reading (Not Started) -> Committee Assignment (Not Started) -> Report (Not Started) -> Third Reading/Concurrence (Not Started) -> Harmonization (Not Started) -> Concurrence (Not Started) -> Assent (Not Started),2023-07-06,,"Hon Pascal Agbodike (APGA, Anambra, Constituency: Ihiala)",Hon Pascal Agbodike,Not Yet Referred,Hon Pascal Agbodike
91231ed1-36fe-44e0-aef7-2c30c716d19d,"Export (Prohibition) Act (Repeal) Bill, 2025",First Reading (House: 2025-07-22) -> Second Reading (Not Started) -> Committee Assignment (Not Started) -> Report (Not Started) -> Third Reading/Concurrence (Not Started) -> Harmonization (Not Started) -> Assent (Not Started),2025-07-22,,"Hon Francis Ejiroghene Waive (APC, Delta, Constituency: Ughelli North, Ughelli South/Udu)",Hon Francis Ejiroghene Waive,Not Yet Referred,Hon Francis Ejiroghene Waive
2cd94c3d-535a-4842-abe9-aba2191761d3,"Federal Airports Authority of Nigeria (FAAN) Act (Amendment) Bill, 2023",First Reading (House: 2023-07-26) -> Second Reading (Not Started) -> Committee Assignment (Not Started) -> Report (Not Started) -> Third Reading/Concurrence (Not Started) -> Harmonization (Not Started) -> Assent (Not Started),2023-07-26,,"Hon Dachung Musa Bagos (PDP, Plateau, Constituency: Jos South/Jos East)",Hon Dachung Musa Bagos,Not Yet Referred,Hon Dachung Musa Bagos
cd7fedb5-6ac7-4eb9-95ba-e56cc3215482,"Federal Airports Authority of Nigeria Act (Amendment) Bill, 2023",First Reading (House: 2023-10-19) -> Second Reading (Not Started) -> Committee Assignment (Not Started) -> Report (Not Started) -> Third Reading/Concurrence (Not Started) -> Harmonization (Not Started) -> Assent (Not Started),2023-10-19,,"Hon Babajimi Adegoke Benson (APC, Lagos, Constituency: Ikorodu)",Hon Babajimi Adegoke Benson,Not Yet Referred,Hon Babajimi Adegoke Benson
580cac68-e175-4593-b8b3-2e15131eb92c,"Federal Airports Authority of Nigeria Act (Amendment) Bill, 2024.",First Reading (Not Started) -> Second Reading (Not Started) -> Committee Assignment (Not Started) -> Report (Not Started) -> Third Reading/Concurrence (Not Started) -> Harmonization (Not Started) -> Assent (Not Started),,,"Afam Ogene (LP, Anambra, Constituency: Ogbaru)",Afam Ogene,Not Yet Referred,Afam Ogene
ed4c6943-8fe8-44d1-9ecf-2bb3cd21d850,"Federal Artificial Intelligence Institute (Establishment) Bill, 2023",First Reading (House: 2023-07-27) -> Second Reading (House: 2024-03-13) -> Committee Assignment (House: 2024-03-13) -> Report (Not Started) -> Third Reading/Concurrence (Not Started) -> Harmonization (Not Started) -> Assent (Not Started),2023-07-27,2024-03-13,"Hon Austin Asema Achado (APC, Benue, Constituency: Gwer East/Gwer West)",Hon Austin Asema Achado,Federal Polytechnics,Hon Austin Asema Achado
3df59c90-ac23-49d5-b780-e4a559d5ae5c,"Federal Audit Service Bill, 2023",First Reading (House: 2023-07-25) -> Second Reading (House: 2023-07-25) -> Committee Assignment (House: 2023-07-25) -> Report (House: 2023-10-12) -> Third Reading/Concurrence (House: 2023-10-12) -> Harmonization (Not Started) -> Assent (Not Started),2023-07-25,2023-07-25,"Hon Julius Ihonvbere (APC, Edo, Constituency: Owan East/Owan West)",Hon Julius Ihonvbere,the Whole,Hon Julius Ihonvbere
a960e190-8767-4e92-be3b-56fe7d770327,"FCT Supplementary Appropriations Bill, 2024",First Reading (House: 2024-09-25) -> Second Reading (House: 2024-09-25) -> Committee Assignment (House: 2024-09-25) -> Report (House: 2024-09-26) -> Third Reading/Concurrence (House: 2024-09-26) -> Harmonization (Not Started) -> Assent (Not Started),2024-09-25,2024-09-25,"Executive (APC, N/A, Constituency: .)",Executive,FCT,Executive
f5d14347-f65e-4ee6-8afd-db4103faddf0,"FCT Traffic Management Authority (Establishment) Bill, 2025",First Reading (House: 2025-11-18) -> Second Reading (Not Started) -> Committee Assignment (Not Started) -> Report (Not Started) -> Third Reading/Concurrence (Not Started) -> Harmonization (Not Started) -> Assent (Not Started),2025-11-18,,"Murphy Osaro Omoruyi (LP, Edo, Constituency: Egor/Ikpoba-Okha)",Murphy Osaro Omoruyi,Not Yet Referred,Murphy Osaro Omoruyi
b5f4b295-40a2-4704-830d-97caa472e19d,"FCT University of Science and Technology (Establishment, etc.), Abaji Bill, 2023",First Reading (House: 2023-07-27) -> Second Reading (Not Started) -> Committee Assignment (Not Started) -> Report (Not Started) -> Third Reading/Concurrence (Not Started) -> Harmonization (Not Started) -> Assent (Not Started),2023-07-27,,"Hon Gagdi Adamu Yusuf (APC, Plateau, Constituency: Kanke/Pankshin/Kanam)",Hon Gagdi Adamu Yusuf,Not Yet Referred,Hon Gagdi Adamu Yusuf
7b12d203-1f66-4f4e-98c1-dd040288d50a,"Federal Cancer Research and Treatment Centre, Abeokuta, Ogun State (Establishment) Bill, 2023",First Reading (House: 2023-11-14) -> Second Reading (Not Started) -> Committee Assignment (Not Started) -> Report (Not Started) -> Third Reading/Concurrence (Not Started) -> Harmonization (Not Started) -> Assent (Not Started),2023-11-14,,"Hon Muktar Tolani Shagaya (APC, Kwara, Constituency: Ilorin West/Asa)",Hon Muktar Tolani Shagaya,Not Yet Referred,Hon Muktar Tolani Shagaya
cf44c5d7-cf86-42fe-ba69-33ff7b40553a,"Federal Cancer Research and Treatment Centre, Asa, Kwara State (Establishment) Bill, 2023",First Reading (House: 2023-10-10) -> Second Reading (Not Started) -> Committee Assignment (Not Started) -> Report (Not Started) -> Third Reading/Concurrence (Not Started) -> Harmonization (Not Started) -> Assent (Not Started),2023-10-10,,"Hon Muktar Tolani Shagaya (APC, Kwara, Constituency: Ilorin West/Asa)",Hon Muktar Tolani Shagaya,Not Yet Referred,Hon Muktar Tolani Shagaya
5a5e1474-df54-40af-aac1-9279f97298ff,"Federal Cancer Research and Treatment Centre, Bauchi, Bauchi State (Establishment) Bill, 2023",First Reading (House: 2023-11-23) -> Second Reading (Not Started) -> Committee Assignment (Not Started) -> Report (Not Started) -> Third Reading/Concurrence (Not Started) -> Harmonization (Not Started) -> Assent (Not Started),2023-11-23,,"Hon Muktar Tolani Shagaya (APC, Kwara, Constituency: Ilorin West/Asa)",Hon Muktar Tolani Shagaya,Not Yet Referred,Hon Muktar Tolani Shagaya
19e496f6-edcc-4a84-af07-6b76de9b8b99,"Federal Cancer Research and Treatment Centre, Calabar, Cross River State (Establishment) Bill, 2023",First Reading (House: 2023-11-14) -> Second Reading (Not Started) -> Committee Assignment (Not Started) -> Report (Not Started) -> Third Reading/Concurrence (Not Started) -> Harmonization (Not Started) -> Assent (Not Started),2023-11-14,,"Hon Muktar Tolani Shagaya (APC, Kwara, Constituency: Ilorin West/Asa)",Hon Muktar Tolani Shagaya,Not Yet Referred,Hon Muktar Tolani Shagaya
f01eaf69-9a30-4db8-a62a-afa24986ef32,"Federal Cancer Research and Treatment Centre, Kaduna, Kaduna State (Establishment) Bill, 2023",First Reading (House: 2023-11-16) -> Second Reading (Not Started) -> Committee Assignment (Not Started) -> Report (Not Started) -> Third Reading/Concurrence (Not Started) -> Harmonization (Not Started) -> Assent (Not Started),2023-11-16,,"Hon Muktar Tolani Shagaya (APC, Kwara, Constituency: Ilorin West/Asa)",Hon Muktar Tolani Shagaya,Not Yet Referred,Hon Muktar Tolani Shagaya
00778ca3-63e3-4452-a2e6-397720ac3bee,"Federal Cancer Research and Treatment Centre, Owerri, Imo State (Establishment) Bill, 2023",First Reading (House: 2023-11-16) -> Second Reading (Not Started) -> Committee Assignment (Not Started) -> Report (Not Started) -> Third Reading/Concurrence (Not Started) -> Harmonization (Not Started) -> Assent (Not Started),2023-11-16,,"Hon Muktar Tolani Shagaya (APC, Kwara, Constituency: Ilorin West/Asa)",Hon Muktar Tolani Shagaya,Not Yet Referred,Hon Muktar Tolani Shagaya
11eb3810-3603-43f3-b429-67315ee02401,"Federal Capital Territory (FCT) Directorate of Road Traffic and Motor Vehicle Administration Service (DRTMVAS) Bill, 2023",First Reading (House: 2023-07-27) -> Second Reading (House: 2023-07-27) -> Committee Assignment (House: 2023-07-27) -> Report (Not Started) -> Third Reading/Concurrence (Not Started) -> Harmonization (Not Started) -> Assent (Not Started),2023-07-27,2023-07-27,"Hon Julius Ihonvbere (APC, Edo, Constituency: Owan East/Owan West)",Hon Julius Ihonvbere,the Whole,Hon Julius Ihonvbere
db98c69e-d705-462e-8421-9a5d0da62e78,"Federal Capital Territory Abuja Area Courts Bill, 2023",First Reading (House: 2023-07-27) -> Second Reading (House: 2024-02-08) -> Committee Assignment (House: 2024-02-08) -> Report (House: 2024-02-28) -> Third Reading/Concurrence (House: 2024-02-29) -> Harmonization (Not Started) -> Assent (Not Started),2023-07-27,2024-02-08,"Hon Balele Aminu (APC, Katsina, Constituency: Dutsin-ma/Kurfi)",Hon Balele Aminu,the Whole,Hon Balele Aminu
61b090df-bf70-480b-acec-76c7b0e66709,"Federal Capital Territory Act (Amendment) Bill, 2023",First Reading (House: 2023-10-03) -> Second Reading (Not Started) -> Committee Assignment (Not Started) -> Report (Not Started) -> Third Reading/Concurrence (Not Started) -> Harmonization (Not Started) -> Assent (Not Started),2023-10-03,,"Hon Miriam Onuoha (APC, Imo, Constituency: Isiala Mbano/Okigwe/Onuimo)",Hon Miriam Onuoha,Not Yet Referred,Hon Miriam Onuoha
b3ce4f1e-d4b2-43ea-9a4c-5cef2c47bdb4,"Federal Capital Territory Area Council (Establishment) Bill, 2025",First Reading (Not Started) -> Second Reading (Not Started) -> Committee Assignment (Not Started) -> Report (Not Started) -> Third Reading/Concurrence (Not Started) -> Harmonization (Not Started) -> Assent (Not Started),,,"Hon Agbedi Yeitiemone Frederick (PDP, Bayelsa, Constituency: Sagbama/Ekeremor)",Hon Agbedi Yeitiemone Frederick,Not Yet Referred,Hon Agbedi Yeitiemone Frederick
fa27d8d8-897a-4b42-a15d-706668afc0af,"Federal Capital Territory Area Councils Audit Bill, 2023",First Reading (House: 2023-07-25) -> Second Reading (House: 2023-07-25) -> Committee Assignment (House: 2023-07-25) -> Report (Not Started) -> Third Reading/Concurrence (Not Started) -> Harmonization (Not Started) -> Assent (Not Started),2023-07-25,2023-07-25,"Hon Julius Ihonvbere (APC, Edo, Constituency: Owan East/Owan West)",Hon Julius Ihonvbere,the Whole,Hon Julius Ihonvbere
325cb35d-376f-4e8f-93ad-ed7ae057e4da,"Federal Capital Territory Area Councils Economic Planning Board (Est.) Bill, 2025",First Reading (Not Started) -> Second Reading (Not Started) -> Committee Assignment (Not Started) -> Report (Not Started) -> Third Reading/Concurrence (Not Started) -> Harmonization (Not Started) -> Assent (Not Started),,,"Hon Agbedi Yeitiemone Frederick (PDP, Bayelsa, Constituency: Sagbama/Ekeremor)",Hon Agbedi Yeitiemone Frederick,Not Yet Referred,Hon Agbedi Yeitiemone Frederick
2d0dcbde-a23d-4935-81d4-4adbf6e37698,"Federal Capital Territory Border States Development Commission (Establishment) Bill, 2023",First Reading (House: 2023-11-07) -> Second Reading (Not Started) -> Committee Assignment (Not Started) -> Report (Not Started) -> Third Reading/Concurrence (Not Started) -> Harmonization (Not Started) -> Assent (Not Started),2023-11-07,,"Hon Saidu Musa Abdullahi (APC, Niger, Constituency: Bida/Gbako/Katcha)",Hon Saidu Musa Abdullahi,Not Yet Referred,Hon Saidu Musa Abdullahi
491d890d-db42-48d9-aed2-6d37abf73578,"Federal Capital Territory College of Nursing and Midwifery, Gwagwalada (Establishment) Bill, 2025",First Reading (Not Started) -> Second Reading (House: 2025-11-18) -> Committee Assignment (House: 2025-11-18) -> Report (Not Started) -> Third Reading/Concurrence (Not Started) -> Harmonization (Not Started) -> Assent (Not Started),,2025-11-18,"Joshua Chinedu Obika (LP, Federal Capital Territory (Fct), Constituency: Municipal/Bwari)",Joshua Chinedu Obika,Specialty Healthcare,Joshua Chinedu Obika
a146105d-b275-420b-9765-dc8fb8c25f76,"Federal Capital Territory Customary Court Act (Amendment) Bill, 2023",First Reading (House: 2023-07-27) -> Second Reading (House: 2024-02-08) -> Committee Assignment (House: 2024-02-08) -> Report (Not Started) -> Third Reading/Concurrence (Not Started) -> Harmonization (Not Started) -> Assent (Not Started),2023-07-27,2024-02-08,"Hon Balele Aminu (APC, Katsina, Constituency: Dutsin-ma/Kurfi)",Hon Balele Aminu,the Whole,Hon Balele Aminu
66cfa60c-3354-4984-aa16-ffce109e0fb6,"Federal Capital Territory Education Resource Centre (Establishment) Bill, 2023",First Reading (House: 2023-07-05) -> Second Reading (Not Started) -> Committee Assignment (Not Started) -> Report (Not Started) -> Third Reading/Concurrence (Not Started) -> Harmonization (Not Started) -> Assent (Not Started),2023-07-05,,"Hon Adewale Hameed (APC, Lagos, Constituency: Agege); Hon Ahmed Adamu Saba (APC, Kwara, Constituency: Edu/Moro/Pategi); Hon Aliyu Wakili Boya (APC, Adamawa, Constituency: Furore/Song); Hon Abubakar Hassan Fulata (APC, Jigawa, Constituency: Birniwa Guri/Kirikasamma); Hon Osi Kama Nkemkanma (LP, Ebonyi, Constituency: Ivo-Ohaozara/Onicha); Hon Benjamin Kalu (APC, Abia, Constituency: Bende); Hon Rodney Ebikebina Ambiowei (PDP, Bayelsa, Constituency: Southern Ijaw)",Hon Adewale Hameed; Hon Ahmed Adamu Saba; Hon Aliyu Wakili Boya; Hon Abubakar Hassan Fulata; Hon Osi Kama Nkemkanma; Hon Benjamin Kalu; Hon Rodney Ebikebina Ambiowei,Not Yet Referred,Hon Adewale Hameed
4ce106fc-64af-40d1-8b04-9aa89bfd0154,"Federal Capital Territory Health Insurance Agency (Establishment) Bill, 2023",First Reading (House: 2023-07-27) -> Second Reading (House: 2023-07-27) -> Committee Assignment (House: 2023-07-27) -> Report (Not Started) -> Third Reading/Concurrence (Not Started) -> Harmonization (Not Started) -> Assent (Not Started),2023-07-27,2023-07-27,"Hon Julius Ihonvbere (APC, Edo, Constituency: Owan East/Owan West)",Hon Julius Ihonvbere,the Whole,Hon Julius Ihonvbere
b5c76e0e-14b6-4608-a28e-1fc9673dd486,"Federal Capital Territory Orphanage Registration and Regulatory Agency Bill, 2023",First Reading (House: 2023-11-28) -> Second Reading (Not Started) -> Committee Assignment (Not Started) -> Report (Not Started) -> Third Reading/Concurrence (Not Started) -> Harmonization (Not Started) -> Assent (Not Started),2023-11-28,,"Hon Jesse Okey-Joe Onuakachi (LP, Lagos, Constituency: Oshodi/Isolo II)",Hon Jesse Okey-Joe Onuakachi,Not Yet Referred,Hon Jesse Okey-Joe Onuakachi
b158ef8e-c03e-4118-8def-00a2c3e956bf,"Federal Capital Territory Scholarship Board (Establishment) Bill, 2025",First Reading (Not Started) -> Second Reading (Not Started) -> Committee Assignment (Not Started) -> Report (Not Started) -> Third Reading/Concurrence (Not Started) -> Harmonization (Not Started) -> Assent (Not Started),,,"Joshua Chinedu Obika (LP, Federal Capital Territory (Fct), Constituency: Municipal/Bwari)",Joshua Chinedu Obika,Not Yet Referred,Joshua Chinedu Obika
e9fdf7ab-c673-48fb-a960-c5e8a77d6c08,"Federal Capital Territory Statutory Appropriation Bill, 2023",First Reading (House: 2023-11-28) -> Second Reading (House: 2023-11-28) -> Committee Assignment (House: 2023-11-28) -> Report (House: 2023-11-30) -> Third Reading/Concurrence (House: 2023-11-30) -> Harmonization (Not Started) -> Assent (Not Started),2023-11-28,2023-11-28,"Executive (APC, N/A, Constituency: .)",Executive,FCT,Executive
4e594303-1b36-4d04-bff3-5526a89f184f,"Federal Capital Territory Statutory Appropriation Bill, 2026",First Reading (House: 2026-03-12) -> Second Reading (Not Started) -> Committee Assignment (Not Started) -> Report (Not Started) -> Third Reading/Concurrence (Not Started) -> Harmonization (Not Started) -> Assent (Not Started),2026-03-12,,"Executive (APC, N/A, Constituency: .)",Executive,Not Yet Referred,Executive
afc0f713-e66a-4027-9070-ffb3fd2de09b,"Federal Capital Territory Statutory Appropriations Bill, 2024",First Reading (House: 2024-03-13) -> Second Reading (House: 2024-03-14) -> Committee Assignment (House: 2024-03-14) -> Report (House: 2024-03-19) -> Third Reading/Concurrence (House: 2024-03-19) -> Harmonization (Not Started) -> Assent (Not Started),2024-03-13,2024-03-14,"Executive (APC, N/A, Constituency: .)",Executive,FCT Area Council and Ancillary Matters,Executive
02a1550c-6046-4b9e-99d0-45fed8b9309b,"Federal Capital Territory Statutory Supplementary Appropriation Bill, 2024",First Reading (House: 2024-05-21) -> Second Reading (House: 2024-05-22) -> Committee Assignment (House: 2024-05-22) -> Report (House: 2024-06-06) -> Third Reading/Concurrence (House: 2024-06-06) -> Harmonization (Not Started) -> Assent (Not Started),2024-05-21,2024-05-22,"Executive (APC, N/A, Constituency: .)",Executive,Federal Capital Territory,Executive
655e3715-c83d-4aec-97ae-2c914d661d8c,"Federal Capital Territory Transport Authority (Establishment) Bill, 2024",First Reading (House: 2024-06-27) -> Second Reading (Not Started) -> Committee Assignment (Not Started) -> Report (Not Started) -> Third Reading/Concurrence (Not Started) -> Harmonization (Not Started) -> Assent (Not Started),2024-06-27,,"Hon Benjamin Kalu (APC, Abia, Constituency: Bende)",Hon Benjamin Kalu,Not Yet Referred,Hon Benjamin Kalu
ea8f9f18-8385-4d31-a2c9-3ef4dd75e83a,"Federal Capital Territory University, Abaji (Establishment) Bill, 2024",First Reading (House: 2024-06-06) -> Second Reading (Not Started) -> Committee Assignment (Not Started) -> Report (Not Started) -> Third Reading/Concurrence (Not Started) -> Harmonization (Not Started) -> Assent (Not Started),2024-06-06,,"Abdulrahman Ajiya (APC, Federal Capital Territory (Fct), Constituency: Abaji/Gwagwalada/Kwali/Kuje)",Abdulrahman Ajiya,Not Yet Referred,Abdulrahman Ajiya
5ed390ea-2b6c-44b8-b4eb-1503b7dd480f,"Federal Character Commission Act (Amendment) Bill, 2023",First Reading (House: 2023-10-24) -> Second Reading (Not Started) -> Committee Assignment (Not Started) -> Report (Not Started) -> Third Reading/Concurrence (Not Started) -> Harmonization (Not Started) -> Assent (Not Started),2023-10-24,,"Hon. Victor Obuzor (PDP, Rivers, Constituency: Ahoada West/Ogba Egbema)",Hon. Victor Obuzor,Not Yet Referred,Hon. Victor Obuzor
dd6807e9-8a01-4a6d-b767-506809ba0749,"Federal Character Commission Act (Amendment) Bill, 2023",First Reading (House: 2023-07-11) -> Second Reading (House: 2023-11-14) -> Committee Assignment (House: 2023-11-14) -> Report (Not Started) -> Third Reading/Concurrence (Not Started) -> Harmonization (Not Started) -> Assent (Not Started),2023-07-11,2023-11-14,"Hon Yusuf Ahmad Badau (APC, Kano, Constituency: Shanono/Bagwai); Hon Afolabi Moruf Afuape (APC, Ogun, Constituency: Abeokuta South); Hon Ugochinyere Onyinye Ikeagwuonu (PDP, Imo, Constituency: Ideato North/Ideato South); Hon Usman Bello Kumo (APC, Gombe, Constituency: Akko); Hon Joseph Bassey (APC, Cross River, Constituency: Calabar South/Akpabuyo/ Bakassi); Hon Benjamin Kalu (APC, Abia, Constituency: Bende)",Hon Yusuf Ahmad Badau; Hon Afolabi Moruf Afuape; Hon Ugochinyere Onyinye Ikeagwuonu; Hon Usman Bello Kumo; Hon Joseph Bassey; Hon Benjamin Kalu,University Education,Hon Yusuf Ahmad Badau
8df4d067-7945-4f34-9c1a-1dc21fc13233,"Federal Co-operative Colleges (Establishment) Bill, 2024",First Reading (House: 2024-06-11) -> Second Reading (Not Started) -> Committee Assignment (Not Started) -> Report (Not Started) -> Third Reading/Concurrence (Not Started) -> Harmonization (Not Started) -> Assent (Not Started),2024-06-11,,"Hon Nnamdi Ezechi (PDP, Delta, Constituency: Nkokwa East/Ndokwa West/ Ukwuani)",Hon Nnamdi Ezechi,Not Yet Referred,Hon Nnamdi Ezechi
4ac50ac2-c627-4387-a3c6-16abe3918f48,"Federal College for Adult and Non-formal Education, Maru, Zamfara State (Establishment) Bill, 2023",First Reading (House: 2023-11-16) -> Second Reading (Not Started) -> Committee Assignment (Not Started) -> Report (Not Started) -> Third Reading/Concurrence (Not Started) -> Harmonization (Not Started) -> Assent (Not Started),2023-11-16,,"Hon Abdulmalik Zubairu (APC, Zamfara, Constituency: Bungudu/Maru)",Hon Abdulmalik Zubairu,Not Yet Referred,Hon Abdulmalik Zubairu
abb18db1-312f-45e2-b7ab-104d275279d5,"Federal College of Agricultural Technology, Abak, Akwa Ibom State (Establishment) Bill, 2023",First Reading (House: 2023-11-23) -> Second Reading (Not Started) -> Committee Assignment (Not Started) -> Report (Not Started) -> Third Reading/Concurrence (Not Started) -> Harmonization (Not Started) -> Assent (Not Started),2023-11-23,,"Clement Jimbo (APC, Akwa Ibom, Constituency: Abak/Etim Ekpo/Ika)",Clement Jimbo,Not Yet Referred,Clement Jimbo
25e201d2-2c37-468a-8d9f-14cbc774e9bb,"Federal College of Agricultural Technology, Otun- Ekiti, Ekiti State (Establishment) Bill, 2023",First Reading (House: 2023-11-09) -> Second Reading (House: 2024-02-08) -> Committee Assignment (House: 2024-02-08) -> Report (House: 2024-02-29) -> Third Reading/Concurrence (House: 2024-03-06) -> Harmonization (Not Started) -> Assent (Not Started),2023-11-09,2024-02-08,"Hon Francis Ejiroghene Waive (APC, Delta, Constituency: Ughelli North, Ughelli South/Udu)",Hon Francis Ejiroghene Waive,the Whole,Hon Francis Ejiroghene Waive
ef19fca7-009e-4bdb-894b-ac7afb845e41,"Federal College of Agriculture , Mbatie, Buruku, Benue State (Establishment) Bill ,2023",First Reading (House: 2023-10-10) -> Second Reading (Not Started) -> Committee Assignment (Not Started) -> Report (Not Started) -> Third Reading/Concurrence (Not Started) -> Harmonization (Not Started) -> Assent (Not Started),2023-10-10,,"Sekav Dzua Iyortyom (APC, Benue, Constituency: Buruku)",Sekav Dzua Iyortyom,Not Yet Referred,Sekav Dzua Iyortyom
7658b9c3-fa6b-4a9e-b6be-bf10c73a5f72,"Federal College of Agriculture (Establishment) Bill, 202",First Reading (House: 2023-07-11) -> Second Reading (Not Started) -> Committee Assignment (Not Started) -> Report (Not Started) -> Third Reading/Concurrence (Not Started) -> Harmonization (Not Started) -> Assent (Not Started),2023-07-11,,"Hon Ghali Tijjani Mustapha (NNPP, Kano, Constituency: Alabasu/Gaya/Ajingi)",Hon Ghali Tijjani Mustapha,Not Yet Referred,Hon Ghali Tijjani Mustapha
c0eaa050-5e2c-474f-ba57-d6a359aff7cb,"Federal College of Agriculture and Forestry Oban – Akamkpa, Cross River State (Establishment) Bill, 2023",First Reading (House: 2023-07-27) -> Second Reading (Not Started) -> Committee Assignment (Not Started) -> Report (House: 2025-11-12) -> Third Reading/Concurrence (Not Started) -> Harmonization (Not Started) -> Assent (Not Started),2023-07-27,,"Lemke Emil Inyang (PDP, Cross River, Constituency: Akamkpa/Biase)",Lemke Emil Inyang,Not Yet Referred,Lemke Emil Inyang
e26ebe82-2b5b-4598-b942-b83662d23eea,"Federal College of Agriculture and Forestry Okundi, Cross River (Establishment) Bill, 2023",First Reading (House: 2023-07-18) -> Second Reading (House: 2024-02-21) -> Committee Assignment (House: 2024-02-21) -> Report (Not Started) -> Third Reading/Concurrence (Not Started) -> Harmonization (Not Started) -> Assent (Not Started),2023-07-18,2024-02-21,"Hon Victor Abang (APC, Cross River, Constituency: Boki/Ikom)",Hon Victor Abang,Agricultural Colleges and Institutions,Hon Victor Abang
be2d26d8-635c-44be-a312-47421eacc4b4,"Federal College of Agriculture and Vocational Studies, Ogbia, Bayelsa State (Establishment) Bill, 2024",First Reading (House: 2024-05-08) -> Second Reading (Not Started) -> Committee Assignment (Not Started) -> Report (House: 2025-12-11) -> Third Reading/Concurrence (Not Started) -> Harmonization (Not Started) -> Assent (Not Started),2024-05-08,,"Mitema Obordor (PDP, Bayelsa, Constituency: Ogbia)",Mitema Obordor,Not Yet Referred,Mitema Obordor
ebb8d3cf-aa0d-478a-bf25-80791a105a7f,"Federal College of Agriculture Katcha, Niger State (Establishment) Bill, 2023",First Reading (House: 2023-07-27) -> Second Reading (Not Started) -> Committee Assignment (Not Started) -> Report (Not Started) -> Third Reading/Concurrence (Not Started) -> Harmonization (Not Started) -> Assent (Not Started),2023-07-27,,"Hon Saidu Musa Abdullahi (APC, Niger, Constituency: Bida/Gbako/Katcha)",Hon Saidu Musa Abdullahi,Not Yet Referred,Hon Saidu Musa Abdullahi
0fe10bcd-f126-49b2-a984-e1d164ce2a90,"Federal College of Agriculture Produce Technology, Kano State (Establishment) Bill, 2023",First Reading (House: 2023-07-27) -> Second Reading (Not Started) -> Committee Assignment (Not Started) -> Report (Not Started) -> Third Reading/Concurrence (Not Started) -> Harmonization (Not Started) -> Assent (Not Started),2023-07-27,,"Hon Rabiu Yusuf (NNPP, Kano, Constituency: Sumaila/Takai)",Hon Rabiu Yusuf,Not Yet Referred,Hon Rabiu Yusuf
af1256d3-2a45-4ba7-8d4a-cb2e957878ae,"Federal College of Agriculture, Abi, Cross River State (Establishment) Bill, 2023",First Reading (House: 2023-07-27) -> Second Reading (House: 2023-10-26) -> Committee Assignment (House: 2023-10-26) -> Report (House: 2023-12-21) -> Third Reading/Concurrence (House: 2023-12-21) -> Harmonization (Not Started) -> Assent (Not Started),2023-07-27,2023-10-26,"Hon Alex Egbona (PDP, Cross River, Constituency: Yakurr/Abi)",Hon Alex Egbona,the Whole,Hon Alex Egbona
12dbd5eb-8304-48a7-8a61-68e1ecd08891,"Federal College of Agriculture, Agila, Benue State (Establishment) Bill, 2023",First Reading (House: 2023-07-05) -> Second Reading (House: 2023-10-31) -> Committee Assignment (House: 2023-10-31) -> Report (House: 2024-09-26) -> Third Reading/Concurrence (Not Started) -> Harmonization (Not Started) -> Assent (Not Started),2023-07-05,2023-10-31,"Hon Philip Agbese (APC, Benue, Constituency: Ado/Obadigbo/Okpokwu)",Hon Philip Agbese,Agricultural Colleges and Institutions,Hon Philip Agbese
6e677004-b6d5-4899-a54c-22b045afe9e9,"Federal College of Agriculture, Ishiagu (Est) Bill, 2023",First Reading (House: 2023-07-25) -> Second Reading (Not Started) -> Committee Assignment (Not Started) -> Report (Not Started) -> Third Reading/Concurrence (Not Started) -> Harmonization (Not Started) -> Concurrence (Not Started) -> Assent (Not Started),2023-07-25,,"Hon Benjamin Kalu (APC, Abia, Constituency: Bende)",Hon Benjamin Kalu,Not Yet Referred,Hon Benjamin Kalu
5dbd5257-c8f7-44be-ad6c-3a6fc77606e1,"Federal College of Agriculture, Kukawa, Borno State (Establishment) Bill, 2023",First Reading (House: 2023-10-05) -> Second Reading (Not Started) -> Committee Assignment (Not Started) -> Report (Not Started) -> Third Reading/Concurrence (Not Started) -> Harmonization (Not Started) -> Assent (Not Started),2023-10-05,,"Hon Mallam Bukar Gana (APC, Borno, Constituency: Kukawa/Mobbar/Abadam/ Guzamali)",Hon Mallam Bukar Gana,Not Yet Referred,Hon Mallam Bukar Gana
75341caa-feda-456b-987f-adbf75d0386c,"Federal College of Agriculture, Misau, Bauchi State (Establishment) Bill, 2023",First Reading (House: 2023-10-03) -> Second Reading (House: 2023-10-19) -> Committee Assignment (House: 2023-10-19) -> Report (House: 2024-09-25) -> Third Reading/Concurrence (Not Started) -> Harmonization (Not Started) -> Assent (Not Started),2023-10-03,2023-10-19,"Hon Aliyu Bappa misau (PDP, Bauchi, Constituency: Misau/Dambam)",Hon Aliyu Bappa misau,Agricultural Colleges and Institutions,Hon Aliyu Bappa misau
b3412386-9b87-48ff-8d27-db78085d842c,"Federal College of Agriculture, Orhionmwon / Uhunmwode, Edo State Bill, 2023",First Reading (House: 2023-07-27) -> Second Reading (Not Started) -> Committee Assignment (Not Started) -> Report (Not Started) -> Third Reading/Concurrence (Not Started) -> Harmonization (Not Started) -> Assent (Not Started),2023-07-27,,"Hon Billy Famous Osawaru (APC, Edo, Constituency: Orhionmwon/Uhunmwonde)",Hon Billy Famous Osawaru,Not Yet Referred,Hon Billy Famous Osawaru
7650bd52-b3a1-4636-9f9f-8d7428fea5b7,"Federal College of Agriculture, Tsafe, Zamfara State (Establishment) Bill, 2023",First Reading (House: 2023-07-18) -> Second Reading (Not Started) -> Committee Assignment (Not Started) -> Report (Not Started) -> Third Reading/Concurrence (Not Started) -> Harmonization (Not Started) -> Concurrence (Not Started) -> Assent (Not Started),2023-07-18,,"Hon Kabiru Amadu (PDP, Zamfara, Constituency: Gusau/Tsafe)",Hon Kabiru Amadu,Not Yet Referred,Hon Kabiru Amadu
b14001a3-c9a0-4731-af66-4cfb19632458,"Federal College of Agriculture, Urhonigbe, Edo State (Establishment) Bill, 2023",First Reading (House: 2023-09-26) -> Second Reading (Not Started) -> Committee Assignment (Not Started) -> Report (Not Started) -> Third Reading/Concurrence (Not Started) -> Harmonization (Not Started) -> Assent (Not Started),2023-09-26,,"Hon Billy Famous Osawaru (APC, Edo, Constituency: Orhionmwon/Uhunmwonde)",Hon Billy Famous Osawaru,Not Yet Referred,Hon Billy Famous Osawaru
82a8cb56-fba9-4546-8cb4-d159d5e8f320,"Federal College of Animal Health and Production Technology, Mani Katsina State (Establishment) Bill, 2025",First Reading (Not Started) -> Second Reading (Not Started) -> Committee Assignment (Not Started) -> Report (Not Started) -> Third Reading/Concurrence (Not Started) -> Harmonization (Not Started) -> Assent (Not Started),,,"Hon Ahmed Doro Yusuf (APC, Katsina, Constituency: Bindawa/Mani)",Hon Ahmed Doro Yusuf,Not Yet Referred,Hon Ahmed Doro Yusuf
012bc83e-41c8-4fde-96dd-a3334e4ed9fd,"Federal College of Aviation Technology, Ihala, Anambra State (Establishment) Bill, 2023",First Reading (House: 2023-07-27) -> Second Reading (Not Started) -> Committee Assignment (Not Started) -> Report (Not Started) -> Third Reading/Concurrence (Not Started) -> Harmonization (Not Started) -> Assent (Not Started),2023-07-27,,"Hon Pascal Agbodike (APGA, Anambra, Constituency: Ihiala)",Hon Pascal Agbodike,Not Yet Referred,Hon Pascal Agbodike
b3acef77-7947-4ba6-a846-7ee195c7ddcf,"Federal College of Complementary and Alternative Medicine (Est.) Act (Amendment) Bill, 2025",First Reading (Not Started) -> Second Reading (Not Started) -> Committee Assignment (Not Started) -> Report (Not Started) -> Third Reading/Concurrence (Not Started) -> Harmonization (Not Started) -> Assent (Not Started),,,"Hon Adewale Hameed (APC, Lagos, Constituency: Agege)",Hon Adewale Hameed,Not Yet Referred,Hon Adewale Hameed
3dcdf4e0-bf18-4ddf-b579-597fccb2b1ce,"Federal College of Complementary and Alternative Medicine (Repeal and Enactment) Bill, 2026",First Reading (House: 2026-03-12) -> Second Reading (Not Started) -> Committee Assignment (Not Started) -> Report (Not Started) -> Third Reading/Concurrence (Not Started) -> Harmonization (Not Started) -> Assent (Not Started),2026-03-12,,"Executive (APC, N/A, Constituency: .)",Executive,Not Yet Referred,Executive
b329903b-5eeb-4997-b935-d8f8eec68df8,"Federal College of Complementary and Alternative Medicine Ugbogun, Uhunmwode, Edo State,(Esta.) Bill, 2025",First Reading (Not Started) -> Second Reading (Not Started) -> Committee Assignment (Not Started) -> Report (Not Started) -> Third Reading/Concurrence (Not Started) -> Harmonization (Not Started) -> Assent (Not Started),,,"Hon Billy Famous Osawaru (APC, Edo, Constituency: Orhionmwon/Uhunmwonde)",Hon Billy Famous Osawaru,Not Yet Referred,Hon Billy Famous Osawaru
ca59b225-16d3-401d-b048-da4a7e89a001,"Federal College of Dental and Therapy Act (Amendment) Bill, 2023",First Reading (House: 2023-11-22) -> Second Reading (Not Started) -> Committee Assignment (Not Started) -> Report (Not Started) -> Third Reading/Concurrence (Not Started) -> Harmonization (Not Started) -> Assent (Not Started),2023-11-22,,"Hon Benjamin Kalu (APC, Abia, Constituency: Bende)",Hon Benjamin Kalu,Not Yet Referred,Hon Benjamin Kalu
6d3c8e8a-03c2-4267-8d81-6106c0ada0c1,"Federal College of Dental Technology and Therapy Fagge (Establishment) Bill, 2023",First Reading (House: 2023-07-13) -> Second Reading (Not Started) -> Committee Assignment (Not Started) -> Report (Not Started) -> Third Reading/Concurrence (Not Started) -> Harmonization (Not Started) -> Concurrence (Not Started) -> Assent (Not Started),2023-07-13,,"Hon Muhammed Bello Shehu (NNPP, Kano, Constituency: Fagge)",Hon Muhammed Bello Shehu,Not Yet Referred,Hon Muhammed Bello Shehu
22fea484-c0eb-4f7b-ad9e-a499afc4caac,"Federal College of Dental Technology and Therapy, Birnin-Kebbi, Kebbi State (Establishment) Bill, 2024",First Reading (House: 2024-07-18) -> Second Reading (House: 2024-09-25) -> Committee Assignment (House: 2024-09-25) -> Report (Not Started) -> Third Reading/Concurrence (House: 2025-05-21) -> Harmonization (Not Started) -> Assent (Not Started),2024-07-18,2024-09-25,"Hon Ibrahim Mohammed Bukar (APC, Borno, Constituency: Dikwa/Mafa/Konduga)",Hon Ibrahim Mohammed Bukar,Health Institutions,Hon Ibrahim Mohammed Bukar
a98cec78-d8c0-4830-b9cc-cc757e5965e4,"Federal College of Dental Technology and Therapy, Kano Municipal, Kano State (Establishment) Bill, 2023",First Reading (House: 2023-10-24) -> Second Reading (Not Started) -> Committee Assignment (Not Started) -> Report (Not Started) -> Third Reading/Concurrence (Not Started) -> Harmonization (Not Started) -> Assent (Not Started),2023-10-24,,"Hon. Sagir Koki (APC, Kano, Constituency: Municipal)",Hon. Sagir Koki,Not Yet Referred,Hon. Sagir Koki
9f493458-2fcc-40a2-992d-7eb333eddb10,"Federal College of Dental Technology and Therapy, Kusada, Katsina State (Establishment) Bill, 2024",First Reading (House: 2024-05-21) -> Second Reading (Not Started) -> Committee Assignment (Not Started) -> Report (Not Started) -> Third Reading/Concurrence (Not Started) -> Harmonization (Not Started) -> Assent (Not Started),2024-05-21,,"Abubakar Yahaya Kusada (APC, Katsina, Constituency: Ingawa/Kankia/Kusada)",Abubakar Yahaya Kusada,Not Yet Referred,Abubakar Yahaya Kusada
bef4af87-7d51-43f6-8164-1e410084dc06,"Federal College of Dental Technology and Therapy, Zaki, Bauchi State (Establishment) Bill, 2024",First Reading (House: 2024-07-23) -> Second Reading (Not Started) -> Committee Assignment (Not Started) -> Report (Not Started) -> Third Reading/Concurrence (Not Started) -> Harmonization (Not Started) -> Assent (Not Started),2024-07-23,,"Mohammed Dan Abba Shehu (PDP, Bauchi, Constituency: Zaki)",Mohammed Dan Abba Shehu,Not Yet Referred,Mohammed Dan Abba Shehu
9d44e212-f23e-4dfd-ab2f-5a15e9932d3f,"Federal College of Education (Special), Patani, (Establishment) Bill, 2023",First Reading (House: 2023-07-26) -> Second Reading (Not Started) -> Committee Assignment (Not Started) -> Report (Not Started) -> Third Reading/Concurrence (Not Started) -> Harmonization (Not Started) -> Assent (Not Started),2023-07-26,,"Hon Nicholas Ebomo Mutu (PDP, Delta, Constituency: Bomadi/Patani)",Hon Nicholas Ebomo Mutu,Not Yet Referred,Hon Nicholas Ebomo Mutu
0888bf74-aa78-4f36-92b2-8d970d6edf4b,"Federal College of Education (Technical) Akpet, Cross River State (Establishment) Bill, 2023",First Reading (House: 2023-07-27) -> Second Reading (Not Started) -> Committee Assignment (Not Started) -> Report (Not Started) -> Third Reading/Concurrence (Not Started) -> Harmonization (Not Started) -> Assent (Not Started),2023-07-27,,"Lemke Emil Inyang (PDP, Cross River, Constituency: Akamkpa/Biase)",Lemke Emil Inyang,Not Yet Referred,Lemke Emil Inyang
7487bf21-ceb1-4005-988b-4031ee653cce,"Federal College of Education (Technical) Ikom, Cross River State (Est) Bill, 2023",First Reading (House: 2023-07-26) -> Second Reading (Not Started) -> Committee Assignment (Not Started) -> Report (Not Started) -> Third Reading/Concurrence (Not Started) -> Harmonization (Not Started) -> Assent (Not Started),2023-07-26,,"Hon Ibe Okwara Osonwa (LP, Abia, Constituency: Arochukwu/Ohafia)",Hon Ibe Okwara Osonwa,Not Yet Referred,Hon Ibe Okwara Osonwa
308b6fbe-a6b0-4cdd-b817-87deacd16de8,"Federal College of Education Act (Amendment) Bill, 2023",First Reading (House: 2023-11-28) -> Second Reading (Not Started) -> Committee Assignment (Not Started) -> Report (Not Started) -> Third Reading/Concurrence (Not Started) -> Harmonization (Not Started) -> Assent (Not Started),2023-11-28,,"Hon Sunday Anamero Dekeri (APC, Edo, Constituency: Etsako East/Etsako West/ Etsako Central)",Hon Sunday Anamero Dekeri,Not Yet Referred,Hon Sunday Anamero Dekeri
15a89f4f-76a5-4afb-836d-01431eb89886,"Federal College of Education Act (Amendment) Bill, 2024",First Reading (House: 2024-07-11) -> Second Reading (House: 2024-10-08) -> Committee Assignment (House: 2024-10-08) -> Report (Not Started) -> Third Reading/Concurrence (Not Started) -> Harmonization (Not Started) -> Assent (Not Started),2024-07-11,2024-10-08,"Ifeoluwa Ehindero (APC, Ondo, Constituency: Akoko North East/Akoko North West)",Ifeoluwa Ehindero,Federal Colleges of Education,Ifeoluwa Ehindero
7203f361-7d73-4a70-bc92-f5176b3d97ad,"Federal College of Education Act (Amendment) Bill, 2024",First Reading (House: 2024-07-11) -> Second Reading (House: 2024-07-18) -> Committee Assignment (House: 2024-07-18) -> Report (Not Started) -> Third Reading/Concurrence (Not Started) -> Harmonization (Not Started) -> Assent (Not Started),2024-07-11,2024-07-18,"Hon Agbedi Yeitiemone Frederick (PDP, Bayelsa, Constituency: Sagbama/Ekeremor)",Hon Agbedi Yeitiemone Frederick,the Whole,Hon Agbedi Yeitiemone Frederick
3a95c6fe-a2df-48fe-9306-a9c10bdb9ea9,"Federal College of Education Mutum Biyu, Taraba State (Establishment) Bill, 2023",First Reading (House: 2023-10-03) -> Second Reading (House: 2023-10-10) -> Committee Assignment (House: 2023-10-10) -> Report (House: 2023-12-20) -> Third Reading/Concurrence (House: 2023-12-21) -> Harmonization (Not Started) -> Assent (Not Started),2023-10-03,2023-10-10,"Jaafaru Yakubu (PDP, Taraba, Constituency: Bali/Gassol)",Jaafaru Yakubu,the Whole,Jaafaru Yakubu
b43eaa4d-19ff-490f-9d22-1f9cc7c96ada,"Federal College of Education, Amaigbo (Est) Bill, 2023",First Reading (House: 2023-07-26) -> Second Reading (Not Started) -> Committee Assignment (Not Started) -> Report (Not Started) -> Third Reading/Concurrence (Not Started) -> Harmonization (Not Started) -> Assent (Not Started),2023-07-26,,"Hon Ozurigbo Ugonna (APC, Imo, Constituency: Isu/Njaba/Nkwerre/Nwangele)",Hon Ozurigbo Ugonna,Not Yet Referred,Hon Ozurigbo Ugonna
afb183d3-83b7-4ace-8967-f28fb0d971c8,"Federal College of Education, Amaigbo Bill, 2023",First Reading (House: 2023-07-27) -> Second Reading (Not Started) -> Committee Assignment (Not Started) -> Report (Not Started) -> Third Reading/Concurrence (Not Started) -> Harmonization (Not Started) -> Assent (Not Started),2023-07-27,,"Hon Ozurigbo Ugonna (APC, Imo, Constituency: Isu/Njaba/Nkwerre/Nwangele)",Hon Ozurigbo Ugonna,Not Yet Referred,Hon Ozurigbo Ugonna
2ba4f5d7-f75c-48f0-858b-d9cd429745d6,"Federal College of Education, Bende (Establishment) Bill, 2023",First Reading (House: 2023-07-25) -> Second Reading (House: 2023-07-25) -> Committee Assignment (House: 2023-07-25) -> Report (House: 2023-10-04) -> Third Reading/Concurrence (House: 2023-10-05) -> Harmonization (Not Started) -> Assent (Not Started),2023-07-25,2023-07-25,"Hon Julius Ihonvbere (APC, Edo, Constituency: Owan East/Owan West)",Hon Julius Ihonvbere,the Whole,Hon Julius Ihonvbere
7e4c68c5-1e71-419d-8604-dbc61a813baf,"Federal College of Education, Dangi-Kanam, Plateau State (Establishment) Bill, 2023",First Reading (House: 2023-07-25) -> Second Reading (House: 2023-07-25) -> Committee Assignment (House: 2023-07-25) -> Report (House: 2024-09-26) -> Third Reading/Concurrence (House: 2024-10-03) -> Harmonization (Not Started) -> Assent (Not Started),2023-07-25,2023-07-25,"Hon Julius Ihonvbere (APC, Edo, Constituency: Owan East/Owan West)",Hon Julius Ihonvbere,the Whole,Hon Julius Ihonvbere
21dede30-4f78-4392-b894-198f23b8c5c2,"Federal College of Education, Ijesha, Lagos State (Establishment) Bill, 2023",First Reading (House: 2023-07-27) -> Second Reading (House: 2023-06-11) -> Committee Assignment (House: 2023-06-11) -> Report (Not Started) -> Third Reading/Concurrence (Not Started) -> Harmonization (Not Started) -> Assent (Not Started),2023-07-27,2023-06-11,"Hon Lanre Okunlola (APC, Lagos, Constituency: Surulere II)",Hon Lanre Okunlola,Federal Colleges of Education,Hon Lanre Okunlola
4197fb79-f61e-4078-a112-5a891564ed5f,"Federal College of Education, Kamba, Kebbi State (Establishment) Bill, 2023",First Reading (House: 2023-10-10) -> Second Reading (Not Started) -> Committee Assignment (Not Started) -> Report (Not Started) -> Third Reading/Concurrence (Not Started) -> Harmonization (Not Started) -> Assent (Not Started),2023-10-10,,"Rabiu Garba Kamba (APC, Kebbi, Constituency: Arewa/Dandi)",Rabiu Garba Kamba,Not Yet Referred,Rabiu Garba Kamba
70fdf3fc-41a4-416b-a3be-fe87f6b24ad5,"Federal College of Education, Omu Aran Kwara State (Establishment) Bill, 2023",First Reading (House: 2023-07-27) -> Second Reading (House: 2023-07-27) -> Committee Assignment (House: 2023-07-27) -> Report (House: 2024-02-14) -> Third Reading/Concurrence (House: 2024-02-14) -> Harmonization (Not Started) -> Assent (Not Started),2023-07-27,2023-07-27,"Hon Julius Ihonvbere (APC, Edo, Constituency: Owan East/Owan West)",Hon Julius Ihonvbere,the Whole,Hon Julius Ihonvbere
313337b2-0c6c-4523-811b-df6b4a2d82b4,"Federal College of Education, Ugboha, Edo State (Establishment) Bill, 2023",First Reading (House: 2023-10-04) -> Second Reading (House: 2023-12-20) -> Committee Assignment (House: 2023-12-20) -> Report (Not Started) -> Third Reading/Concurrence (Not Started) -> Harmonization (Not Started) -> Assent (Not Started),2023-10-04,2023-12-20,"Henry Odianosen Okojie (APC, Edo, Constituency: Esan North East/Esan South East)",Henry Odianosen Okojie,the Whole,Henry Odianosen Okojie
c0df2d29-d6e1-433b-81c2-d922616afc75,"Federal College of Education, Umuobom, Imo State (Establishment) Bill, 2024",First Reading (House: 2024-09-25) -> Second Reading (Not Started) -> Committee Assignment (Not Started) -> Report (Not Started) -> Third Reading/Concurrence (Not Started) -> Harmonization (Not Started) -> Assent (Not Started),2024-09-25,,"Hon Ugochinyere Onyinye Ikeagwuonu (PDP, Imo, Constituency: Ideato North/Ideato South)",Hon Ugochinyere Onyinye Ikeagwuonu,Not Yet Referred,Hon Ugochinyere Onyinye Ikeagwuonu
81ab47c7-fd32-4fde-aa2e-b6c489d69e1d,"Federal College of Entrepreneurship and Skill Acquisition Ikem Nkwo, Enugu State (Establishment) Bill, 2023",First Reading (House: 2023-10-03) -> Second Reading (Not Started) -> Committee Assignment (Not Started) -> Report (Not Started) -> Third Reading/Concurrence (Not Started) -> Harmonization (Not Started) -> Assent (Not Started),2023-10-03,,"Hon Paul Nnamchi (LP, Enugu, Constituency: Enugu East/Isi Uzo)",Hon Paul Nnamchi,Not Yet Referred,Hon Paul Nnamchi
139b9043-d314-4661-b5b5-e55ce9e6c3fa,"Federal College of Entrepreneurship and Skill Acquisition Ngor Okpala (Establishment) Bill, 2023",First Reading (House: 2023-07-19) -> Second Reading (Not Started) -> Committee Assignment (Not Started) -> Report (Not Started) -> Third Reading/Concurrence (Not Started) -> Harmonization (Not Started) -> Concurrence (Not Started) -> Assent (Not Started),2023-07-19,,"Hon Mathew Nwogu (LP, Imo, Constituency: Aboh Mbaise/Ngor Okpala)",Hon Mathew Nwogu,Not Yet Referred,Hon Mathew Nwogu
14d478ab-6151-425d-a65e-8d294eb4b44c,"Federal College of Entrepreneurship and Skill Acquisition, Awka, Anambra State",First Reading (House: 2023-10-19) -> Second Reading (Not Started) -> Committee Assignment (Not Started) -> Report (Not Started) -> Third Reading/Concurrence (Not Started) -> Harmonization (Not Started) -> Assent (Not Started),2023-10-19,,"Hon. Sagir Koki (APC, Kano, Constituency: Municipal)",Hon. Sagir Koki,Not Yet Referred,Hon. Sagir Koki
1a520a11-65a4-4d99-9947-02ca7e8900d2,"Federal College of Entrepreneurship and Skill Acquisition, Bauchi State (Establishment) Bill, 2023",First Reading (House: 2023-11-16) -> Second Reading (Not Started) -> Committee Assignment (Not Started) -> Report (Not Started) -> Third Reading/Concurrence (Not Started) -> Harmonization (Not Started) -> Assent (Not Started),2023-11-16,,"Hon. Sagir Koki (APC, Kano, Constituency: Municipal)",Hon. Sagir Koki,Not Yet Referred,Hon. Sagir Koki
1511c194-4a1b-42d2-84fc-8db6e00f271f,"Federal College of Entrepreneurship and Skill Acquisition, Bunza, Kebbi State (Establishment) Bill, 2024",First Reading (House: 2023-07-18) -> Second Reading (Not Started) -> Committee Assignment (Not Started) -> Report (Not Started) -> Third Reading/Concurrence (Not Started) -> Harmonization (Not Started) -> Assent (Not Started),2023-07-18,,"Hon Ibrahim Mohammed Bukar (APC, Borno, Constituency: Dikwa/Mafa/Konduga)",Hon Ibrahim Mohammed Bukar,Not Yet Referred,Hon Ibrahim Mohammed Bukar
f5f9afab-ccaa-418e-ae25-31eead83aa70,"Federal College of Entrepreneurship and Skill Acquisition, Fagge, Kano State (Establishment) Bill, 2023",First Reading (House: 2023-11-02) -> Second Reading (Not Started) -> Committee Assignment (Not Started) -> Report (Not Started) -> Third Reading/Concurrence (Not Started) -> Harmonization (Not Started) -> Assent (Not Started),2023-11-02,,"Hon Muhammed Bello Shehu (NNPP, Kano, Constituency: Fagge)",Hon Muhammed Bello Shehu,Not Yet Referred,Hon Muhammed Bello Shehu
708be392-15d2-4b28-855e-9091da0d5bab,"Federal College of Entrepreneurship and Skill Acquisition, Illela, Sokoto State (Establishment) Bill, 2023",First Reading (House: 2023-11-16) -> Second Reading (Not Started) -> Committee Assignment (Not Started) -> Report (House: 2025-12-03) -> Third Reading/Concurrence (House: 2025-12-16) -> Harmonization (Not Started) -> Assent (Not Started),2023-11-16,,"Bello Isa Ambarura (APC, Sokoto, Constituency: Illela/Gwadabawa)",Bello Isa Ambarura,Federal Polytechnics,Bello Isa Ambarura
df0ab3bf-f54e-4429-bc63-0e5de8798b7b,"Federal College of Entrepreneurship and Skill Acquisition, Ilorin West, Kwara State (Establishment) Bill, 2023",First Reading (House: 2023-10-10) -> Second Reading (Not Started) -> Committee Assignment (Not Started) -> Report (Not Started) -> Third Reading/Concurrence (Not Started) -> Harmonization (Not Started) -> Assent (Not Started),2023-10-10,,"Hon Muktar Tolani Shagaya (APC, Kwara, Constituency: Ilorin West/Asa)",Hon Muktar Tolani Shagaya,Not Yet Referred,Hon Muktar Tolani Shagaya
18e91383-ba1d-4460-b7ce-99200a4d082c,"Federal College of Entrepreneurship and Skill Acquisition, Kano State (Establishment) Bill, 2023",First Reading (House: 2023-10-17) -> Second Reading (Not Started) -> Committee Assignment (Not Started) -> Report (Not Started) -> Third Reading/Concurrence (Not Started) -> Harmonization (Not Started) -> Assent (Not Started),2023-10-17,,"Hon. Sagir Koki (APC, Kano, Constituency: Municipal)",Hon. Sagir Koki,Not Yet Referred,Hon. Sagir Koki
9f1d28df-40ed-4e21-a303-211a671fc351,"Federal College of Entrepreneurship and Skill Acquisition, Lubo, Gombe State (Establishment) Bill, 2024",First Reading (House: 2024-07-23) -> Second Reading (Not Started) -> Committee Assignment (Not Started) -> Report (Not Started) -> Third Reading/Concurrence (Not Started) -> Harmonization (Not Started) -> Assent (Not Started),2024-07-23,,"Hon Inuwa Garba (PDP, Gombe, Constituency: Yamaltu/Deba)",Hon Inuwa Garba,Not Yet Referred,Hon Inuwa Garba
b9e9db04-237a-4095-8764-0c3b4927c523,"Federal College of Entrepreneurship and Skill Acquisition, Mbaitoli, Imo State (Establishment) Bill, 2023",First Reading (House: 2023-10-05) -> Second Reading (Not Started) -> Committee Assignment (Not Started) -> Report (Not Started) -> Third Reading/Concurrence (Not Started) -> Harmonization (Not Started) -> Assent (Not Started),2023-10-05,,"Akarachi Etinosa Tosan (APC, Imo, Constituency: Ikeduru/Mbaitoli)",Akarachi Etinosa Tosan,Not Yet Referred,Akarachi Etinosa Tosan
adc3e218-09ba-404c-ac67-7ef6003f1912,"Federal College of Entrepreneurship and Skill Acquisition, Minna, Niger State (Establishment) Bill, 2023",First Reading (House: 2023-10-12) -> Second Reading (Not Started) -> Committee Assignment (Not Started) -> Report (Not Started) -> Third Reading/Concurrence (Not Started) -> Harmonization (Not Started) -> Assent (Not Started),2023-10-12,,"Hon. Sagir Koki (APC, Kano, Constituency: Municipal)",Hon. Sagir Koki,Not Yet Referred,Hon. Sagir Koki
8a494cf7-fa9a-48c3-b762-d421ae89fe28,"Federal College of Entrepreneurship and Skill Acquisition, Nsit Ibom, Akwa Ibom State (Establishment) Bill, 2024",First Reading (House: 2024-07-18) -> Second Reading (Not Started) -> Committee Assignment (Not Started) -> Report (Not Started) -> Third Reading/Concurrence (Not Started) -> Harmonization (Not Started) -> Assent (Not Started),2024-07-18,,"Hon Paul Asuquo Ekpo (PDP, Akwa Ibom, Constituency: Etinan/Nsit Ibom/Nsit ubium)",Hon Paul Asuquo Ekpo,Not Yet Referred,Hon Paul Asuquo Ekpo
cd54553f-ec20-4a2f-97e5-dd06a14961b0,"Federal College of Entrepreneurship and Skill Acquisition, Ode-Itsekiri, Delta State (Establishment) Bill, 2023",First Reading (House: 2023-10-03) -> Second Reading (Not Started) -> Committee Assignment (Not Started) -> Report (Not Started) -> Third Reading/Concurrence (Not Started) -> Harmonization (Not Started) -> Assent (Not Started),2023-10-03,,"Hon Ereyitomi Thomas (PDP, Delta, Constituency: Warri North/Warri South/ Warri South West)",Hon Ereyitomi Thomas,Not Yet Referred,Hon Ereyitomi Thomas
4661d0b5-db92-4ccc-a6ce-1fdc88010d37,"Federal College of Entrepreneurship and Skill Acquisition, Ogidi, Anambra State (Establishment) Bill, 2023",First Reading (House: 2023-10-19) -> Second Reading (Not Started) -> Committee Assignment (Not Started) -> Report (Not Started) -> Third Reading/Concurrence (Not Started) -> Harmonization (Not Started) -> Assent (Not Started),2023-10-19,,"Hon Uchenna Okonkwo (LP, Anambra, Constituency: Idemili North/Idemili South)",Hon Uchenna Okonkwo,Not Yet Referred,Hon Uchenna Okonkwo
9886d45a-2aa1-4982-965e-97242e3a3934,"Federal College of Entrepreneurship and Skill Acquisition, Olomoro, Delta State (Establishment) Bill, 2023",First Reading (House: 2023-10-05) -> Second Reading (Not Started) -> Committee Assignment (Not Started) -> Report (Not Started) -> Third Reading/Concurrence (Not Started) -> Harmonization (Not Started) -> Assent (Not Started),2023-10-05,,"Hon Jonathan Ajirioghene Ukodhiko (PDP, Delta, Constituency: Isoko North/Isoko South)",Hon Jonathan Ajirioghene Ukodhiko,Not Yet Referred,Hon Jonathan Ajirioghene Ukodhiko
3a940e04-1d9e-4a73-a05e-ea605768e6ad,"Federal College of Entrepreneurship and Skill Acquisition, Port Harcourt, Rivers State (Establishment) Bill, 2023",First Reading (House: 2023-11-07) -> Second Reading (Not Started) -> Committee Assignment (Not Started) -> Report (Not Started) -> Third Reading/Concurrence (Not Started) -> Harmonization (Not Started) -> Assent (Not Started),2023-11-07,,"Hon. Sagir Koki (APC, Kano, Constituency: Municipal)",Hon. Sagir Koki,Not Yet Referred,Hon. Sagir Koki
bb4025f1-521a-4bf6-a817-5e0e8e7de80f,"Federal College of Entrepreneurship and Skill Acquisition, Surulere, Lagos State (Establishment) Bill, 2023",First Reading (House: 2023-11-16) -> Second Reading (Not Started) -> Committee Assignment (Not Started) -> Report (Not Started) -> Third Reading/Concurrence (Not Started) -> Harmonization (Not Started) -> Assent (Not Started),2023-11-16,,"Hon. Sagir Koki (APC, Kano, Constituency: Municipal)",Hon. Sagir Koki,Not Yet Referred,Hon. Sagir Koki
d8442a37-eec1-45be-8a1a-97bdd62da5bc,"Federal College of Entrepreneurship and Skills Acquisition (Establishment) Bill, 2023",First Reading (House: 2023-10-05) -> Second Reading (Not Started) -> Committee Assignment (Not Started) -> Report (Not Started) -> Third Reading/Concurrence (Not Started) -> Harmonization (Not Started) -> Assent (Not Started),2023-10-05,,"Chimaobi Sam Atu (LP, Enugu, Constituency: Enugu North/Enugu South)",Chimaobi Sam Atu,Not Yet Referred,Chimaobi Sam Atu
80b51e42-2c06-495a-b6c1-a39e7ba80d0c,"Federal College of Entrepreneurship and Skills Acquisition Centre, Gwandu, Kebbi State (Establishment) Bill, 2023",First Reading (House: 2023-11-22) -> Second Reading (Not Started) -> Committee Assignment (Not Started) -> Report (Not Started) -> Third Reading/Concurrence (Not Started) -> Harmonization (Not Started) -> Assent (Not Started),2023-11-22,,"Hon Mansur Musa (PDP, Kebbi, Constituency: Aleiro/Gwandu/Jega)",Hon Mansur Musa,Not Yet Referred,Hon Mansur Musa
3bbc3f1e-8a98-480a-a1d0-9e02d441b0ce,"Federal College of Entrepreneurship and Skills Acquisition Mubi, Adamawa State (Est.) Bill, 2025",First Reading (Not Started) -> Second Reading (Not Started) -> Committee Assignment (Not Started) -> Report (Not Started) -> Third Reading/Concurrence (Not Started) -> Harmonization (Not Started) -> Assent (Not Started),,,"Ja’afar Abubakar Magaji (APC, Adamawa, Constituency: Maiha/Mubi North/Mubi South)",Ja’afar Abubakar Magaji,Not Yet Referred,Ja’afar Abubakar Magaji
cc8bf794-1e0f-485e-bf1d-778323cb758f,"Federal College of Entrepreneurship and Skills Acquisition, Ila–Orangun, Osun State (Establishment) Bill, 2023",First Reading (House: 2023-12-01) -> Second Reading (Not Started) -> Committee Assignment (Not Started) -> Report (Not Started) -> Third Reading/Concurrence (Not Started) -> Harmonization (Not Started) -> Assent (Not Started),2023-12-01,,"Akanni Clement Ademola (PDP, Osun, Constituency: Boluwaduro/Ifedayo/Ila)",Akanni Clement Ademola,Not Yet Referred,Akanni Clement Ademola
c096e766-ee83-48b8-8cc6-7cea659b3572,"Federal College of Entrepreneurship and Skills Acquisition, Ingawa, Katsina State (Establishment) Bill, 2024",First Reading (House: 2024-05-23) -> Second Reading (Not Started) -> Committee Assignment (Not Started) -> Report (Not Started) -> Third Reading/Concurrence (Not Started) -> Harmonization (Not Started) -> Assent (Not Started),2024-05-23,,"Abubakar Yahaya Kusada (APC, Katsina, Constituency: Ingawa/Kankia/Kusada)",Abubakar Yahaya Kusada,Not Yet Referred,Abubakar Yahaya Kusada
fb2b6662-6998-4e8c-b02e-8c337c277a7c,"Federal College of Entrepreneurship and Skills Acquisition, Zaki-Biam, Benue State (Est.) Bill, 2024",First Reading (Not Started) -> Second Reading (Not Started) -> Committee Assignment (Not Started) -> Report (Not Started) -> Third Reading/Concurrence (Not Started) -> Harmonization (Not Started) -> Assent (Not Started),,,"Prince Solomon Wombo (APC, Benue, Constituency: Katsina-Ala/Ukum/Logo)",Prince Solomon Wombo,Not Yet Referred,Prince Solomon Wombo
135690c1-cde0-405c-bcd6-81ca15d095b4,"Federal College of Entrepreneurship and Skills Acquisitions, Isiagu Obizi, Awka South, Anambra (Establishment) Bill, 2024",First Reading (House: 2024-05-09) -> Second Reading (Not Started) -> Committee Assignment (Not Started) -> Report (Not Started) -> Third Reading/Concurrence (Not Started) -> Harmonization (Not Started) -> Assent (Not Started),2024-05-09,,"Obiageli Lillian Orogbu (LP, Anambra, Constituency: Awka North/Awka South)",Obiageli Lillian Orogbu,Not Yet Referred,Obiageli Lillian Orogbu
fed8933a-230c-47cd-b7e6-121a9d27e5f6,"Federal College of Fisheries and Aqua-culture, Ikang, Cross Rivers State (Establishment) Bill, 2023",First Reading (House: 2023-09-26) -> Second Reading (Not Started) -> Committee Assignment (Not Started) -> Report (Not Started) -> Third Reading/Concurrence (Not Started) -> Harmonization (Not Started) -> Assent (Not Started),2023-09-26,,"Hon Joseph Bassey (APC, Cross River, Constituency: Calabar South/Akpabuyo/ Bakassi)",Hon Joseph Bassey,Not Yet Referred,Hon Joseph Bassey
8f8b429b-4c1e-4609-a816-d978bac7e597,"Federal College of Health and Dental Technology, Ifedore, Ondo State (Establishment) Bill, 2025",First Reading (House: 2025-07-03) -> Second Reading (House: 2025-11-12) -> Committee Assignment (House: 2025-11-12) -> Report (Not Started) -> Third Reading/Concurrence (Not Started) -> Harmonization (Not Started) -> Assent (Not Started),2025-07-03,2025-11-12,"Hon. Akingbaso Festus Olanrewaju (APC, Ondo, Constituency: Idanre/Ifedore)",Hon. Akingbaso Festus Olanrewaju,Health Institutions,Hon. Akingbaso Festus Olanrewaju
c3f9b843-7d78-4b74-a54b-d78deabcfb8b,"Federal College of Health Science, Technology, and Tropical Medicine, Abwa, Benue State (Establishment, Etc.) Bill, 2025",First Reading (Not Started) -> Second Reading (Not Started) -> Committee Assignment (Not Started) -> Report (Not Started) -> Third Reading/Concurrence (Not Started) -> Harmonization (Not Started) -> Assent (Not Started),,,"Sekav Dzua Iyortyom (APC, Benue, Constituency: Buruku)",Sekav Dzua Iyortyom,Not Yet Referred,Sekav Dzua Iyortyom
6edb89bd-a59a-4e34-ad63-38697434870d,"Federal College of Health Sciences and Technology, Gumi, Zamfara State (Establishment) Bill, 2023",First Reading (House: 2023-11-22) -> Second Reading (Not Started) -> Committee Assignment (Not Started) -> Report (Not Started) -> Third Reading/Concurrence (Not Started) -> Harmonization (Not Started) -> Assent (Not Started),2023-11-22,,"Hon Sulaiman Gumi Abubakar (PDP, Zamfara, Constituency: Gummi/Bukkuyum)",Hon Sulaiman Gumi Abubakar,Not Yet Referred,Hon Sulaiman Gumi Abubakar
ee5ec434-656e-40a7-8959-2c871570ec35,"Federal College of Health Sciences and Technology, Gummi, Zamfara State (Establishment) Bill, 2023",First Reading (House: 2023-11-14) -> Second Reading (Not Started) -> Committee Assignment (Not Started) -> Report (Not Started) -> Third Reading/Concurrence (Not Started) -> Harmonization (Not Started) -> Assent (Not Started),2023-11-14,,"Hon Sulaiman Gumi Abubakar (PDP, Zamfara, Constituency: Gummi/Bukkuyum)",Hon Sulaiman Gumi Abubakar,Not Yet Referred,Hon Sulaiman Gumi Abubakar
5c48270c-ceec-4d73-96b4-63975e31b690,"Federal College of Health Sciences, Gaya, Kano State (Establishment) Bill, 2023",First Reading (House: 2023-07-06) -> Second Reading (House: 2023-11-02) -> Committee Assignment (House: 2023-11-02) -> Report (Not Started) -> Third Reading/Concurrence (Not Started) -> Harmonization (Not Started) -> Assent (Not Started),2023-07-06,2023-11-02,"Hon Ghali Tijjani Mustapha (NNPP, Kano, Constituency: Alabasu/Gaya/Ajingi)",Hon Ghali Tijjani Mustapha,Health Institutions,Hon Ghali Tijjani Mustapha
57a94fcc-09ef-4b0d-8479-f76f07219e87,"Federal College of Health Technology, Bakassi, Cross River (Establishment) Bill, 2023",First Reading (House: 2023-07-18) -> Second Reading (Not Started) -> Committee Assignment (Not Started) -> Report (Not Started) -> Third Reading/Concurrence (Not Started) -> Harmonization (Not Started) -> Assent (Not Started),2023-07-18,,"Hon Joseph Bassey (APC, Cross River, Constituency: Calabar South/Akpabuyo/ Bakassi)",Hon Joseph Bassey,Not Yet Referred,Hon Joseph Bassey
e8f8cf66-21e3-461a-9507-31eb476bd2f7,"Federal College of Health Technology, Benisheikh, Borno State (Est) Bill, 2023",First Reading (House: 2023-07-25) -> Second Reading (House: 2023-07-26) -> Committee Assignment (House: 2023-07-26) -> Report (House: 2024-02-21) -> Third Reading/Concurrence (House: 2024-02-27) -> Harmonization (Not Started) -> Assent (Not Started),2023-07-25,2023-07-26,"Hon Usman Zannah (APC, Borno, Constituency: Kaga/Gubio/Magumeri)",Hon Usman Zannah,the Whole,Hon Usman Zannah
eb4a7fdf-1c6c-46eb-813e-b0617fd49045,"Federal College of Health Technology, Egor (Establishment) Bill, 2025",First Reading (House: 2025-12-10) -> Second Reading (Not Started) -> Committee Assignment (Not Started) -> Report (Not Started) -> Third Reading/Concurrence (Not Started) -> Harmonization (Not Started) -> Assent (Not Started),2025-12-10,,"Murphy Osaro Omoruyi (LP, Edo, Constituency: Egor/Ikpoba-Okha)",Murphy Osaro Omoruyi,Not Yet Referred,Murphy Osaro Omoruyi
79960594-d770-4c60-afcb-f0d9fbdc3d60,"Federal College of Health Technology, Jega, Kebbi State (Establishment) Bill, 2023",First Reading (House: 2023-11-22) -> Second Reading (Not Started) -> Committee Assignment (Not Started) -> Report (Not Started) -> Third Reading/Concurrence (Not Started) -> Harmonization (Not Started) -> Assent (Not Started),2023-11-22,,"Hon Mansur Musa (PDP, Kebbi, Constituency: Aleiro/Gwandu/Jega)",Hon Mansur Musa,Not Yet Referred,Hon Mansur Musa
c2a5007d-ad74-4643-bbcf-bcf1db783c59,"Federal College of Health Technology, Song, Adamawa State (Establishment) Bill, 2023",First Reading (House: 2023-11-28) -> Second Reading (House: 2024-02-14) -> Committee Assignment (House: 2024-02-14) -> Report (Not Started) -> Third Reading/Concurrence (House: 2025-05-21) -> Harmonization (Not Started) -> Assent (Not Started),2023-11-28,2024-02-14,"Hon Aliyu Wakili Boya (APC, Adamawa, Constituency: Furore/Song)",Hon Aliyu Wakili Boya,Health Institutions,Hon Aliyu Wakili Boya
03f4eb1e-ca0b-48f0-8672-d701e1f4cbfb,"Federal College of Horticulture, Okigwe (Establishment) Bill, 2023",First Reading (House: 2023-07-27) -> Second Reading (House: 2023-07-27) -> Committee Assignment (House: 2023-07-27) -> Report (House: 2023-12-20) -> Third Reading/Concurrence (House: 2023-12-21) -> Harmonization (Not Started) -> Assent (Not Started),2023-07-27,2023-07-27,"Hon Julius Ihonvbere (APC, Edo, Constituency: Owan East/Owan West)",Hon Julius Ihonvbere,the Whole,Hon Julius Ihonvbere
e2baa60d-9f94-4b3a-a97a-0a61a62145ff,"Federal College of Information, Communication Technology, Bauchi, Bauchi State (Establishment) Bill, 2023",First Reading (House: 2023-07-18) -> Second Reading (Not Started) -> Committee Assignment (Not Started) -> Report (Not Started) -> Third Reading/Concurrence (Not Started) -> Harmonization (Not Started) -> Concurrence (Not Started) -> Assent (Not Started),2023-07-18,,"Hon Kabiru Alhassan Usman Rurum (NNPP, Kano, Constituency: Rano/Bunkure/Kibiya)",Hon Kabiru Alhassan Usman Rurum,Not Yet Referred,Hon Kabiru Alhassan Usman Rurum
84b52a42-fad7-4be9-b185-e518bef8dbc6,"Federal College of Information, Communication Technology, Enugu, Enugu State (Establishment) Bill, 2023",First Reading (House: 2023-07-18) -> Second Reading (Not Started) -> Committee Assignment (Not Started) -> Report (Not Started) -> Third Reading/Concurrence (Not Started) -> Harmonization (Not Started) -> Concurrence (Not Started) -> Assent (Not Started),2023-07-18,,"Hon Kabiru Alhassan Usman Rurum (NNPP, Kano, Constituency: Rano/Bunkure/Kibiya)",Hon Kabiru Alhassan Usman Rurum,Not Yet Referred,Hon Kabiru Alhassan Usman Rurum
f1560cfd-051c-4329-98dd-91d5ca656f52,"Federal College of Information, Communication Technology, Kano (Est) Bill, 2023",First Reading (House: 2023-07-25) -> Second Reading (Not Started) -> Committee Assignment (Not Started) -> Report (Not Started) -> Third Reading/Concurrence (Not Started) -> Harmonization (Not Started) -> Concurrence (Not Started) -> Assent (Not Started),2023-07-25,,"Hon Kabiru Alhassan Usman Rurum (NNPP, Kano, Constituency: Rano/Bunkure/Kibiya)",Hon Kabiru Alhassan Usman Rurum,Not Yet Referred,Hon Kabiru Alhassan Usman Rurum
3a660a14-1786-492d-b6d9-52a949885e11,"Federal College of Information, Communication Technology, Niger State (Establishment) Bill, 2023",First Reading (House: 2023-07-18) -> Second Reading (Not Started) -> Committee Assignment (Not Started) -> Report (Not Started) -> Third Reading/Concurrence (Not Started) -> Harmonization (Not Started) -> Concurrence (Not Started) -> Assent (Not Started),2023-07-18,,"Hon Kabiru Alhassan Usman Rurum (NNPP, Kano, Constituency: Rano/Bunkure/Kibiya)",Hon Kabiru Alhassan Usman Rurum,Not Yet Referred,Hon Kabiru Alhassan Usman Rurum
aa978b6b-4f99-4892-9978-f5ac4f18bc71,"Federal College of Information, Communication Technology, Osogbo, Osun State (Establishment) Bill, 2023",First Reading (House: 2023-07-18) -> Second Reading (Not Started) -> Committee Assignment (Not Started) -> Report (Not Started) -> Third Reading/Concurrence (Not Started) -> Harmonization (Not Started) -> Assent (Not Started),2023-07-18,,"Morufu Adewale Adebayo (PDP, Osun, Constituency: Irepodun/Olorunda/Osogbo/Orolu); Hon Kabiru Alhassan Usman Rurum (NNPP, Kano, Constituency: Rano/Bunkure/Kibiya)",Morufu Adewale Adebayo; Hon Kabiru Alhassan Usman Rurum,Not Yet Referred,Morufu Adewale Adebayo
91183111-6c79-4534-b98b-30bc20386eee,"Federal College of Information, Communication Technology, Rivers State (Establishment) Bill, 2023",First Reading (House: 2023-07-18) -> Second Reading (Not Started) -> Committee Assignment (Not Started) -> Report (Not Started) -> Third Reading/Concurrence (Not Started) -> Harmonization (Not Started) -> Concurrence (Not Started) -> Assent (Not Started),2023-07-18,,"Hon Kabiru Alhassan Usman Rurum (NNPP, Kano, Constituency: Rano/Bunkure/Kibiya)",Hon Kabiru Alhassan Usman Rurum,Not Yet Referred,Hon Kabiru Alhassan Usman Rurum
44dc9e1b-b067-4ed0-aa28-28be3842b9e8,"Federal College of Innovation and Entrepreneurship, Owo (Establishment) Bill, 2025",First Reading (House: 2025-11-18) -> Second Reading (Not Started) -> Committee Assignment (Not Started) -> Report (Not Started) -> Third Reading/Concurrence (Not Started) -> Harmonization (Not Started) -> Assent (Not Started),2025-11-18,,"Hon Adelegbe Emmanuel Oluwatimehin (APC, Ondo, Constituency: Owo/Ose)",Hon Adelegbe Emmanuel Oluwatimehin,Not Yet Referred,Hon Adelegbe Emmanuel Oluwatimehin
7461506d-421a-454f-a055-87f526184f04,"Federal College of Land Resources Technology, Isanlu-Isin, Kwara State (Establishment) Bill, 2023",First Reading (House: 2023-11-28) -> Second Reading (Not Started) -> Committee Assignment (Not Started) -> Report (Not Started) -> Third Reading/Concurrence (Not Started) -> Harmonization (Not Started) -> Assent (Not Started),2023-11-28,,"Hon Abdulraheem Olatunji Olawuyi (APC, Kwara, Constituency: Ekiti/Isin/Irepodun/Oke-Ero)",Hon Abdulraheem Olatunji Olawuyi,Not Yet Referred,Hon Abdulraheem Olatunji Olawuyi
2a802135-20a1-4081-889c-a4edbd1cfb22,"Federal College of Land Resources Technology, Owerri (Establishment) Bill, 2023",First Reading (House: 2023-07-27) -> Second Reading (Not Started) -> Committee Assignment (Not Started) -> Report (Not Started) -> Third Reading/Concurrence (Not Started) -> Harmonization (Not Started) -> Assent (Not Started),2023-07-27,,"Hon Dachung Musa Bagos (PDP, Plateau, Constituency: Jos South/Jos East)",Hon Dachung Musa Bagos,Not Yet Referred,Hon Dachung Musa Bagos
a5680cda-6a4a-498f-88be-7d9fbbaac382,"Federal College of Land Resources Technology, Rabah, Sokoto State (Establishment) Bill, 2023",First Reading (House: 2023-10-24) -> Second Reading (Not Started) -> Committee Assignment (Not Started) -> Report (Not Started) -> Third Reading/Concurrence (Not Started) -> Harmonization (Not Started) -> Assent (Not Started),2023-10-24,,"Hon Ibrahim Almustapha Aliyu (APC, Sokoto, Constituency: Wurno/Rabah)",Hon Ibrahim Almustapha Aliyu,Not Yet Referred,Hon Ibrahim Almustapha Aliyu
1f5e177c-c0cd-46bd-be0b-a89b4951fbee,"Federal College of Livestock and Animal Health Production Technology Nangere, Yobe State, (Establishment) Bill, 2026",First Reading (House: 2026-03-12) -> Second Reading (Not Started) -> Committee Assignment (Not Started) -> Report (Not Started) -> Third Reading/Concurrence (Not Started) -> Harmonization (Not Started) -> Assent (Not Started),2026-03-12,,"Hon Fatima Talba (APC, Yobe, Constituency: Nangere/Potiskm)",Hon Fatima Talba,Not Yet Referred,Hon Fatima Talba
907a0463-3fcd-4dac-ade4-fcfb43bef8be,"Federal College of Livestock Development, Kusada, Katsina State (Est.) Bill, 2025",First Reading (Not Started) -> Second Reading (Not Started) -> Committee Assignment (Not Started) -> Report (Not Started) -> Third Reading/Concurrence (Not Started) -> Harmonization (Not Started) -> Assent (Not Started),,,"Abubakar Yahaya Kusada (APC, Katsina, Constituency: Ingawa/Kankia/Kusada)",Abubakar Yahaya Kusada,Not Yet Referred,Abubakar Yahaya Kusada
99c61414-6f48-4333-b511-97379281ed96,"Federal College of Medical Laboratory Science and Technology, Eka-Midim, Akwa Ibom State (Establishment) Bill, 2024",First Reading (House: 2024-03-13) -> Second Reading (House: 2024-07-18) -> Committee Assignment (House: 2024-07-18) -> Report (Not Started) -> Third Reading/Concurrence (Not Started) -> Harmonization (Not Started) -> Assent (Not Started),2024-03-13,2024-07-18,"Clement Jimbo (APC, Akwa Ibom, Constituency: Abak/Etim Ekpo/Ika)",Clement Jimbo,the Whole,Clement Jimbo
0de0116d-092c-43a8-8159-7190fb361f5e,"Federal College of Medical Laboratory Technology, Michika (Establishment) Bill, 2023",First Reading (House: 2023-10-19) -> Second Reading (Not Started) -> Committee Assignment (Not Started) -> Report (Not Started) -> Third Reading/Concurrence (Not Started) -> Harmonization (Not Started) -> Assent (Not Started),2023-10-19,,"Hon Zakaria Dauda Nyampa (PDP, Adamawa, Constituency: Madagali/Michika)",Hon Zakaria Dauda Nyampa,Not Yet Referred,Hon Zakaria Dauda Nyampa
e2c2b423-1f33-4dc2-9aa4-49ab9693c1ff,"Federal College of Nursing and Midwifery (Special) Ora Igbomina, Osun State. (Est., etc.) Bill, 2025",First Reading (Not Started) -> Second Reading (Not Started) -> Committee Assignment (Not Started) -> Report (Not Started) -> Third Reading/Concurrence (Not Started) -> Harmonization (Not Started) -> Assent (Not Started),,,"Akanni Clement Ademola (PDP, Osun, Constituency: Boluwaduro/Ifedayo/Ila)",Akanni Clement Ademola,Not Yet Referred,Akanni Clement Ademola
24742f5b-0992-4e00-972d-c81bad8efbd8,"Federal College of Nursing and Midwifery Ado-Ekiti, Ekiti State (Establishment) Bill, 2023",First Reading (House: 2023-10-12) -> Second Reading (House: 2023-12-20) -> Committee Assignment (House: 2023-12-20) -> Report (House: 2024-02-29) -> Third Reading/Concurrence (House: 2024-03-06) -> Harmonization (Not Started) -> Assent (Not Started),2023-10-12,2023-12-20,"Hon Olusola Steve Fatoba (APC, Ekiti, Constituency: Ado Ekiti/Irepodun/Ifelodun)",Hon Olusola Steve Fatoba,the Whole,Hon Olusola Steve Fatoba
31bdd602-2fc9-4c3b-82d0-b46ab841c128,"Federal College of Nursing and Midwifery Akpet, Cross River State (Establishment) Bill, 2023",First Reading (House: 2023-07-27) -> Second Reading (Not Started) -> Committee Assignment (Not Started) -> Report (Not Started) -> Third Reading/Concurrence (Not Started) -> Harmonization (Not Started) -> Assent (Not Started),2023-07-27,,"Lemke Emil Inyang (PDP, Cross River, Constituency: Akamkpa/Biase)",Lemke Emil Inyang,Not Yet Referred,Lemke Emil Inyang
2efebcab-bca0-4a51-97a9-b165363a363a,"Federal College of Nursing and Midwifery Amoji–Nike, Enugu State (Establishment) Bill, 2023",First Reading (House: 2023-10-04) -> Second Reading (House: 2023-05-22) -> Committee Assignment (House: 2023-05-22) -> Report (Not Started) -> Third Reading/Concurrence (Not Started) -> Harmonization (Not Started) -> Assent (Not Started),2023-10-04,2023-05-22,"Hon Paul Nnamchi (LP, Enugu, Constituency: Enugu East/Isi Uzo)",Hon Paul Nnamchi,Health Institutions,Hon Paul Nnamchi
61a07db6-12ca-4eff-8b9f-725ba71c98e8,"Federal College of Nursing and Midwifery and Health Science, Damagum, Yobe State (Establishment) Bill, 2023",First Reading (House: 2023-11-28) -> Second Reading (House: 2024-06-06) -> Committee Assignment (House: 2024-06-06) -> Report (Not Started) -> Third Reading/Concurrence (House: 2025-05-21) -> Harmonization (Not Started) -> Assent (Not Started),2023-11-28,2024-06-06,"Hon Muhammed Buba Jajere (PDP, Yobe, Constituency: Fika/Fune)",Hon Muhammed Buba Jajere,Health Institutions,Hon Muhammed Buba Jajere
002a5ef9-f377-4fdc-bbbd-2ade831d7d27,"Federal College of Nursing and Midwifery Awo, Osun State (Establishment) Bill, 2024",First Reading (House: 2024-05-07) -> Second Reading (Not Started) -> Committee Assignment (Not Started) -> Report (Not Started) -> Third Reading/Concurrence (Not Started) -> Harmonization (Not Started) -> Assent (Not Started),2024-05-07,,"Hon Bamidele Salam (PDP, Osun, Constituency: Ede North/Ede South/ Egbedore/Ejigbo)",Hon Bamidele Salam,Not Yet Referred,Hon Bamidele Salam
9f04673f-7e31-44ed-913e-7fe518286385,"Federal College of Nursing and Midwifery Egbu, Owerri North, Imo State (Establishment) Bill, 2024",First Reading (House: 2024-05-23) -> Second Reading (Not Started) -> Committee Assignment (Not Started) -> Report (Not Started) -> Third Reading/Concurrence (Not Started) -> Harmonization (Not Started) -> Assent (Not Started),2024-05-23,,"Chinedu Tochukwu Okere (APC, Imo, Constituency: Owerri Municipal/Owerri North/Owerri West)",Chinedu Tochukwu Okere,Not Yet Referred,Chinedu Tochukwu Okere
401c520b-fb99-4859-82fd-544b90ee13a1,"Federal College of Nursing and Midwifery Eket, Akwa Ibom State (Establishment) Bill, 2023",First Reading (House: 2023-07-27) -> Second Reading (Not Started) -> Committee Assignment (Not Started) -> Report (Not Started) -> Third Reading/Concurrence (House: 2025-12-16) -> Harmonization (Not Started) -> Assent (Not Started),2023-07-27,,"Hon Okpolupm Etteh (PDP, Akwa Ibom, Constituency: Eket/Onna/Esit Eket/Ibeno)",Hon Okpolupm Etteh,Not Yet Referred,Hon Okpolupm Etteh
31e8d5f0-9ade-4aa8-9547-f5b86a39a8b9,"Federal College of Nursing and Midwifery Mashi, Katsina State (Establishment) Bill, 2024",First Reading (House: 2024-07-09) -> Second Reading (Not Started) -> Committee Assignment (Not Started) -> Report (Not Started) -> Third Reading/Concurrence (House: 2025-12-16) -> Harmonization (Not Started) -> Assent (Not Started),2024-07-09,,"Hon Salisu Yusuf (PDP, Katsina, Constituency: Mashi/Dutsi)",Hon Salisu Yusuf,Not Yet Referred,Hon Salisu Yusuf
d45a3a49-24f8-4236-8dd7-d8db4a35eed2,"Federal College of Nursing and Midwifery Out-Jeremi, Delta State (Est) Bill, 2023",First Reading (House: 2023-07-27) -> Second Reading (House: 2023-07-27) -> Committee Assignment (House: 2023-07-27) -> Report (House: 2023-12-21) -> Third Reading/Concurrence (House: 2023-12-21) -> Harmonization (Not Started) -> Assent (Not Started),2023-07-27,2023-07-27,"Hon Julius Ihonvbere (APC, Edo, Constituency: Owan East/Owan West)",Hon Julius Ihonvbere,the Whole,Hon Julius Ihonvbere
27e3b978-67b9-4ece-9e44-1730e03eddaa,"Federal College of Nursing and Midwifery, Abigbirodo, Delta State (Establishment) Bill, 2024",First Reading (House: 2024-05-07) -> Second Reading (Not Started) -> Committee Assignment (Not Started) -> Report (Not Started) -> Third Reading/Concurrence (Not Started) -> Harmonization (Not Started) -> Assent (Not Started),2024-05-07,,"Hon Ereyitomi Thomas (PDP, Delta, Constituency: Warri North/Warri South/ Warri South West)",Hon Ereyitomi Thomas,Not Yet Referred,Hon Ereyitomi Thomas
341d57d4-f0b7-4d88-b407-8290f8ededfa,"Federal College of Nursing and Midwifery, Abigborodo, Delta State (Establishment) Bill, 2023",First Reading (House: 2023-11-02) -> Second Reading (Not Started) -> Committee Assignment (Not Started) -> Report (Not Started) -> Third Reading/Concurrence (Not Started) -> Harmonization (Not Started) -> Assent (Not Started),2023-11-02,,"Hon Ereyitomi Thomas (PDP, Delta, Constituency: Warri North/Warri South/ Warri South West)",Hon Ereyitomi Thomas,Not Yet Referred,Hon Ereyitomi Thomas
51350f61-9872-4f8b-832d-a22450d7097f,"Federal College of Nursing and Midwifery, Amassoma, Bayelsa State Bill, 2024",First Reading (House: 2024-02-27) -> Second Reading (House: 2024-05-22) -> Committee Assignment (House: 2024-05-22) -> Report (Not Started) -> Third Reading/Concurrence (Not Started) -> Harmonization (Not Started) -> Assent (Not Started),2024-02-27,2024-05-22,"Hon Rodney Ebikebina Ambiowei (PDP, Bayelsa, Constituency: Southern Ijaw)",Hon Rodney Ebikebina Ambiowei,Health Institutions,Hon Rodney Ebikebina Ambiowei
55b4897a-b076-4286-9fb3-5baa05ebde5d,"Federal College of Nursing and Midwifery, Awa-Ijebu, Ogun State (Establishment) Bill, 2023",First Reading (House: 2023-10-10) -> Second Reading (House: 2024-02-20) -> Committee Assignment (House: 2024-02-20) -> Report (House: 2024-07-17) -> Third Reading/Concurrence (Not Started) -> Harmonization (Not Started) -> Assent (Not Started),2023-10-10,2024-02-20,"Joseph Folorunsho Adegbesan (APC, Ogun, Constituency: Ijebu North/Ijebu East/Ogun Waterside)",Joseph Folorunsho Adegbesan,Health Institutions,Joseph Folorunsho Adegbesan
1b338d59-11ec-403a-978e-9100ab23903c,"Federal College of Nursing and Midwifery, Esie (Establishment) Bill, 2023",First Reading (House: 2023-10-24) -> Second Reading (Not Started) -> Committee Assignment (Not Started) -> Report (Not Started) -> Third Reading/Concurrence (Not Started) -> Harmonization (Not Started) -> Assent (Not Started),2023-10-24,,"Adedayo Samuel Adesola (APC, Lagos, Constituency: Apapa)",Adedayo Samuel Adesola,Not Yet Referred,Adedayo Samuel Adesola
b0eac41a-2596-4fba-85f4-998b0d05c769,"Federal College of Nursing and Midwifery, Gaya (Establishment) Bill, 2024",First Reading (House: 2024-07-23) -> Second Reading (Not Started) -> Committee Assignment (Not Started) -> Report (Not Started) -> Third Reading/Concurrence (Not Started) -> Harmonization (Not Started) -> Assent (Not Started),2024-07-23,,"Hon Ghali Tijjani Mustapha (NNPP, Kano, Constituency: Alabasu/Gaya/Ajingi)",Hon Ghali Tijjani Mustapha,Not Yet Referred,Hon Ghali Tijjani Mustapha
f8b57686-3bbb-48e5-a44e-ea57168c1323,"Federal College of Nursing and Midwifery, Hawul, Borno State (Est) Bill, 2023",First Reading (House: 2023-07-26) -> Second Reading (House: 2024-05-22) -> Committee Assignment (House: 2024-05-22) -> Report (Not Started) -> Third Reading/Concurrence (Not Started) -> Harmonization (Not Started) -> Assent (Not Started),2023-07-26,2024-05-22,"Hon Midala Usman Balami (PDP, Borno, Constituency: Askira-Uba/Hawul)",Hon Midala Usman Balami,Health Institutions,Hon Midala Usman Balami
c651647e-e1cc-40c8-8ec3-dff5af54017a,"Federal College of Nursing and Midwifery, Ibadan North, Oyo State (Establishment) Bill, 2025",First Reading (House: 2025-12-10) -> Second Reading (Not Started) -> Committee Assignment (Not Started) -> Report (Not Started) -> Third Reading/Concurrence (Not Started) -> Harmonization (Not Started) -> Assent (Not Started),2025-12-10,,"Fola Oyekunle (PDP, Oyo, Constituency: Ibadan North)",Fola Oyekunle,Not Yet Referred,Fola Oyekunle
ab0d7300-ca74-4c5f-b581-fd894902a886,"Federal College of Nursing and Midwifery, Ikosun, Ekiti State",First Reading (House: 2023-10-31) -> Second Reading (House: 2024-02-13) -> Committee Assignment (House: 2024-02-13) -> Report (Not Started) -> Third Reading/Concurrence (Not Started) -> Harmonization (Not Started) -> Assent (Not Started),2023-10-31,2024-02-13,"Kolawole Davidson Akinlayo (APC, Ekiti, Constituency: Ido/Osi, Moba/Ilejeme)",Kolawole Davidson Akinlayo,Health Institutions,Kolawole Davidson Akinlayo
148cb9dd-891a-44e4-a059-7053f25d6189,"Federal College of Nursing and Midwifery, Kano Municipal, Kano State (Establishment) Bill, 2023",First Reading (House: 2023-11-07) -> Second Reading (Not Started) -> Committee Assignment (Not Started) -> Report (Not Started) -> Third Reading/Concurrence (Not Started) -> Harmonization (Not Started) -> Assent (Not Started),2023-11-07,,"Hon. Sagir Koki (APC, Kano, Constituency: Municipal)",Hon. Sagir Koki,Not Yet Referred,Hon. Sagir Koki
84038e79-5853-40a3-91e4-1a132eb13d3e,"Federal College of Nursing and Midwifery, Madagali, (Establishment) Bill, 2023",First Reading (House: 2023-10-19) -> Second Reading (Not Started) -> Committee Assignment (Not Started) -> Report (Not Started) -> Third Reading/Concurrence (Not Started) -> Harmonization (Not Started) -> Assent (Not Started),2023-10-19,,"Hon Zakaria Dauda Nyampa (PDP, Adamawa, Constituency: Madagali/Michika)",Hon Zakaria Dauda Nyampa,Not Yet Referred,Hon Zakaria Dauda Nyampa
9f6c4ced-a69c-4e6c-af6e-853a035e5ae6,"Federal College of Nursing and Midwifery, Maiha (Establishment) Bill, 2024",First Reading (House: 2024-06-27) -> Second Reading (Not Started) -> Committee Assignment (Not Started) -> Report (Not Started) -> Third Reading/Concurrence (Not Started) -> Harmonization (Not Started) -> Assent (Not Started),2024-06-27,,"Ja’afar Abubakar Magaji (APC, Adamawa, Constituency: Maiha/Mubi North/Mubi South)",Ja’afar Abubakar Magaji,Not Yet Referred,Ja’afar Abubakar Magaji
1bede455-a84e-4a03-b568-5b61645d0188,"Federal College of Nursing and Midwifery, Mbosi, Anambra State (Establishment) Bill, 2023",First Reading (House: 2023-07-27) -> Second Reading (Not Started) -> Committee Assignment (Not Started) -> Report (Not Started) -> Third Reading/Concurrence (Not Started) -> Harmonization (Not Started) -> Assent (Not Started),2023-07-27,,"Hon Pascal Agbodike (APGA, Anambra, Constituency: Ihiala)",Hon Pascal Agbodike,Not Yet Referred,Hon Pascal Agbodike
9a570988-0290-4b5e-ae26-699227dce0c7,"Federal College of Nursing and Midwifery, Michika (Establishment) Bill, 2023",First Reading (House: 2023-11-28) -> Second Reading (Not Started) -> Committee Assignment (Not Started) -> Report (Not Started) -> Third Reading/Concurrence (Not Started) -> Harmonization (Not Started) -> Assent (Not Started),2023-11-28,,"Hon Zakaria Dauda Nyampa (PDP, Adamawa, Constituency: Madagali/Michika)",Hon Zakaria Dauda Nyampa,Not Yet Referred,Hon Zakaria Dauda Nyampa
6455e510-3c61-4507-a43b-c3284f65a846,"Federal College of Nursing and Midwifery, Obuoffia Enugu State (Establishment) Bill, 2023",First Reading (House: 2023-10-19) -> Second Reading (House: 2023-12-20) -> Committee Assignment (House: 2023-12-20) -> Report (Not Started) -> Third Reading/Concurrence (Not Started) -> Harmonization (Not Started) -> Assent (Not Started),2023-10-19,2023-12-20,"Hon Nnolim John Nnaji (APC, Enugu, Constituency: Nkanu East/Nkanu West)",Hon Nnolim John Nnaji,the Whole,Hon Nnolim John Nnaji
d2bcf3b7-c35a-4f10-a1eb-33daa1fe2b5e,"Federal College of Nursing and Midwifery, Ojoto, Anambra State (Establishment) Bill, 2025",First Reading (House: 2025-05-21) -> Second Reading (Not Started) -> Committee Assignment (Not Started) -> Report (Not Started) -> Third Reading/Concurrence (Not Started) -> Harmonization (Not Started) -> Assent (Not Started),2025-05-21,,"Hon Uchenna Okonkwo (LP, Anambra, Constituency: Idemili North/Idemili South)",Hon Uchenna Okonkwo,Not Yet Referred,Hon Uchenna Okonkwo
d1e414ae-863e-4088-b485-65bdc68ccb28,"Federal College of Nursing and Midwifery, Oke- Igbo, Ondo State (Establishment) Bill, 2023",First Reading (House: 2023-10-25) -> Second Reading (House: 2024-02-29) -> Committee Assignment (House: 2024-02-29) -> Report (House: 2024-07-17) -> Third Reading/Concurrence (Not Started) -> Harmonization (Not Started) -> Assent (Not Started),2023-10-25,2024-02-29,"Hon Ayodele Adefiranye (APC, Ondo, Constituency: Ileoluji/Okeigbo/Odigbo)",Hon Ayodele Adefiranye,Health Institutions,Hon Ayodele Adefiranye
3b012ac3-482f-4e82-a540-87758f6881e8,"Federal College of Nursing and Midwifery, Omuo-Ekiti, Ekiti State (Establishment) Bill, 2025",First Reading (House: 2025-07-03) -> Second Reading (Not Started) -> Committee Assignment (Not Started) -> Report (Not Started) -> Third Reading/Concurrence (Not Started) -> Harmonization (Not Started) -> Assent (Not Started),2025-07-03,,"Hon Olufemi Richard Bamisile (APC, Ekiti, Constituency: Emure/Gbonyin/Ekiti East)",Hon Olufemi Richard Bamisile,Not Yet Referred,Hon Olufemi Richard Bamisile
58d0bac7-537e-4c22-a0e3-1cd7a8216c59,"Federal College of Nursing and Midwifery, Owhelogbo, Delta State (Establishment) Bill, 2023",First Reading (House: 2023-10-05) -> Second Reading (Not Started) -> Committee Assignment (Not Started) -> Report (Not Started) -> Third Reading/Concurrence (Not Started) -> Harmonization (Not Started) -> Assent (Not Started),2023-10-05,,"Hon Jonathan Ajirioghene Ukodhiko (PDP, Delta, Constituency: Isoko North/Isoko South)",Hon Jonathan Ajirioghene Ukodhiko,Not Yet Referred,Hon Jonathan Ajirioghene Ukodhiko
8b0eeb65-0b91-4275-b15d-af444b21c5da,"Federal College of Nursing and Midwifery, Sabuwa, Katsina State Bill, 2024",First Reading (House: 2024-06-06) -> Second Reading (Not Started) -> Committee Assignment (Not Started) -> Report (Not Started) -> Third Reading/Concurrence (Not Started) -> Harmonization (Not Started) -> Assent (Not Started),2024-06-06,,"Shehu Dalhatu (APC, Katsina, Constituency: Faskari/Kankara/Sabuwa)",Shehu Dalhatu,Not Yet Referred,Shehu Dalhatu
fa2e5c9d-e0de-401b-bb62-fb199ce80277,"Federal College of Nursing and Midwifery, Shonga, Kwara State (Establishment) Bill, 2023",First Reading (House: 2023-11-22) -> Second Reading (Not Started) -> Committee Assignment (Not Started) -> Report (Not Started) -> Third Reading/Concurrence (Not Started) -> Harmonization (Not Started) -> Assent (Not Started),2023-11-22,,"Hon Ahmed Adamu Saba (APC, Kwara, Constituency: Edu/Moro/Pategi)",Hon Ahmed Adamu Saba,Not Yet Referred,Hon Ahmed Adamu Saba
07e1d214-64dd-4e40-bfd4-f6b40db2aacd,"Federal College of Nursing and Midwifery, Ugwuaji, Enugu State (Establishment) Bill, 2023",First Reading (House: 2023-11-07) -> Second Reading (Not Started) -> Committee Assignment (Not Started) -> Report (Not Started) -> Third Reading/Concurrence (Not Started) -> Harmonization (Not Started) -> Assent (Not Started),2023-11-07,,"Chimaobi Sam Atu (LP, Enugu, Constituency: Enugu North/Enugu South)",Chimaobi Sam Atu,Not Yet Referred,Chimaobi Sam Atu
93ff946f-1cfd-42d6-944e-6e60d1dc3c56,"Federal College of Nursing and Midwifery, Ungogo, Kano Sate (Establishment) Bill, 2023",First Reading (House: 2023-07-27) -> Second Reading (Not Started) -> Committee Assignment (Not Started) -> Report (Not Started) -> Third Reading/Concurrence (Not Started) -> Harmonization (Not Started) -> Assent (Not Started),2023-07-27,,"Hon Sani Adamu (NNPP, Kano, Constituency: Minjibir/Ungogo)",Hon Sani Adamu,Not Yet Referred,Hon Sani Adamu
ad52251a-e175-4bbd-9f68-c64a4421787a,"Federal College of Nursing and Midwifery, Zaria (Est.) Bill, 2025",First Reading (Not Started) -> Second Reading (Not Started) -> Committee Assignment (Not Started) -> Report (Not Started) -> Third Reading/Concurrence (Not Started) -> Harmonization (Not Started) -> Assent (Not Started),,,"Hon Tajudeen Abbas (APC, Kaduna, Constituency: Zaria)",Hon Tajudeen Abbas,Not Yet Referred,Hon Tajudeen Abbas
7ae3058e-dac8-4dab-aa71-139c4f79ee9b,"Federal College of Nursing, Midwifery and Health Sciences Bill, 2023",First Reading (House: 2023-07-27) -> Second Reading (House: 2023-07-27) -> Committee Assignment (House: 2023-07-27) -> Report (House: 2023-12-21) -> Third Reading/Concurrence (House: 2023-12-21) -> Harmonization (Not Started) -> Assent (Not Started),2023-07-27,2023-07-27,"Hon Julius Ihonvbere (APC, Edo, Constituency: Owan East/Owan West)",Hon Julius Ihonvbere,the Whole,Hon Julius Ihonvbere
8f7efa9a-02d5-4685-be7a-680f6bbdd520,"Federal College of Nursing, Midwifery, and Health Sciences, Ihebinowerre, Imo State (Est.) Bill, 2025",First Reading (Not Started) -> Second Reading (Not Started) -> Committee Assignment (Not Started) -> Report (Not Started) -> Third Reading/Concurrence (Not Started) -> Harmonization (Not Started) -> Assent (Not Started),,,"Harrison Anozie Nwadike (APC, Imo, Constituency: Isu/Njaba/Nkwerre/Nwangele)",Harrison Anozie Nwadike,Not Yet Referred,Harrison Anozie Nwadike
44f41289-6eb7-4a86-9de2-803b5ac3e915,"Federal College of Optometry, Odiokwu, Rivers State (Establishment) Bill, 2023",First Reading (House: 2023-10-12) -> Second Reading (House: 2024-06-11) -> Committee Assignment (House: 2024-06-11) -> Report (Not Started) -> Third Reading/Concurrence (House: 2025-12-10) -> Harmonization (Not Started) -> Assent (Not Started),2023-10-12,2024-06-11,"Hon. Victor Obuzor (PDP, Rivers, Constituency: Ahoada West/Ogba Egbema)",Hon. Victor Obuzor,Health Institutions,Hon. Victor Obuzor
52c5da4d-f54c-4d41-858b-97c67ad60b70,"Federal College of Science and Health Technology, Asira- Uba Borno State (Est), Bill, 2023",First Reading (House: 2023-07-26) -> Second Reading (House: 2024-07-18) -> Committee Assignment (House: 2024-07-18) -> Report (Not Started) -> Third Reading/Concurrence (House: 2025-11-18) -> Harmonization (Not Started) -> Assent (Not Started),2023-07-26,2024-07-18,"Hon Midala Usman Balami (PDP, Borno, Constituency: Askira-Uba/Hawul)",Hon Midala Usman Balami,Federal Polytechnics,Hon Midala Usman Balami
834b93d0-0526-491b-a287-e898209efeb4,"Federal College of Science and Health Technology, Mbu Isiuzo, Enugu State (Establishment) Bill, 2023",First Reading (House: 2023-10-12) -> Second Reading (House: 2023-11-08) -> Committee Assignment (House: 2023-11-08) -> Report (Not Started) -> Third Reading/Concurrence (Not Started) -> Harmonization (Not Started) -> Assent (Not Started),2023-10-12,2023-11-08,"Hon Paul Nnamchi (LP, Enugu, Constituency: Enugu East/Isi Uzo)",Hon Paul Nnamchi,Federal Polytechnics,Hon Paul Nnamchi
ec128bf4-0365-4f43-be62-9c2403e7a501,"Federal College of Vocational and Craft Training, Boloko, Maiha, Adamawa State (Establishment) Bill, 2025",First Reading (House: 2025-12-10) -> Second Reading (Not Started) -> Committee Assignment (Not Started) -> Report (Not Started) -> Third Reading/Concurrence (Not Started) -> Harmonization (Not Started) -> Assent (Not Started),2025-12-10,,"Ja’afar Abubakar Magaji (APC, Adamawa, Constituency: Maiha/Mubi North/Mubi South)",Ja’afar Abubakar Magaji,Not Yet Referred,Ja’afar Abubakar Magaji
574ea6a3-d345-4ba0-93f4-b62eec6801e3,"Federal College of Vocational and Skills Acquisition College, Ojoto, Anambra State (Establishment) Bill, 2025",First Reading (House: 2025-05-21) -> Second Reading (Not Started) -> Committee Assignment (Not Started) -> Report (Not Started) -> Third Reading/Concurrence (Not Started) -> Harmonization (Not Started) -> Assent (Not Started),2025-05-21,,"Hon Uchenna Okonkwo (LP, Anambra, Constituency: Idemili North/Idemili South)",Hon Uchenna Okonkwo,Not Yet Referred,Hon Uchenna Okonkwo
153ced47-edda-420c-98fd-08e1b92b34a0,"Federal Colleges of Education Act (Amendment) Bill, 2023",First Reading (House: 2023-11-22) -> Second Reading (Not Started) -> Committee Assignment (Not Started) -> Report (Not Started) -> Third Reading/Concurrence (Not Started) -> Harmonization (Not Started) -> Assent (Not Started),2023-11-22,,"Hon Jonathan Ajirioghene Ukodhiko (PDP, Delta, Constituency: Isoko North/Isoko South)",Hon Jonathan Ajirioghene Ukodhiko,Not Yet Referred,Hon Jonathan Ajirioghene Ukodhiko
2184b2ea-1d29-4c9b-a365-3ae668c5d97a,"Federal Colleges of Education Act (Amendment) Bill, 2023",First Reading (House: 2023-12-19) -> Second Reading (House: 2024-03-06) -> Committee Assignment (House: 2024-03-06) -> Report (House: 2024-03-19) -> Third Reading/Concurrence (House: 2024-03-20) -> Harmonization (Not Started) -> Assent (Not Started),2023-12-19,2024-03-06,"Shehu Saleh Rijau (APC, Niger, Constituency: Magama/Rijau)",Shehu Saleh Rijau,the Whole,Shehu Saleh Rijau
46095872-6639-4973-ae42-6f2c63d90ef9,"Federal Colleges of Education Act (Amendment) Bill, 2023",First Reading (House: 2023-11-02) -> Second Reading (Not Started) -> Committee Assignment (Not Started) -> Report (Not Started) -> Third Reading/Concurrence (Not Started) -> Harmonization (Not Started) -> Assent (Not Started),2023-11-02,,"Blessing Chigeru Amadi (PDP, Rivers, Constituency: Port Harcourt II)",Blessing Chigeru Amadi,Not Yet Referred,Blessing Chigeru Amadi
532d6e7e-ff31-4d30-896f-72d5fb6167a2,"Federal Colleges of Education Act (Amendment) Bill, 2023",First Reading (House: 2023-11-01) -> Second Reading (Not Started) -> Committee Assignment (Not Started) -> Report (Not Started) -> Third Reading/Concurrence (Not Started) -> Harmonization (Not Started) -> Assent (Not Started),2023-11-01,,"Isa Dogonyaro (APC, Jigawa, Constituency: Babura/Garki)",Isa Dogonyaro,Not Yet Referred,Isa Dogonyaro
7ee24440-1bc0-4cfb-9e9b-e3ca202ffe35,"Federal Colleges of Education Act (Amendment) Bill, 2023",First Reading (House: 2023-11-23) -> Second Reading (Not Started) -> Committee Assignment (Not Started) -> Report (Not Started) -> Third Reading/Concurrence (Not Started) -> Harmonization (Not Started) -> Assent (Not Started),2023-11-23,,"Uduak Alphonsus Odudoh (PDP, Akwa Ibom, Constituency: Ikot Abasi/Mkpat Enin/Eastern Obolo)",Uduak Alphonsus Odudoh,Not Yet Referred,Uduak Alphonsus Odudoh
8087e295-d0ef-4c25-828d-83c434e97b5c,"Federal Colleges of Education Act (Amendment) Bill, 2023",First Reading (House: 2023-11-28) -> Second Reading (House: 2024-02-27) -> Committee Assignment (House: 2024-02-27) -> Report (House: 2024-10-08) -> Third Reading/Concurrence (Not Started) -> Harmonization (Not Started) -> Assent (Not Started),2023-11-28,2024-02-27,"Hon Aliyu Wakili Boya (APC, Adamawa, Constituency: Furore/Song)",Hon Aliyu Wakili Boya,Federal Colleges of Education,Hon Aliyu Wakili Boya
a57b4e46-90c3-41b5-96e8-2788764e7a91,"Federal Colleges of Education Act (Amendment) Bill, 2023",First Reading (House: 0202-11-02) -> Second Reading (Not Started) -> Committee Assignment (Not Started) -> Report (Not Started) -> Third Reading/Concurrence (Not Started) -> Harmonization (Not Started) -> Assent (Not Started),0202-11-02,,"Ahmed Yinka Aluko (APC, Kwara, Constituency: Ilorin East/Ilorin South)",Ahmed Yinka Aluko,Not Yet Referred,Ahmed Yinka Aluko
abb04cb4-d0bd-42d1-b2fd-6b9390947978,"Federal Colleges of Education Act (Amendment) Bill, 2023",First Reading (House: 2023-12-21) -> Second Reading (House: 2024-03-14) -> Committee Assignment (House: 2024-03-14) -> Report (House: 2024-10-08) -> Third Reading/Concurrence (Not Started) -> Harmonization (Not Started) -> Assent (Not Started),2023-12-21,2024-03-14,"Akanni Clement Ademola (PDP, Osun, Constituency: Boluwaduro/Ifedayo/Ila)",Akanni Clement Ademola,Federal Colleges of Education,Akanni Clement Ademola
d1dd7e30-edf0-4a03-8d2a-669fe0041e71,"Federal Colleges of Education Act (Amendment) Bill, 2023",First Reading (House: 2023-10-24) -> Second Reading (Not Started) -> Committee Assignment (Not Started) -> Report (Not Started) -> Third Reading/Concurrence (Not Started) -> Harmonization (Not Started) -> Assent (Not Started),2023-10-24,,"Hon Abdulmalik Zubairu (APC, Zamfara, Constituency: Bungudu/Maru)",Hon Abdulmalik Zubairu,Not Yet Referred,Hon Abdulmalik Zubairu
d5bb25b1-79bf-47c6-8b25-b9010b88d2e4,"Federal Colleges of Education Act (Amendment) Bill, 2023",First Reading (House: 2023-11-22) -> Second Reading (Not Started) -> Committee Assignment (Not Started) -> Report (Not Started) -> Third Reading/Concurrence (Not Started) -> Harmonization (Not Started) -> Assent (Not Started),2023-11-22,,"Hon Ahmed Adamu Saba (APC, Kwara, Constituency: Edu/Moro/Pategi)",Hon Ahmed Adamu Saba,Not Yet Referred,Hon Ahmed Adamu Saba
d7f5ffa2-8511-4b7d-99d3-7c838a34bb45,"Federal Colleges of Education Act (Amendment) Bill, 2023",First Reading (House: 2023-11-16) -> Second Reading (Not Started) -> Committee Assignment (Not Started) -> Report (Not Started) -> Third Reading/Concurrence (Not Started) -> Harmonization (Not Started) -> Assent (Not Started),2023-11-16,,"Hon Sunday Anamero Dekeri (APC, Edo, Constituency: Etsako East/Etsako West/ Etsako Central)",Hon Sunday Anamero Dekeri,Not Yet Referred,Hon Sunday Anamero Dekeri
d8dbf4db-6d62-484a-a0f7-8d149186f75e,"Federal Colleges of Education Act (Amendment) Bill, 2023",First Reading (House: 2023-10-12) -> Second Reading (Not Started) -> Committee Assignment (Not Started) -> Report (Not Started) -> Third Reading/Concurrence (Not Started) -> Harmonization (Not Started) -> Assent (Not Started),2023-10-12,,"Hon Muktar Tolani Shagaya (APC, Kwara, Constituency: Ilorin West/Asa)",Hon Muktar Tolani Shagaya,Not Yet Referred,Hon Muktar Tolani Shagaya
da143d21-48b8-4011-a4e1-dd9531b62c29,"Federal Colleges of Education Act (Amendment) Bill, 2023",First Reading (House: 2023-11-02) -> Second Reading (Not Started) -> Committee Assignment (Not Started) -> Report (Not Started) -> Third Reading/Concurrence (Not Started) -> Harmonization (Not Started) -> Assent (Not Started),2023-11-02,,"Hon Okunjimi John Odimayo (APC, Ondo, Constituency: Okitipupa/Irele)",Hon Okunjimi John Odimayo,Not Yet Referred,Hon Okunjimi John Odimayo
ed44a18f-94c2-4683-92ca-56ca617da29e,"Federal Colleges of Education Act (Amendment) Bill, 2023",First Reading (House: 2023-10-17) -> Second Reading (Not Started) -> Committee Assignment (Not Started) -> Report (Not Started) -> Third Reading/Concurrence (Not Started) -> Harmonization (Not Started) -> Assent (Not Started),2023-10-17,,"Hon Sunday Anamero Dekeri (APC, Edo, Constituency: Etsako East/Etsako West/ Etsako Central)",Hon Sunday Anamero Dekeri,Not Yet Referred,Hon Sunday Anamero Dekeri
ee85ac41-15e3-4aae-99fd-34f65055b0fd,"Federal Colleges of Education Act (Amendment) Bill, 2023",First Reading (House: 2023-10-17) -> Second Reading (House: 2023-10-26) -> Committee Assignment (House: 2023-10-26) -> Report (Not Started) -> Third Reading/Concurrence (Not Started) -> Harmonization (Not Started) -> Assent (Not Started),2023-10-17,2023-10-26,"Hon Ozurigbo Ugonna (APC, Imo, Constituency: Isu/Njaba/Nkwerre/Nwangele)",Hon Ozurigbo Ugonna,the Whole,Hon Ozurigbo Ugonna
f977dfd9-8bea-483b-8097-13717d02621d,"Federal Colleges of Education Act (Amendment) Bill, 2023",First Reading (House: 2023-11-14) -> Second Reading (Not Started) -> Committee Assignment (Not Started) -> Report (Not Started) -> Third Reading/Concurrence (Not Started) -> Harmonization (Not Started) -> Assent (Not Started),2023-11-14,,"Hon Adamu Hashimu (PDP, Bauchi, Constituency: Ningi/Warji)",Hon Adamu Hashimu,Not Yet Referred,Hon Adamu Hashimu
ff77863e-c98b-49b0-a95b-654f573287e8,"Federal Colleges of Education Act (Amendment) Bill, 2023",First Reading (House: 2023-10-17) -> Second Reading (House: 2023-10-26) -> Committee Assignment (House: 2023-10-26) -> Report (Not Started) -> Third Reading/Concurrence (Not Started) -> Harmonization (Not Started) -> Assent (Not Started),2023-10-17,2023-10-26,"Hon Alhassan Ado Garba (APC, Kano, Constituency: Doguwa/Tudun Wada)",Hon Alhassan Ado Garba,the Whole,Hon Alhassan Ado Garba
33b4a871-cfb3-4ec3-9ac0-b6227405a3ef,"Federal Colleges of Education Act (Amendment) Bill, 2024",First Reading (House: 2024-07-23) -> Second Reading (Not Started) -> Committee Assignment (Not Started) -> Report (Not Started) -> Third Reading/Concurrence (Not Started) -> Harmonization (Not Started) -> Assent (Not Started),2024-07-23,,"Hon Kingsley Chinda (PDP, Rivers, Constituency: Obio/Akpor)",Hon Kingsley Chinda,Not Yet Referred,Hon Kingsley Chinda
5118d9d7-1209-40a1-b8e3-8de63e57055d,"Federal Colleges of Education Act (Amendment) Bill, 2024",First Reading (House: 2024-05-09) -> Second Reading (Not Started) -> Committee Assignment (Not Started) -> Report (Not Started) -> Third Reading/Concurrence (Not Started) -> Harmonization (Not Started) -> Assent (Not Started),2024-05-09,,"Hon Yusuf Shitu Galambi (NNPP, Jigawa, Constituency: Gwaram)",Hon Yusuf Shitu Galambi,Not Yet Referred,Hon Yusuf Shitu Galambi
5bb43176-5d5d-48ed-bef8-05f82bc05947,"Federal Colleges of Education Act (Amendment) Bill, 2024",First Reading (House: 2024-05-23) -> Second Reading (Not Started) -> Committee Assignment (Not Started) -> Report (Not Started) -> Third Reading/Concurrence (Not Started) -> Harmonization (Not Started) -> Assent (Not Started),2024-05-23,,"Hon Canice Moore Nwachukwu (APC, Imo, Constituency: Oru East/Orsu/Orlu); Hon Miriam Onuoha (APC, Imo, Constituency: Isiala Mbano/Okigwe/Onuimo)",Hon Canice Moore Nwachukwu; Hon Miriam Onuoha,Not Yet Referred,Hon Canice Moore Nwachukwu
61908d41-80ed-4a39-bf26-ced0a65d8670,"Federal Colleges of Education Act (Amendment) Bill, 2024",First Reading (House: 2024-05-08) -> Second Reading (Not Started) -> Committee Assignment (Not Started) -> Report (Not Started) -> Third Reading/Concurrence (Not Started) -> Harmonization (Not Started) -> Assent (Not Started),2024-05-08,,"Daniel Asama Ago (APC, Plateau, Constituency: Jos North/Bassa)",Daniel Asama Ago,Not Yet Referred,Daniel Asama Ago
649c9d92-4d51-43e4-a4e3-c12499a2332b,"Federal Colleges of Education Act (Amendment) Bill, 2024",First Reading (House: 2024-07-17) -> Second Reading (Not Started) -> Committee Assignment (Not Started) -> Report (Not Started) -> Third Reading/Concurrence (Not Started) -> Harmonization (Not Started) -> Assent (Not Started),2024-07-17,,"Abdullahi Mamudu (APC, Niger, Constituency: Agaie/Lapai)",Abdullahi Mamudu,Not Yet Referred,Abdullahi Mamudu
67c1eb3c-1179-46e6-a17e-e9739f515217,"Federal Colleges of Education Act (Amendment) Bill, 2024",First Reading (House: 2024-05-07) -> Second Reading (Not Started) -> Committee Assignment (Not Started) -> Report (Not Started) -> Third Reading/Concurrence (Not Started) -> Harmonization (Not Started) -> Assent (Not Started),2024-05-07,,"Chike John Okafor (APC, Imo, Constituency: Ehime Mbano/Ihite-Uboma/ Obowo)",Chike John Okafor,Not Yet Referred,Chike John Okafor
84c56bca-8324-44d4-b491-901536003a09,"Federal Colleges of Education Act (Amendment) Bill, 2024",First Reading (House: 2024-03-13) -> Second Reading (Not Started) -> Committee Assignment (Not Started) -> Report (Not Started) -> Third Reading/Concurrence (Not Started) -> Harmonization (Not Started) -> Assent (Not Started),2024-03-13,,"Hon Anthony Adebayo Adepoju (PDP, Oyo, Constituency: Ibarapa Central/Ibarapa North)",Hon Anthony Adebayo Adepoju,Not Yet Referred,Hon Anthony Adebayo Adepoju
8d26d60c-76b1-4366-98f4-8ed418517df7,"Federal Colleges of Education Act (Amendment) Bill, 2024",First Reading (Not Started) -> Second Reading (Not Started) -> Committee Assignment (Not Started) -> Report (Not Started) -> Third Reading/Concurrence (Not Started) -> Harmonization (Not Started) -> Assent (Not Started),,,"Hon Rodney Ebikebina Ambiowei (PDP, Bayelsa, Constituency: Southern Ijaw)",Hon Rodney Ebikebina Ambiowei,Not Yet Referred,Hon Rodney Ebikebina Ambiowei
eb8cf844-e01f-4332-b5df-d19341805f60,"Federal Colleges of Education Act (Amendment) Bill, 2024",First Reading (House: 2024-05-23) -> Second Reading (House: 2024-07-09) -> Committee Assignment (House: 2024-07-09) -> Report (Not Started) -> Third Reading/Concurrence (Not Started) -> Harmonization (Not Started) -> Assent (Not Started),2024-05-23,2024-07-09,"Shehu Dalhatu (APC, Katsina, Constituency: Faskari/Kankara/Sabuwa)",Shehu Dalhatu,Federal Colleges of Education,Shehu Dalhatu
f99e8843-f6e0-4667-ab60-9dd2ae52c9b3,"Federal Colleges of Education Act (Amendment) Bill, 2024",First Reading (House: 2024-05-08) -> Second Reading (House: 2024-05-22) -> Committee Assignment (House: 2024-05-22) -> Report (House: 2024-10-02) -> Third Reading/Concurrence (Not Started) -> Harmonization (Not Started) -> Assent (Not Started),2024-05-08,2024-05-22,"Hon El-Rasheed Abdullahi (PDP, Gombe, Constituency: Dukku/Nafada)",Hon El-Rasheed Abdullahi,Federal Colleges of Education,Hon El-Rasheed Abdullahi
37fb23bb-7421-4be6-b891-a6362356f0f9,"Federal Colleges of Education Act (Amendment) Bill, 2024.",First Reading (Not Started) -> Second Reading (Not Started) -> Committee Assignment (Not Started) -> Report (Not Started) -> Third Reading/Concurrence (Not Started) -> Harmonization (Not Started) -> Assent (Not Started),,,"Hon Julius Ihonvbere (APC, Edo, Constituency: Owan East/Owan West)",Hon Julius Ihonvbere,Not Yet Referred,Hon Julius Ihonvbere
555805c0-36d5-4deb-81f3-a2acb3275561,"Federal Colleges of Education Act (Amendment) Bill, 2025",First Reading (Not Started) -> Second Reading (Not Started) -> Committee Assignment (Not Started) -> Report (Not Started) -> Third Reading/Concurrence (Not Started) -> Harmonization (Not Started) -> Assent (Not Started),,,"Hon Tajudeen Abbas (APC, Kaduna, Constituency: Zaria)",Hon Tajudeen Abbas,Not Yet Referred,Hon Tajudeen Abbas
98da9060-e4d1-4965-99cd-01412a8dbf24,"Federal Colleges of Education Act (Amendment) Bill, 2025",First Reading (Not Started) -> Second Reading (Not Started) -> Committee Assignment (Not Started) -> Report (Not Started) -> Third Reading/Concurrence (Not Started) -> Harmonization (Not Started) -> Assent (Not Started),,,"Hon Ayuba Dampar (APC, Taraba, Constituency: Ibi/Wukari)",Hon Ayuba Dampar,Not Yet Referred,Hon Ayuba Dampar
aded8f96-1ab1-4f4a-bf2e-2ba75c6806e0,"Federal Colleges of Entrepreneurship and Skill Acquisition (Establishment) Bill, 2023",First Reading (House: 2023-10-04) -> Second Reading (Not Started) -> Committee Assignment (Not Started) -> Report (Not Started) -> Third Reading/Concurrence (Not Started) -> Harmonization (Not Started) -> Assent (Not Started),2023-10-04,,"Hon Sunday Umeha (LP, Enugu, Constituency: Ezeagu/Udi)",Hon Sunday Umeha,Not Yet Referred,Hon Sunday Umeha
70454f74-0a98-4b82-a836-197e12b56bb5,"Federal Cooperative College, Ibadan (Est) Bill, 2023",First Reading (House: 2023-07-25) -> Second Reading (Not Started) -> Committee Assignment (Not Started) -> Report (Not Started) -> Third Reading/Concurrence (Not Started) -> Harmonization (Not Started) -> Concurrence (Not Started) -> Assent (Not Started),2023-07-25,,"Hon Benjamin Kalu (APC, Abia, Constituency: Bende)",Hon Benjamin Kalu,Not Yet Referred,Hon Benjamin Kalu
4b6df31d-49e5-4c13-acf9-872c27b74391,"Federal Cooperative College, Kaduna (Est) Bill, 2023",First Reading (House: 2023-07-26) -> Second Reading (Not Started) -> Committee Assignment (Not Started) -> Report (Not Started) -> Third Reading/Concurrence (Not Started) -> Harmonization (Not Started) -> Concurrence (Not Started) -> Assent (Not Started),2023-07-26,,"Hon Benjamin Kalu (APC, Abia, Constituency: Bende)",Hon Benjamin Kalu,Not Yet Referred,Hon Benjamin Kalu
9fdba7af-9843-4d75-9301-a241b5d02f9f,"Federal Cooperative College, Oji River (Establishment) Bill, 2023",First Reading (House: 2023-07-26) -> Second Reading (Not Started) -> Committee Assignment (Not Started) -> Report (Not Started) -> Third Reading/Concurrence (Not Started) -> Harmonization (Not Started) -> Concurrence (Not Started) -> Assent (Not Started),2023-07-26,,"Hon Benjamin Kalu (APC, Abia, Constituency: Bende)",Hon Benjamin Kalu,Not Yet Referred,Hon Benjamin Kalu
e5d2cb79-de30-4560-994d-4facc2693830,"Federal Cooperative Colleges (Establishment) Bill, 2023",First Reading (House: 2023-11-28) -> Second Reading (Not Started) -> Committee Assignment (Not Started) -> Report (Not Started) -> Third Reading/Concurrence (Not Started) -> Harmonization (Not Started) -> Assent (Not Started),2023-11-28,,"Hon Abdulmalik Zubairu (APC, Zamfara, Constituency: Bungudu/Maru)",Hon Abdulmalik Zubairu,Not Yet Referred,Hon Abdulmalik Zubairu
56782a9e-6c6c-4e40-a159-fa2d9f45b6ab,"Federal Export Processing Zone (Akpuoga Nike , Enugu) Bill, 2025",First Reading (Not Started) -> Second Reading (Not Started) -> Committee Assignment (Not Started) -> Report (Not Started) -> Third Reading/Concurrence (Not Started) -> Harmonization (Not Started) -> Assent (Not Started),,,"Hon Paul Nnamchi (LP, Enugu, Constituency: Enugu East/Isi Uzo)",Hon Paul Nnamchi,Not Yet Referred,Hon Paul Nnamchi
bfbc7639-279f-4a8e-bdd7-4a37594655d7,"Federal Fire and Rescue Service Bill, 2023",First Reading (House: 2023-07-25) -> Second Reading (House: 2023-07-26) -> Committee Assignment (House: 2023-07-26) -> Report (House: 2023-10-10) -> Third Reading/Concurrence (House: 2023-10-17) -> Harmonization (Not Started) -> Assent (Not Started),2023-07-25,2023-07-26,"Hon Benjamin Kalu (APC, Abia, Constituency: Bende)",Hon Benjamin Kalu,the Whole,Hon Benjamin Kalu
167ffd14-2e7a-4f7a-aad7-05da9f2181f6,"Federal Fire Service Trust Fund (Establishment) Bill, 2023",First Reading (House: 2023-11-28) -> Second Reading (Not Started) -> Committee Assignment (Not Started) -> Report (Not Started) -> Third Reading/Concurrence (Not Started) -> Harmonization (Not Started) -> Assent (Not Started),2023-11-28,,"Hon Peter Gyendeng (PDP, Plateau, Constituency: Barkin Ladi/Riyom)",Hon Peter Gyendeng,Not Yet Referred,Hon Peter Gyendeng
62ed30a8-40f9-479a-8fb9-458225e70def,"Federal Forestry Guards Training Institute, Ankpa, Kogi State (Establishment) Bill, 2025",First Reading (Not Started) -> Second Reading (House: 2025-11-18) -> Committee Assignment (House: 2025-11-18) -> Report (Not Started) -> Third Reading/Concurrence (Not Started) -> Harmonization (Not Started) -> Assent (Not Started),,2025-11-18,"Hon Ali Ibrahim Abdullahi (APC, Kogi, Constituency: Ankpa/Omala/Olamaboro)",Hon Ali Ibrahim Abdullahi,Agriculture Production and Service,Hon Ali Ibrahim Abdullahi
dcfc9864-da6e-4f24-bc96-6f1c0312c06f,"Federal High Court Act (Amendment) Bill, 2024",First Reading (House: 2024-07-23) -> Second Reading (Not Started) -> Committee Assignment (Not Started) -> Report (Not Started) -> Third Reading/Concurrence (Not Started) -> Harmonization (Not Started) -> Assent (Not Started),2024-07-23,,"Hon Benjamin Kalu (APC, Abia, Constituency: Bende)",Hon Benjamin Kalu,Not Yet Referred,Hon Benjamin Kalu
449b92b8-aa48-42e3-a3d7-e518b02b9c1b,"Federal High Court Act (Amendment) Bill, 2026",First Reading (House: 2026-03-11) -> Second Reading (Not Started) -> Committee Assignment (Not Started) -> Report (Not Started) -> Third Reading/Concurrence (Not Started) -> Harmonization (Not Started) -> Assent (Not Started),2026-03-11,,"Executive (APC, N/A, Constituency: .)",Executive,Not Yet Referred,Executive
d16636eb-95c8-420a-967e-f0f406651013,"Federal Highways Act (Amendment) Bill, 2023",First Reading (House: 2023-10-31) -> Second Reading (Not Started) -> Committee Assignment (Not Started) -> Report (Not Started) -> Third Reading/Concurrence (Not Started) -> Harmonization (Not Started) -> Assent (Not Started),2023-10-31,,"Hon Sesi Whingan (APC, Lagos, Constituency: Badagry)",Hon Sesi Whingan,Not Yet Referred,Hon Sesi Whingan
bfe03e93-0997-418c-aaad-fc9efff8348e,"Federal Highways Act (Amendment) Bill, 2025",First Reading (Not Started) -> Second Reading (Not Started) -> Committee Assignment (Not Started) -> Report (Not Started) -> Third Reading/Concurrence (Not Started) -> Harmonization (Not Started) -> Assent (Not Started),,,"Hon Ugochinyere Onyinye Ikeagwuonu (PDP, Imo, Constituency: Ideato North/Ideato South)",Hon Ugochinyere Onyinye Ikeagwuonu,Not Yet Referred,Hon Ugochinyere Onyinye Ikeagwuonu
02c43182-4745-49d3-8794-df719f6b45f7,"Federal Housing Authority Act (Repeal and Enactment) Bill, 2023",First Reading (House: 2023-11-28) -> Second Reading (Not Started) -> Committee Assignment (Not Started) -> Report (Not Started) -> Third Reading/Concurrence (Not Started) -> Harmonization (Not Started) -> Assent (Not Started),2023-11-28,,"Hon Mathew Nwogu (LP, Imo, Constituency: Aboh Mbaise/Ngor Okpala)",Hon Mathew Nwogu,Not Yet Referred,Hon Mathew Nwogu
b43e1b04-7d14-492e-988b-ff9bfd565131,"Federal Housing Authority Bill, 2024",First Reading (House: 2024-05-21) -> Second Reading (Not Started) -> Committee Assignment (Not Started) -> Report (Not Started) -> Third Reading/Concurrence (Not Started) -> Harmonization (Not Started) -> Assent (Not Started),2024-05-21,,"Hon Balele Aminu (APC, Katsina, Constituency: Dutsin-ma/Kurfi)",Hon Balele Aminu,Not Yet Referred,Hon Balele Aminu
45c0e0b3-48e2-43ff-94ec-71f6a905f8ea,"Federal Inland Revenue Service (Amendment) Bill, 2023",First Reading (House: 2023-12-21) -> Second Reading (Not Started) -> Committee Assignment (Not Started) -> Report (Not Started) -> Third Reading/Concurrence (Not Started) -> Harmonization (Not Started) -> Assent (Not Started),2023-12-21,,"Hon Miriam Onuoha (APC, Imo, Constituency: Isiala Mbano/Okigwe/Onuimo)",Hon Miriam Onuoha,Not Yet Referred,Hon Miriam Onuoha
8bb01ad6-86d3-42c7-b83f-55eb641f0a4b,"Federal Institute for Diving Technology, Ibeju – Lekki (Establishment) Bill, 2023",First Reading (House: 2023-07-18) -> Second Reading (Not Started) -> Committee Assignment (Not Started) -> Report (Not Started) -> Third Reading/Concurrence (Not Started) -> Harmonization (Not Started) -> Concurrence (Not Started) -> Assent (Not Started),2023-07-18,,"Hon Adebayo Olusegun Balogun (APC, Lagos, Constituency: Ibeju Lekki)",Hon Adebayo Olusegun Balogun,Not Yet Referred,Hon Adebayo Olusegun Balogun
abc22d4a-2834-4b81-bba7-703b99204182,"Federal Institute of Entrepreneurship and Co-operative Studies (Establishment) Bill, 2025",First Reading (House: 2025-12-10) -> Second Reading (Not Started) -> Committee Assignment (Not Started) -> Report (Not Started) -> Third Reading/Concurrence (Not Started) -> Harmonization (Not Started) -> Assent (Not Started),2025-12-10,,"Aliyu Sani Madaki (NNPP, Kano, Constituency: Dala)",Aliyu Sani Madaki,Not Yet Referred,Aliyu Sani Madaki
ee46eb89-b78a-48c6-ac05-0516acd06841,"Federal Institute of Fisheries Research (Establishment) Tafawa Balewa, Bauchi State Bill, 2023",First Reading (House: 2023-07-27) -> Second Reading (Not Started) -> Committee Assignment (Not Started) -> Report (Not Started) -> Third Reading/Concurrence (Not Started) -> Harmonization (Not Started) -> Assent (Not Started),2023-07-27,,"Hon Rabiu Yusuf (NNPP, Kano, Constituency: Sumaila/Takai)",Hon Rabiu Yusuf,Not Yet Referred,Hon Rabiu Yusuf
5e343522-9c7f-4f6a-b3f4-b22f257a28a7,"Federal Institute of Fisheries Research, Ogidigben, Delta State (Establishment) Bill, 2023",First Reading (House: 2023-11-02) -> Second Reading (Not Started) -> Committee Assignment (Not Started) -> Report (Not Started) -> Third Reading/Concurrence (Not Started) -> Harmonization (Not Started) -> Assent (Not Started),2023-11-02,,"Hon Ereyitomi Thomas (PDP, Delta, Constituency: Warri North/Warri South/ Warri South West)",Hon Ereyitomi Thomas,Not Yet Referred,Hon Ereyitomi Thomas
7bab2c53-7e94-4f66-9d62-dde40b8fdab6,"Federal Institute of Fisheries Research, Ogidigben, Delta State (Establishment) Bill, 2023",First Reading (House: 2023-11-02) -> Second Reading (House: 2024-03-06) -> Committee Assignment (House: 2024-03-06) -> Report (Not Started) -> Third Reading/Concurrence (Not Started) -> Harmonization (Not Started) -> Assent (Not Started),2023-11-02,2024-03-06,"Hon Ereyitomi Thomas (PDP, Delta, Constituency: Warri North/Warri South/ Warri South West)",Hon Ereyitomi Thomas,the Whole,Hon Ereyitomi Thomas
624cee61-3d2a-447f-b795-6c8857fc8bb5,"Federal Institute of Fisheries Research, Tafawa Balewa, Bauchi State (Est) Bill, 2023",First Reading (House: 2023-07-26) -> Second Reading (House: 2024-02-13) -> Committee Assignment (House: 2024-02-13) -> Report (Not Started) -> Third Reading/Concurrence (Not Started) -> Harmonization (Not Started) -> Assent (Not Started),2023-07-26,2024-02-13,"Hon Jafaru Gambe Leko (APC, Bauchi, Constituency: Bogoro/Dass/Tafawa Balewa)",Hon Jafaru Gambe Leko,Agricultural Colleges and Institutions,Hon Jafaru Gambe Leko
f9d91814-ff89-4cc9-96a0-3edc883f5d0c,"Federal Institute of Industrial Research Bill, 2024",First Reading (Not Started) -> Second Reading (Not Started) -> Committee Assignment (Not Started) -> Report (Not Started) -> Third Reading/Concurrence (Not Started) -> Harmonization (Not Started) -> Assent (Not Started),,,"Moses Oluwatoyin Fayinka (APC, Lagos, Constituency: Mushin II)",Moses Oluwatoyin Fayinka,Not Yet Referred,Moses Oluwatoyin Fayinka
bb97d4e5-68bb-47c7-b802-af038b535fce,"Federal Institute of Information Communication Technology, Idanre, Ondo State",First Reading (House: 2023-10-31) -> Second Reading (Not Started) -> Committee Assignment (Not Started) -> Report (Not Started) -> Third Reading/Concurrence (Not Started) -> Harmonization (Not Started) -> Assent (Not Started),2023-10-31,,"Hon. Akingbaso Festus Olanrewaju (APC, Ondo, Constituency: Idanre/Ifedore)",Hon. Akingbaso Festus Olanrewaju,Not Yet Referred,Hon. Akingbaso Festus Olanrewaju
b703c019-f6fd-4e30-b375-8a569b7aa87a,"Federal Institute of Technical and Vocational Education, Imeko Ogun State (Establishment) Bill, 2023",First Reading (House: 2023-10-04) -> Second Reading (House: 2024-03-19) -> Committee Assignment (House: 2024-03-19) -> Report (Not Started) -> Third Reading/Concurrence (Not Started) -> Harmonization (Not Started) -> Assent (Not Started),2023-10-04,2024-03-19,"Hon Gboyega Nasir Isiaka (APC, Ogun, Constituency: Egbado North/Imeko-Afon)",Hon Gboyega Nasir Isiaka,Federal Polytechnics,Hon Gboyega Nasir Isiaka
0ab5623d-ccb0-4e98-ad44-4e899e12170b,"Federal Institute of Technical Education and Skills Acquisition, Mbaise (Establishment) Bill, 2025",First Reading (House: 2025-05-21) -> Second Reading (Not Started) -> Committee Assignment (Not Started) -> Report (Not Started) -> Third Reading/Concurrence (Not Started) -> Harmonization (Not Started) -> Assent (Not Started),2025-05-21,,"Hon Emeka Martins Chinedu (PDP, Imo, Constituency: Ahiazu Mbaise/Ezinihitte)",Hon Emeka Martins Chinedu,Not Yet Referred,Hon Emeka Martins Chinedu
57a4c41b-1494-4a34-809a-0fd3057d72e6,"Federal Institute of Technology and Entrepreneurship, Bungudu (Establishment) Bill, 2023",First Reading (House: 2023-10-03) -> Second Reading (House: 2023-10-26) -> Committee Assignment (House: 2023-10-26) -> Report (Not Started) -> Third Reading/Concurrence (Not Started) -> Harmonization (Not Started) -> Assent (Not Started),2023-10-03,2023-10-26,"Hon Abdulmalik Zubairu (APC, Zamfara, Constituency: Bungudu/Maru)",Hon Abdulmalik Zubairu,Federal Polytechnics,Hon Abdulmalik Zubairu
4b3fe161-1708-43bc-9a89-ff80915a1e73,"Federal Institute of Technology, Ikpoba-Okha, Edo State (Establishment) Bill, 2023",First Reading (House: 2023-10-17) -> Second Reading (House: 2025-11-26) -> Committee Assignment (House: 2025-11-26) -> Report (Not Started) -> Third Reading/Concurrence (House: 2025-05-28) -> Harmonization (Not Started) -> Assent (Not Started),2023-10-17,2025-11-26,"Murphy Osaro Omoruyi (LP, Edo, Constituency: Egor/Ikpoba-Okha)",Murphy Osaro Omoruyi,Not Yet Referred,Murphy Osaro Omoruyi
699af096-12de-47fc-8e46-23a9a8093ec4,"Federal Institute of Vision and Optical Research, Erema, Ogba-Egbema-Ndoni, Rivers State (Establishment) Bill, 2023",First Reading (House: 2023-10-12) -> Second Reading (House: 2024-10-08) -> Committee Assignment (House: 2024-10-08) -> Report (Not Started) -> Third Reading/Concurrence (House: 2025-12-10) -> Harmonization (Not Started) -> Assent (Not Started),2023-10-12,2024-10-08,"Hon. Victor Obuzor (PDP, Rivers, Constituency: Ahoada West/Ogba Egbema)",Hon. Victor Obuzor,Specialty Healthcare,Hon. Victor Obuzor
54c8053b-8cba-4376-86ba-e40a4c8c5796,"Federal Institute of Vocational and Technical Education Calabar, Cross Rivers Bill, 2023",First Reading (House: 2023-07-27) -> Second Reading (Not Started) -> Committee Assignment (Not Started) -> Report (Not Started) -> Third Reading/Concurrence (Not Started) -> Harmonization (Not Started) -> Assent (Not Started),2023-07-27,,"Hon Joseph Bassey (APC, Cross River, Constituency: Calabar South/Akpabuyo/ Bakassi)",Hon Joseph Bassey,Not Yet Referred,Hon Joseph Bassey
3bcd0943-28e9-45bc-a138-3316bf75aac0,"Federal Institute of Vocational and Technical Education, Obiaruku, Delta State (Establishment) Bill, 2023",First Reading (House: 2023-11-02) -> Second Reading (Not Started) -> Committee Assignment (Not Started) -> Report (Not Started) -> Third Reading/Concurrence (Not Started) -> Harmonization (Not Started) -> Assent (Not Started),2023-11-02,,"Hon Nnamdi Ezechi (PDP, Delta, Constituency: Nkokwa East/Ndokwa West/ Ukwuani)",Hon Nnamdi Ezechi,Not Yet Referred,Hon Nnamdi Ezechi
02c2e9ea-d835-43ac-9bba-1e03f26ff4f4,"Federal Lands registry Act, (Amendment) Bill, 2023",First Reading (House: 2023-07-12) -> Second Reading (Not Started) -> Committee Assignment (Not Started) -> Report (Not Started) -> Third Reading/Concurrence (Not Started) -> Harmonization (Not Started) -> Assent (Not Started),2023-07-12,,"Hon Obinna Aguocha (LP, Abia, Constituency: Umuahia North/ Umuahia South/ Ikwuano)",Hon Obinna Aguocha,Not Yet Referred,Hon Obinna Aguocha
82a30a1f-a48d-46c7-a40f-df4d34844342,"Federal Medical Centers Act (Amendment) Bill, 2023",First Reading (House: 2023-07-13) -> Second Reading (Not Started) -> Committee Assignment (Not Started) -> Report (Not Started) -> Third Reading/Concurrence (Not Started) -> Harmonization (Not Started) -> Assent (Not Started),2023-07-13,,"Hon Jallo Hussaini Mohammed (PDP, Kaduna, Constituency: Igabi)",Hon Jallo Hussaini Mohammed,Not Yet Referred,Hon Jallo Hussaini Mohammed
ca32a258-a4a9-4499-bf84-2417e32bf968,"Federal Medical Centers Act (Amendment) Bill, 2023",First Reading (House: 2023-07-12) -> Second Reading (House: 2023-07-18) -> Committee Assignment (House: 2023-07-18) -> Report (House: 2023-10-04) -> Third Reading/Concurrence (House: 2023-10-05) -> Harmonization (Not Started) -> Assent (Not Started),2023-07-12,2023-07-18,"Hon Kabiru Alhassan Usman Rurum (NNPP, Kano, Constituency: Rano/Bunkure/Kibiya)",Hon Kabiru Alhassan Usman Rurum,the Whole,Hon Kabiru Alhassan Usman Rurum
cca464aa-5bc2-4bb3-bb77-3152d255767c,"Federal Medical Centers Act (Amendment) Bill, 2023",First Reading (House: 2023-07-13) -> Second Reading (Not Started) -> Committee Assignment (Not Started) -> Report (Not Started) -> Third Reading/Concurrence (Not Started) -> Harmonization (Not Started) -> Assent (Not Started),2023-07-13,,"Hon Yusuf Datti (NNPP, Kano, Constituency: Kura/Madobi/Garun Mallam)",Hon Yusuf Datti,Not Yet Referred,Hon Yusuf Datti
ea6e16cf-02ba-45e1-ae74-34c376c76795,"Federal Medical Centers Act (Amendment) Bill, 2023",First Reading (House: 2023-07-13) -> Second Reading (Not Started) -> Committee Assignment (Not Started) -> Report (Not Started) -> Third Reading/Concurrence (Not Started) -> Harmonization (Not Started) -> Concurrence (Not Started) -> Assent (Not Started),2023-07-13,,"Hon Philip Agbese (APC, Benue, Constituency: Ado/Obadigbo/Okpokwu)",Hon Philip Agbese,Not Yet Referred,Hon Philip Agbese
1f7d73eb-e413-4e77-a33d-ea53e079ea17,"Federal Medical Centers Act (Amendment) Bill, 2025",First Reading (Not Started) -> Second Reading (Not Started) -> Committee Assignment (Not Started) -> Report (Not Started) -> Third Reading/Concurrence (Not Started) -> Harmonization (Not Started) -> Assent (Not Started),,,"Esosa Iyawe (LP, Edo, Constituency: Oredo)",Esosa Iyawe,Not Yet Referred,Esosa Iyawe
039329be-27cb-4762-aded-45240b6933dc,"Federal Medical Centre Act (Amendment) Bill, 2023",First Reading (House: 2023-11-22) -> Second Reading (House: 2023-11-23) -> Committee Assignment (House: 2023-11-23) -> Report (Not Started) -> Third Reading/Concurrence (Not Started) -> Harmonization (Not Started) -> Assent (Not Started),2023-11-22,2023-11-23,"Hon Unyime Josiah Idem (PDP, Akwa Ibom, Constituency: Ukanafun/Oruk Anam)",Hon Unyime Josiah Idem,the Whole,Hon Unyime Josiah Idem
b70c349c-c776-44da-a2ef-04482f3c3b66,"Federal Medical Centre Act (Amendment) Bill, 2024",First Reading (House: 2024-02-27) -> Second Reading (Not Started) -> Committee Assignment (Not Started) -> Report (Not Started) -> Third Reading/Concurrence (Not Started) -> Harmonization (Not Started) -> Assent (Not Started),2024-02-27,,"Hon Ismail Modibo Musa (APC, Niger, Constituency: Shiroro/Rafi/Munya)",Hon Ismail Modibo Musa,Not Yet Referred,Hon Ismail Modibo Musa
df901ce5-2f91-4b99-b753-15f62f50ca96,"Federal Medical Centre Act (Amendment) Bill, 2024",First Reading (House: 2024-05-22) -> Second Reading (Not Started) -> Committee Assignment (Not Started) -> Report (Not Started) -> Third Reading/Concurrence (Not Started) -> Harmonization (Not Started) -> Assent (Not Started),2024-05-22,,"Hon Abdulhakeem Kamilu Ado (NNPP, Kano, Constituency: Wudil/Garko)",Hon Abdulhakeem Kamilu Ado,Not Yet Referred,Hon Abdulhakeem Kamilu Ado
20a0815a-ad41-479c-812b-d164f1ab1045,"Federal Medical Centre Amagu Ikwo, Ebonyi (Est) Bill, 2023",First Reading (House: 2023-07-26) -> Second Reading (Not Started) -> Committee Assignment (Not Started) -> Report (Not Started) -> Third Reading/Concurrence (Not Started) -> Harmonization (Not Started) -> Assent (Not Started),2023-07-26,,"Hon Chinedu Ogah (APC, Ebonyi, Constituency: Ezza South/Ikwo)",Hon Chinedu Ogah,Not Yet Referred,Hon Chinedu Ogah
39eb6ab7-7d5a-4400-b19f-f91ca2359232,"Federal Medical Centre Obukpa, Bill, 2023",First Reading (House: 2023-07-27) -> Second Reading (House: 2024-02-08) -> Committee Assignment (House: 2024-02-08) -> Report (House: 2024-10-10) -> Third Reading/Concurrence (House: 2025-05-21) -> Harmonization (Not Started) -> Assent (Not Started),2023-07-27,2024-02-08,"Hon. Mark Chidi Obetta (APC, Enugu, Constituency: Nsukka/Igbo-Eze South)",Hon. Mark Chidi Obetta,Health Institutions,Hon. Mark Chidi Obetta
6ab40c56-77fe-4f19-aaa5-34af12e71b76,"Federal Medical Centre Ohafia (Est) Bill, 2023",First Reading (House: 2023-07-26) -> Second Reading (Not Started) -> Committee Assignment (Not Started) -> Report (Not Started) -> Third Reading/Concurrence (Not Started) -> Harmonization (Not Started) -> Concurrence (Not Started) -> Assent (Not Started),2023-07-26,,"Hon Ibe Okwara Osonwa (LP, Abia, Constituency: Arochukwu/Ohafia)",Hon Ibe Okwara Osonwa,Not Yet Referred,Hon Ibe Okwara Osonwa
6fd85fe5-98d1-48c2-b1b1-26c278766015,"Federal Medical Centre, Afon, Kwara State Act (Amendment) Bill, 2023",First Reading (House: 2023-07-25) -> Second Reading (Not Started) -> Committee Assignment (Not Started) -> Report (Not Started) -> Third Reading/Concurrence (Not Started) -> Harmonization (Not Started) -> Concurrence (Not Started) -> Assent (Not Started),2023-07-25,,"Hon Chinedu Ogah (APC, Ebonyi, Constituency: Ezza South/Ikwo)",Hon Chinedu Ogah,Not Yet Referred,Hon Chinedu Ogah
2b97fdbf-cdcb-40cd-8965-1f540b8f79d3,"Federal Medical Centre, Alimosho, Lagos State (Establishment) Bill, 2023",First Reading (House: 2023-07-11) -> Second Reading (Not Started) -> Committee Assignment (Not Started) -> Report (Not Started) -> Third Reading/Concurrence (Not Started) -> Harmonization (Not Started) -> Assent (Not Started),2023-07-11,,"Hon Ganiyu Ayuba (APC, Lagos, Constituency: Alimosho); Hon Aliu Ademorin Kuye (APC, Lagos, Constituency: Shomolu)",Hon Ganiyu Ayuba; Hon Aliu Ademorin Kuye,Not Yet Referred,Hon Ganiyu Ayuba
2585d456-3da6-4830-a413-185ebf98ce81,"Federal Medical Centre, Atan – Ota (Establishment) Bill, 2023",First Reading (House: 2023-07-27) -> Second Reading (House: 2024-05-21) -> Committee Assignment (House: 2024-05-21) -> Report (House: 2024-07-17) -> Third Reading/Concurrence (Not Started) -> Harmonization (Not Started) -> Assent (Not Started),2023-07-27,2024-05-21,"Hon Olatunji Akinosi (APC, Ogun, Constituency: Ado-Odo/Ota)",Hon Olatunji Akinosi,Health Institutions,Hon Olatunji Akinosi
2f609705-034e-454b-8b0e-267fde70f0b1,"Federal Medical Centre, Damasak, Borno State (Establishment) Bill, 2023",First Reading (House: 2023-10-05) -> Second Reading (Not Started) -> Committee Assignment (Not Started) -> Report (Not Started) -> Third Reading/Concurrence (House: 2025-12-16) -> Harmonization (Not Started) -> Assent (Not Started),2023-10-05,,"Hon Mallam Bukar Gana (APC, Borno, Constituency: Kukawa/Mobbar/Abadam/ Guzamali)",Hon Mallam Bukar Gana,Not Yet Referred,Hon Mallam Bukar Gana
90d98be2-ecbf-4f6a-8611-a46c1a0b20da,"Federal Medical Centre, Koko Delta State (Establishment) Bill, 2023",First Reading (House: 2023-10-03) -> Second Reading (Not Started) -> Committee Assignment (Not Started) -> Report (Not Started) -> Third Reading/Concurrence (Not Started) -> Harmonization (Not Started) -> Assent (Not Started),2023-10-03,,"Hon Ereyitomi Thomas (PDP, Delta, Constituency: Warri North/Warri South/ Warri South West)",Hon Ereyitomi Thomas,Not Yet Referred,Hon Ereyitomi Thomas
4f314820-2ebe-44ab-99f5-3b3ca8dca1ac,"Federal Medical Centre, Kosofe, Lagos State (Establishment) Bill, 2023",First Reading (House: 2023-07-11) -> Second Reading (Not Started) -> Committee Assignment (Not Started) -> Report (Not Started) -> Third Reading/Concurrence (Not Started) -> Harmonization (Not Started) -> Assent (Not Started),2023-07-11,,"Hon Adetola Kafilat Ogbara (APC, Lagos, Constituency: Kosofe); Hon Aliu Ademorin Kuye (APC, Lagos, Constituency: Shomolu)",Hon Adetola Kafilat Ogbara; Hon Aliu Ademorin Kuye,Not Yet Referred,Hon Adetola Kafilat Ogbara
61730eb2-3c83-43a2-b9fd-dff3edb123bd,"Federal Medical Centre, Kwoi, Kaduna State (Establishment) Bill, 2023",First Reading (House: 2023-10-04) -> Second Reading (House: 2024-05-16) -> Committee Assignment (House: 2024-05-16) -> Report (House: 2024-07-11) -> Third Reading/Concurrence (Not Started) -> Harmonization (Not Started) -> Assent (Not Started),2023-10-04,2024-05-16,"Hon Amos Gwamna Magaji (APC, Kaduna, Constituency: Zangon Kataf/Jaba)",Hon Amos Gwamna Magaji,Health Institutions,Hon Amos Gwamna Magaji
6f8e5408-8eca-4818-a774-0d06af2e04b2,"Federal Medical Centre, National Assembly, Abuja (Establishment) Bill, 2023",First Reading (House: 2023-10-04) -> Second Reading (Not Started) -> Committee Assignment (Not Started) -> Report (Not Started) -> Third Reading/Concurrence (Not Started) -> Harmonization (Not Started) -> Assent (Not Started),2023-10-04,,"Hon Muhammed Bello Shehu (NNPP, Kano, Constituency: Fagge)",Hon Muhammed Bello Shehu,Not Yet Referred,Hon Muhammed Bello Shehu
5c25ef61-29fd-47c0-8b74-62d13131c06d,"Federal Medical Centre, Obi Act (Amendment) Bill, 2023",First Reading (House: 2023-07-19) -> Second Reading (Not Started) -> Committee Assignment (Not Started) -> Report (House: 2025-11-12) -> Third Reading/Concurrence (Not Started) -> Harmonization (Not Started) -> Assent (Not Started),2023-07-19,,"Hon David Agada Ogewu (APC, Benue, Constituency: Oju/Obi)",Hon David Agada Ogewu,Not Yet Referred,Hon David Agada Ogewu
7dc5c092-2c1d-4eca-975e-4ea5428baf98,"Federal Medical Centre, Ode-Irele, Ondo State (Establishment) Bill, 2023",First Reading (House: 2023-10-05) -> Second Reading (Not Started) -> Committee Assignment (Not Started) -> Report (Not Started) -> Third Reading/Concurrence (Not Started) -> Harmonization (Not Started) -> Assent (Not Started),2023-10-05,,"Hon Okunjimi John Odimayo (APC, Ondo, Constituency: Okitipupa/Irele)",Hon Okunjimi John Odimayo,Not Yet Referred,Hon Okunjimi John Odimayo
5be3ca30-0d0c-4678-b036-f709feac1321,"Federal Medical Centre, Orile, Lagos State (Est) Bill, 2023",First Reading (House: 2023-07-26) -> Second Reading (Not Started) -> Committee Assignment (Not Started) -> Report (Not Started) -> Third Reading/Concurrence (Not Started) -> Harmonization (Not Started) -> Assent (Not Started),2023-07-26,,"Hon Lanre Okunlola (APC, Lagos, Constituency: Surulere II)",Hon Lanre Okunlola,Not Yet Referred,Hon Lanre Okunlola
0926898e-f74b-48d6-9dfc-27e3862981f8,"Federal Medical Centre, Ovwian Dela State Act (Amendment) Bill, 2023",First Reading (House: 2023-07-25) -> Second Reading (House: 2023-07-26) -> Committee Assignment (House: 2023-07-26) -> Report (House: 2023-11-14) -> Third Reading/Concurrence (House: 2023-11-16) -> Harmonization (Not Started) -> Assent (Not Started),2023-07-25,2023-07-26,"Hon Francis Ejiroghene Waive (APC, Delta, Constituency: Ughelli North, Ughelli South/Udu)",Hon Francis Ejiroghene Waive,the Whole,Hon Francis Ejiroghene Waive
ffc27091-eff8-4a3b-a792-6e9f07b2bc3d,"Federal Medical Centre, Port Harcourt (Establishment) Bill, 2023",First Reading (House: 2023-10-03) -> Second Reading (Not Started) -> Committee Assignment (Not Started) -> Report (Not Started) -> Third Reading/Concurrence (Not Started) -> Harmonization (Not Started) -> Assent (Not Started),2023-10-03,,"Blessing Chigeru Amadi (PDP, Rivers, Constituency: Port Harcourt II)",Blessing Chigeru Amadi,Not Yet Referred,Blessing Chigeru Amadi
6e500a1c-985b-43fc-a32e-11ce7adad1f9,"Federal Medical Centre, Sabongida-Ora, Edo State (Establishment) Bill, 2023",First Reading (House: 2023-09-26) -> Second Reading (House: 2024-03-06) -> Committee Assignment (House: 2024-03-06) -> Report (House: 2024-06-06) -> Third Reading/Concurrence (House: 2024-07-09) -> Harmonization (Not Started) -> Assent (Not Started),2023-09-26,2024-03-06,"Hon Julius Ihonvbere (APC, Edo, Constituency: Owan East/Owan West)",Hon Julius Ihonvbere,the Whole,Hon Julius Ihonvbere
4920ef91-8267-4859-8e25-8accf8cd6ddd,"Federal Medical Centre, Takai (Est) Bill, 2023",First Reading (House: 2023-07-26) -> Second Reading (Not Started) -> Committee Assignment (Not Started) -> Report (Not Started) -> Third Reading/Concurrence (Not Started) -> Harmonization (Not Started) -> Assent (Not Started),2023-07-26,,"Hon Rabiu Yusuf (NNPP, Kano, Constituency: Sumaila/Takai)",Hon Rabiu Yusuf,Not Yet Referred,Hon Rabiu Yusuf
fccd3d94-0a39-4422-bedf-4a86b952d920,"Federal Medical Centres (Establishment) Act (Amendment) Bill, 2025",First Reading (Not Started) -> Second Reading (Not Started) -> Committee Assignment (Not Started) -> Report (Not Started) -> Third Reading/Concurrence (Not Started) -> Harmonization (Not Started) -> Assent (Not Started),,,"Hon Osi Kama Nkemkanma (LP, Ebonyi, Constituency: Ivo-Ohaozara/Onicha)",Hon Osi Kama Nkemkanma,Not Yet Referred,Hon Osi Kama Nkemkanma
47d55335-e01e-4844-8a97-8c22e919e12b,Federal Medical Centres Act (Amendment) Bill 2024,First Reading (House: 2024-04-30) -> Second Reading (Not Started) -> Committee Assignment (Not Started) -> Report (Not Started) -> Third Reading/Concurrence (Not Started) -> Harmonization (Not Started) -> Assent (Not Started),2024-04-30,,"Hon Boniface Sunday Emerengwa (PDP, Rivers, Constituency: Ikwerre/Umohua)",Hon Boniface Sunday Emerengwa,Not Yet Referred,Hon Boniface Sunday Emerengwa
03e6baba-6632-41be-a2d2-49f2b4a5b04a,"Federal Medical Centres Act (Amendment) Bill, 2023",First Reading (House: 2023-10-03) -> Second Reading (House: 2023-10-26) -> Committee Assignment (House: 2023-10-26) -> Report (House: 2024-07-11) -> Third Reading/Concurrence (Not Started) -> Harmonization (Not Started) -> Assent (Not Started),2023-10-03,2023-10-26,"Morufu Adewale Adebayo (PDP, Osun, Constituency: Irepodun/Olorunda/Osogbo/Orolu)",Morufu Adewale Adebayo,Health,Morufu Adewale Adebayo
09b5e36f-3762-4287-bb65-6b0364a29e11,"Federal Medical Centres Act (Amendment) Bill, 2023",First Reading (House: 2023-10-19) -> Second Reading (Not Started) -> Committee Assignment (Not Started) -> Report (Not Started) -> Third Reading/Concurrence (Not Started) -> Harmonization (Not Started) -> Assent (Not Started),2023-10-19,,"Hon Uchenna Okonkwo (LP, Anambra, Constituency: Idemili North/Idemili South)",Hon Uchenna Okonkwo,Not Yet Referred,Hon Uchenna Okonkwo
09d8619e-0d4d-48b5-82b0-4072547d2911,"Federal Medical Centres Act (Amendment) Bill, 2023",First Reading (House: 2023-10-25) -> Second Reading (House: 2024-02-08) -> Committee Assignment (House: 2024-02-08) -> Report (Not Started) -> Third Reading/Concurrence (Not Started) -> Harmonization (Not Started) -> Assent (Not Started),2023-10-25,2024-02-08,"Dabo Ismaila Haruna (APC, Bauchi, Constituency: Toro)",Dabo Ismaila Haruna,Health Institutions,Dabo Ismaila Haruna
13131551-030d-44e0-a9c1-76a84d982e04,"Federal Medical Centres Act (Amendment) Bill, 2023",First Reading (House: 2023-10-12) -> Second Reading (House: 2024-03-12) -> Committee Assignment (House: 2024-03-12) -> Report (Not Started) -> Third Reading/Concurrence (Not Started) -> Harmonization (Not Started) -> Assent (Not Started),2023-10-12,2024-03-12,"Hon Victor Abang (APC, Cross River, Constituency: Boki/Ikom)",Hon Victor Abang,Health Institutions,Hon Victor Abang
184cb6e5-edb3-4c8e-bf06-d77c1f8a7f89,"Federal Medical Centres Act (Amendment) Bill, 2023",First Reading (House: 2023-10-24) -> Second Reading (Not Started) -> Committee Assignment (Not Started) -> Report (Not Started) -> Third Reading/Concurrence (Not Started) -> Harmonization (Not Started) -> Assent (Not Started),2023-10-24,,"Hon Ibrahim Almustapha Aliyu (APC, Sokoto, Constituency: Wurno/Rabah)",Hon Ibrahim Almustapha Aliyu,Not Yet Referred,Hon Ibrahim Almustapha Aliyu
1d023dc2-ad8d-4041-a35d-9aced28998b3,"Federal Medical Centres Act (Amendment) Bill, 2023",First Reading (House: 2023-10-31) -> Second Reading (House: 2023-12-20) -> Committee Assignment (House: 2023-12-20) -> Report (Not Started) -> Third Reading/Concurrence (Not Started) -> Harmonization (Not Started) -> Assent (Not Started),2023-10-31,2023-12-20,"Hon Abdulraheem Abdulmaleek (PDP, Kogi, Constituency: Adavi/Okehi)",Hon Abdulraheem Abdulmaleek,Health Institutions,Hon Abdulraheem Abdulmaleek
1d83ab00-d2da-4721-a089-725ab1ea042a,"Federal Medical Centres Act (Amendment) Bill, 2023",First Reading (House: 2023-12-21) -> Second Reading (House: 2024-02-07) -> Committee Assignment (House: 2024-02-07) -> Report (Not Started) -> Third Reading/Concurrence (Not Started) -> Harmonization (Not Started) -> Assent (Not Started),2023-12-21,2024-02-07,"Hon Akintunde Rotimi (APC, Ekiti, Constituency: Ikole/Oye)",Hon Akintunde Rotimi,Health Institutions,Hon Akintunde Rotimi
2b307252-fef1-4935-afc7-65c5cb64a0ea,"Federal Medical Centres Act (Amendment) Bill, 2023",First Reading (House: 2024-06-11) -> Second Reading (House: 2024-07-11) -> Committee Assignment (House: 2024-07-11) -> Report (Not Started) -> Third Reading/Concurrence (Not Started) -> Harmonization (Not Started) -> Assent (Not Started),2024-06-11,2024-07-11,"Hon Tasir Olawale Raji (APC, Lagos, Constituency: Epe)",Hon Tasir Olawale Raji,Health Institutions,Hon Tasir Olawale Raji
39536e30-3450-451a-a693-02632db730fb,"Federal Medical Centres Act (Amendment) Bill, 2023",First Reading (House: 2023-10-19) -> Second Reading (House: 2024-03-06) -> Committee Assignment (House: 2024-03-06) -> Report (House: 2024-07-11) -> Third Reading/Concurrence (Not Started) -> Harmonization (Not Started) -> Assent (Not Started),2023-10-19,2024-03-06,"Hon Jeremiah Umaru (APC, Nasarawa, Constituency: Akwanga/Nassarawa Eggon/ Wamba)",Hon Jeremiah Umaru,Health Institutions,Hon Jeremiah Umaru
396deda3-ca8f-4c75-ac6a-a165b5263b18,"Federal Medical Centres Act (Amendment) Bill, 2023",First Reading (House: 2023-07-11) -> Second Reading (Not Started) -> Committee Assignment (Not Started) -> Report (Not Started) -> Third Reading/Concurrence (Not Started) -> Harmonization (Not Started) -> Assent (Not Started),2023-07-11,,"Hon Aliu Ademorin Kuye (APC, Lagos, Constituency: Shomolu)",Hon Aliu Ademorin Kuye,Not Yet Referred,Hon Aliu Ademorin Kuye
43f7ac23-ffb1-4c92-b752-380cfe158fc6,"Federal Medical Centres Act (Amendment) Bill, 2023",First Reading (House: 2023-07-19) -> Second Reading (House: 2023-07-27) -> Committee Assignment (House: 2023-07-27) -> Report (House: 2023-12-20) -> Third Reading/Concurrence (House: 2023-12-21) -> Harmonization (Not Started) -> Assent (Not Started),2023-07-19,2023-07-27,"Hon Miriam Onuoha (APC, Imo, Constituency: Isiala Mbano/Okigwe/Onuimo)",Hon Miriam Onuoha,the Whole,Hon Miriam Onuoha
4c2ff63a-1a15-491e-a3fc-68c6750796a0,"Federal Medical Centres Act (Amendment) Bill, 2023",First Reading (House: 2023-10-03) -> Second Reading (Not Started) -> Committee Assignment (Not Started) -> Report (Not Started) -> Third Reading/Concurrence (Not Started) -> Harmonization (Not Started) -> Assent (Not Started),2023-10-03,,"Ibrahim Hamisu (APC, Kano, Constituency: Dambatta/Makoda)",Ibrahim Hamisu,Not Yet Referred,Ibrahim Hamisu
500af5a5-4a17-495e-a7c3-ac373dda05d4,"Federal Medical Centres Act (Amendment) Bill, 2023",First Reading (House: 2023-10-24) -> Second Reading (Not Started) -> Committee Assignment (Not Started) -> Report (Not Started) -> Third Reading/Concurrence (Not Started) -> Harmonization (Not Started) -> Assent (Not Started),2023-10-24,,"Adedayo Samuel Adesola (APC, Lagos, Constituency: Apapa)",Adedayo Samuel Adesola,Not Yet Referred,Adedayo Samuel Adesola
53564c02-f6f6-4577-acf2-a2ef8fdbd4f6,"Federal Medical Centres Act (Amendment) Bill, 2023",First Reading (House: 2023-11-01) -> Second Reading (Not Started) -> Committee Assignment (Not Started) -> Report (Not Started) -> Third Reading/Concurrence (Not Started) -> Harmonization (Not Started) -> Assent (Not Started),2023-11-01,,"Isa Dogonyaro (APC, Jigawa, Constituency: Babura/Garki)",Isa Dogonyaro,Not Yet Referred,Isa Dogonyaro
60c2712d-c4a9-46db-b728-ad06ecc7bc45,"Federal Medical Centres Act (Amendment) Bill, 2023",First Reading (House: 2023-10-17) -> Second Reading (Not Started) -> Committee Assignment (Not Started) -> Report (Not Started) -> Third Reading/Concurrence (Not Started) -> Harmonization (Not Started) -> Assent (Not Started),2023-10-17,,"Hon Sunday Anamero Dekeri (APC, Edo, Constituency: Etsako East/Etsako West/ Etsako Central)",Hon Sunday Anamero Dekeri,Not Yet Referred,Hon Sunday Anamero Dekeri
65e4f876-505c-4c9b-8f88-6cc6c05705fc,"Federal Medical Centres Act (Amendment) Bill, 2023",First Reading (House: 2023-10-19) -> Second Reading (House: 2023-12-20) -> Committee Assignment (House: 2023-12-20) -> Report (House: 2024-02-14) -> Third Reading/Concurrence (House: 2024-02-14) -> Harmonization (Not Started) -> Assent (Not Started),2023-10-19,2023-12-20,"Hon Nnolim John Nnaji (APC, Enugu, Constituency: Nkanu East/Nkanu West)",Hon Nnolim John Nnaji,the Whole,Hon Nnolim John Nnaji
71a63996-5b91-4cd6-828d-fc854687a8da,"Federal Medical Centres Act (Amendment) Bill, 2023",First Reading (House: 2023-07-25) -> Second Reading (House: 2023-07-25) -> Committee Assignment (House: 2023-07-25) -> Report (Not Started) -> Third Reading/Concurrence (House: 2023-09-26) -> Harmonization (Not Started) -> Assent (Not Started),2023-07-25,2023-07-25,"Hon Julius Ihonvbere (APC, Edo, Constituency: Owan East/Owan West)",Hon Julius Ihonvbere,the Whole,Hon Julius Ihonvbere
8819f00e-77b0-430a-8777-039447ef3af5,"Federal Medical Centres Act (Amendment) Bill, 2023",First Reading (House: 2023-11-01) -> Second Reading (House: 2023-12-20) -> Committee Assignment (House: 2023-12-20) -> Report (House: 2024-02-27) -> Third Reading/Concurrence (House: 2024-02-29) -> Harmonization (Not Started) -> Assent (Not Started),2023-11-01,2023-12-20,"Hon Anthony Adebayo Adepoju (PDP, Oyo, Constituency: Ibarapa Central/Ibarapa North)",Hon Anthony Adebayo Adepoju,the Whole,Hon Anthony Adebayo Adepoju
899a6170-cf54-41c0-8cab-067298afef5d,"Federal Medical Centres Act (Amendment) Bill, 2023",First Reading (House: 2023-11-09) -> Second Reading (House: 2023-12-20) -> Committee Assignment (House: 2023-12-20) -> Report (Not Started) -> Third Reading/Concurrence (Not Started) -> Harmonization (Not Started) -> Assent (Not Started),2023-11-09,2023-12-20,"Henry Odianosen Okojie (APC, Edo, Constituency: Esan North East/Esan South East)",Henry Odianosen Okojie,the Whole,Henry Odianosen Okojie
9220bed9-a934-4261-acd3-045663ff8eb1,"Federal Medical Centres Act (Amendment) Bill, 2023",First Reading (House: 2023-11-02) -> Second Reading (House: 2024-02-08) -> Committee Assignment (House: 2024-02-08) -> Report (House: 2024-10-10) -> Third Reading/Concurrence (Not Started) -> Harmonization (Not Started) -> Assent (Not Started),2023-11-02,2024-02-08,"Ahmed Yinka Aluko (APC, Kwara, Constituency: Ilorin East/Ilorin South)",Ahmed Yinka Aluko,the Whole,Ahmed Yinka Aluko
93b83f4b-28c5-43bb-abca-99298eb36272,"Federal Medical Centres Act (Amendment) Bill, 2023",First Reading (House: 2023-10-17) -> Second Reading (House: 2023-10-26) -> Committee Assignment (House: 2023-10-26) -> Report (Not Started) -> Third Reading/Concurrence (Not Started) -> Harmonization (Not Started) -> Assent (Not Started),2023-10-17,2023-10-26,"Hon Alhassan Ado Garba (APC, Kano, Constituency: Doguwa/Tudun Wada)",Hon Alhassan Ado Garba,the Whole,Hon Alhassan Ado Garba
a15e318b-024a-437d-8288-479e77666ff0,"Federal Medical Centres Act (Amendment) Bill, 2023",First Reading (House: 2023-10-17) -> Second Reading (Not Started) -> Committee Assignment (Not Started) -> Report (Not Started) -> Third Reading/Concurrence (Not Started) -> Harmonization (Not Started) -> Assent (Not Started),2023-10-17,,"Hon Jonathan Ajirioghene Ukodhiko (PDP, Delta, Constituency: Isoko North/Isoko South)",Hon Jonathan Ajirioghene Ukodhiko,Not Yet Referred,Hon Jonathan Ajirioghene Ukodhiko
a31f99f7-10ce-4dbc-a39f-26fca0816fbd,"Federal Medical Centres Act (Amendment) Bill, 2023",First Reading (House: 2023-10-17) -> Second Reading (Not Started) -> Committee Assignment (Not Started) -> Report (Not Started) -> Third Reading/Concurrence (Not Started) -> Harmonization (Not Started) -> Assent (Not Started),2023-10-17,,"Hon Muktar Tolani Shagaya (APC, Kwara, Constituency: Ilorin West/Asa)",Hon Muktar Tolani Shagaya,Not Yet Referred,Hon Muktar Tolani Shagaya
b2b67c26-2b12-4450-9010-eb4039b92d48,"Federal Medical Centres Act (Amendment) Bill, 2023",First Reading (House: 2023-11-02) -> Second Reading (Not Started) -> Committee Assignment (Not Started) -> Report (Not Started) -> Third Reading/Concurrence (Not Started) -> Harmonization (Not Started) -> Assent (Not Started),2023-11-02,,"Hon Amos Gwamna Magaji (APC, Kaduna, Constituency: Zangon Kataf/Jaba)",Hon Amos Gwamna Magaji,Not Yet Referred,Hon Amos Gwamna Magaji
b619b020-556b-43c2-a330-2ed0a7eb3c56,"Federal Medical Centres Act (Amendment) Bill, 2023",First Reading (House: 2023-07-13) -> Second Reading (Not Started) -> Committee Assignment (Not Started) -> Report (Not Started) -> Third Reading/Concurrence (Not Started) -> Harmonization (Not Started) -> Assent (Not Started),2023-07-13,,"Hon Muhammed Bello Shehu (NNPP, Kano, Constituency: Fagge)",Hon Muhammed Bello Shehu,Not Yet Referred,Hon Muhammed Bello Shehu
bddaf3df-f0ad-4f44-ad75-a2e0383a1970,"Federal Medical Centres Act (Amendment) Bill, 2023",First Reading (House: 2023-10-03) -> Second Reading (House: 2023-10-24) -> Committee Assignment (House: 2023-10-24) -> Report (House: 2024-07-11) -> Third Reading/Concurrence (Not Started) -> Harmonization (Not Started) -> Assent (Not Started),2023-10-03,2023-10-24,"Hon Paul Nnamchi (LP, Enugu, Constituency: Enugu East/Isi Uzo)",Hon Paul Nnamchi,Health Institutions,Hon Paul Nnamchi
beb27761-9b5a-418d-beb8-bc80d00f2aed,"Federal Medical Centres Act (Amendment) Bill, 2023",First Reading (House: 2023-11-01) -> Second Reading (Not Started) -> Committee Assignment (Not Started) -> Report (Not Started) -> Third Reading/Concurrence (Not Started) -> Harmonization (Not Started) -> Assent (Not Started),2023-11-01,,"Hon Aliyu Bappa misau (PDP, Bauchi, Constituency: Misau/Dambam)",Hon Aliyu Bappa misau,Not Yet Referred,Hon Aliyu Bappa misau
c2bfb7ee-f2d3-44c1-bfa4-5ef753e14401,"Federal Medical Centres Act (Amendment) Bill, 2023",First Reading (House: 2023-11-28) -> Second Reading (Not Started) -> Committee Assignment (Not Started) -> Report (Not Started) -> Third Reading/Concurrence (Not Started) -> Harmonization (Not Started) -> Assent (Not Started),2023-11-28,,"Hon Adeyemi Taofeek Alli (APC, Lagos, Constituency: Mushin I)",Hon Adeyemi Taofeek Alli,Not Yet Referred,Hon Adeyemi Taofeek Alli
cc12e709-017c-41a5-a1c1-80c6ed678e17,"Federal Medical Centres Act (Amendment) Bill, 2023",First Reading (House: 2023-10-19) -> Second Reading (House: 2023-11-07) -> Committee Assignment (House: 2023-11-07) -> Report (Not Started) -> Third Reading/Concurrence (Not Started) -> Harmonization (Not Started) -> Assent (Not Started),2023-10-19,2023-11-07,"Hon Nnamdi Ezechi (PDP, Delta, Constituency: Nkokwa East/Ndokwa West/ Ukwuani)",Hon Nnamdi Ezechi,Health Institutions,Hon Nnamdi Ezechi
db28501c-d4ba-4ed9-b7de-03d19e4a0c7d,"Federal Medical Centres Act (Amendment) Bill, 2023",First Reading (House: 2023-11-01) -> Second Reading (Not Started) -> Committee Assignment (Not Started) -> Report (Not Started) -> Third Reading/Concurrence (Not Started) -> Harmonization (Not Started) -> Assent (Not Started),2023-11-01,,"Hon Etaba Michael Irom (PDP, Cross River, Constituency: Obubra/Etung)",Hon Etaba Michael Irom,Not Yet Referred,Hon Etaba Michael Irom
e12700e7-ec38-4b45-8f86-1b0a0e18a63b,"Federal Medical Centres Act (Amendment) Bill, 2023",First Reading (House: 2023-12-21) -> Second Reading (House: 2024-02-27) -> Committee Assignment (House: 2024-02-27) -> Report (Not Started) -> Third Reading/Concurrence (Not Started) -> Harmonization (Not Started) -> Assent (Not Started),2023-12-21,2024-02-27,"Hon Obinna Ginger Onwusibe (LP, Abia, Constituency: Isiala Ngwa North /Isiala Ngwa South)",Hon Obinna Ginger Onwusibe,Health Institutions,Hon Obinna Ginger Onwusibe
fc76fb55-401c-4e61-8271-4c474d79c51c,"Federal Medical Centres Act (Amendment) Bill, 2023",First Reading (House: 2023-07-11) -> Second Reading (Not Started) -> Committee Assignment (Not Started) -> Report (Not Started) -> Third Reading/Concurrence (Not Started) -> Harmonization (Not Started) -> Assent (Not Started),2023-07-11,,"Hon Ghali Tijjani Mustapha (NNPP, Kano, Constituency: Alabasu/Gaya/Ajingi)",Hon Ghali Tijjani Mustapha,Not Yet Referred,Hon Ghali Tijjani Mustapha
08eec69c-335d-4c6c-b0a1-826303147eac,"Federal Medical Centres Act (Amendment) Bill, 2024",First Reading (House: 2024-07-17) -> Second Reading (Not Started) -> Committee Assignment (Not Started) -> Report (Not Started) -> Third Reading/Concurrence (Not Started) -> Harmonization (Not Started) -> Assent (Not Started),2024-07-17,,"Hon Tajudeen Kareem (APC, Oyo, Constituency: Saki East/Saki West/Atisbo)",Hon Tajudeen Kareem,Not Yet Referred,Hon Tajudeen Kareem
1bb00635-5ebc-44ec-ae87-62ce3ec5c0e0,"Federal Medical Centres Act (Amendment) Bill, 2024",First Reading (House: 2024-05-21) -> Second Reading (Not Started) -> Committee Assignment (Not Started) -> Report (Not Started) -> Third Reading/Concurrence (Not Started) -> Harmonization (Not Started) -> Assent (Not Started),2024-05-21,,"Hon Oluwaseyi Sowumi (LP, Lagos, Constituency: Ojo)",Hon Oluwaseyi Sowumi,Not Yet Referred,Hon Oluwaseyi Sowumi
1e09cf19-a39e-4c56-b9e2-b20f9731d0cf,"Federal Medical Centres Act (Amendment) Bill, 2024",First Reading (House: 2024-03-19) -> Second Reading (Not Started) -> Committee Assignment (Not Started) -> Report (Not Started) -> Third Reading/Concurrence (Not Started) -> Harmonization (Not Started) -> Assent (Not Started),2024-03-19,,"Hon Adetunji Abidemi Olusoji (PDP, Osun, Constituency: Odo-Otin/Ifelodun/Boripe)",Hon Adetunji Abidemi Olusoji,Not Yet Referred,Hon Adetunji Abidemi Olusoji
2b3fe249-1085-43a7-9249-f7b901cfca14,"Federal Medical Centres Act (Amendment) Bill, 2024",First Reading (House: 2024-05-07) -> Second Reading (House: 2024-07-18) -> Committee Assignment (House: 2024-07-18) -> Report (Not Started) -> Third Reading/Concurrence (Not Started) -> Harmonization (Not Started) -> Assent (Not Started),2024-05-07,2024-07-18,"Hon Anayo Edwin Nwonu (PDP, Ebonyi, Constituency: Ezza North/Ishielu)",Hon Anayo Edwin Nwonu,Health Institutions,Hon Anayo Edwin Nwonu
300c007a-9375-4606-8258-3763ea60a1f8,"Federal Medical Centres Act (Amendment) Bill, 2024",First Reading (House: 2024-05-07) -> Second Reading (Not Started) -> Committee Assignment (Not Started) -> Report (Not Started) -> Third Reading/Concurrence (Not Started) -> Harmonization (Not Started) -> Assent (Not Started),2024-05-07,,"Abiodun Isiaq Akinlade (APC, Ogun, Constituency: Egbado South/Ipokia)",Abiodun Isiaq Akinlade,Not Yet Referred,Abiodun Isiaq Akinlade
64969f85-8a09-43fe-8963-3c0d73609db5,"Federal Medical Centres Act (Amendment) Bill, 2024",First Reading (House: 2024-06-06) -> Second Reading (House: 2024-07-09) -> Committee Assignment (House: 2024-07-09) -> Report (Not Started) -> Third Reading/Concurrence (Not Started) -> Harmonization (Not Started) -> Assent (Not Started),2024-06-06,2024-07-09,"Hon Makki Yalleman Abubakar (APC, Jigawa, Constituency: Mallam Madori/Kaugama)",Hon Makki Yalleman Abubakar,Health Institutions,Hon Makki Yalleman Abubakar
76bd97e3-4af0-44ac-9163-29806b524cd7,"Federal Medical Centres Act (Amendment) Bill, 2024",First Reading (House: 2024-06-05) -> Second Reading (Not Started) -> Committee Assignment (Not Started) -> Report (Not Started) -> Third Reading/Concurrence (Not Started) -> Harmonization (Not Started) -> Assent (Not Started),2024-06-05,,"Hon Kabir Tukura Ibrahim (APC, Kebbi, Constituency: Fakai/Sakaba/Wasagu/Danko/ Zuru)",Hon Kabir Tukura Ibrahim,Not Yet Referred,Hon Kabir Tukura Ibrahim
a9d7a804-e8d2-4e5f-8f10-562565434e14,"Federal Medical Centres Act (Amendment) Bill, 2024",First Reading (House: 2024-07-17) -> Second Reading (Not Started) -> Committee Assignment (Not Started) -> Report (Not Started) -> Third Reading/Concurrence (Not Started) -> Harmonization (Not Started) -> Assent (Not Started),2024-07-17,,"Hon Obinna Aguocha (LP, Abia, Constituency: Umuahia North/ Umuahia South/ Ikwuano)",Hon Obinna Aguocha,Not Yet Referred,Hon Obinna Aguocha
ba824215-60ff-4e83-9547-411452fbf6f1,"Federal Medical Centres Act (Amendment) Bill, 2024",First Reading (House: 2024-05-08) -> Second Reading (House: 2024-07-11) -> Committee Assignment (House: 2024-07-11) -> Report (Not Started) -> Third Reading/Concurrence (Not Started) -> Harmonization (Not Started) -> Assent (Not Started),2024-05-08,2024-07-11,"Nwaeke Felix Uche (PDP, Rivers, Constituency: Eleme/Tai/Oyigbo)",Nwaeke Felix Uche,Health Institutions,Nwaeke Felix Uche
beff0731-eccd-4d83-9751-5c01ee5576eb,"Federal Medical Centres Act (Amendment) Bill, 2024",First Reading (House: 2024-02-14) -> Second Reading (Not Started) -> Committee Assignment (Not Started) -> Report (Not Started) -> Third Reading/Concurrence (Not Started) -> Harmonization (Not Started) -> Assent (Not Started),2024-02-14,,"Hon Adewunmi Oriyomi Onanuga (APC, Ogun, Constituency: Ikenne/Sagamu/Remo North)",Hon Adewunmi Oriyomi Onanuga,Commerce,Hon Adewunmi Oriyomi Onanuga
c02e5561-0ee7-49bd-bf96-cc35eb150979,"Federal Medical Centres Act (Amendment) Bill, 2024",First Reading (House: 2024-05-21) -> Second Reading (Not Started) -> Committee Assignment (Not Started) -> Report (Not Started) -> Third Reading/Concurrence (Not Started) -> Harmonization (Not Started) -> Assent (Not Started),2024-05-21,,"Hon Olaide Yusuf Mohammed (APC, Oyo, Constituency: Irepo/Orelope/Olorunsogo)",Hon Olaide Yusuf Mohammed,Not Yet Referred,Hon Olaide Yusuf Mohammed
c4ae59fd-b2e7-409f-9dd0-49d39c7e207e,"Federal Medical Centres Act (Amendment) Bill, 2024",First Reading (House: 2024-03-19) -> Second Reading (Not Started) -> Committee Assignment (Not Started) -> Report (Not Started) -> Third Reading/Concurrence (Not Started) -> Harmonization (Not Started) -> Assent (Not Started),2024-03-19,,"Hon Abubakar Hassan Fulata (APC, Jigawa, Constituency: Birniwa Guri/Kirikasamma)",Hon Abubakar Hassan Fulata,Not Yet Referred,Hon Abubakar Hassan Fulata
e456713c-d7ae-42c7-b042-ade895d2f138,"Federal Medical Centres Act (Amendment) Bill, 2024",First Reading (House: 2024-06-06) -> Second Reading (Not Started) -> Committee Assignment (Not Started) -> Report (Not Started) -> Third Reading/Concurrence (House: 2025-11-18) -> Harmonization (Not Started) -> Assent (Not Started),2024-06-06,,"Adedayo Samuel Adesola (APC, Lagos, Constituency: Apapa)",Adedayo Samuel Adesola,Not Yet Referred,Adedayo Samuel Adesola
ee777e36-d97d-41e9-8f4e-e1b008f5a9c8,"Federal medical Centres Act (Amendment) Bill, 2024",First Reading (House: 2024-07-17) -> Second Reading (House: 2024-10-09) -> Committee Assignment (House: 2024-10-09) -> Report (Not Started) -> Third Reading/Concurrence (Not Started) -> Harmonization (Not Started) -> Assent (Not Started),2024-07-17,2024-10-09,"Gabriel Saleh Zock (APC, Kaduna, Constituency: Kachia/Kagarko)",Gabriel Saleh Zock,Health Institutions,Gabriel Saleh Zock
3111f9cd-fd7d-4df3-9e9c-8b1ae65e3657,"Federal Medical Centres Act (Amendment) Bill, 2024.",First Reading (Not Started) -> Second Reading (Not Started) -> Committee Assignment (Not Started) -> Report (Not Started) -> Third Reading/Concurrence (Not Started) -> Harmonization (Not Started) -> Assent (Not Started),,,"Mohammed Saidu Bargaja (PDP, Sokoto, Constituency: Isa/Sabon Birni)",Mohammed Saidu Bargaja,Not Yet Referred,Mohammed Saidu Bargaja
fa22e004-f22d-4a4f-a6fb-f38ec7734c16,"Federal Medical Centres Act (Amendment) Bill, 2024.",First Reading (Not Started) -> Second Reading (Not Started) -> Committee Assignment (Not Started) -> Report (Not Started) -> Third Reading/Concurrence (Not Started) -> Harmonization (Not Started) -> Assent (Not Started),,,"Abdullahi Ibrahim Ali (APC, Kogi, Constituency: Ankpa/Omala/Olamaboro)",Abdullahi Ibrahim Ali,Not Yet Referred,Abdullahi Ibrahim Ali
2a3ed0f3-d1bb-4bea-8a29-90e5bb6072b6,"Federal Medical Centres Act (Amendment) Bill, 2025",First Reading (Not Started) -> Second Reading (Not Started) -> Committee Assignment (Not Started) -> Report (Not Started) -> Third Reading/Concurrence (Not Started) -> Harmonization (Not Started) -> Assent (Not Started),,,"Hon Ayodele Adefiranye (APC, Ondo, Constituency: Ileoluji/Okeigbo/Odigbo)",Hon Ayodele Adefiranye,Not Yet Referred,Hon Ayodele Adefiranye
3267c7d4-9cf4-4b66-b0ed-2c33e9e3e244,"Federal Medical Centres Act (Amendment) Bill, 2025",First Reading (House: 2025-12-10) -> Second Reading (Not Started) -> Committee Assignment (Not Started) -> Report (Not Started) -> Third Reading/Concurrence (Not Started) -> Harmonization (Not Started) -> Assent (Not Started),2025-12-10,,"Fidelis Joseph Bagudu (APC, Kaduna, Constituency: Chikun/Kajuru)",Fidelis Joseph Bagudu,Not Yet Referred,Fidelis Joseph Bagudu
33f57480-30bb-464e-ac7d-e6420b6a400a,"Federal Medical Centres Act (Amendment) Bill, 2025",First Reading (Not Started) -> Second Reading (Not Started) -> Committee Assignment (Not Started) -> Report (Not Started) -> Third Reading/Concurrence (Not Started) -> Harmonization (Not Started) -> Assent (Not Started),,,"Hon Tajudeen Abbas (APC, Kaduna, Constituency: Zaria); Hon Usman Bello Kumo (APC, Gombe, Constituency: Akko)",Hon Tajudeen Abbas; Hon Usman Bello Kumo,Not Yet Referred,Hon Tajudeen Abbas
35c33414-0f01-41ff-8d0a-6659e924e29d,"Federal Medical Centres Act (Amendment) Bill, 2025",First Reading (House: 2025-12-10) -> Second Reading (Not Started) -> Committee Assignment (Not Started) -> Report (Not Started) -> Third Reading/Concurrence (Not Started) -> Harmonization (Not Started) -> Assent (Not Started),2025-12-10,,"Hon Babajimi Adegoke Benson (APC, Lagos, Constituency: Ikorodu)",Hon Babajimi Adegoke Benson,Not Yet Referred,Hon Babajimi Adegoke Benson
3c87e07d-b9eb-420c-8360-d36ad60fa00f,"Federal Medical Centres Act (Amendment) Bill, 2025",First Reading (House: 2025-12-10) -> Second Reading (Not Started) -> Committee Assignment (Not Started) -> Report (Not Started) -> Third Reading/Concurrence (Not Started) -> Harmonization (Not Started) -> Assent (Not Started),2025-12-10,,"Hon Mohammed Audu (PDP, Taraba, Constituency: Karim Lamido/Lau/Ardo-Kola)",Hon Mohammed Audu,Not Yet Referred,Hon Mohammed Audu
6bfbda26-88fe-4dd0-9144-b76bacabe18e,"Federal Medical Centres Act (Amendment) Bill, 2025",First Reading (House: 2025-01-14) -> Second Reading (House: 2025-01-14) -> Committee Assignment (House: 2025-01-14) -> Report (House: 2025-10-14) -> Third Reading/Concurrence (House: 2025-11-18) -> Harmonization (Not Started) -> Assent (Not Started),2025-01-14,2025-01-14,"Patrick Umoh (APC, Akwa Ibom, Constituency: Ikot Ekpene/Essien Udim/ Obot Akara)",Patrick Umoh,Health Institutions,Patrick Umoh
88132a3e-0dd0-453b-b337-2865a5b334e6,"Federal Medical Centres Act (Amendment) Bill, 2025",First Reading (House: 2025-12-10) -> Second Reading (Not Started) -> Committee Assignment (Not Started) -> Report (Not Started) -> Third Reading/Concurrence (Not Started) -> Harmonization (Not Started) -> Assent (Not Started),2025-12-10,,"Fidelis Joseph Bagudu (APC, Kaduna, Constituency: Chikun/Kajuru)",Fidelis Joseph Bagudu,Not Yet Referred,Fidelis Joseph Bagudu
9bd02531-df1d-46fe-9480-07e3fbe65fac,"Federal Medical Centres Act (Amendment) Bill, 2025",First Reading (Not Started) -> Second Reading (Not Started) -> Committee Assignment (Not Started) -> Report (Not Started) -> Third Reading/Concurrence (Not Started) -> Harmonization (Not Started) -> Assent (Not Started),,,"Garba Umar Uba (APC, Kebbi, Constituency: Ngaski/Shanga/Yauri)",Garba Umar Uba,Not Yet Referred,Garba Umar Uba
a42cb555-682d-4c3f-8895-22d4f401b5bd,"Federal Medical Centres Act (Amendment) Bill, 2025",First Reading (Not Started) -> Second Reading (Not Started) -> Committee Assignment (Not Started) -> Report (Not Started) -> Third Reading/Concurrence (Not Started) -> Harmonization (Not Started) -> Assent (Not Started),,,"Daniel Asama Ago (APC, Plateau, Constituency: Jos North/Bassa)",Daniel Asama Ago,Not Yet Referred,Daniel Asama Ago
bb1f25f4-2560-4fd9-8dd8-5aa0e19983fc,"Federal Medical Centres Act (Amendment) Bill, 2025",First Reading (Not Started) -> Second Reading (Not Started) -> Committee Assignment (Not Started) -> Report (Not Started) -> Third Reading/Concurrence (Not Started) -> Harmonization (Not Started) -> Assent (Not Started),,,"Hon Billy Famous Osawaru (APC, Edo, Constituency: Orhionmwon/Uhunmwonde)",Hon Billy Famous Osawaru,Not Yet Referred,Hon Billy Famous Osawaru
cf345af0-7438-44f6-929e-6f6ee2e0560c,"Federal Medical Centres Act (Amendment) Bill, 2025",First Reading (House: 2025-11-18) -> Second Reading (Not Started) -> Committee Assignment (Not Started) -> Report (Not Started) -> Third Reading/Concurrence (Not Started) -> Harmonization (Not Started) -> Assent (Not Started),2025-11-18,,"Hon Abiola Peter Makinde (APC, Ondo, Constituency: Ondo East/Ondo West)",Hon Abiola Peter Makinde,Not Yet Referred,Hon Abiola Peter Makinde
db7d1a64-8a8e-4805-b197-fcd7c540f0a6,"Federal Medical Centres Act (Amendment) Bill, 2025",First Reading (Not Started) -> Second Reading (Not Started) -> Committee Assignment (Not Started) -> Report (Not Started) -> Third Reading/Concurrence (Not Started) -> Harmonization (Not Started) -> Assent (Not Started),,,"Sekav Dzua Iyortyom (APC, Benue, Constituency: Buruku)",Sekav Dzua Iyortyom,Not Yet Referred,Sekav Dzua Iyortyom
afbfc389-16d0-44c8-8757-bceca1e28f8f,"Federal Medical Centres Act (Amendment) Bill, 2026",First Reading (House: 2026-03-11) -> Second Reading (Not Started) -> Committee Assignment (Not Started) -> Report (Not Started) -> Third Reading/Concurrence (Not Started) -> Harmonization (Not Started) -> Assent (Not Started),2026-03-11,,"Executive (APC, N/A, Constituency: .)",Executive,Not Yet Referred,Executive
c43662ae-f021-4859-9723-aa91df342cd0,"Federal Medical Centres Act (Amendment) Bill, 2026",First Reading (Senate: 2026-01-29) -> Second Reading (House: 2025-05-08) -> Committee Assignment (House: 2025-05-08) -> Report (House: 2025-12-15) -> Third Reading/Concurrence (House: 2025-12-16) -> Harmonization (Not Started) -> Assent (Not Started),2026-01-29,2025-05-08,"Hon Aderemi Abasi Oseni (APC, Oyo, Constituency: Ibarapa East/Ido)",Hon Aderemi Abasi Oseni,Health Institutions,Hon Aderemi Abasi Oseni
7ec3b342-1f05-46b2-b2b9-a5dbe7665dce,"Federal Medical Centres ACT to establish Isanlu, Yaba East, Kogi State (2022)",First Reading (Not Started) -> Second Reading (Not Started) -> Committee Assignment (Not Started) -> Report (Not Started) -> Third Reading/Concurrence (Not Started) -> Harmonization (Not Started) -> Assent (Not Started),,,"Hon Leke Joseph Abejide (PDP, Kogi, Constituency: Yagba East/Yagba West/ Mopamuro)",Hon Leke Joseph Abejide,Health Institutions,Hon Leke Joseph Abejide
9cdc125a-49be-4896-af86-e744687b8e62,"Federal Medical centres, Act (Amendment) Bill, 2023","First Reading (House: 2023-10-17, Senate: 2025-05-06) -> Second Reading (House: 2024-03-06) -> Committee Assignment (House: 2024-03-06) -> Report (House: 2024-07-17) -> Third Reading/Concurrence (Not Started) -> Harmonization (Not Started) -> Assent (Not Started)",2023-10-17,2024-03-06,"Hon Alex Egbona (PDP, Cross River, Constituency: Yakurr/Abi)",Hon Alex Egbona,Health Institutions,Hon Alex Egbona
fa0ff0c6-6e76-4fd5-b956-c90ec9871b16,"Federal Medical Centres, Act (Amendment) Bill, 2023",First Reading (House: 2023-10-10) -> Second Reading (House: 2024-03-07) -> Committee Assignment (House: 2024-03-07) -> Report (Not Started) -> Third Reading/Concurrence (House: 2025-12-16) -> Harmonization (Not Started) -> Assent (Not Started),2023-10-10,2024-03-07,"Hon Yusuf Alhaji Kabiru (APC, Bauchi, Constituency: Alkaleri/Kirfi)",Hon Yusuf Alhaji Kabiru,Health Institutions,Hon Yusuf Alhaji Kabiru
09555b47-b4b9-4a9e-82cd-6314eb784236,"Federal Mortgage Bank Act (Amendment) Bill, 2023",First Reading (House: 2023-07-12) -> Second Reading (Not Started) -> Committee Assignment (Not Started) -> Report (Not Started) -> Third Reading/Concurrence (Not Started) -> Harmonization (Not Started) -> Assent (Not Started),2023-07-12,,"Hon Oluwole Oke (PDP, Osun, Constituency: Obokun/Oriade)",Hon Oluwole Oke,Not Yet Referred,Hon Oluwole Oke
167353c2-18b3-4368-8b93-f520aca86b3e,"Federal Plea Bargain Registry (Establishment) Bill, 2025",First Reading (House: 2025-12-10) -> Second Reading (Not Started) -> Committee Assignment (Not Started) -> Report (Not Started) -> Third Reading/Concurrence (Not Started) -> Harmonization (Not Started) -> Assent (Not Started),2025-12-10,,"Hon Moshood Kayode Akiolu (APC, Lagos, Constituency: Lagos Island II)",Hon Moshood Kayode Akiolu,Not Yet Referred,Hon Moshood Kayode Akiolu
9710e194-8763-4682-bcb9-b430b8b65c79,"Federal Polytechnic Act (Amendment) Bill, 2024",First Reading (Not Started) -> Second Reading (Not Started) -> Committee Assignment (Not Started) -> Report (Not Started) -> Third Reading/Concurrence (Not Started) -> Harmonization (Not Started) -> Assent (Not Started),,,"Hon Saidu Musa Abdullahi (APC, Niger, Constituency: Bida/Gbako/Katcha)",Hon Saidu Musa Abdullahi,Not Yet Referred,Hon Saidu Musa Abdullahi
b8fc52e6-c1a6-4533-9303-05cb0d9e7423,"Federal Polytechnic Act (Amendment) Bill, 2024",First Reading (House: 2024-02-27) -> Second Reading (Not Started) -> Committee Assignment (Not Started) -> Report (Not Started) -> Third Reading/Concurrence (Not Started) -> Harmonization (Not Started) -> Assent (Not Started),2024-02-27,,"Hon Rodney Ebikebina Ambiowei (PDP, Bayelsa, Constituency: Southern Ijaw)",Hon Rodney Ebikebina Ambiowei,Not Yet Referred,Hon Rodney Ebikebina Ambiowei
96e60d9a-862e-4f87-bc54-6d7b3d03f586,"Federal Polytechnic Nyak-Shendam (Establishment) Bill, 2023",First Reading (House: 2023-07-11) -> Second Reading (House: 2023-07-18) -> Committee Assignment (House: 2023-07-18) -> Report (Not Started) -> Third Reading/Concurrence (Not Started) -> Harmonization (Not Started) -> Assent (Not Started),2023-07-11,2023-07-18,"Hon Julius Ihonvbere (APC, Edo, Constituency: Owan East/Owan West)",Hon Julius Ihonvbere,the Whole,Hon Julius Ihonvbere
59f24090-c77b-4043-a858-03a63074411e,"Federal Polytechnic Rano, Kano State (Establishment) Bill, 2023",First Reading (House: 2023-07-12) -> Second Reading (House: 2023-07-25) -> Committee Assignment (House: 2023-07-25) -> Report (House: 2023-10-19) -> Third Reading/Concurrence (House: 2023-10-24) -> Harmonization (Not Started) -> Assent (Not Started),2023-07-12,2023-07-25,"Hon Kabiru Alhassan Usman Rurum (NNPP, Kano, Constituency: Rano/Bunkure/Kibiya)",Hon Kabiru Alhassan Usman Rurum,the Whole,Hon Kabiru Alhassan Usman Rurum
b6a0d029-15c6-445f-bc73-b2daf749a7db,"Federal Polytechnic Zandi, Plateau State (Est) Bill, 2023",First Reading (House: 2023-07-26) -> Second Reading (Not Started) -> Committee Assignment (Not Started) -> Report (Not Started) -> Third Reading/Concurrence (Not Started) -> Harmonization (Not Started) -> Assent (Not Started),2023-07-26,,"Hon Dachung Musa Bagos (PDP, Plateau, Constituency: Jos South/Jos East)",Hon Dachung Musa Bagos,Not Yet Referred,Hon Dachung Musa Bagos
fbc19652-dd4d-4c2b-b022-b822e58dc1b9,"Federal Polytechnic, Akugbene, Delta State (Establishment) Bill, 2023",First Reading (House: 2023-07-26) -> Second Reading (Not Started) -> Committee Assignment (Not Started) -> Report (Not Started) -> Third Reading/Concurrence (Not Started) -> Harmonization (Not Started) -> Assent (Not Started),2023-07-26,,"Hon Nicholas Ebomo Mutu (PDP, Delta, Constituency: Bomadi/Patani)",Hon Nicholas Ebomo Mutu,Not Yet Referred,Hon Nicholas Ebomo Mutu
9e45f8dc-bdab-440f-b8a9-7ab07d547c21,"Federal Polytechnic, Shendam, Plateau State (Establishment), Bill, 2023",First Reading (House: 2023-07-19) -> Second Reading (House: 2023-07-25) -> Committee Assignment (House: 2023-07-25) -> Report (Not Started) -> Third Reading/Concurrence (Not Started) -> Harmonization (Not Started) -> Assent (Not Started),2023-07-19,2023-07-25,"Hon Isaac Kwallu (PDP, Plateau, Constituency: Mikang/Qua’an/Pan/Shedam)",Hon Isaac Kwallu,the Whole,Hon Isaac Kwallu
65f56606-4e07-43aa-a7e4-c925c3dd5eb9,"Federal Polytechnics (Amendment) Bill, 2025",First Reading (House: 2024-03-14) -> Second Reading (House: 2025-03-04) -> Committee Assignment (House: 2025-03-04) -> Report (Not Started) -> Third Reading/Concurrence (House: 2025-12-03) -> Harmonization (Not Started) -> Assent (Not Started),2024-03-14,2025-03-04,"Hon Tajudeen Abbas (APC, Kaduna, Constituency: Zaria)",Hon Tajudeen Abbas,Federal Polytechnics,Hon Tajudeen Abbas
4421be94-c5a0-4471-8307-addaaa985816,"Federal Polytechnics Act (Amendment) Bill, 2023",First Reading (House: 2023-10-17) -> Second Reading (Not Started) -> Committee Assignment (Not Started) -> Report (Not Started) -> Third Reading/Concurrence (Not Started) -> Harmonization (Not Started) -> Assent (Not Started),2023-10-17,,"Hon Uchenna Okonkwo (LP, Anambra, Constituency: Idemili North/Idemili South)",Hon Uchenna Okonkwo,Not Yet Referred,Hon Uchenna Okonkwo
4d4e13ef-f854-4dda-8fe5-c6bdbc1fafc1,"Federal Polytechnics Act (Amendment) Bill, 2024",First Reading (House: 2024-07-23) -> Second Reading (Not Started) -> Committee Assignment (Not Started) -> Report (Not Started) -> Third Reading/Concurrence (Not Started) -> Harmonization (Not Started) -> Assent (Not Started),2024-07-23,,"Hon Philip Agbese (APC, Benue, Constituency: Ado/Obadigbo/Okpokwu)",Hon Philip Agbese,Not Yet Referred,Hon Philip Agbese
532164af-48bf-4948-a821-fbeec7f8b428,"Federal Polytechnics Act (Amendment) Bill, 2024",First Reading (House: 2024-07-23) -> Second Reading (Not Started) -> Committee Assignment (Not Started) -> Report (Not Started) -> Third Reading/Concurrence (Not Started) -> Harmonization (Not Started) -> Assent (Not Started),2024-07-23,,"Hon Kingsley Chinda (PDP, Rivers, Constituency: Obio/Akpor)",Hon Kingsley Chinda,Not Yet Referred,Hon Kingsley Chinda
559de98b-451c-4bbd-b676-b6f810c7f095,"Federal Polytechnics Act (Amendment) Bill, 2024",First Reading (House: 2024-05-07) -> Second Reading (Not Started) -> Committee Assignment (Not Started) -> Report (Not Started) -> Third Reading/Concurrence (Not Started) -> Harmonization (Not Started) -> Assent (Not Started),2024-05-07,,"Hon Bamidele Salam (PDP, Osun, Constituency: Ede North/Ede South/ Egbedore/Ejigbo)",Hon Bamidele Salam,Not Yet Referred,Hon Bamidele Salam
62b51223-5fa5-4cb7-8230-d854283266fa,"Federal Polytechnics Act (Amendment) Bill, 2024",First Reading (House: 2024-05-09) -> Second Reading (Not Started) -> Committee Assignment (Not Started) -> Report (Not Started) -> Third Reading/Concurrence (Not Started) -> Harmonization (Not Started) -> Assent (Not Started),2024-05-09,,"Terseer Ugbor (APC, Benue, Constituency: Kwande/Ushongo)",Terseer Ugbor,Not Yet Referred,Terseer Ugbor
6faa6199-dc11-46cb-afe1-83cce3b98916,"Federal Polytechnics Act (Amendment) Bill, 2024",First Reading (House: 2024-05-22) -> Second Reading (Not Started) -> Committee Assignment (Not Started) -> Report (Not Started) -> Third Reading/Concurrence (Not Started) -> Harmonization (Not Started) -> Assent (Not Started),2024-05-22,,"Hon Dominic Okafor (APGA, Anambra, Constituency: Aguata)",Hon Dominic Okafor,Not Yet Referred,Hon Dominic Okafor
782508c9-7aaa-4474-ba4e-721ec90db398,"Federal Polytechnics Act (Amendment) Bill, 2025",First Reading (House: 2025-11-18) -> Second Reading (Not Started) -> Committee Assignment (Not Started) -> Report (Not Started) -> Third Reading/Concurrence (Not Started) -> Harmonization (Not Started) -> Assent (Not Started),2025-11-18,,"Hon Akintunde Rotimi (APC, Ekiti, Constituency: Ikole/Oye)",Hon Akintunde Rotimi,Not Yet Referred,Hon Akintunde Rotimi
59a229f1-0c56-4faf-b910-229c76aae6c6,"Federal Produce Inspection Service (Enforcement of Exports Standards) (Establishment) Bill, 2023",First Reading (House: 2023-10-12) -> Second Reading (House: 2023-11-09) -> Committee Assignment (House: 2023-11-09) -> Report (House: 2024-02-28) -> Third Reading/Concurrence (House: 2024-02-29) -> Harmonization (Not Started) -> Assent (Not Started),2023-10-12,2023-11-09,"Hon Benjamin Kalu (APC, Abia, Constituency: Bende)",Hon Benjamin Kalu,the Whole,Hon Benjamin Kalu
16383988-03c7-49bd-9449-3ca11a9406c2,"Federal Road Safety Commission (Amendment) Bill, 2023",First Reading (House: 2023-07-27) -> Second Reading (Not Started) -> Committee Assignment (Not Started) -> Report (Not Started) -> Third Reading/Concurrence (Not Started) -> Harmonization (Not Started) -> Assent (Not Started),2023-07-27,,"Hon Dachung Musa Bagos (PDP, Plateau, Constituency: Jos South/Jos East)",Hon Dachung Musa Bagos,Not Yet Referred,Hon Dachung Musa Bagos
ff665a2e-19c8-40d6-bdfc-b2ebfa48c3b8,"Federal Road Safety Commission (Establishment) Act (Amendment) Bill, 2025",First Reading (Not Started) -> Second Reading (Not Started) -> Committee Assignment (Not Started) -> Report (Not Started) -> Third Reading/Concurrence (Not Started) -> Harmonization (Not Started) -> Assent (Not Started),,,"Hon Ugochinyere Onyinye Ikeagwuonu (PDP, Imo, Constituency: Ideato North/Ideato South)",Hon Ugochinyere Onyinye Ikeagwuonu,Not Yet Referred,Hon Ugochinyere Onyinye Ikeagwuonu
46c604ed-7de7-4472-9fbf-014ffa9740b2,"Federal Road Safety Commission (Establishment) Bill, 2023",First Reading (House: 2023-11-02) -> Second Reading (Not Started) -> Committee Assignment (Not Started) -> Report (Not Started) -> Third Reading/Concurrence (Not Started) -> Harmonization (Not Started) -> Assent (Not Started),2023-11-02,,"Adedayo Samuel Adesola (APC, Lagos, Constituency: Apapa)",Adedayo Samuel Adesola,Not Yet Referred,Adedayo Samuel Adesola
8e8cbea4-99c4-43cf-959f-5f9a903d3f1a,"Federal Road Safety Commission Act (Amendment) Bill, 2023",First Reading (House: 2023-10-24) -> Second Reading (Not Started) -> Committee Assignment (Not Started) -> Report (Not Started) -> Third Reading/Concurrence (Not Started) -> Harmonization (Not Started) -> Assent (Not Started),2023-10-24,,"Hon Ayodeji Alao (APC, Oyo, Constituency: Ogbomoso North/ Ogbomoso South/Orire)",Hon Ayodeji Alao,Not Yet Referred,Hon Ayodeji Alao
2526bba8-7774-402a-acd7-0caad9f590fb,"Federal Road Safety Commission Act (Amendment) Bill, 2024",First Reading (House: 2024-07-18) -> Second Reading (Not Started) -> Committee Assignment (Not Started) -> Report (Not Started) -> Third Reading/Concurrence (Not Started) -> Harmonization (Not Started) -> Assent (Not Started),2024-07-18,,"Hon Cornelius Abidun Aderin (APC, Ondo, Constituency: Akure North/Akure South)",Hon Cornelius Abidun Aderin,Not Yet Referred,Hon Cornelius Abidun Aderin
8b920324-3242-4ca7-b9b0-d6cf0d3c8f5b,"Federal Road Safety Commission Act (Amendment) Bill, 2024","First Reading (House: 2024-05-22, Senate: 2025-10-07) -> Second Reading (House: 2024-10-10) -> Committee Assignment (House: 2024-10-10) -> Report (Not Started) -> Third Reading/Concurrence (Not Started) -> Harmonization (Not Started) -> Assent (Not Started)",2024-05-22,2024-10-10,"Hon Olaide Yusuf Mohammed (APC, Oyo, Constituency: Irepo/Orelope/Olorunsogo)",Hon Olaide Yusuf Mohammed,Federal Road Safety,Hon Olaide Yusuf Mohammed
e404211d-c928-4d81-a0d5-95d222342fe2,"Federal Roads Authority Bill, 2023",First Reading (House: 2023-07-27) -> Second Reading (House: 1111-11-11) -> Committee Assignment (House: 0243-03-12) -> Report (Not Started) -> Third Reading/Concurrence (Not Started) -> Harmonization (Not Started) -> Assent (Not Started),2023-07-27,1111-11-11,"Hon Benjamin Kalu (APC, Abia, Constituency: Bende)",Hon Benjamin Kalu,Niger Delta Development Commission (NDDC),Hon Benjamin Kalu
dafab60d-fba3-4124-ac32-153c7d3df90f,"Federal Roads Maintenance Agency Act (Amendment) Bill, 2025",First Reading (House: 2025-12-10) -> Second Reading (Not Started) -> Committee Assignment (Not Started) -> Report (Not Started) -> Third Reading/Concurrence (Not Started) -> Harmonization (Not Started) -> Assent (Not Started),2025-12-10,,"Akarachi Etinosa Tosan (APC, Imo, Constituency: Ikeduru/Mbaitoli)",Akarachi Etinosa Tosan,Not Yet Referred,Akarachi Etinosa Tosan
7a384666-4213-4907-b0fe-1d67b8b500bd,"Federal School of Nursing and Midwifery, Sobe, Edo State (Establishment) Bill, 2023",First Reading (House: 2023-09-26) -> Second Reading (House: 2023-10-10) -> Committee Assignment (House: 2023-10-10) -> Report (Not Started) -> Third Reading/Concurrence (Not Started) -> Harmonization (Not Started) -> Assent (Not Started),2023-09-26,2023-10-10,"Hon Julius Ihonvbere (APC, Edo, Constituency: Owan East/Owan West)",Hon Julius Ihonvbere,the Whole,Hon Julius Ihonvbere
162fb31f-254e-404a-afe1-9f76eef9ace6,"Federal School of Nursing and Midwifery, Uturu, Abia State (Establishment) Bill, 2025",First Reading (Not Started) -> Second Reading (House: 2025-11-18) -> Committee Assignment (House: 2025-11-18) -> Report (Not Started) -> Third Reading/Concurrence (Not Started) -> Harmonization (Not Started) -> Assent (Not Started),,2025-11-18,"Hon Amobi Ogah (LP, Abia, Constituency: Isuikwuato/Umu-Nneochi)",Hon Amobi Ogah,Specialty Healthcare,Hon Amobi Ogah
082f4b62-94a3-4613-aafe-e259a3fe5a20,"Federal School of Statistics, Manchok (Establishment) Bill, 2023",First Reading (House: 2023-10-19) -> Second Reading (Not Started) -> Committee Assignment (Not Started) -> Report (Not Started) -> Third Reading/Concurrence (Not Started) -> Harmonization (Not Started) -> Assent (Not Started),2023-10-19,,"Hon. Sagir Koki (APC, Kano, Constituency: Municipal)",Hon. Sagir Koki,Not Yet Referred,Hon. Sagir Koki
5ad34f36-b73f-4f33-a38c-276f4df34df9,"Federal School of Statistics, Manchok (Establishment) Bill, 2023",First Reading (House: 2023-10-19) -> Second Reading (Not Started) -> Committee Assignment (Not Started) -> Report (Not Started) -> Third Reading/Concurrence (Not Started) -> Harmonization (Not Started) -> Assent (Not Started),2023-10-19,,"Hon. Sagir Koki (APC, Kano, Constituency: Municipal)",Hon. Sagir Koki,Not Yet Referred,Hon. Sagir Koki
43e2390e-7526-43c4-837a-50dad2b2f62c,"Federal Teachers’ Colleges (Establishment) Bill, 2026",First Reading (House: 2026-03-12) -> Second Reading (Not Started) -> Committee Assignment (Not Started) -> Report (Not Started) -> Third Reading/Concurrence (Not Started) -> Harmonization (Not Started) -> Assent (Not Started),2026-03-12,,"Murphy Osaro Omoruyi (LP, Edo, Constituency: Egor/Ikpoba-Okha)",Murphy Osaro Omoruyi,Not Yet Referred,Murphy Osaro Omoruyi
88e64898-b93a-4504-9a20-bd1acc27918d,"Federal Teaching Hospital Abuja (Establishment) Bill, 2024",First Reading (House: 2024-07-23) -> Second Reading (Not Started) -> Committee Assignment (Not Started) -> Report (Not Started) -> Third Reading/Concurrence (Not Started) -> Harmonization (Not Started) -> Assent (Not Started),2024-07-23,,"Hon Amos Gwamna Magaji (APC, Kaduna, Constituency: Zangon Kataf/Jaba)",Hon Amos Gwamna Magaji,Not Yet Referred,Hon Amos Gwamna Magaji
dc9082e5-04ca-4cb4-89b5-14bdb9c4173b,"Federal Teaching Hospital Birnin-Kebbi (Establishment) Bill, 2023",First Reading (House: 2023-10-19) -> Second Reading (Not Started) -> Committee Assignment (Not Started) -> Report (Not Started) -> Third Reading/Concurrence (Not Started) -> Harmonization (Not Started) -> Assent (Not Started),2023-10-19,,"Hon Bello A Kaoje (APC, Kebbi, Constituency: Bagudo/Suru)",Hon Bello A Kaoje,Not Yet Referred,Hon Bello A Kaoje
c096afb6-18bf-4007-ae47-17793d77e186,"Federal Teaching Hospital, Oba, Anambra State (Establishment) Bill, 2025",First Reading (House: 2025-05-21) -> Second Reading (Not Started) -> Committee Assignment (Not Started) -> Report (Not Started) -> Third Reading/Concurrence (Not Started) -> Harmonization (Not Started) -> Assent (Not Started),2025-05-21,,"Hon Uchenna Okonkwo (LP, Anambra, Constituency: Idemili North/Idemili South)",Hon Uchenna Okonkwo,Not Yet Referred,Hon Uchenna Okonkwo
ae0340cb-9028-460b-9c13-cdbb5a3624f4,"Federal Technical and Vocational Training Centre Aba(Establishment) Bill, 2024",First Reading (House: 2024-05-21) -> Second Reading (Not Started) -> Committee Assignment (Not Started) -> Report (Not Started) -> Third Reading/Concurrence (Not Started) -> Harmonization (Not Started) -> Assent (Not Started),2024-05-21,,"Alexander Mascot Ikwechegh (LP, Abia, Constituency: Aba North/Aba South)",Alexander Mascot Ikwechegh,Not Yet Referred,Alexander Mascot Ikwechegh
8a571fde-153f-4794-a6cb-adf08031cd1f,"Federal Technical and Vocational Training Centre, Kubau, Kaduna State (Establishment) Bill, 2023",First Reading (House: 2023-10-31) -> Second Reading (Not Started) -> Committee Assignment (Not Started) -> Report (Not Started) -> Third Reading/Concurrence (Not Started) -> Harmonization (Not Started) -> Assent (Not Started),2023-10-31,,"Hon Ibrahim Almustapha Aliyu (APC, Sokoto, Constituency: Wurno/Rabah)",Hon Ibrahim Almustapha Aliyu,Not Yet Referred,Hon Ibrahim Almustapha Aliyu
d68cab79-09eb-42f9-94b2-5b33d5dd26d9,"Federal Technical College, Nasarawa Burkullu, Zamfara State (Establishment) Bill, 2023",First Reading (House: 2023-12-20) -> Second Reading (House: 2025-11-18) -> Committee Assignment (House: 2025-11-18) -> Report (Not Started) -> Third Reading/Concurrence (Not Started) -> Harmonization (Not Started) -> Assent (Not Started),2023-12-20,2025-11-18,"Hon Sulaiman Gumi Abubakar (PDP, Zamfara, Constituency: Gummi/Bukkuyum)",Hon Sulaiman Gumi Abubakar,Alternative Education,Hon Sulaiman Gumi Abubakar
142dff8c-3e66-426e-a9bf-f9b097982521,Federal Universities of Agriculture Act (Amendment) Bill 2024,First Reading (House: 2024-04-30) -> Second Reading (Not Started) -> Committee Assignment (Not Started) -> Report (House: 2025-11-12) -> Third Reading/Concurrence (Not Started) -> Harmonization (Not Started) -> Assent (Not Started),2024-04-30,,"Hon Anthony Adebayo Adepoju (PDP, Oyo, Constituency: Ibarapa Central/Ibarapa North)",Hon Anthony Adebayo Adepoju,Not Yet Referred,Hon Anthony Adebayo Adepoju
256e2ce9-9512-46d1-9d43-b993979c80d4,"Federal Universities of Agriculture Act (Amendment) Bill, 2023",First Reading (House: 2023-10-17) -> Second Reading (Not Started) -> Committee Assignment (Not Started) -> Report (Not Started) -> Third Reading/Concurrence (Not Started) -> Harmonization (Not Started) -> Assent (Not Started),2023-10-17,,"Kelechi Nwogu (PDP, Rivers, Constituency: Etche/Omuma)",Kelechi Nwogu,Not Yet Referred,Kelechi Nwogu
4404b304-4c51-4077-9b4a-faba86301683,"Federal Universities of Agriculture Act (Amendment) Bill, 2023",First Reading (House: 2023-11-07) -> Second Reading (Not Started) -> Committee Assignment (Not Started) -> Report (Not Started) -> Third Reading/Concurrence (Not Started) -> Harmonization (Not Started) -> Assent (Not Started),2023-11-07,,"Hon Lukman Mudashiru (PDP, Osun, Constituency: Ayedire/Iwo/Ola-Oluwa)",Hon Lukman Mudashiru,Not Yet Referred,Hon Lukman Mudashiru
a971f899-14dd-4ab0-b53f-03d38d1aad89,"Federal Universities of Agriculture Act (Amendment) Bill, 2023",First Reading (House: 2023-10-04) -> Second Reading (Not Started) -> Committee Assignment (Not Started) -> Report (Not Started) -> Third Reading/Concurrence (Not Started) -> Harmonization (Not Started) -> Assent (Not Started),2023-10-04,,"Hon Okunjimi John Odimayo (APC, Ondo, Constituency: Okitipupa/Irele)",Hon Okunjimi John Odimayo,Not Yet Referred,Hon Okunjimi John Odimayo
60e9259b-10e8-4b0d-aaef-ad6b295ab6b2,"Federal Universities of Agriculture Act (Amendment) Bill, 2024",First Reading (House: 2024-05-09) -> Second Reading (Not Started) -> Committee Assignment (Not Started) -> Report (House: 2025-11-12) -> Third Reading/Concurrence (Not Started) -> Harmonization (Not Started) -> Assent (Not Started),2024-05-09,,"Adesida Abiodun (APC, Ondo, Constituency: Akure North/Akure South)",Adesida Abiodun,Not Yet Referred,Adesida Abiodun
ec30f0b6-a747-4fbb-a37a-fb9cbcfec79a,"Federal Universities of Agriculture Act (Amendment) Bill, 2025",First Reading (Not Started) -> Second Reading (Not Started) -> Committee Assignment (Not Started) -> Report (Not Started) -> Third Reading/Concurrence (Not Started) -> Harmonization (Not Started) -> Assent (Not Started),,,"Hon Mathew Nwogu (LP, Imo, Constituency: Aboh Mbaise/Ngor Okpala)",Hon Mathew Nwogu,Not Yet Referred,Hon Mathew Nwogu
c4b70b1c-7949-4639-9428-82cc885e76b7,"Federal Universities of Technology Act (Amendment) Bill, 2023",First Reading (House: 2023-10-17) -> Second Reading (Not Started) -> Committee Assignment (Not Started) -> Report (Not Started) -> Third Reading/Concurrence (Not Started) -> Harmonization (Not Started) -> Assent (Not Started),2023-10-17,,"Kelechi Nwogu (PDP, Rivers, Constituency: Etche/Omuma)",Kelechi Nwogu,Not Yet Referred,Kelechi Nwogu
e6680dd3-dd6f-4c1f-8a8c-47663555dfc9,"Federal Universities of Technology Act (Amendment) Bill, 2023",First Reading (House: 2023-10-19) -> Second Reading (Not Started) -> Committee Assignment (Not Started) -> Report (Not Started) -> Third Reading/Concurrence (Not Started) -> Harmonization (Not Started) -> Assent (Not Started),2023-10-19,,"Hon Babajimi Adegoke Benson (APC, Lagos, Constituency: Ikorodu)",Hon Babajimi Adegoke Benson,Not Yet Referred,Hon Babajimi Adegoke Benson
0a811f48-455e-4301-a4f5-911b83012171,"Federal Universities of Technology Act (Amendment) Bill, 2024",First Reading (House: 2024-09-26) -> Second Reading (Not Started) -> Committee Assignment (Not Started) -> Report (Not Started) -> Third Reading/Concurrence (Not Started) -> Harmonization (Not Started) -> Assent (Not Started),2024-09-26,,"Hon Julius Ihonvbere (APC, Edo, Constituency: Owan East/Owan West)",Hon Julius Ihonvbere,Not Yet Referred,Hon Julius Ihonvbere
59d5bd8d-9b89-4c56-9fe7-62f63e272f89,"Federal Universities of Technology Act (Amendment) Bill, 2024",First Reading (House: 2024-05-07) -> Second Reading (Not Started) -> Committee Assignment (Not Started) -> Report (Not Started) -> Third Reading/Concurrence (Not Started) -> Harmonization (Not Started) -> Assent (Not Started),2024-05-07,,"Hon Benedict Etanabene (LP, Delta, Constituency: Okpe/Sapele/Uvwie)",Hon Benedict Etanabene,Not Yet Referred,Hon Benedict Etanabene
62038c78-d2f1-4816-8d8c-531703395c9d,"Federal Universities of Technology Act (Amendment) Bill, 2025",First Reading (House: 2025-11-18) -> Second Reading (Not Started) -> Committee Assignment (Not Started) -> Report (Not Started) -> Third Reading/Concurrence (Not Started) -> Harmonization (Not Started) -> Assent (Not Started),2025-11-18,,"Hon Adelegbe Emmanuel Oluwatimehin (APC, Ondo, Constituency: Owo/Ose)",Hon Adelegbe Emmanuel Oluwatimehin,Not Yet Referred,Hon Adelegbe Emmanuel Oluwatimehin
7942cdd8-4da9-4b3b-a028-37340cbb334b,"Federal Universities of Technology Act (Amendment) Bill, 2025",First Reading (Not Started) -> Second Reading (Not Started) -> Committee Assignment (Not Started) -> Report (Not Started) -> Third Reading/Concurrence (Not Started) -> Harmonization (Not Started) -> Assent (Not Started),,,"Esosa Iyawe (LP, Edo, Constituency: Oredo)",Esosa Iyawe,Not Yet Referred,Esosa Iyawe
a0ae8afa-df30-41dc-bbe1-120b3af02499,"Federal Universities of TechnologyAct (Amendment) Bill, 2025",First Reading (Not Started) -> Second Reading (Not Started) -> Committee Assignment (Not Started) -> Report (Not Started) -> Third Reading/Concurrence (Not Started) -> Harmonization (Not Started) -> Assent (Not Started),,,"Hon Oluwole Oke (PDP, Osun, Constituency: Obokun/Oriade)",Hon Oluwole Oke,Not Yet Referred,Hon Oluwole Oke
413d52e0-1238-4001-87a9-b9cc696180de,"Federal University Gusau, Teaching Hospital Gusau (Est.) Bill, 2025",First Reading (Not Started) -> Second Reading (Not Started) -> Committee Assignment (Not Started) -> Report (Not Started) -> Third Reading/Concurrence (Not Started) -> Harmonization (Not Started) -> Assent (Not Started),,,"Hon Abdulmalik Zubairu (APC, Zamfara, Constituency: Bungudu/Maru)",Hon Abdulmalik Zubairu,Not Yet Referred,Hon Abdulmalik Zubairu
46f897c8-ba0f-4375-8367-6502b3ab5f68,"Federal University Kisi, Oyo State (Establishment) Bill, 2024",First Reading (House: 2024-05-21) -> Second Reading (Not Started) -> Committee Assignment (Not Started) -> Report (Not Started) -> Third Reading/Concurrence (Not Started) -> Harmonization (Not Started) -> Assent (Not Started),2024-05-21,,"Hon Olaide Yusuf Mohammed (APC, Oyo, Constituency: Irepo/Orelope/Olorunsogo)",Hon Olaide Yusuf Mohammed,Not Yet Referred,Hon Olaide Yusuf Mohammed
5a8418cf-3553-4c1c-be43-d72f450c8d05,"Federal University Minna, Bill, 2023",First Reading (House: 2023-07-20) -> Second Reading (Not Started) -> Committee Assignment (Not Started) -> Report (Not Started) -> Third Reading/Concurrence (Not Started) -> Harmonization (Not Started) -> Assent (Not Started),2023-07-20,,"Hon Saidu Musa Abdullahi (APC, Niger, Constituency: Bida/Gbako/Katcha)",Hon Saidu Musa Abdullahi,Not Yet Referred,Hon Saidu Musa Abdullahi
1552c672-5a79-4628-a34c-3314adcdcd72,"Federal University of Aeronautics, Eruf – Offong Oruko, Akwa Ibom State (Establishment) Bill, 2024",First Reading (House: 2024-07-02) -> Second Reading (Not Started) -> Committee Assignment (Not Started) -> Report (Not Started) -> Third Reading/Concurrence (Not Started) -> Harmonization (Not Started) -> Assent (Not Started),2024-07-02,,"Hon Martins Etim Esin (PDP, Akwa Ibom, Constituency: Oron/Mbo/Okobo/Udung Uko/Urue Offong/Oruko)",Hon Martins Etim Esin,Not Yet Referred,Hon Martins Etim Esin
ad18cb6b-cc6f-40ce-addc-6b84cbf8aea3,"Federal University of Agriculture and Development Studies, Ishiagu (Est. etc.) Bill, 2025",First Reading (Not Started) -> Second Reading (Not Started) -> Committee Assignment (Not Started) -> Report (Not Started) -> Third Reading/Concurrence (Not Started) -> Harmonization (Not Started) -> Assent (Not Started),,,"Hon Osi Kama Nkemkanma (LP, Ebonyi, Constituency: Ivo-Ohaozara/Onicha)",Hon Osi Kama Nkemkanma,Not Yet Referred,Hon Osi Kama Nkemkanma
6678ca6e-37ca-4591-bea3-edf44bcb19c5,"Federal University of Agriculture and Entrepreneurship, Saki, Oyo State (Establishment) Bill, 2023",First Reading (House: 2023-10-17) -> Second Reading (House: 2023-10-26) -> Committee Assignment (House: 2023-10-26) -> Report (House: 2023-12-21) -> Third Reading/Concurrence (House: 2023-12-21) -> Harmonization (Not Started) -> Assent (Not Started),2023-10-17,2023-10-26,"Hon Francis Ejiroghene Waive (APC, Delta, Constituency: Ughelli North, Ughelli South/Udu)",Hon Francis Ejiroghene Waive,the Whole,Hon Francis Ejiroghene Waive
fa7e5779-3a70-4693-96ba-1177e0d3fc6c,"Federal University of Agriculture and Solid Minerals Jalingo, Taraba State (Est.) Bill, 2025",First Reading (Not Started) -> Second Reading (Not Started) -> Committee Assignment (Not Started) -> Report (Not Started) -> Third Reading/Concurrence (Not Started) -> Harmonization (Not Started) -> Assent (Not Started),,,"Sadiq Abbas Tafida (PDP, Taraba, Constituency: Jalingo/Yorro/Zing)",Sadiq Abbas Tafida,Not Yet Referred,Sadiq Abbas Tafida
f410a5b4-aeef-4bb1-b257-b3f45cc58dcb,"Federal University of Agriculture, Ako–Nike, Enugu State",First Reading (House: 2023-10-05) -> Second Reading (House: 2023-11-01) -> Committee Assignment (House: 2023-11-01) -> Report (House: 2024-09-25) -> Third Reading/Concurrence (Not Started) -> Harmonization (Not Started) -> Assent (Not Started),2023-10-05,2023-11-01,"Hon Paul Nnamchi (LP, Enugu, Constituency: Enugu East/Isi Uzo)",Hon Paul Nnamchi,Agricultural Colleges and Institutions,Hon Paul Nnamchi
96546f80-a4e2-4663-94e7-b5733a21007f,"Federal University of Agriculture, Atomkpe Inamite, Cross Rivers State (Establishment) Bill, 2023",First Reading (House: 2023-07-18) -> Second Reading (House: 2024-05-22) -> Committee Assignment (House: 2024-05-22) -> Report (Not Started) -> Third Reading/Concurrence (Not Started) -> Harmonization (Not Started) -> Assent (Not Started),2023-07-18,2024-05-22,"Hon Joseph Bassey (APC, Cross River, Constituency: Calabar South/Akpabuyo/ Bakassi)",Hon Joseph Bassey,Agricultural Colleges and Institutions,Hon Joseph Bassey
8cb2fb2b-6abe-49fc-9ac6-8bebacb937f8,"Federal University of Agriculture, Erawha- Owhe, Delta State (Establishment) Bill, 2023",First Reading (House: 2023-10-17) -> Second Reading (Not Started) -> Committee Assignment (Not Started) -> Report (Not Started) -> Third Reading/Concurrence (Not Started) -> Harmonization (Not Started) -> Assent (Not Started),2023-10-17,,"Hon Jonathan Ajirioghene Ukodhiko (PDP, Delta, Constituency: Isoko North/Isoko South)",Hon Jonathan Ajirioghene Ukodhiko,Not Yet Referred,Hon Jonathan Ajirioghene Ukodhiko
3d1f8b4f-25af-4a4b-be3a-5c83a9d29e09,"Federal University of Agriculture, Ibadan, Oyo State (Establishment) 2023",First Reading (House: 2023-07-27) -> Second Reading (Not Started) -> Committee Assignment (Not Started) -> Report (Not Started) -> Third Reading/Concurrence (Not Started) -> Harmonization (Not Started) -> Assent (Not Started),2023-07-27,,"Hon Adedeji Stanley Olajide (PDP, Oyo, Constituency: Ibadan South West/Ibadan North West)",Hon Adedeji Stanley Olajide,Not Yet Referred,Hon Adedeji Stanley Olajide
edc2dfb0-9158-4a8a-be0d-784f5fd8fb8c,"Federal University of Agriculture, Ibadan, Oyo State (Establishment) 2023",First Reading (House: 2023-07-27) -> Second Reading (Not Started) -> Committee Assignment (Not Started) -> Report (Not Started) -> Third Reading/Concurrence (Not Started) -> Harmonization (Not Started) -> Assent (Not Started),2023-07-27,,"Hon Adedeji Stanley Olajide (PDP, Oyo, Constituency: Ibadan South West/Ibadan North West)",Hon Adedeji Stanley Olajide,Not Yet Referred,Hon Adedeji Stanley Olajide
376f2523-ac8f-4aee-a9a6-f995e25ce06d,"Federal University of Agriculture, Kabba, Kogi State (Establishment) Bill, 2024",First Reading (House: 2024-06-11) -> Second Reading (House: 2024-07-18) -> Committee Assignment (House: 2024-07-18) -> Report (House: 2024-10-09) -> Third Reading/Concurrence (House: 2024-10-10) -> Harmonization (Not Started) -> Assent (Not Started),2024-06-11,2024-07-18,"Salman Idris (APC, Kogi, Constituency: Ijumu/Kabba-Bunu)",Salman Idris,the Whole,Salman Idris
ec9b6c6f-ce76-473a-b054-e3cb84faf34c,"Federal University of Agriculture, Lavun, Niger State (Establishment) Bill, 2023",First Reading (House: 2023-10-17) -> Second Reading (Not Started) -> Committee Assignment (Not Started) -> Report (Not Started) -> Third Reading/Concurrence (Not Started) -> Harmonization (Not Started) -> Assent (Not Started),2023-10-17,,"Hon Joshua Gana (PDP, Niger, Constituency: Lavun/Mokwa/Edati)",Hon Joshua Gana,Not Yet Referred,Hon Joshua Gana
800fdc1a-55aa-444b-811a-64fa706e72d2,"Federal University of Agriculture, Mpu Bill, 2023",First Reading (House: 2023-07-27) -> Second Reading (Not Started) -> Committee Assignment (Not Started) -> Report (Not Started) -> Third Reading/Concurrence (Not Started) -> Harmonization (Not Started) -> Assent (Not Started),2023-07-27,,"Hon Benjamin Kalu (APC, Abia, Constituency: Bende)",Hon Benjamin Kalu,Not Yet Referred,Hon Benjamin Kalu
78220137-2fe6-435a-adbe-c5364fb3bc26,"Federal University of Agriculture, Ningi Bauchi State (Establishment) Bill, 2023",First Reading (House: 2023-11-14) -> Second Reading (Not Started) -> Committee Assignment (Not Started) -> Report (Not Started) -> Third Reading/Concurrence (Not Started) -> Harmonization (Not Started) -> Assent (Not Started),2023-11-14,,"Hon Adamu Hashimu (PDP, Bauchi, Constituency: Ningi/Warji)",Hon Adamu Hashimu,Not Yet Referred,Hon Adamu Hashimu
27da5f71-fcd1-479a-ac16-4095be40fcaa,"Federal University of Agriculture, Nsit Ubium, Akwa Ibom State (Establishment) Bill, 2024",First Reading (House: 2024-07-02) -> Second Reading (Not Started) -> Committee Assignment (Not Started) -> Report (Not Started) -> Third Reading/Concurrence (Not Started) -> Harmonization (Not Started) -> Assent (Not Started),2024-07-02,,"Hon Paul Asuquo Ekpo (PDP, Akwa Ibom, Constituency: Etinan/Nsit Ibom/Nsit ubium)",Hon Paul Asuquo Ekpo,Not Yet Referred,Hon Paul Asuquo Ekpo
258d2ee0-f443-4b20-8a63-80be30fd357e,"Federal University of Agriculture, Oba – Ofemili, Anambra State (Establishment) Bill, 2024",First Reading (House: 2024-03-12) -> Second Reading (Not Started) -> Committee Assignment (Not Started) -> Report (Not Started) -> Third Reading/Concurrence (Not Started) -> Harmonization (Not Started) -> Assent (Not Started),2024-03-12,,"Obiageli Lillian Orogbu (LP, Anambra, Constituency: Awka North/Awka South)",Obiageli Lillian Orogbu,Not Yet Referred,Obiageli Lillian Orogbu
edb677ce-6456-4d76-ae3e-06409a8da47c,"Federal University of Agriculture, Ugbawka (Establishment) Bill, 2023",First Reading (House: 2023-10-19) -> Second Reading (House: 2023-12-20) -> Committee Assignment (House: 2023-12-20) -> Report (Not Started) -> Third Reading/Concurrence (Not Started) -> Harmonization (Not Started) -> Assent (Not Started),2023-10-19,2023-12-20,"Hon Nnolim John Nnaji (APC, Enugu, Constituency: Nkanu East/Nkanu West)",Hon Nnolim John Nnaji,the Whole,Hon Nnolim John Nnaji
80b80758-6a8a-4b26-b9ce-26b6ceb87a9c,"Federal University of Agriculture, Ute Okpa, Delta State",First Reading (House: 2023-07-13) -> Second Reading (House: 2023-11-09) -> Committee Assignment (House: 2023-11-09) -> Report (House: 2024-09-25) -> Third Reading/Concurrence (Not Started) -> Harmonization (Not Started) -> Assent (Not Started),2023-07-13,2023-11-09,"Hon Philip Agbese (APC, Benue, Constituency: Ado/Obadigbo/Okpokwu)",Hon Philip Agbese,Agricultural Colleges and Institutions,Hon Philip Agbese
30e3d773-84f6-451f-a6d7-1ab7c3f0eab9,"Federal University of Aviation Technology, Ako-Nike, Enugu State (Establishment) Bill, 2023",First Reading (House: 2023-10-12) -> Second Reading (Not Started) -> Committee Assignment (Not Started) -> Report (Not Started) -> Third Reading/Concurrence (Not Started) -> Harmonization (Not Started) -> Assent (Not Started),2023-10-12,,"Hon Paul Nnamchi (LP, Enugu, Constituency: Enugu East/Isi Uzo)",Hon Paul Nnamchi,Not Yet Referred,Hon Paul Nnamchi
58aeb020-4394-48c7-850f-5a6988e6960b,"Federal University of Biomedical Sciences Oju, Benue State (Establishment) Bill, 2023",First Reading (House: 2023-07-19) -> Second Reading (Not Started) -> Committee Assignment (Not Started) -> Report (Not Started) -> Third Reading/Concurrence (Not Started) -> Harmonization (Not Started) -> Concurrence (Not Started) -> Assent (Not Started),2023-07-19,,"Hon David Agada Ogewu (APC, Benue, Constituency: Oju/Obi)",Hon David Agada Ogewu,Not Yet Referred,Hon David Agada Ogewu
3f217c82-3547-4be7-8ce9-a057568138ee,"Federal University of Dental Technology and Therapy (Establishment) Bill, 2023",First Reading (House: 2023-07-26) -> Second Reading (House: 2024-05-21) -> Committee Assignment (House: 2024-05-21) -> Report (House: 2024-07-02) -> Third Reading/Concurrence (House: 2024-07-11) -> Harmonization (Not Started) -> Assent (Not Started),2023-07-26,2024-05-21,"Hon Benjamin Kalu (APC, Abia, Constituency: Bende)",Hon Benjamin Kalu,the Whole,Hon Benjamin Kalu
77db5b03-f0e5-4387-ae36-5f94342a152d,"Federal University of Ecology and Wildlife Conservation Studies, Yankari, Bauchi State (Establishment) Bill, 2023",First Reading (House: 2023-10-24) -> Second Reading (Not Started) -> Committee Assignment (Not Started) -> Report (Not Started) -> Third Reading/Concurrence (Not Started) -> Harmonization (Not Started) -> Assent (Not Started),2023-10-24,,"Hon. Victor Obuzor (PDP, Rivers, Constituency: Ahoada West/Ogba Egbema)",Hon. Victor Obuzor,Not Yet Referred,Hon. Victor Obuzor
ad647a74-970e-4625-9e20-ff20428dbe6c,"Federal University of Education (Technical), Gombe State (Establishment) Bill, 2023",First Reading (House: 2023-11-02) -> Second Reading (Not Started) -> Committee Assignment (Not Started) -> Report (Not Started) -> Third Reading/Concurrence (Not Started) -> Harmonization (Not Started) -> Assent (Not Started),2023-11-02,,"Hon El-Rasheed Abdullahi (PDP, Gombe, Constituency: Dukku/Nafada)",Hon El-Rasheed Abdullahi,Not Yet Referred,Hon El-Rasheed Abdullahi
c4df9315-8e0f-4b1f-ae4a-48d4123e6852,"Federal University of Education Akwanga, Nasarawa State (Establishment) Bill, 2023",First Reading (House: 2023-07-18) -> Second Reading (Not Started) -> Committee Assignment (Not Started) -> Report (Not Started) -> Third Reading/Concurrence (Not Started) -> Harmonization (Not Started) -> Concurrence (Not Started) -> Assent (Not Started),2023-07-18,,"Hon Jeremiah Umaru (APC, Nasarawa, Constituency: Akwanga/Nassarawa Eggon/ Wamba)",Hon Jeremiah Umaru,Not Yet Referred,Hon Jeremiah Umaru
91a8d984-9871-44b8-971a-93294fe50325,"Federal University of Education Gusua Establishment Bill, 2025",First Reading (Not Started) -> Second Reading (Not Started) -> Committee Assignment (Not Started) -> Report (Not Started) -> Third Reading/Concurrence (Not Started) -> Harmonization (Not Started) -> Assent (Not Started),,,"Isa Mohammed Anka (APC, Katsina, Constituency: Anka/Talata Mafara)",Isa Mohammed Anka,Not Yet Referred,Isa Mohammed Anka
041db069-d37c-417c-81dc-768e715d36ff,"Federal University of Education, Katsina-Ala (Est. etc.) Bill, 2024",First Reading (Not Started) -> Second Reading (Not Started) -> Committee Assignment (Not Started) -> Report (Not Started) -> Third Reading/Concurrence (Not Started) -> Harmonization (Not Started) -> Assent (Not Started),,,"Prince Solomon Wombo (APC, Benue, Constituency: Katsina-Ala/Ukum/Logo)",Prince Solomon Wombo,Not Yet Referred,Prince Solomon Wombo
0436dff5-4ebe-4216-b259-f6ef0ce97b52,"Federal University of Education, Numan, Adamawa State",First Reading (House: 2023-11-16) -> Second Reading (House: 2024-06-06) -> Committee Assignment (House: 2024-06-06) -> Report (House: 2024-10-09) -> Third Reading/Concurrence (House: 2024-10-10) -> Harmonization (Not Started) -> Assent (Not Started),2023-11-16,2024-06-06,"Hon Kwamoti Bitrus Laori (PDP, Adamawa, Constituency: Demsa/Numan/Lamurde)",Hon Kwamoti Bitrus Laori,the Whole,Hon Kwamoti Bitrus Laori
c0be5d55-3254-4f7d-a471-cb9e986acb3c,"Federal University of Education, Science and Technology, Ikere, Ekiti State (Establishment) Bill, 2025",First Reading (House: 2025-07-22) -> Second Reading (Not Started) -> Committee Assignment (Not Started) -> Report (Not Started) -> Third Reading/Concurrence (Not Started) -> Harmonization (Not Started) -> Assent (Not Started),2025-07-22,,"Hon Ojuawo Rufus Adeniyi (APC, Ekiti, Constituency: Ekiti South West/Ikere/Orun/ Ise)",Hon Ojuawo Rufus Adeniyi,Not Yet Referred,Hon Ojuawo Rufus Adeniyi
259f5318-38f7-4864-a208-70ee18342b42,"Federal University of Education, Zaria (Establishment) Bill, 2025",First Reading (Not Started) -> Second Reading (Not Started) -> Committee Assignment (Not Started) -> Report (Not Started) -> Third Reading/Concurrence (Not Started) -> Harmonization (Not Started) -> Assent (Not Started),,,"Hon Gagdi Adamu Yusuf (APC, Plateau, Constituency: Kanke/Pankshin/Kanam); Hon Tajudeen Abbas (APC, Kaduna, Constituency: Zaria)",Hon Gagdi Adamu Yusuf; Hon Tajudeen Abbas,Not Yet Referred,Hon Gagdi Adamu Yusuf
5b453404-3f7e-4cf9-845c-298ee6d6579e,"Federal University of Entrepreneur and Business Management, Ekinrin Adde, Kogi State (Establishment) Bill, 2025",First Reading (Not Started) -> Second Reading (Not Started) -> Committee Assignment (Not Started) -> Report (Not Started) -> Third Reading/Concurrence (Not Started) -> Harmonization (Not Started) -> Assent (Not Started),,,"Hon Abiodun James Faleke (APC, Lagos, Constituency: Ikeja)",Hon Abiodun James Faleke,Not Yet Referred,Hon Abiodun James Faleke
cfb55fca-26d4-4b21-8196-ec15d7f9ec19,"Federal University of Environment and Technology, Koroma/Saakpenwa, Tai Ogoni, Rivers State (Establishment) Bill, 2023",First Reading (House: 2023-12-19) -> Second Reading (House: 2024-02-29) -> Committee Assignment (House: 2024-02-29) -> Report (House: 2024-06-11) -> Third Reading/Concurrence (House: 2024-06-27) -> Harmonization (Not Started) -> Assent (Not Started),2023-12-19,2024-02-29,"Hon Awaji-inombek Dagomie Abiante (PDP, Rivers, Constituency: Opobo/Nkoro/Andoni)",Hon Awaji-inombek Dagomie Abiante,the Whole,Hon Awaji-inombek Dagomie Abiante
746017ab-0264-47dd-a553-8b6d8aaf6d48,"Federal University of Environmental Science, Ohaukwu Ebonyi State (Est) Bill, 2023",First Reading (House: 2023-07-26) -> Second Reading (Not Started) -> Committee Assignment (Not Started) -> Report (Not Started) -> Third Reading/Concurrence (Not Started) -> Harmonization (Not Started) -> Assent (Not Started),2023-07-26,,"Hon Eze Nwachukwu Eze (APC, Ebonyi, Constituency: Ebonyi/Ohaukwu)",Hon Eze Nwachukwu Eze,Not Yet Referred,Hon Eze Nwachukwu Eze
8d44ba0b-a263-4c33-b450-470b759870a6,"Federal University of Forensic Sciences (Establishment) Bill, 2023",First Reading (House: 2023-10-31) -> Second Reading (Not Started) -> Committee Assignment (Not Started) -> Report (Not Started) -> Third Reading/Concurrence (Not Started) -> Harmonization (Not Started) -> Assent (Not Started),2023-10-31,,"Hon Paul Nnamchi (LP, Enugu, Constituency: Enugu East/Isi Uzo)",Hon Paul Nnamchi,Not Yet Referred,Hon Paul Nnamchi
4f8cbf07-5d37-4dfb-b833-962d23742b05,"Federal University of Health Science and Technology, Kankia, Katsina State (Establishment) Bill, 2024",First Reading (House: 2024-07-09) -> Second Reading (Not Started) -> Committee Assignment (Not Started) -> Report (Not Started) -> Third Reading/Concurrence (Not Started) -> Harmonization (Not Started) -> Assent (Not Started),2024-07-09,,"Abubakar Yahaya Kusada (APC, Katsina, Constituency: Ingawa/Kankia/Kusada)",Abubakar Yahaya Kusada,Not Yet Referred,Abubakar Yahaya Kusada
5a9b5999-da16-4498-8705-98d3cc30f9a8,"Federal University of Health Science Teaching Hospital, Azare (Establishment) Bill, 2023",First Reading (House: 2023-11-01) -> Second Reading (Not Started) -> Committee Assignment (Not Started) -> Report (Not Started) -> Third Reading/Concurrence (Not Started) -> Harmonization (Not Started) -> Assent (Not Started),2023-11-01,,"Hon Aliyu Bappa misau (PDP, Bauchi, Constituency: Misau/Dambam)",Hon Aliyu Bappa misau,Not Yet Referred,Hon Aliyu Bappa misau
3654977a-e355-4ebc-a815-74e4486f4c50,"Federal University of Health Science, Kwankwaso, Kano State (Establishment) Bill, 2023",First Reading (House: 2023-07-13) -> Second Reading (Not Started) -> Committee Assignment (Not Started) -> Report (Not Started) -> Third Reading/Concurrence (Not Started) -> Harmonization (Not Started) -> Assent (Not Started),2023-07-13,,"Hon Yusuf Datti (NNPP, Kano, Constituency: Kura/Madobi/Garun Mallam)",Hon Yusuf Datti,Not Yet Referred,Hon Yusuf Datti
75b9a438-bfef-4943-9c24-7cfd1043ce63,"Federal University of Health Sciences, Azare Act (Amendment) Bill, 2023",First Reading (House: 2023-10-24) -> Second Reading (Not Started) -> Committee Assignment (Not Started) -> Report (Not Started) -> Third Reading/Concurrence (Not Started) -> Harmonization (Not Started) -> Assent (Not Started),2023-10-24,,"Auwalu Abdu Gwalabe (PDP, Bauchi, Constituency: Katagum)",Auwalu Abdu Gwalabe,Not Yet Referred,Auwalu Abdu Gwalabe
6a81ae52-05b5-46b8-905d-b0b59d4c71aa,"Federal University of Health Sciences, Dass, Bauchi State (Est) Bill, 2023",First Reading (House: 2023-07-26) -> Second Reading (Not Started) -> Committee Assignment (Not Started) -> Report (Not Started) -> Third Reading/Concurrence (Not Started) -> Harmonization (Not Started) -> Assent (Not Started),2023-07-26,,"Hon Jafaru Gambe Leko (APC, Bauchi, Constituency: Bogoro/Dass/Tafawa Balewa)",Hon Jafaru Gambe Leko,Not Yet Referred,Hon Jafaru Gambe Leko
092b8349-5991-412a-ad06-85d240d96409,"Federal University of Health Sciences, Dawakin Tofa, Kano State (Est.) Bill, 2025",First Reading (Not Started) -> Second Reading (Not Started) -> Committee Assignment (Not Started) -> Report (Not Started) -> Third Reading/Concurrence (Not Started) -> Harmonization (Not Started) -> Assent (Not Started),,,"Hon Tijjani Abdulkadir Jobe (NNPP, Kano, Constituency: Dawakin Tofa/Tofa/Rimin Gado)",Hon Tijjani Abdulkadir Jobe,Not Yet Referred,Hon Tijjani Abdulkadir Jobe
5d1a28ec-a823-410c-8280-f09b091214b2,"Federal University of Health Sciences, Etinan, Akwa Ibom State (Establishment) Bill, 2024",First Reading (House: 2024-07-02) -> Second Reading (Not Started) -> Committee Assignment (Not Started) -> Report (Not Started) -> Third Reading/Concurrence (Not Started) -> Harmonization (Not Started) -> Assent (Not Started),2024-07-02,,"Hon Paul Asuquo Ekpo (PDP, Akwa Ibom, Constituency: Etinan/Nsit Ibom/Nsit ubium)",Hon Paul Asuquo Ekpo,Not Yet Referred,Hon Paul Asuquo Ekpo
ba2caef0-8d61-43ef-b205-e8e46d4cdb17,"Federal University of Health Sciences, Kano Municipal, Kano State (Establishment) Bill, 2023",First Reading (House: 2023-10-12) -> Second Reading (Not Started) -> Committee Assignment (Not Started) -> Report (Not Started) -> Third Reading/Concurrence (Not Started) -> Harmonization (Not Started) -> Assent (Not Started),2023-10-12,,"Hon. Sagir Koki (APC, Kano, Constituency: Municipal)",Hon. Sagir Koki,Not Yet Referred,Hon. Sagir Koki
8c7c907c-a081-4752-8003-7024c2f4a74b,"Federal University of Information and Communication Technology, Lagos Island, Lagos State (Establishment) Bill, 2023",First Reading (House: 2023-07-13) -> Second Reading (Not Started) -> Committee Assignment (Not Started) -> Report (Not Started) -> Third Reading/Concurrence (Not Started) -> Harmonization (Not Started) -> Concurrence (Not Started) -> Assent (Not Started),2023-07-13,,"Hon Philip Agbese (APC, Benue, Constituency: Ado/Obadigbo/Okpokwu)",Hon Philip Agbese,Not Yet Referred,Hon Philip Agbese
91fa4e5d-d1db-4338-8529-6479d08a79de,"Federal University of Land Resources Technology Rabah, Sokoto State Bill, 2023",First Reading (House: 2023-07-27) -> Second Reading (Not Started) -> Committee Assignment (Not Started) -> Report (Not Started) -> Third Reading/Concurrence (Not Started) -> Harmonization (Not Started) -> Assent (Not Started),2023-07-27,,"Hon Ibrahim Almustapha Aliyu (APC, Sokoto, Constituency: Wurno/Rabah)",Hon Ibrahim Almustapha Aliyu,Not Yet Referred,Hon Ibrahim Almustapha Aliyu
066ca625-5cc7-495b-8730-3863946c62bb,"Federal University of Livestock and Development Studies, Tofa, Kano State (Est.) Bill, 2025",First Reading (Not Started) -> Second Reading (Not Started) -> Committee Assignment (Not Started) -> Report (Not Started) -> Third Reading/Concurrence (Not Started) -> Harmonization (Not Started) -> Assent (Not Started),,,"Hon Tijjani Abdulkadir Jobe (NNPP, Kano, Constituency: Dawakin Tofa/Tofa/Rimin Gado)",Hon Tijjani Abdulkadir Jobe,Not Yet Referred,Hon Tijjani Abdulkadir Jobe
fbda1a00-1854-4940-8724-492785175a30,"Federal University of Livestock Development Studies, Ikara, Kaduna State (Establishment) Bill, 2025",First Reading (House: 2025-07-22) -> Second Reading (Not Started) -> Committee Assignment (Not Started) -> Report (Not Started) -> Third Reading/Concurrence (Not Started) -> Harmonization (Not Started) -> Assent (Not Started),2025-07-22,,"Aliyu Mustapha Abdullahi (APC, Kaduna, Constituency: Ikara/Kubau)",Aliyu Mustapha Abdullahi,Not Yet Referred,Aliyu Mustapha Abdullahi
89669b0f-f442-497e-9367-79c693566fc2,"Federal University of Medical and Health Sciences, Bende, Abia State (Establishment) Bill, 2023",First Reading (House: 2023-07-06) -> Second Reading (Not Started) -> Committee Assignment (Not Started) -> Report (Not Started) -> Third Reading/Concurrence (Not Started) -> Harmonization (Not Started) -> Assent (Not Started),2023-07-06,,"Hon Aminu Jamo Daura (APC, Katsina, Constituency: Daura/Sandamu/Mai’adua); Hon Nicholas Ebomo Mutu (PDP, Delta, Constituency: Bomadi/Patani); Hon Benjamin Kalu (APC, Abia, Constituency: Bende); Hon Nnolim John Nnaji (APC, Enugu, Constituency: Nkanu East/Nkanu West); Hon Oluwole Oke (PDP, Osun, Constituency: Obokun/Oriade); Hon Mallam Bukar Gana (APC, Borno, Constituency: Kukawa/Mobbar/Abadam/ Guzamali)",Hon Aminu Jamo Daura; Hon Nicholas Ebomo Mutu; Hon Benjamin Kalu; Hon Nnolim John Nnaji; Hon Oluwole Oke; Hon Mallam Bukar Gana,Not Yet Referred,Hon Aminu Jamo Daura
fddb8ed7-5b87-495e-99a2-a307d086d1ed,"Federal University of Medical and Health Sciences, Kwale, Delta State (Establishment) Bill, 2023",First Reading (House: 2023-11-09) -> Second Reading (Not Started) -> Committee Assignment (Not Started) -> Report (Not Started) -> Third Reading/Concurrence (Not Started) -> Harmonization (Not Started) -> Assent (Not Started),2023-11-09,,"Hon Nnamdi Ezechi (PDP, Delta, Constituency: Nkokwa East/Ndokwa West/ Ukwuani)",Hon Nnamdi Ezechi,Not Yet Referred,Hon Nnamdi Ezechi
87c664e2-4f47-4693-af30-f6450ed5180b,"Federal University of Medical and Health Sciences, Ondo, Ondo State",First Reading (House: 2023-10-05) -> Second Reading (House: 2024-05-21) -> Committee Assignment (House: 2024-05-21) -> Report (Not Started) -> Third Reading/Concurrence (Not Started) -> Harmonization (Not Started) -> Assent (Not Started),2023-10-05,2024-05-21,"Hon Abiola Peter Makinde (APC, Ondo, Constituency: Ondo East/Ondo West)",Hon Abiola Peter Makinde,the Whole,Hon Abiola Peter Makinde
8a086e47-a2ab-4f05-adca-a3be2830be68,"Federal University of Medical Laboratory Science and Technology, Jos (Est.) Bill, 2025",First Reading (Not Started) -> Second Reading (Not Started) -> Committee Assignment (Not Started) -> Report (Not Started) -> Third Reading/Concurrence (Not Started) -> Harmonization (Not Started) -> Assent (Not Started),,,"Daniel Asama Ago (APC, Plateau, Constituency: Jos North/Bassa)",Daniel Asama Ago,Not Yet Referred,Daniel Asama Ago
c9bd0e9e-5e82-48da-9cc6-ba70b9ad5f14,"Federal University of Medicine and Health Science, Bida, Niger State (Establishment) Bill, 2023",First Reading (House: 2023-10-31) -> Second Reading (Not Started) -> Committee Assignment (Not Started) -> Report (Not Started) -> Third Reading/Concurrence (Not Started) -> Harmonization (Not Started) -> Assent (Not Started),2023-10-31,,"Hon Saidu Musa Abdullahi (APC, Niger, Constituency: Bida/Gbako/Katcha)",Hon Saidu Musa Abdullahi,Not Yet Referred,Hon Saidu Musa Abdullahi
1cccebea-3a39-4268-878e-84fc8c2bb9b7,"Federal University of Medicine and Health Sciences, Bida, Niger State (Establishment) Bill, 2023",First Reading (House: 2023-11-09) -> Second Reading (House: 2023-11-21) -> Committee Assignment (House: 2023-11-21) -> Report (Not Started) -> Third Reading/Concurrence (Not Started) -> Harmonization (Not Started) -> Assent (Not Started),2023-11-09,2023-11-21,"Hon Saidu Musa Abdullahi (APC, Niger, Constituency: Bida/Gbako/Katcha)",Hon Saidu Musa Abdullahi,the Whole,Hon Saidu Musa Abdullahi
8c5cc317-9dbe-49e9-94b3-7de04ec877f1,"Federal University of Oil and Gas Technology, Igbokoda, Ondo State Bill, 2025",First Reading (Not Started) -> Second Reading (Not Started) -> Committee Assignment (Not Started) -> Report (Not Started) -> Third Reading/Concurrence (Not Started) -> Harmonization (Not Started) -> Assent (Not Started),,,"Hon Donald Ojogo (APC, Ondo, Constituency: Eseodo/Ilaje)",Hon Donald Ojogo,Not Yet Referred,Hon Donald Ojogo
bb9d468b-194d-45f5-a1b3-4d0a935b6485,"Federal University of Oil and Gas Technology, Kabau, Kaduna State (Establishment) Bill, 2025",First Reading (House: 2025-07-22) -> Second Reading (Not Started) -> Committee Assignment (Not Started) -> Report (Not Started) -> Third Reading/Concurrence (Not Started) -> Harmonization (Not Started) -> Assent (Not Started),2025-07-22,,"Aliyu Mustapha Abdullahi (APC, Kaduna, Constituency: Ikara/Kubau)",Aliyu Mustapha Abdullahi,Not Yet Referred,Aliyu Mustapha Abdullahi
330c25c4-2560-48f7-9f02-c24bfb9889f2,"Federal University of Oil and Gas Technology, Okpai, Delta State (Establishment) Bill, 2023",First Reading (House: 2023-07-18) -> Second Reading (Not Started) -> Committee Assignment (Not Started) -> Report (Not Started) -> Third Reading/Concurrence (Not Started) -> Harmonization (Not Started) -> Concurrence (Not Started) -> Assent (Not Started),2023-07-18,,"Hon Nnamdi Ezechi (PDP, Delta, Constituency: Nkokwa East/Ndokwa West/ Ukwuani)",Hon Nnamdi Ezechi,Not Yet Referred,Hon Nnamdi Ezechi
b6caf8fe-8cab-466b-b03b-74fef91a7a74,"Federal University of Oil and Gas Technology, Ubeta, Rivers State (Establishment) Bill, 2023",First Reading (House: 2023-10-17) -> Second Reading (Not Started) -> Committee Assignment (Not Started) -> Report (Not Started) -> Third Reading/Concurrence (Not Started) -> Harmonization (Not Started) -> Assent (Not Started),2023-10-17,,"Hon. Victor Obuzor (PDP, Rivers, Constituency: Ahoada West/Ogba Egbema)",Hon. Victor Obuzor,Not Yet Referred,Hon. Victor Obuzor
6afab68d-2a3e-42a9-8b8a-82541ad3bad7,"Federal University of Science and Technology Remo, Ogun State (Establishment) Bill, 2023",First Reading (House: 2023-07-18) -> Second Reading (House: 2023-11-23) -> Committee Assignment (House: 2023-11-23) -> Report (House: 2024-02-14) -> Third Reading/Concurrence (House: 2024-02-14) -> Harmonization (Not Started) -> Assent (Not Started),2023-07-18,2023-11-23,"Hon Adewunmi Oriyomi Onanuga (APC, Ogun, Constituency: Ikenne/Sagamu/Remo North)",Hon Adewunmi Oriyomi Onanuga,the Whole,Hon Adewunmi Oriyomi Onanuga
c78fd4da-df55-404b-80d4-a3e065c79e13,"Federal University of Science and Technology, Ajingi, Kano State (Establishment) Bill, 2023",First Reading (House: 2023-11-07) -> Second Reading (Not Started) -> Committee Assignment (Not Started) -> Report (Not Started) -> Third Reading/Concurrence (Not Started) -> Harmonization (Not Started) -> Assent (Not Started),2023-11-07,,"Hon Ghali Tijjani Mustapha (NNPP, Kano, Constituency: Alabasu/Gaya/Ajingi)",Hon Ghali Tijjani Mustapha,Not Yet Referred,Hon Ghali Tijjani Mustapha
362fd998-ae51-4979-9b93-4cc055c3c417,"Federal University of Solid Mineral Development, Michika (Establishment) Bill, 2023",First Reading (House: 2023-10-19) -> Second Reading (House: 2024-03-19) -> Committee Assignment (House: 2024-03-19) -> Report (Not Started) -> Third Reading/Concurrence (Not Started) -> Harmonization (Not Started) -> Assent (Not Started),2023-10-19,2024-03-19,"Hon Zakaria Dauda Nyampa (PDP, Adamawa, Constituency: Madagali/Michika)",Hon Zakaria Dauda Nyampa,University Education,Hon Zakaria Dauda Nyampa
c930ed9d-ae75-40bb-bfd3-100a5ea2854d,"Federal University of Sports, Afuze, Edo State (Establishment) Bill, 2023",First Reading (House: 2023-09-26) -> Second Reading (House: 2023-10-10) -> Committee Assignment (House: 2023-10-10) -> Report (House: 2023-12-19) -> Third Reading/Concurrence (House: 2023-12-20) -> Harmonization (Not Started) -> Assent (Not Started),2023-09-26,2023-10-10,"Hon Julius Ihonvbere (APC, Edo, Constituency: Owan East/Owan West)",Hon Julius Ihonvbere,the Whole,Hon Julius Ihonvbere
606c8a7e-41d2-40d6-9d1d-a8c53d5b9854,"Federal University of Sports, Karfi, Kano State (Establishment) Bill, 2023",First Reading (House: 2023-07-13) -> Second Reading (Not Started) -> Committee Assignment (Not Started) -> Report (Not Started) -> Third Reading/Concurrence (Not Started) -> Harmonization (Not Started) -> Assent (Not Started),2023-07-13,,"Hon Muhammed Bello Shehu (NNPP, Kano, Constituency: Fagge)",Hon Muhammed Bello Shehu,Not Yet Referred,Hon Muhammed Bello Shehu
d4aaa7fe-0458-44e8-8339-a607bb6ffa3c,"Federal University of Technology Act (Amendment) Bill, 2024",First Reading (House: 2024-07-23) -> Second Reading (Not Started) -> Committee Assignment (Not Started) -> Report (Not Started) -> Third Reading/Concurrence (Not Started) -> Harmonization (Not Started) -> Assent (Not Started),2024-07-23,,"Hon Kingsley Chinda (PDP, Rivers, Constituency: Obio/Akpor)",Hon Kingsley Chinda,Not Yet Referred,Hon Kingsley Chinda
99da28b2-0d0a-4953-9b42-a865d3736bbe,"Federal University of Technology, Asaba, Delta State (Establishment) Bill, 2023",First Reading (House: 2023-11-14) -> Second Reading (Not Started) -> Committee Assignment (Not Started) -> Report (Not Started) -> Third Reading/Concurrence (Not Started) -> Harmonization (Not Started) -> Assent (Not Started),2023-11-14,,"Ngozi Okolie (APC, Delta, Constituency: Aniocha North/Aniocha South/ Oshimili North & South)",Ngozi Okolie,Not Yet Referred,Ngozi Okolie
204188ec-deec-4d71-a069-e7533c8a211b,"Federal University of Technology, Atan – Ota (Establishment) Bill, 2023",First Reading (House: 2023-07-27) -> Second Reading (Not Started) -> Committee Assignment (Not Started) -> Report (Not Started) -> Third Reading/Concurrence (Not Started) -> Harmonization (Not Started) -> Assent (Not Started),2023-07-27,,"Hon Olatunji Akinosi (APC, Ogun, Constituency: Ado-Odo/Ota)",Hon Olatunji Akinosi,Not Yet Referred,Hon Olatunji Akinosi
60a2358e-26a1-4695-9722-e50d88191b49,"Federal University of Technology, Badagry, Lagos State (Establishment) Bill, 2024",First Reading (House: 2024-06-11) -> Second Reading (House: 2024-07-11) -> Committee Assignment (House: 2024-07-11) -> Report (Not Started) -> Third Reading/Concurrence (Not Started) -> Harmonization (Not Started) -> Assent (Not Started),2024-06-11,2024-07-11,"Hon Abiodun James Faleke (APC, Lagos, Constituency: Ikeja)",Hon Abiodun James Faleke,University Education,Hon Abiodun James Faleke
47696022-dfb2-4bde-8c56-075018ac8ba1,"Federal University of Technology, Bendi, Obanliku, Cross River State (Est) Bill, 2023",First Reading (House: 2023-07-25) -> Second Reading (Not Started) -> Committee Assignment (Not Started) -> Report (Not Started) -> Third Reading/Concurrence (Not Started) -> Harmonization (Not Started) -> Concurrence (Not Started) -> Assent (Not Started),2023-07-25,,"Hon Peter Akpanke (PDP, Cross River, Constituency: Obanliku/Obudu/Bekwarra)",Hon Peter Akpanke,Not Yet Referred,Hon Peter Akpanke
4099192f-74c8-4832-a303-6135f2043b65,"Federal University of Technology, Kaduna (Establishment) Bill, 2023",First Reading (House: 2023-07-06) -> Second Reading (Not Started) -> Committee Assignment (Not Started) -> Report (Not Started) -> Third Reading/Concurrence (Not Started) -> Harmonization (Not Started) -> Assent (Not Started),2023-07-06,,"Hon Tajudeen Abbas (APC, Kaduna, Constituency: Zaria)",Hon Tajudeen Abbas,Not Yet Referred,Hon Tajudeen Abbas
45955c54-d6e2-4051-ab15-2eceaf915799,"Federal University of Technology, Kaduna (Establishment) Bill, 2024",First Reading (House: 2024-02-08) -> Second Reading (Not Started) -> Committee Assignment (Not Started) -> Report (Not Started) -> Third Reading/Concurrence (Not Started) -> Harmonization (Not Started) -> Assent (Not Started),2024-02-08,,"Hon Tajudeen Abbas (APC, Kaduna, Constituency: Zaria)",Hon Tajudeen Abbas,Not Yet Referred,Hon Tajudeen Abbas
09225ee5-1d75-4726-a000-7b62845f3f48,"Federal University of Technology, Lagos (Establishment) Bill, 2024",First Reading (House: 2024-02-08) -> Second Reading (Not Started) -> Committee Assignment (Not Started) -> Report (Not Started) -> Third Reading/Concurrence (Not Started) -> Harmonization (Not Started) -> Assent (Not Started),2024-02-08,,"Hon Tajudeen Abbas (APC, Kaduna, Constituency: Zaria)",Hon Tajudeen Abbas,Not Yet Referred,Hon Tajudeen Abbas
3de60ec1-82e2-41ec-a4e5-3f998d36ee34,"Federal University of Technology, Maijuju (Establishment) Bill, 2024",First Reading (House: 2024-09-25) -> Second Reading (Not Started) -> Committee Assignment (Not Started) -> Report (Not Started) -> Third Reading/Concurrence (Not Started) -> Harmonization (Not Started) -> Assent (Not Started),2024-09-25,,"Hon Aliyu Iliyasu (APC, Katsina, Constituency: Batsari/Safana/Danmusa)",Hon Aliyu Iliyasu,Not Yet Referred,Hon Aliyu Iliyasu
eb1dcfc6-f429-4c50-a67e-d56cbcc7c36e,"Federal University of Technology, Osogbo (Establishment) Bill, 2023",First Reading (House: 2023-12-20) -> Second Reading (Not Started) -> Committee Assignment (Not Started) -> Report (Not Started) -> Third Reading/Concurrence (Not Started) -> Harmonization (Not Started) -> Assent (Not Started),2023-12-20,,"Morufu Adewale Adebayo (PDP, Osun, Constituency: Irepodun/Olorunda/Osogbo/Orolu)",Morufu Adewale Adebayo,Not Yet Referred,Morufu Adewale Adebayo
d2eddb79-f2f7-4eed-83c5-35d932bf0847,"Federal University of Trade and Mentorship Studies, Isiala Mbano (Establishment, etc.)Bill, 2024",First Reading (House: 2024-09-25) -> Second Reading (Not Started) -> Committee Assignment (Not Started) -> Report (Not Started) -> Third Reading/Concurrence (Not Started) -> Harmonization (Not Started) -> Assent (Not Started),2024-09-25,,"Hon Miriam Onuoha (APC, Imo, Constituency: Isiala Mbano/Okigwe/Onuimo)",Hon Miriam Onuoha,Not Yet Referred,Hon Miriam Onuoha
58653892-2896-47bb-8d98-33977493fc72,"Federal University of Transportation Act (Amendment) Bill, 2024",First Reading (House: 2024-07-23) -> Second Reading (Not Started) -> Committee Assignment (Not Started) -> Report (Not Started) -> Third Reading/Concurrence (Not Started) -> Harmonization (Not Started) -> Assent (Not Started),2024-07-23,,"Hon Paul Nnamchi (LP, Enugu, Constituency: Enugu East/Isi Uzo)",Hon Paul Nnamchi,Not Yet Referred,Hon Paul Nnamchi
eab72e73-5bd1-4150-b8c5-ca3bfae539a0,"Federal University Teaching Hospital, Gusau, Zamfara State (Establishment) Bill, 2023",First Reading (House: 2023-07-18) -> Second Reading (Not Started) -> Committee Assignment (Not Started) -> Report (Not Started) -> Third Reading/Concurrence (Not Started) -> Harmonization (Not Started) -> Assent (Not Started),2023-07-18,,"Hon Kabiru Amadu (PDP, Zamfara, Constituency: Gusau/Tsafe)",Hon Kabiru Amadu,Not Yet Referred,Hon Kabiru Amadu
78891834-559a-4e5b-8042-ef135631442a,"Federal University Teaching Hospital, Wukari (Establishment) Bill, 2023",First Reading (House: 2023-10-17) -> Second Reading (Not Started) -> Committee Assignment (Not Started) -> Report (Not Started) -> Third Reading/Concurrence (Not Started) -> Harmonization (Not Started) -> Assent (Not Started),2023-10-17,,"Useni Mark Bako (APC, Taraba, Constituency: Takum/Donga/Ussa)",Useni Mark Bako,Not Yet Referred,Useni Mark Bako
b207e123-e212-4fe6-aab5-d3dc76964b8d,"Federal University, Gusau (Establishment) Bill, 2024",First Reading (House: 2024-05-22) -> Second Reading (Not Started) -> Committee Assignment (Not Started) -> Report (Not Started) -> Third Reading/Concurrence (Not Started) -> Harmonization (Not Started) -> Assent (Not Started),2024-05-22,,"Hon Kabiru Amadu (PDP, Zamfara, Constituency: Gusau/Tsafe)",Hon Kabiru Amadu,Not Yet Referred,Hon Kabiru Amadu
5c29a48f-7bc8-43d8-a8fe-8660b522c860,"Federal University, Gusau, Sokoto State (Establishment) Bill, 2023",First Reading (House: 2023-11-09) -> Second Reading (Not Started) -> Committee Assignment (Not Started) -> Report (Not Started) -> Third Reading/Concurrence (Not Started) -> Harmonization (Not Started) -> Assent (Not Started),2023-11-09,,"Hon Abdulmalik Zubairu (APC, Zamfara, Constituency: Bungudu/Maru)",Hon Abdulmalik Zubairu,Not Yet Referred,Hon Abdulmalik Zubairu
5bcda8ca-cab7-42bb-b875-07b176c81ded,"Federal University, Ibile, Lagos (Establishment) Bill, 2023",First Reading (House: 2023-10-17) -> Second Reading (House: 2024-10-02) -> Committee Assignment (House: 2024-10-02) -> Report (Not Started) -> Third Reading/Concurrence (Not Started) -> Harmonization (Not Started) -> Assent (Not Started),2023-10-17,2024-10-02,"Hon Babajimi Adegoke Benson (APC, Lagos, Constituency: Ikorodu); Hon Adeboye Paul Kalejaiye (APC, Lagos, Constituency: Ajeromi/Ifelodun)",Hon Babajimi Adegoke Benson; Hon Adeboye Paul Kalejaiye,University Education,Hon Babajimi Adegoke Benson
bfb85ab3-0636-42a2-80ba-fd1859f0f179,"Federal University, Wukari (Establishment) Bill, 2024",First Reading (House: 2024-05-22) -> Second Reading (Not Started) -> Committee Assignment (Not Started) -> Report (Not Started) -> Third Reading/Concurrence (Not Started) -> Harmonization (Not Started) -> Assent (Not Started),2024-05-22,,"Useni Mark Bako (APC, Taraba, Constituency: Takum/Donga/Ussa)",Useni Mark Bako,Not Yet Referred,Useni Mark Bako
b4035aef-f5f1-4b05-9c3b-d69708f7e470,"Federal Vocational and Entrepreneurship Institute, Okota, Lagos State (Est) Bill, 2023",First Reading (House: 2023-07-25) -> Second Reading (House: 2023-02-20) -> Committee Assignment (House: 2023-02-20) -> Report (Not Started) -> Third Reading/Concurrence (Not Started) -> Harmonization (Not Started) -> Assent (Not Started),2023-07-25,2023-02-20,"Hon Jesse Okey-Joe Onuakachi (LP, Lagos, Constituency: Oshodi/Isolo II)",Hon Jesse Okey-Joe Onuakachi,Federal Polytechnics,Hon Jesse Okey-Joe Onuakachi
ddc689f5-8e9c-4843-ab73-755b185a596f,"Federal Vocational and Entrepreneurship Training Centre (Ojoto) (Establishment) Bill, 2025",First Reading (House: 2025-05-21) -> Second Reading (Not Started) -> Committee Assignment (Not Started) -> Report (Not Started) -> Third Reading/Concurrence (Not Started) -> Harmonization (Not Started) -> Assent (Not Started),2025-05-21,,"Hon Uchenna Okonkwo (LP, Anambra, Constituency: Idemili North/Idemili South)",Hon Uchenna Okonkwo,Not Yet Referred,Hon Uchenna Okonkwo
aab4ebdf-109a-4b5e-a17c-9b4c7e82a70b,"Federal Vocational and Skill Centre Okurike, Biase, Cross River State (Est.) Bill, 2025",First Reading (Not Started) -> Second Reading (Not Started) -> Committee Assignment (Not Started) -> Report (Not Started) -> Third Reading/Concurrence (Not Started) -> Harmonization (Not Started) -> Assent (Not Started),,,"Lemke Emil Inyang (PDP, Cross River, Constituency: Akamkpa/Biase)",Lemke Emil Inyang,Not Yet Referred,Lemke Emil Inyang
7e281223-0c23-4c65-ab56-3a02bfdc7246,"Federal Vocational and Skills Acquisition College, Ibadan North, Oyo State (Establishment) Bill, 2025",First Reading (House: 2025-12-10) -> Second Reading (Not Started) -> Committee Assignment (Not Started) -> Report (Not Started) -> Third Reading/Concurrence (Not Started) -> Harmonization (Not Started) -> Assent (Not Started),2025-12-10,,"Fola Oyekunle (PDP, Oyo, Constituency: Ibadan North)",Fola Oyekunle,Not Yet Referred,Fola Oyekunle
c1a25ce5-3c1d-4a7b-8c2d-f6f8e4976058,"Federal Vocational and Skills Acquisition College, Ibagwa-Aka, Enugu State (Establishment) Bill, 2024",First Reading (House: 2024-07-02) -> Second Reading (Not Started) -> Committee Assignment (Not Started) -> Report (Not Started) -> Third Reading/Concurrence (Not Started) -> Harmonization (Not Started) -> Assent (Not Started),2024-07-02,,"Hon. Mark Chidi Obetta (APC, Enugu, Constituency: Nsukka/Igbo-Eze South)",Hon. Mark Chidi Obetta,Not Yet Referred,Hon. Mark Chidi Obetta
5ba79504-4f66-4519-98fa-9ceaa24b233a,"Federal Vocational and Skills Acquisition College, Yankaba, Kano State (Establishment) Bill, 2023",First Reading (House: 2023-10-12) -> Second Reading (House: 2024-02-07) -> Committee Assignment (House: 2024-02-07) -> Report (Not Started) -> Third Reading/Concurrence (Not Started) -> Harmonization (Not Started) -> Assent (Not Started),2023-10-12,2024-02-07,"Hon Hassan Shehu Hussain (NNPP, Kano, Constituency: Nassarawa)",Hon Hassan Shehu Hussain,Federal Polytechnics,Hon Hassan Shehu Hussain
f61cd20b-9dec-4e11-ad84-8960ab534884,"Federal Vocational Training Centre Riyom, Plateau State (Establishment) Bill, 2024",First Reading (House: 2024-05-21) -> Second Reading (Not Started) -> Committee Assignment (Not Started) -> Report (Not Started) -> Third Reading/Concurrence (Not Started) -> Harmonization (Not Started) -> Assent (Not Started),2024-05-21,,"Dalyop Chollom Fom (LP, Plateau, Constituency: Barkin Ladi/Riyom)",Dalyop Chollom Fom,Not Yet Referred,Dalyop Chollom Fom
2fa08904-6b0e-4d45-9c88-5e50ff7c907f,"Fifty-Year National Economic Plan Act for Nigeria (Institution) Bill, 2025",First Reading (House: 2025-07-22) -> Second Reading (Not Started) -> Committee Assignment (Not Started) -> Report (Not Started) -> Third Reading/Concurrence (Not Started) -> Harmonization (Not Started) -> Assent (Not Started),2025-07-22,,"Hon Amobi Ogah (LP, Abia, Constituency: Isuikwuato/Umu-Nneochi)",Hon Amobi Ogah,Not Yet Referred,Hon Amobi Ogah
00379bdc-e21a-4155-b929-969ab5f09e51,"Finance Act (Amendment) Bill, 2023",First Reading (House: 2023-11-02) -> Second Reading (Not Started) -> Committee Assignment (Not Started) -> Report (Not Started) -> Third Reading/Concurrence (Not Started) -> Harmonization (Not Started) -> Assent (Not Started),2023-11-02,,"Adedayo Samuel Adesola (APC, Lagos, Constituency: Apapa)",Adedayo Samuel Adesola,Not Yet Referred,Adedayo Samuel Adesola
204e231b-b852-4d21-8c48-198c7944f0fd,"Finance Act (Amendment) Bill, 2023",First Reading (House: 2023-11-09) -> Second Reading (Not Started) -> Committee Assignment (Not Started) -> Report (Not Started) -> Third Reading/Concurrence (Not Started) -> Harmonization (Not Started) -> Assent (Not Started),2023-11-09,,"Hon Marcus Onobun (PDP, Edo, Constituency: Esan Central/Esan South/ Igueben)",Hon Marcus Onobun,Not Yet Referred,Hon Marcus Onobun
adb7cc92-118a-473d-9ab2-54adbb330ed1,"Finance Act (Amendment) Bill, 2024",First Reading (House: 2024-07-17) -> Second Reading (House: 2024-07-17) -> Committee Assignment (House: 2024-07-17) -> Report (House: 2024-07-23) -> Third Reading/Concurrence (House: 2024-07-23) -> Harmonization (Not Started) -> Assent (Not Started),2024-07-17,2024-07-17,"Executive (APC, N/A, Constituency: .)",Executive,Finance,Executive
7bf6055b-984f-4f8a-95bb-60d3a304dce5,"Fire and Rescue Service Bill, 2023",First Reading (House: 2023-07-25) -> Second Reading (Not Started) -> Committee Assignment (Not Started) -> Report (Not Started) -> Third Reading/Concurrence (Not Started) -> Harmonization (Not Started) -> Concurrence (Not Started) -> Assent (Not Started),2023-07-25,,"Hon Dachung Musa Bagos (PDP, Plateau, Constituency: Jos South/Jos East)",Hon Dachung Musa Bagos,Not Yet Referred,Hon Dachung Musa Bagos
f91255fc-10d2-423b-a6de-805c41f8317f,"Fire Arms Act (Amendment) Bill, 2024",First Reading (House: 2024-06-11) -> Second Reading (Not Started) -> Committee Assignment (Not Started) -> Report (Not Started) -> Third Reading/Concurrence (Not Started) -> Harmonization (Not Started) -> Assent (Not Started),2024-06-11,,"Hon Okpolupm Etteh (PDP, Akwa Ibom, Constituency: Eket/Onna/Esit Eket/Ibeno)",Hon Okpolupm Etteh,Not Yet Referred,Hon Okpolupm Etteh
614ecece-ae37-4f50-b826-2825141b9315,"Firearms Act (Amendment) Bill, 2025",First Reading (Not Started) -> Second Reading (Not Started) -> Committee Assignment (Not Started) -> Report (Not Started) -> Third Reading/Concurrence (Not Started) -> Harmonization (Not Started) -> Assent (Not Started),,,"Joseph Folorunsho Adegbesan (APC, Ogun, Constituency: Ijebu North/Ijebu East/Ogun Waterside)",Joseph Folorunsho Adegbesan,Not Yet Referred,Joseph Folorunsho Adegbesan
9cf7ba2b-2b05-4893-a30a-76c435f45196,"Fiscal Responsibility (Amendment) Bill, 2025",First Reading (Not Started) -> Second Reading (Not Started) -> Committee Assignment (Not Started) -> Report (Not Started) -> Third Reading/Concurrence (Not Started) -> Harmonization (Not Started) -> Assent (Not Started),,,"Murphy Osaro Omoruyi (LP, Edo, Constituency: Egor/Ikpoba-Okha)",Murphy Osaro Omoruyi,Not Yet Referred,Murphy Osaro Omoruyi
c9cc7573-b5e6-4d21-b5d7-21ecec62cbae,"Fiscal Responsibility (Amendment) Bill, 2025",First Reading (Not Started) -> Second Reading (Not Started) -> Committee Assignment (Not Started) -> Report (Not Started) -> Third Reading/Concurrence (Not Started) -> Harmonization (Not Started) -> Assent (Not Started),,,"Murphy Osaro Omoruyi (LP, Edo, Constituency: Egor/Ikpoba-Okha)",Murphy Osaro Omoruyi,Not Yet Referred,Murphy Osaro Omoruyi
6b73feb3-9375-47f0-b077-1b18fd589084,"Fiscal Responsibility Act (Amendment) Bill, 2023",First Reading (House: 2023-07-27) -> Second Reading (Not Started) -> Committee Assignment (Not Started) -> Report (Not Started) -> Third Reading/Concurrence (Not Started) -> Harmonization (Not Started) -> Assent (Not Started),2023-07-27,,"Hon Austin Asema Achado (APC, Benue, Constituency: Gwer East/Gwer West)",Hon Austin Asema Achado,Not Yet Referred,Hon Austin Asema Achado
6d0d8efb-8ccb-43e0-b096-f9d3d1c80014,"Fiscal Responsibility Act (Amendment) Bill, 2023",First Reading (House: 2023-11-09) -> Second Reading (Not Started) -> Committee Assignment (Not Started) -> Report (Not Started) -> Third Reading/Concurrence (Not Started) -> Harmonization (Not Started) -> Assent (Not Started),2023-11-09,,"Hon Marcus Onobun (PDP, Edo, Constituency: Esan Central/Esan South/ Igueben)",Hon Marcus Onobun,Not Yet Referred,Hon Marcus Onobun
ee7006f5-1370-4e34-96a9-d4c98779900f,"Fiscal Responsibility Act (Amendment) Bill, 2023",First Reading (House: 2023-07-12) -> Second Reading (Not Started) -> Committee Assignment (Not Started) -> Report (Not Started) -> Third Reading/Concurrence (Not Started) -> Harmonization (Not Started) -> Assent (Not Started),2023-07-12,,"Hon Oluwole Oke (PDP, Osun, Constituency: Obokun/Oriade)",Hon Oluwole Oke,Not Yet Referred,Hon Oluwole Oke
519a623d-3db2-4941-87fa-60f064b3055b,"Fiscal Responsibility Act (Amendment) Bill, 2024",First Reading (House: 2024-02-08) -> Second Reading (Not Started) -> Committee Assignment (Not Started) -> Report (Not Started) -> Third Reading/Concurrence (Not Started) -> Harmonization (Not Started) -> Assent (Not Started),2024-02-08,,"Hon Oluwole Oke (PDP, Osun, Constituency: Obokun/Oriade)",Hon Oluwole Oke,Not Yet Referred,Hon Oluwole Oke
84b8db4b-c521-4b32-9ad1-242a04a6d7e0,"Fiscal Responsibility Act (Amendment) Bill, 2024",First Reading (House: 2024-05-21) -> Second Reading (Not Started) -> Committee Assignment (Not Started) -> Report (Not Started) -> Third Reading/Concurrence (Not Started) -> Harmonization (Not Started) -> Assent (Not Started),2024-05-21,,"Chinedu Tochukwu Okere (APC, Imo, Constituency: Owerri Municipal/Owerri North/Owerri West)",Chinedu Tochukwu Okere,Not Yet Referred,Chinedu Tochukwu Okere
9c2d6dd8-09d6-486e-a6f9-6285eb0c42bc,"Fiscal Responsibility Act (Amendment) Bill, 2024",First Reading (House: 2024-05-07) -> Second Reading (Not Started) -> Committee Assignment (Not Started) -> Report (Not Started) -> Third Reading/Concurrence (Not Started) -> Harmonization (Not Started) -> Assent (Not Started),2024-05-07,,"Hon Marcus Onobun (PDP, Edo, Constituency: Esan Central/Esan South/ Igueben)",Hon Marcus Onobun,Not Yet Referred,Hon Marcus Onobun
ec4f81b3-f75c-4a05-99ff-1348b5484171,"Fiscal Responsibility Act (Amendment) Bill, 2025",First Reading (Not Started) -> Second Reading (Not Started) -> Committee Assignment (Not Started) -> Report (Not Started) -> Third Reading/Concurrence (Not Started) -> Harmonization (Not Started) -> Assent (Not Started),,,"Hon Mohammed Chiroma (NNPP, Kano, Constituency: Gezawa/Gabasawa)",Hon Mohammed Chiroma,Not Yet Referred,Hon Mohammed Chiroma
e4fffcd3-3ae0-422e-8d94-16fba56faf43,"Fiscal Responsibility Act (Repeal and Enactment) Bill, 2024",First Reading (House: 2024-06-05) -> Second Reading (Not Started) -> Committee Assignment (Not Started) -> Report (Not Started) -> Third Reading/Concurrence (Not Started) -> Harmonization (Not Started) -> Assent (Not Started),2024-06-05,,"Hon Benjamin Kalu (APC, Abia, Constituency: Bende)",Hon Benjamin Kalu,Not Yet Referred,Hon Benjamin Kalu
8b93ccbf-c313-4a98-a098-79862e19a909,"Fiscal Responsibility Act, 2007 (Amendment) Bill, 2024",First Reading (House: 2024-03-13) -> Second Reading (Not Started) -> Committee Assignment (Not Started) -> Report (Not Started) -> Third Reading/Concurrence (Not Started) -> Harmonization (Not Started) -> Assent (Not Started),2024-03-13,,"Hon Mansur Manu Soro (APC, Bauchi, Constituency: Darazo/Gunjuwa)",Hon Mansur Manu Soro,Not Yet Referred,Hon Mansur Manu Soro
d3e4741d-a9bb-40f4-bf35-327808e978a5,"Flag and Coats of Arms Act (Amendment) Bill, 2023",First Reading (House: 2023-11-23) -> Second Reading (House: 2024-03-06) -> Committee Assignment (House: 2024-03-06) -> Report (Not Started) -> Third Reading/Concurrence (Not Started) -> Harmonization (Not Started) -> Assent (Not Started),2023-11-23,2024-03-06,"Hon Sada Soli (APC, Katsina, Constituency: Jibia/Kaita)",Hon Sada Soli,Interior,Hon Sada Soli
da70d0fa-cdb2-4e3e-8e59-c4d64d63d601,"Food Processing and Preservation Centre, Osi Ekiti, Kwara State (establishment) Bill, 2023",First Reading (House: 2023-07-20) -> Second Reading (Not Started) -> Committee Assignment (Not Started) -> Report (Not Started) -> Third Reading/Concurrence (Not Started) -> Harmonization (Not Started) -> Concurrence (Not Started) -> Assent (Not Started),2023-07-20,,"Hon Abdulraheem Olatunji Olawuyi (APC, Kwara, Constituency: Ekiti/Isin/Irepodun/Oke-Ero)",Hon Abdulraheem Olatunji Olawuyi,Not Yet Referred,Hon Abdulraheem Olatunji Olawuyi
947c72e6-4bac-4054-a058-b468734cb714,"Food Vendors (Registration) Council of Nigeria (Establishment) Bill, 2023",First Reading (House: 2023-07-27) -> Second Reading (House: 2023-11-23) -> Committee Assignment (House: 2023-11-23) -> Report (House: 2023-12-20) -> Third Reading/Concurrence (House: 2023-12-21) -> Harmonization (Not Started) -> Assent (Not Started),2023-07-27,2023-11-23,"Hon Pascal Agbodike (APGA, Anambra, Constituency: Ihiala)",Hon Pascal Agbodike,the Whole,Hon Pascal Agbodike
dcc6e041-2f56-4dc1-a3fd-4666efa79528,"Foreign Exchange (Monitoring and Miscellaneous) (Amendment) Bill, 2024",First Reading (Not Started) -> Second Reading (Not Started) -> Committee Assignment (Not Started) -> Report (Not Started) -> Third Reading/Concurrence (Not Started) -> Harmonization (Not Started) -> Assent (Not Started),,,"Clement Jimbo (APC, Akwa Ibom, Constituency: Abak/Etim Ekpo/Ika)",Clement Jimbo,Not Yet Referred,Clement Jimbo
6a82f3c0-cd65-429a-ad45-7b8909f9f69d,"Foreign Service Commission (Establishment, Etc) Bill, 2023",First Reading (House: 2023-07-06) -> Second Reading (Not Started) -> Committee Assignment (Not Started) -> Report (Not Started) -> Third Reading/Concurrence (Not Started) -> Harmonization (Not Started) -> Assent (Not Started),2023-07-06,,"Hon Tolulope Tiwalola Akande-Sadipe (APC, Oyo, Constituency: Oluyole); Hon Boma Goodhead (PDP, Rivers, Constituency: Akuku-Toru/Asari-Toru); Hon Ahmad Abdullahi Kalambaina (APC, Sokoto, Constituency: Kware/Wamakko); Hon Khadija Waziri Bukar abba ibrahim (APC, Yobe, Constituency: Damaturu/Gujba/Gulani/ Tarmuwa); Hon Benjamin Kalu (APC, Abia, Constituency: Bende); Hon Ibe Okwara Osonwa (LP, Abia, Constituency: Arochukwu/Ohafia)",Hon Tolulope Tiwalola Akande-Sadipe; Hon Boma Goodhead; Hon Ahmad Abdullahi Kalambaina; Hon Khadija Waziri Bukar abba ibrahim; Hon Benjamin Kalu; Hon Ibe Okwara Osonwa,Not Yet Referred,Hon Tolulope Tiwalola Akande-Sadipe
81364250-7f4b-427f-93b2-632467269453,"Forestry Research Institute of Nigeria (Amendment) Bill, 2024",First Reading (House: 2024-07-17) -> Second Reading (Not Started) -> Committee Assignment (Not Started) -> Report (Not Started) -> Third Reading/Concurrence (Not Started) -> Harmonization (Not Started) -> Assent (Not Started),2024-07-17,,"Kelechi Nwogu (PDP, Rivers, Constituency: Etche/Omuma)",Kelechi Nwogu,Not Yet Referred,Kelechi Nwogu
3a98267a-c67a-49c6-a589-eb6ed4a96661,"Freedom of Information Act (Amendment) Bill, 2025",First Reading (Not Started) -> Second Reading (Not Started) -> Committee Assignment (Not Started) -> Report (Not Started) -> Third Reading/Concurrence (Not Started) -> Harmonization (Not Started) -> Assent (Not Started),,,"Jubrin Abdulmumin (APC, Kano, Constituency: Bebeji/Kiru)",Jubrin Abdulmumin,Not Yet Referred,Jubrin Abdulmumin
b740645a-6f4d-40b7-a4be-8315e6e41560,"Freight Forwarding Bill, 2023",First Reading (House: 2023-07-26) -> Second Reading (Not Started) -> Committee Assignment (Not Started) -> Report (Not Started) -> Third Reading/Concurrence (Not Started) -> Harmonization (Not Started) -> Concurrence (Not Started) -> Assent (Not Started),2023-07-26,,"Hon Ibe Okwara Osonwa (LP, Abia, Constituency: Arochukwu/Ohafia)",Hon Ibe Okwara Osonwa,Not Yet Referred,Hon Ibe Okwara Osonwa
cadbc82b-491f-4ba0-983a-a8df87b01115,"Funtua Craft Village Institute (Establishment) Bill, 2025",First Reading (House: 2025-12-10) -> Second Reading (Not Started) -> Committee Assignment (Not Started) -> Report (Not Started) -> Third Reading/Concurrence (Not Started) -> Harmonization (Not Started) -> Assent (Not Started),2025-12-10,,"Hon Sani Muhammad Ahmad (APC, Zamfara, Constituency: Bakura/Maradun)",Hon Sani Muhammad Ahmad,Not Yet Referred,Hon Sani Muhammad Ahmad
b319c6cf-7fe0-4758-ab28-92c25f43aacf,"Genocide Commission of Nigeria (Establishment) Bill, 2023",First Reading (House: 2023-11-22) -> Second Reading (Not Started) -> Committee Assignment (Not Started) -> Report (Not Started) -> Third Reading/Concurrence (Not Started) -> Harmonization (Not Started) -> Assent (Not Started),2023-11-22,,"Ngozi Okolie (APC, Delta, Constituency: Aniocha North/Aniocha South/ Oshimili North & South)",Ngozi Okolie,Not Yet Referred,Ngozi Okolie
3952afc4-37e2-46df-8067-6d408c94d347,"Gifted and Talented Children Centres (Establishment) Bill, 2023","First Reading (House: 2023-11-16, Senate: 2026-01-28) -> Second Reading (House: 2024-07-09) -> Committee Assignment (House: 2024-07-09) -> Report (Not Started) -> Third Reading/Concurrence (House: 2025-03-12) -> Harmonization (Not Started) -> Assent (Not Started)",2023-11-16,2024-07-09,"Hon Benjamin Kalu (APC, Abia, Constituency: Bende); Hon Akintunde Rotimi (APC, Ekiti, Constituency: Ikole/Oye)",Hon Benjamin Kalu; Hon Akintunde Rotimi,Basic Education Services,Hon Benjamin Kalu
cc70d058-d4f4-432a-adb7-113a1111eee5,"Gifted and Talented Children’s Centre Bill, 2023",First Reading (House: 2024-02-27) -> Second Reading (House: 2024-03-07) -> Committee Assignment (House: 2024-03-07) -> Report (Not Started) -> Third Reading/Concurrence (Not Started) -> Harmonization (Not Started) -> Assent (Not Started),2024-02-27,2024-03-07,"Hon Paul Nnamchi (LP, Enugu, Constituency: Enugu East/Isi Uzo)",Hon Paul Nnamchi,Basic Education Services,Hon Paul Nnamchi
cae20ff4-bfe8-4e74-9e75-a254a3cd394b,"Ginger Research Institute, Samaru Kataf, Kaduna State (Establishment) Bill, 2023",First Reading (House: 2023-10-04) -> Second Reading (Not Started) -> Committee Assignment (Not Started) -> Report (Not Started) -> Third Reading/Concurrence (Not Started) -> Harmonization (Not Started) -> Assent (Not Started),2023-10-04,,"Hon Amos Gwamna Magaji (APC, Kaduna, Constituency: Zangon Kataf/Jaba)",Hon Amos Gwamna Magaji,Not Yet Referred,Hon Amos Gwamna Magaji
06822e80-5b38-4fcc-a4fe-6dcda4ce8a9b,"Government Promissory Notes Act (Amendment) Bill, 2024",First Reading (House: 2024-03-12) -> Second Reading (Not Started) -> Committee Assignment (Not Started) -> Report (Not Started) -> Third Reading/Concurrence (Not Started) -> Harmonization (Not Started) -> Assent (Not Started),2024-03-12,,"Hon Mansur Manu Soro (APC, Bauchi, Constituency: Darazo/Gunjuwa)",Hon Mansur Manu Soro,Not Yet Referred,Hon Mansur Manu Soro
d3670c42-4541-4a24-8c1a-1094370ac0f7,"Groundnut and Cotton Management Board (Establishment) Bill, 2025",First Reading (House: 2025-12-10) -> Second Reading (Not Started) -> Committee Assignment (Not Started) -> Report (Not Started) -> Third Reading/Concurrence (Not Started) -> Harmonization (Not Started) -> Assent (Not Started),2025-12-10,,"Aliyu Sani Madaki (NNPP, Kano, Constituency: Dala)",Aliyu Sani Madaki,Not Yet Referred,Aliyu Sani Madaki
a46cdb99-08b1-4891-a195-f968d5911015,"Haliru Dantaro University of Fisheries and Aquaculture, Borgu, Niger State (Establishment) Bill, 2023",First Reading (House: 2023-12-19) -> Second Reading (House: 2024-03-06) -> Committee Assignment (House: 2024-03-06) -> Report (Not Started) -> Third Reading/Concurrence (Not Started) -> Harmonization (Not Started) -> Assent (Not Started),2023-12-19,2024-03-06,"Hon Jafaru Mohammed (APC, Niger, Constituency: Agwara/Borgu)",Hon Jafaru Mohammed,the Whole,Hon Jafaru Mohammed
81e3cef4-b582-4819-a84b-e9cb8b3c23c5,"Harmful Waste (Special Criminal Provisions, etc.) Act (Amendment) Bill, 2025",First Reading (Not Started) -> Second Reading (Not Started) -> Committee Assignment (Not Started) -> Report (Not Started) -> Third Reading/Concurrence (Not Started) -> Harmonization (Not Started) -> Assent (Not Started),,,"Hon Nicholas Ebomo Mutu (PDP, Delta, Constituency: Bomadi/Patani)",Hon Nicholas Ebomo Mutu,Not Yet Referred,Hon Nicholas Ebomo Mutu
01ca6c44-a2ea-4d73-9cc8-cecf2ffe9d14,"Harmful Waste (Special Criminal Provisions, etc) Act (Amendment) Bill, 2023",First Reading (House: 2023-07-27) -> Second Reading (Not Started) -> Committee Assignment (Not Started) -> Report (Not Started) -> Third Reading/Concurrence (Not Started) -> Harmonization (Not Started) -> Assent (Not Started),2023-07-27,,"Hon Zakaria Dauda Nyampa (PDP, Adamawa, Constituency: Madagali/Michika)",Hon Zakaria Dauda Nyampa,Not Yet Referred,Hon Zakaria Dauda Nyampa
df926506-79bc-43d5-a039-d976a5d6f697,"Harmonised Retirement Age for Officers of the Nigerian Police Force Bill, 2024",First Reading (House: 2024-02-08) -> Second Reading (Not Started) -> Committee Assignment (Not Started) -> Report (Not Started) -> Third Reading/Concurrence (Not Started) -> Harmonization (Not Started) -> Assent (Not Started),2024-02-08,,"Hon Adewale Hameed (APC, Lagos, Constituency: Agege)",Hon Adewale Hameed,Not Yet Referred,Hon Adewale Hameed
69b25c26-47ac-401a-a083-f7b4d18cacff,"Harmonized Retirement Age for Staff of National Assembly Service of Nigeria Bill, 2023",First Reading (House: 2023-10-05) -> Second Reading (House: 2023-10-24) -> Committee Assignment (House: 2023-10-24) -> Report (House: 2023-11-23) -> Third Reading/Concurrence (House: 2023-12-20) -> Harmonization (Not Started) -> Assent (Not Started),2023-10-05,2023-10-24,"Aliyu Sani Madaki (NNPP, Kano, Constituency: Dala)",Aliyu Sani Madaki,Public Service Matters,Aliyu Sani Madaki
59c39cbe-0d20-4178-bebf-5592596d2678,"Health Development Bank of Nigeria (Establishment, etc) Bill, 2024",First Reading (Not Started) -> Second Reading (Not Started) -> Committee Assignment (Not Started) -> Report (Not Started) -> Third Reading/Concurrence (Not Started) -> Harmonization (Not Started) -> Assent (Not Started),,,"Hon Alex Egbona (PDP, Cross River, Constituency: Yakurr/Abi)",Hon Alex Egbona,Not Yet Referred,Hon Alex Egbona
1326d3a9-6fc7-4061-a3ad-ee99f4e3eb9a,"Health Education Practitioners Board (Establishment) Bill, 2023",First Reading (House: 2023-11-14) -> Second Reading (Not Started) -> Committee Assignment (Not Started) -> Report (Not Started) -> Third Reading/Concurrence (Not Started) -> Harmonization (Not Started) -> Assent (Not Started),2023-11-14,,"Hon Muktar Tolani Shagaya (APC, Kwara, Constituency: Ilorin West/Asa)",Hon Muktar Tolani Shagaya,Not Yet Referred,Hon Muktar Tolani Shagaya
c737bd25-dfef-46d0-8ce0-fd8eaacde3b5,"Health Equipment Credit Guarantee Fund (Establishment) Bill, 2023",First Reading (House: 2023-11-09) -> Second Reading (Not Started) -> Committee Assignment (Not Started) -> Report (Not Started) -> Third Reading/Concurrence (Not Started) -> Harmonization (Not Started) -> Assent (Not Started),2023-11-09,,"Chimaobi Sam Atu (LP, Enugu, Constituency: Enugu North/Enugu South)",Chimaobi Sam Atu,Not Yet Referred,Chimaobi Sam Atu
4c8fee3d-4bdb-4b86-ad31-732e9f177c08,"High Court of the Federal Capital Territory, Abuja (Number of Judges) Act (Amendment) Bill, 2024",First Reading (House: 2024-07-23) -> Second Reading (Not Started) -> Committee Assignment (Not Started) -> Report (Not Started) -> Third Reading/Concurrence (Not Started) -> Harmonization (Not Started) -> Assent (Not Started),2024-07-23,,"Hon Benjamin Kalu (APC, Abia, Constituency: Bende)",Hon Benjamin Kalu,Not Yet Referred,Hon Benjamin Kalu
199aefb9-bf0b-4898-9449-18973849bc60,"Higher National Diploma Discrimination (Prohibition) Bill, 2023",First Reading (House: 2023-10-31) -> Second Reading (Not Started) -> Committee Assignment (Not Started) -> Report (Not Started) -> Third Reading/Concurrence (Not Started) -> Harmonization (Not Started) -> Assent (Not Started),2023-10-31,,"Mark Udo Esset (PDP, Akwa Ibom, Constituency: Uyo/Uruan/Nsit Atai/ Ibesikpo Asutan)",Mark Udo Esset,Not Yet Referred,Mark Udo Esset
d18c022b-b0c8-439f-a0c5-72eaeef5eea2,"Higher National Diploma Discrimination (Prohibition) Bill, 2024",First Reading (House: 2024-05-22) -> Second Reading (Not Started) -> Committee Assignment (Not Started) -> Report (Not Started) -> Third Reading/Concurrence (Not Started) -> Harmonization (Not Started) -> Assent (Not Started),2024-05-22,,"Fuad Kayode Laguda (APC, Lagos, Constituency: Surulere I)",Fuad Kayode Laguda,Not Yet Referred,Fuad Kayode Laguda
29246c56-948c-462d-ab69-afb9cb5ecece,"Hire Purchase Act (Repeal and Enactment) Bill, 2023",First Reading (House: 2023-11-23) -> Second Reading (Not Started) -> Committee Assignment (Not Started) -> Report (Not Started) -> Third Reading/Concurrence (Not Started) -> Harmonization (Not Started) -> Assent (Not Started),2023-11-23,,"Uduak Alphonsus Odudoh (PDP, Akwa Ibom, Constituency: Ikot Abasi/Mkpat Enin/Eastern Obolo)",Uduak Alphonsus Odudoh,Not Yet Referred,Uduak Alphonsus Odudoh
dba85913-4c1c-4f17-b969-356203828c0a,"Hydroelectric Power Producing Areas Development Commission (Amendment) Bill, 2023",First Reading (House: 2023-07-13) -> Second Reading (Not Started) -> Committee Assignment (Not Started) -> Report (Not Started) -> Third Reading/Concurrence (Not Started) -> Harmonization (Not Started) -> Assent (Not Started),2023-07-13,,"Hon Inuwa Garba (PDP, Gombe, Constituency: Yamaltu/Deba)",Hon Inuwa Garba,Not Yet Referred,Hon Inuwa Garba
75076d7e-83a0-42c5-9d86-c0d509e66a8a,"Immigration Act (Amendment) Bill, 2023",First Reading (House: 2023-07-27) -> Second Reading (Not Started) -> Committee Assignment (Not Started) -> Report (Not Started) -> Third Reading/Concurrence (Not Started) -> Harmonization (Not Started) -> Assent (Not Started),2023-07-27,,"Hon Dachung Musa Bagos (PDP, Plateau, Constituency: Jos South/Jos East)",Hon Dachung Musa Bagos,Not Yet Referred,Hon Dachung Musa Bagos
91c2830b-d664-4a87-b1db-c0dcd758caa6,"Immigration Act (Amendment) Bill, 2023",First Reading (House: 2023-07-19) -> Second Reading (Not Started) -> Committee Assignment (Not Started) -> Report (Not Started) -> Third Reading/Concurrence (Not Started) -> Harmonization (Not Started) -> Concurrence (Not Started) -> Assent (Not Started),2023-07-19,,"Hon Mathew Nwogu (LP, Imo, Constituency: Aboh Mbaise/Ngor Okpala)",Hon Mathew Nwogu,Not Yet Referred,Hon Mathew Nwogu
176335f1-ac0e-42a5-b0df-ea3fa5263e6d,"Immigration Service Commission (Establishment) Bill, 2023",First Reading (House: 2023-10-25) -> Second Reading (Not Started) -> Committee Assignment (Not Started) -> Report (Not Started) -> Third Reading/Concurrence (Not Started) -> Harmonization (Not Started) -> Assent (Not Started),2023-10-25,,"Hon Pascal Agbodike (APGA, Anambra, Constituency: Ihiala)",Hon Pascal Agbodike,Not Yet Referred,Hon Pascal Agbodike
b8eff008-be75-4d5b-8f76-880e79a2e336,"Industrial Inspectorate Act (Amendment) Bill, 2024",First Reading (House: 2024-07-18) -> Second Reading (Not Started) -> Committee Assignment (Not Started) -> Report (Not Started) -> Third Reading/Concurrence (Not Started) -> Harmonization (Not Started) -> Assent (Not Started),2024-07-18,,"Hon Paul Asuquo Ekpo (PDP, Akwa Ibom, Constituency: Etinan/Nsit Ibom/Nsit ubium)",Hon Paul Asuquo Ekpo,Not Yet Referred,Hon Paul Asuquo Ekpo
040cc510-2782-4fc8-8381-9e68caed20ab,"Industrial Training Fund Act (Amendment) Bill, 2023",First Reading (House: 2023-07-27) -> Second Reading (Not Started) -> Committee Assignment (Not Started) -> Report (Not Started) -> Third Reading/Concurrence (Not Started) -> Harmonization (Not Started) -> Assent (Not Started),2023-07-27,,"Hon Taofeek Abimbola Ajilesoro (APC, Osun, Constituency: Ife Central/Ife North/Ife South/Ife East)",Hon Taofeek Abimbola Ajilesoro,Not Yet Referred,Hon Taofeek Abimbola Ajilesoro
d168a064-62f3-46bc-9876-de1d3255dc3f,"Industrial Training Fund Act (Amendment) Bill, 2023",First Reading (House: 2023-11-14) -> Second Reading (Not Started) -> Committee Assignment (Not Started) -> Report (Not Started) -> Third Reading/Concurrence (Not Started) -> Harmonization (Not Started) -> Assent (Not Started),2023-11-14,,"Hon Ime Bassey Okon (PDP, Akwa Ibom, Constituency: Itu/Ibiono Ibom)",Hon Ime Bassey Okon,Not Yet Referred,Hon Ime Bassey Okon
0e84f1f5-52a4-49cb-8790-2ad207a6a565,"Industrial Training Fund Act (Amendment) Bill, 2024",First Reading (House: 2024-06-11) -> Second Reading (House: 2024-07-11) -> Committee Assignment (House: 2024-07-11) -> Report (Not Started) -> Third Reading/Concurrence (Not Started) -> Harmonization (Not Started) -> Assent (Not Started),2024-06-11,2024-07-11,"Hon Akanni Enitan Dolapo-badru (APC, Lagos, Constituency: Lagos Island I)",Hon Akanni Enitan Dolapo-badru,Industry,Hon Akanni Enitan Dolapo-badru
23b4adde-318e-44d4-b5dd-13302f329dd8,"Infectious Diseases Centre, Kwoi, Kaduna State (Establishment) Bill, 2023",First Reading (House: 2023-11-07) -> Second Reading (Not Started) -> Committee Assignment (Not Started) -> Report (Not Started) -> Third Reading/Concurrence (Not Started) -> Harmonization (Not Started) -> Assent (Not Started),2023-11-07,,"Hon Amos Gwamna Magaji (APC, Kaduna, Constituency: Zangon Kataf/Jaba)",Hon Amos Gwamna Magaji,Not Yet Referred,Hon Amos Gwamna Magaji
debf1887-6f6f-426f-95ac-44a8d5a29457,"Information Technology and Innovation Bill, 2024",First Reading (House: 2024-06-05) -> Second Reading (Not Started) -> Committee Assignment (Not Started) -> Report (Not Started) -> Third Reading/Concurrence (Not Started) -> Harmonization (Not Started) -> Assent (Not Started),2024-06-05,,"Hon Tajudeen Kareem (APC, Oyo, Constituency: Saki East/Saki West/Atisbo)",Hon Tajudeen Kareem,Not Yet Referred,Hon Tajudeen Kareem
7e92ce7b-a6b8-4770-b485-be4e3347d790,"Infrastructure Support Bill, 2023",First Reading (House: 2023-07-25) -> Second Reading (Not Started) -> Committee Assignment (Not Started) -> Report (Not Started) -> Third Reading/Concurrence (Not Started) -> Harmonization (Not Started) -> Concurrence (Not Started) -> Assent (Not Started),2023-07-25,,"Hon Philip Agbese (APC, Benue, Constituency: Ado/Obadigbo/Okpokwu)",Hon Philip Agbese,Not Yet Referred,Hon Philip Agbese
218945ff-07ad-4d23-9aeb-d0e2011f8a13,"Inland Fisheries Act (Amendment) Bill, 2025",First Reading (House: 2025-11-12) -> Second Reading (Not Started) -> Committee Assignment (Not Started) -> Report (Not Started) -> Third Reading/Concurrence (Not Started) -> Harmonization (Not Started) -> Assent (Not Started),2025-11-12,,"Akarachi Etinosa Tosan (APC, Imo, Constituency: Ikeduru/Mbaitoli)",Akarachi Etinosa Tosan,Not Yet Referred,Akarachi Etinosa Tosan
5863f3b4-4451-42c5-85d5-24491917fa93,"Institute Of Chartered Accountants in Nigeria Act (Amendment) Bill, 2023",First Reading (House: 2023-07-27) -> Second Reading (Not Started) -> Committee Assignment (Not Started) -> Report (Not Started) -> Third Reading/Concurrence (Not Started) -> Harmonization (Not Started) -> Assent (Not Started),2023-07-27,,"Hon Zakaria Dauda Nyampa (PDP, Adamawa, Constituency: Madagali/Michika)",Hon Zakaria Dauda Nyampa,Not Yet Referred,Hon Zakaria Dauda Nyampa
2a1fe675-6fc7-4b28-9bc2-ac416e921d70,"Institute of Chartered Chemists of Nigeria Act (Amendment) Bill, 2026",First Reading (House: 2026-03-12) -> Second Reading (Not Started) -> Committee Assignment (Not Started) -> Report (Not Started) -> Third Reading/Concurrence (Not Started) -> Harmonization (Not Started) -> Assent (Not Started),2026-03-12,,"Executive (APC, N/A, Constituency: .)",Executive,Not Yet Referred,Executive
e25a639c-611c-4853-aac4-fd7d6e5ce015,"Institute of Chartered Corporate and Business Affairs Management of Nigeria (Establishment) Bill, 2023",First Reading (Not Started) -> Second Reading (House: 2024-05-15) -> Committee Assignment (House: 2024-05-15) -> Report (Not Started) -> Third Reading/Concurrence (Not Started) -> Harmonization (Not Started) -> Assent (Not Started),,2024-05-15,"Hon Julius Ihonvbere (APC, Edo, Constituency: Owan East/Owan West)",Hon Julius Ihonvbere,Commerce,Hon Julius Ihonvbere
6fcef105-3b6a-403c-ad01-85955b69336b,"Institute of Chartered Trustees of Nigeria (Establishment) Bill, 2023",First Reading (House: 2023-10-24) -> Second Reading (House: 2023-11-09) -> Committee Assignment (House: 2023-11-09) -> Report (Not Started) -> Third Reading/Concurrence (Not Started) -> Harmonization (Not Started) -> Assent (Not Started),2023-10-24,2023-11-09,"Bello Isa Ambarura (APC, Sokoto, Constituency: Illela/Gwadabawa)",Bello Isa Ambarura,the Whole,Bello Isa Ambarura
15cfeb63-1f75-4e8e-b475-b007529c8f48,"Institute of Chartered Trustees of Nigeria (Establishment) Bill, 2024",First Reading (House: 2024-07-11) -> Second Reading (Not Started) -> Committee Assignment (Not Started) -> Report (Not Started) -> Third Reading/Concurrence (Not Started) -> Harmonization (Not Started) -> Assent (Not Started),2024-07-11,,"Patrick Umoh (APC, Akwa Ibom, Constituency: Ikot Ekpene/Essien Udim/ Obot Akara)",Patrick Umoh,Not Yet Referred,Patrick Umoh
a3942387-d8cb-42c7-b728-023ac00aba2d,"Institute of Debt Recovery Practitioners of Nigeria (Establishment) Bill, 2023",First Reading (House: 2023-07-13) -> Second Reading (House: 2023-11-22) -> Committee Assignment (House: 2023-11-22) -> Report (Not Started) -> Third Reading/Concurrence (Not Started) -> Harmonization (Not Started) -> Assent (Not Started),2023-07-13,2023-11-22,"Hon Adelegbe Emmanuel Oluwatimehin (APC, Ondo, Constituency: Owo/Ose)",Hon Adelegbe Emmanuel Oluwatimehin,Commerce,Hon Adelegbe Emmanuel Oluwatimehin
8682357c-909c-4e22-a343-536d9cde4b0f,"Institute of Economist of Nigeria (Est) Bill, 2023",First Reading (House: 2023-07-25) -> Second Reading (House: 2023-07-26) -> Committee Assignment (House: 2023-07-26) -> Report (House: 2023-11-07) -> Third Reading/Concurrence (House: 2023-11-14) -> Harmonization (Not Started) -> Assent (Not Started),2023-07-25,2023-07-26,"Hon Anthony Adebayo Adepoju (PDP, Oyo, Constituency: Ibarapa Central/Ibarapa North)",Hon Anthony Adebayo Adepoju,the Whole,Hon Anthony Adebayo Adepoju
ea9b2b7a-396f-4056-9b7b-24a22eb43013,"Institute of Health Service Administration of Nigeria (Establishment, etc) Bill, 2023",First Reading (House: 2023-11-16) -> Second Reading (House: 2024-02-29) -> Committee Assignment (House: 2024-02-29) -> Report (Not Started) -> Third Reading/Concurrence (House: 2025-05-21) -> Harmonization (Not Started) -> Assent (Not Started),2023-11-16,2024-02-29,"Hon Akiba Bassey Ekpenyong (LP, Cross River, Constituency: Calabar Municipal/Odukpani)",Hon Akiba Bassey Ekpenyong,Niger Delta Development Commission,Hon Akiba Bassey Ekpenyong
cef39918-1f26-4172-8595-1952c1ea189c,"Institute of Information and Communication Technology Iwo, Osun State, (Establishment) Bill, 2024",First Reading (House: 2024-07-11) -> Second Reading (Not Started) -> Committee Assignment (Not Started) -> Report (Not Started) -> Third Reading/Concurrence (Not Started) -> Harmonization (Not Started) -> Assent (Not Started),2024-07-11,,"Hon Lukman Mudashiru (PDP, Osun, Constituency: Ayedire/Iwo/Ola-Oluwa)",Hon Lukman Mudashiru,Not Yet Referred,Hon Lukman Mudashiru
27bd7190-e307-455a-8564-3dc83dd473aa,"Institute of Landscape Architects of Nigeria (Establishment, etc) Bill, 2023",First Reading (House: 2023-10-19) -> Second Reading (Not Started) -> Committee Assignment (Not Started) -> Report (Not Started) -> Third Reading/Concurrence (Not Started) -> Harmonization (Not Started) -> Assent (Not Started),2023-10-19,,"Hon Benjamin Kalu (APC, Abia, Constituency: Bende)",Hon Benjamin Kalu,Not Yet Referred,Hon Benjamin Kalu
394df8f1-d222-47d5-a248-43573e685a77,"Institute of Leadership, Entrepreneurship and Corporate Governance Bill, 2024",First Reading (House: 2024-09-25) -> Second Reading (Not Started) -> Committee Assignment (Not Started) -> Report (Not Started) -> Third Reading/Concurrence (Not Started) -> Harmonization (Not Started) -> Assent (Not Started),2024-09-25,,"Hon Francis Ejiroghene Waive (APC, Delta, Constituency: Ughelli North, Ughelli South/Udu)",Hon Francis Ejiroghene Waive,Not Yet Referred,Hon Francis Ejiroghene Waive
6afccf95-d62a-40ac-ab76-500d5b1f2271,"Institute of Physician Associates of Nigeria (Establishment) Bill, 2023",First Reading (House: 2023-12-01) -> Second Reading (Not Started) -> Committee Assignment (Not Started) -> Report (Not Started) -> Third Reading/Concurrence (Not Started) -> Harmonization (Not Started) -> Assent (Not Started),2023-12-01,,"Hon Dennis Idahosa (APC, Edo, Constituency: Ovia North East/Ovia South West)",Hon Dennis Idahosa,Not Yet Referred,Hon Dennis Idahosa
7e637d65-76f3-4c0f-b3fe-b908568b64ac,"Institute of Public Analysts of Nigeria Act (Amendment) Bill, 2026",First Reading (House: 2026-03-12) -> Second Reading (Not Started) -> Committee Assignment (Not Started) -> Report (Not Started) -> Third Reading/Concurrence (Not Started) -> Harmonization (Not Started) -> Assent (Not Started),2026-03-12,,"Executive (APC, N/A, Constituency: .)",Executive,Not Yet Referred,Executive
08cce663-018b-4782-a8ff-c440212a5714,"Institute Of Safety Professionals of Nigeria Act (Amendment) Bill, 2023",First Reading (House: 2023-07-27) -> Second Reading (Not Started) -> Committee Assignment (Not Started) -> Report (Not Started) -> Third Reading/Concurrence (Not Started) -> Harmonization (Not Started) -> Assent (Not Started),2023-07-27,,"Hon Zakaria Dauda Nyampa (PDP, Adamawa, Constituency: Madagali/Michika)",Hon Zakaria Dauda Nyampa,Not Yet Referred,Hon Zakaria Dauda Nyampa
1338387d-80c0-470a-9bf3-05ea0be1086f,"Insurance Act (Amendment) Bill, 2023",First Reading (House: 2023-07-27) -> Second Reading (Not Started) -> Committee Assignment (Not Started) -> Report (Not Started) -> Third Reading/Concurrence (Not Started) -> Harmonization (Not Started) -> Assent (Not Started),2023-07-27,,"Hon Miriam Onuoha (APC, Imo, Constituency: Isiala Mbano/Okigwe/Onuimo)",Hon Miriam Onuoha,Not Yet Referred,Hon Miriam Onuoha
454f55dd-5fc1-4fd2-b71d-ceddee4fefc3,"Insurance Act (Amendment) Bill, 2024",First Reading (House: 2024-05-22) -> Second Reading (Not Started) -> Committee Assignment (Not Started) -> Report (Not Started) -> Third Reading/Concurrence (Not Started) -> Harmonization (Not Started) -> Assent (Not Started),2024-05-22,,"Chinedu Tochukwu Okere (APC, Imo, Constituency: Owerri Municipal/Owerri North/Owerri West)",Chinedu Tochukwu Okere,Not Yet Referred,Chinedu Tochukwu Okere
5e1a3454-5acf-4dc5-816f-09841e834e5c,"Insurance Act (Amendment) Bill, 2024",First Reading (House: 2024-05-07) -> Second Reading (Not Started) -> Committee Assignment (Not Started) -> Report (Not Started) -> Third Reading/Concurrence (Not Started) -> Harmonization (Not Started) -> Assent (Not Started),2024-05-07,,"Hon Dominic Okafor (APGA, Anambra, Constituency: Aguata)",Hon Dominic Okafor,Not Yet Referred,Hon Dominic Okafor
171b911b-433e-43b2-9c11-dc07497fe7b1,Insurance Act (Repeal and Enactment) Bill 2023,First Reading (House: 2023-07-25) -> Second Reading (House: 2023-07-25) -> Committee Assignment (House: 2023-07-25) -> Report (Not Started) -> Third Reading/Concurrence (Not Started) -> Harmonization (Not Started) -> Concurrence (Not Started) -> Assent (Not Started),2023-07-25,2023-07-25,"Hon Julius Ihonvbere (APC, Edo, Constituency: Owan East/Owan West)",Hon Julius Ihonvbere,the Whole,Hon Julius Ihonvbere
80f9cd99-dcde-4a83-911f-b8621acf7cbe,"Integrated Agro-Industrial Park Nekede, Owerri West, Imo State (Establishment) Bill, 2024",First Reading (House: 2024-05-23) -> Second Reading (Not Started) -> Committee Assignment (Not Started) -> Report (Not Started) -> Third Reading/Concurrence (Not Started) -> Harmonization (Not Started) -> Assent (Not Started),2024-05-23,,"Chinedu Tochukwu Okere (APC, Imo, Constituency: Owerri Municipal/Owerri North/Owerri West)",Chinedu Tochukwu Okere,Not Yet Referred,Chinedu Tochukwu Okere
699042b5-e7ed-4e93-b468-b143f95f0816,"Integrated Agro-industrial Park, Akwanga, Nasarawa State (Establishment) Bill, 2023",First Reading (House: 2023-07-18) -> Second Reading (Not Started) -> Committee Assignment (Not Started) -> Report (Not Started) -> Third Reading/Concurrence (Not Started) -> Harmonization (Not Started) -> Concurrence (Not Started) -> Assent (Not Started),2023-07-18,,"Hon Jeremiah Umaru (APC, Nasarawa, Constituency: Akwanga/Nassarawa Eggon/ Wamba)",Hon Jeremiah Umaru,Not Yet Referred,Hon Jeremiah Umaru
cf1dbc04-14d3-475f-8165-a64e7407acaf,"Integrated Corporate Data Management Commission (Establishment) Bill, 2023",First Reading (House: 2023-10-04) -> Second Reading (House: 2024-05-22) -> Committee Assignment (House: 2024-05-22) -> Report (Not Started) -> Third Reading/Concurrence (Not Started) -> Harmonization (Not Started) -> Assent (Not Started),2023-10-04,2024-05-22,"Abdullahi Ibrahim Ali (APC, Kogi, Constituency: Ankpa/Omala/Olamaboro)",Abdullahi Ibrahim Ali,Commerce,Abdullahi Ibrahim Ali
93328863-e827-4e15-b409-bee5f84124ef,"International Trade Commission of Nigeria (Establishment) Bill, 2024",First Reading (House: 2024-03-20) -> Second Reading (Not Started) -> Committee Assignment (Not Started) -> Report (Not Started) -> Third Reading/Concurrence (Not Started) -> Harmonization (Not Started) -> Assent (Not Started),2024-03-20,,"Hon Benjamin Kalu (APC, Abia, Constituency: Bende)",Hon Benjamin Kalu,Not Yet Referred,Hon Benjamin Kalu
a55b6bee-8df3-49b3-a060-88d9713b756a,"Internet Child Pornography Prevention Bill (Establishment) Bill, 2023",First Reading (House: 2023-07-27) -> Second Reading (Not Started) -> Committee Assignment (Not Started) -> Report (Not Started) -> Third Reading/Concurrence (Not Started) -> Harmonization (Not Started) -> Assent (Not Started),2023-07-27,,"Hon Sesi Whingan (APC, Lagos, Constituency: Badagry)",Hon Sesi Whingan,Not Yet Referred,Hon Sesi Whingan
096494a4-e180-494e-978e-87c780929de8,"Interpretation Act (Amendment) Bill, 2023",First Reading (House: 2023-07-06) -> Second Reading (House: 2023-11-01) -> Committee Assignment (House: 2023-11-01) -> Report (Not Started) -> Third Reading/Concurrence (Not Started) -> Harmonization (Not Started) -> Assent (Not Started),2023-07-06,2023-11-01,"Hon Peter Akpanke (PDP, Cross River, Constituency: Obanliku/Obudu/Bekwarra); Hon Adewunmi Oriyomi Onanuga (APC, Ogun, Constituency: Ikenne/Sagamu/Remo North); Hon Mohammed Bello El-Rufai (APC, Kaduna, Constituency: Kaduna North); Hon Fatima Talba (APC, Yobe, Constituency: Nangere/Potiskm); Hon Abubakar Hassan Nalaraba (APC, Nasarawa, Constituency: Awe/Doma/Keana); Hon Benjamin Kalu (APC, Abia, Constituency: Bende); Hon Ugochinyere Onyinye Ikeagwuonu (PDP, Imo, Constituency: Ideato North/Ideato South)",Hon Peter Akpanke; Hon Adewunmi Oriyomi Onanuga; Hon Mohammed Bello El-Rufai; Hon Fatima Talba; Hon Abubakar Hassan Nalaraba; Hon Benjamin Kalu; Hon Ugochinyere Onyinye Ikeagwuonu,Justice,Hon Peter Akpanke
c1089d90-780a-4dbc-b6d3-4116fcb4beec,"Investment and Securities Act (Amendment) Bill, 2023",First Reading (House: 2023-10-10) -> Second Reading (Not Started) -> Committee Assignment (Not Started) -> Report (Not Started) -> Third Reading/Concurrence (Not Started) -> Harmonization (Not Started) -> Assent (Not Started),2023-10-10,,"Hon Emmanuel Effiong Ukpong-udo (PDP, Akwa Ibom, Constituency: Ikono/Ini)",Hon Emmanuel Effiong Ukpong-udo,Not Yet Referred,Hon Emmanuel Effiong Ukpong-udo
2cd085ff-ca13-49f0-b995-4f0ec9ff114c,"Investments and Securities Bill, 2023",First Reading (House: 2023-07-25) -> Second Reading (House: 2023-07-25) -> Committee Assignment (House: 2023-07-25) -> Report (Not Started) -> Third Reading/Concurrence (Not Started) -> Harmonization (Not Started) -> Concurrence (Not Started) -> Assent (Not Started),2023-07-25,2023-07-25,"Hon Julius Ihonvbere (APC, Edo, Constituency: Owan East/Owan West)",Hon Julius Ihonvbere,the Whole,Hon Julius Ihonvbere
c1f0f923-b791-41c0-9401-d7cccc26eb82,"Joint Admission and Matriculation Board (Establishment) Bill, 2023",First Reading (House: 2023-07-18) -> Second Reading (House: 2023-12-20) -> Committee Assignment (House: 2023-12-20) -> Report (Not Started) -> Third Reading/Concurrence (Not Started) -> Harmonization (Not Started) -> Assent (Not Started),2023-07-18,2023-12-20,"Hon Tolulope Tiwalola Akande-Sadipe (APC, Oyo, Constituency: Oluyole)",Hon Tolulope Tiwalola Akande-Sadipe,Not Yet Referred,Hon Tolulope Tiwalola Akande-Sadipe
d425558e-8de9-43f2-b5a6-5be8d4d4665b,"Joint Admission and Matriculation Board Act (Amendment) Bill, 2023",First Reading (House: 2023-07-27) -> Second Reading (Not Started) -> Committee Assignment (Not Started) -> Report (Not Started) -> Third Reading/Concurrence (Not Started) -> Harmonization (Not Started) -> Assent (Not Started),2023-07-27,,"Hon Mathew Nwogu (LP, Imo, Constituency: Aboh Mbaise/Ngor Okpala)",Hon Mathew Nwogu,Not Yet Referred,Hon Mathew Nwogu
dec45fff-076e-4b2d-a055-e2b8b6298fb3,Joint Admissions and Matriculation Board Act (Amendment) 2023,First Reading (House: 2023-07-27) -> Second Reading (Not Started) -> Committee Assignment (Not Started) -> Report (Not Started) -> Third Reading/Concurrence (Not Started) -> Harmonization (Not Started) -> Assent (Not Started),2023-07-27,,"Hon Akintunde Rotimi (APC, Ekiti, Constituency: Ikole/Oye)",Hon Akintunde Rotimi,Not Yet Referred,Hon Akintunde Rotimi
89f1e140-7495-4d8c-874a-34588465b001,"Joint Admissions and Matriculation Board Act (Amendment) Bill, 2024",First Reading (House: 2024-05-08) -> Second Reading (Not Started) -> Committee Assignment (Not Started) -> Report (Not Started) -> Third Reading/Concurrence (Not Started) -> Harmonization (Not Started) -> Assent (Not Started),2024-05-08,,"Hon Abdulmalik Zubairu (APC, Zamfara, Constituency: Bungudu/Maru)",Hon Abdulmalik Zubairu,Not Yet Referred,Hon Abdulmalik Zubairu
06b3f91b-bade-4665-aade-6978def4d94a,"Joint Admissions and Matriculation Board Act (Amendment) Bill, 2025",First Reading (House: 2025-12-10) -> Second Reading (Not Started) -> Committee Assignment (Not Started) -> Report (Not Started) -> Third Reading/Concurrence (Not Started) -> Harmonization (Not Started) -> Assent (Not Started),2025-12-10,,"Akarachi Etinosa Tosan (APC, Imo, Constituency: Ikeduru/Mbaitoli)",Akarachi Etinosa Tosan,Not Yet Referred,Akarachi Etinosa Tosan
03e848da-3199-4164-9c8a-9d566e0582ee,"Joint Admissions and Matriculation Board Act (Amendment), Bill, 2024",First Reading (House: 2024-07-09) -> Second Reading (Not Started) -> Committee Assignment (Not Started) -> Report (Not Started) -> Third Reading/Concurrence (Not Started) -> Harmonization (Not Started) -> Assent (Not Started),2024-07-09,,"Hon Ibrahim Mohammed Bukar (APC, Borno, Constituency: Dikwa/Mafa/Konduga)",Hon Ibrahim Mohammed Bukar,Not Yet Referred,Hon Ibrahim Mohammed Bukar
6f78601f-704f-4123-9d95-116402a23076,"Joint Admissions and Matriculations Board Act (Amendment) Bill, 2023",First Reading (House: 2023-07-20) -> Second Reading (Not Started) -> Committee Assignment (Not Started) -> Report (Not Started) -> Third Reading/Concurrence (Not Started) -> Harmonization (Not Started) -> Assent (Not Started),2023-07-20,,"Hon Ugochinyere Onyinye Ikeagwuonu (PDP, Imo, Constituency: Ideato North/Ideato South)",Hon Ugochinyere Onyinye Ikeagwuonu,Not Yet Referred,Hon Ugochinyere Onyinye Ikeagwuonu
722712bc-9320-491f-8261-73a783848de3,"Joint Revenue Board of Nigeria (Establishment) Bill, 2024",First Reading (Not Started) -> Second Reading (Not Started) -> Committee Assignment (Not Started) -> Report (Not Started) -> Third Reading/Concurrence (Not Started) -> Harmonization (Not Started) -> Assent (Not Started),,,"Executive (APC, N/A, Constituency: .)",Executive,Not Yet Referred,Executive
b17f9034-6080-401c-9678-8d670e563dfa,"Judicial Office Holders (Salaries and Allowances, etc.) Bill, 2024",First Reading (House: 2024-03-19) -> Second Reading (House: 2024-03-20) -> Committee Assignment (House: 2024-03-20) -> Report (House: 2024-03-20) -> Third Reading/Concurrence (House: 2024-03-20) -> Harmonization (Not Started) -> Assent (Not Started),2024-03-19,2024-03-20,"Executive (APC, N/A, Constituency: .)",Executive,the Whole,Executive
1dc4d108-5e22-4c00-a840-0631f81f56bb,"Labour Act (Amendment) Bill, 2023",First Reading (House: 2023-10-31) -> Second Reading (Not Started) -> Committee Assignment (Not Started) -> Report (Not Started) -> Third Reading/Concurrence (Not Started) -> Harmonization (Not Started) -> Assent (Not Started),2023-10-31,,"Hon Ibrahim Almustapha Aliyu (APC, Sokoto, Constituency: Wurno/Rabah)",Hon Ibrahim Almustapha Aliyu,Not Yet Referred,Hon Ibrahim Almustapha Aliyu
a77523f4-d41c-429e-8fe8-49a1f2ecbe59,"Labour Act (Amendment) Bill, 2023",First Reading (House: 2023-07-19) -> Second Reading (Not Started) -> Committee Assignment (Not Started) -> Report (Not Started) -> Third Reading/Concurrence (Not Started) -> Harmonization (Not Started) -> Assent (Not Started),2023-07-19,,"Hon Adewale Hameed (APC, Lagos, Constituency: Agege)",Hon Adewale Hameed,Not Yet Referred,Hon Adewale Hameed
bd1f41cb-b8b0-4669-b2aa-58403a8bea06,"Labour Act (Amendment) Bill, 2023",First Reading (House: 2023-10-10) -> Second Reading (Not Started) -> Committee Assignment (Not Started) -> Report (Not Started) -> Third Reading/Concurrence (Not Started) -> Harmonization (Not Started) -> Assent (Not Started),2023-10-10,,"Hon. Sesoo Ikpagher (APC, Benue, Constituency: Konshisha/Vandeikya)",Hon. Sesoo Ikpagher,Not Yet Referred,Hon. Sesoo Ikpagher
cea2826d-16aa-418e-bbc5-43ec53d2247e,"Labour Act (Amendment) Bill, 2023",First Reading (House: 2023-10-25) -> Second Reading (Not Started) -> Committee Assignment (Not Started) -> Report (Not Started) -> Third Reading/Concurrence (Not Started) -> Harmonization (Not Started) -> Assent (Not Started),2023-10-25,,"Hon Sesi Whingan (APC, Lagos, Constituency: Badagry)",Hon Sesi Whingan,Not Yet Referred,Hon Sesi Whingan
8a579433-4386-4034-b661-f29a97130a43,"Labour Act (Amendment) Bill, 2024",First Reading (House: 2024-05-21) -> Second Reading (Not Started) -> Committee Assignment (Not Started) -> Report (Not Started) -> Third Reading/Concurrence (Not Started) -> Harmonization (Not Started) -> Assent (Not Started),2024-05-21,,"Chinedu Tochukwu Okere (APC, Imo, Constituency: Owerri Municipal/Owerri North/Owerri West)",Chinedu Tochukwu Okere,Not Yet Referred,Chinedu Tochukwu Okere
9c22b217-e8ef-44e0-9b7e-f0f6414bd314,"Labour Act (Amendment) Bill, 2025",First Reading (Not Started) -> Second Reading (Not Started) -> Committee Assignment (Not Started) -> Report (Not Started) -> Third Reading/Concurrence (Not Started) -> Harmonization (Not Started) -> Assent (Not Started),,,"Chike John Okafor (APC, Imo, Constituency: Ehime Mbano/Ihite-Uboma/ Obowo)",Chike John Okafor,Not Yet Referred,Chike John Okafor
f741763c-17cf-4fa3-9015-025cf7d37399,"Labour Act (Amendment) Bill, 2025",First Reading (House: 2025-05-21) -> Second Reading (Not Started) -> Committee Assignment (Not Started) -> Report (Not Started) -> Third Reading/Concurrence (Not Started) -> Harmonization (Not Started) -> Assent (Not Started),2025-05-21,,"Hon Uchenna Okonkwo (LP, Anambra, Constituency: Idemili North/Idemili South)",Hon Uchenna Okonkwo,Not Yet Referred,Hon Uchenna Okonkwo
03f0b2cf-059a-4f71-9b7e-34d2f1980fdb,"Labour Institutions (Establishment) Bill, 2023",First Reading (House: 2023-10-31) -> Second Reading (Not Started) -> Committee Assignment (Not Started) -> Report (Not Started) -> Third Reading/Concurrence (Not Started) -> Harmonization (Not Started) -> Assent (Not Started),2023-10-31,,"Hon Aliu Ademorin Kuye (APC, Lagos, Constituency: Shomolu)",Hon Aliu Ademorin Kuye,Not Yet Referred,Hon Aliu Ademorin Kuye
9b7f17c7-5b0a-4ef0-a4bc-9989ab95043b,"Lagos Megacity Development Authority Bill, 2023",First Reading (House: 2023-07-19) -> Second Reading (Not Started) -> Committee Assignment (Not Started) -> Report (Not Started) -> Third Reading/Concurrence (Not Started) -> Harmonization (Not Started) -> Concurrence (Not Started) -> Assent (Not Started),2023-07-19,,"Hon Adewale Hameed (APC, Lagos, Constituency: Agege)",Hon Adewale Hameed,Not Yet Referred,Hon Adewale Hameed
d7829aab-09bb-4cc8-a6f6-b87fc0f6d632,"Land Use Act (Amendment) Bill, 2024",First Reading (House: 2024-05-22) -> Second Reading (Not Started) -> Committee Assignment (Not Started) -> Report (Not Started) -> Third Reading/Concurrence (Not Started) -> Harmonization (Not Started) -> Assent (Not Started),2024-05-22,,"Hon Ugochinyere Onyinye Ikeagwuonu (PDP, Imo, Constituency: Ideato North/Ideato South)",Hon Ugochinyere Onyinye Ikeagwuonu,Not Yet Referred,Hon Ugochinyere Onyinye Ikeagwuonu
be61aad6-2858-413f-b88d-1eb9b7af75d6,"Landscape Architects (Registration, etc) Bill, 2023",First Reading (House: 2023-10-19) -> Second Reading (House: 2023-11-23) -> Committee Assignment (House: 2023-11-23) -> Report (Not Started) -> Third Reading/Concurrence (Not Started) -> Harmonization (Not Started) -> Assent (Not Started),2023-10-19,2023-11-23,"Hon Benjamin Kalu (APC, Abia, Constituency: Bende)",Hon Benjamin Kalu,the Whole,Hon Benjamin Kalu
71e36889-a3a9-4228-89c7-2d822b2ef682,"Landscape Architects (Registration, etc) Bill, 2025",First Reading (Not Started) -> Second Reading (Not Started) -> Committee Assignment (Not Started) -> Report (Not Started) -> Third Reading/Concurrence (Not Started) -> Harmonization (Not Started) -> Assent (Not Started),,,"Hon Ahmadu Usman Jaha (APC, Borno, Constituency: Damboa/Gwoza/Chibok); Chris Nkwonta (PDP, Abia, Constituency: Ukwa East/Ukwa West); Hon Olusola Steve Fatoba (APC, Ekiti, Constituency: Ado Ekiti/Irepodun/Ifelodun); Patrick Umoh (APC, Akwa Ibom, Constituency: Ikot Ekpene/Essien Udim/ Obot Akara); Hon Abubakar Hassan Nalaraba (APC, Nasarawa, Constituency: Awe/Doma/Keana); Hon Mohammed Bello El-Rufai (APC, Kaduna, Constituency: Kaduna North); Hon Osi Kama Nkemkanma (LP, Ebonyi, Constituency: Ivo-Ohaozara/Onicha); Hon Joseph Bassey (APC, Cross River, Constituency: Calabar South/Akpabuyo/ Bakassi); Hon Benjamin Kalu (APC, Abia, Constituency: Bende)",Hon Ahmadu Usman Jaha; Chris Nkwonta; Hon Olusola Steve Fatoba; Patrick Umoh; Hon Abubakar Hassan Nalaraba; Hon Mohammed Bello El-Rufai; Hon Osi Kama Nkemkanma; Hon Joseph Bassey; Hon Benjamin Kalu,Not Yet Referred,Hon Ahmadu Usman Jaha
0b9aa276-9120-42cf-ad67-566d42aae1d9,"Legal Aid Act (Amendment) Bill, 2023",First Reading (House: 2023-07-18) -> Second Reading (Not Started) -> Committee Assignment (Not Started) -> Report (Not Started) -> Third Reading/Concurrence (Not Started) -> Harmonization (Not Started) -> Concurrence (Not Started) -> Assent (Not Started),2023-07-18,,"Hon Benjamin Kalu (APC, Abia, Constituency: Bende)",Hon Benjamin Kalu,Not Yet Referred,Hon Benjamin Kalu
fa75ea6a-9031-4f06-9fed-594445a6ba9f,"Legal Aid Act (Amendment) Bill, 2023",First Reading (House: 2023-10-10) -> Second Reading (Not Started) -> Committee Assignment (Not Started) -> Report (Not Started) -> Third Reading/Concurrence (Not Started) -> Harmonization (Not Started) -> Assent (Not Started),2023-10-10,,"Hon Ime Bassey Okon (PDP, Akwa Ibom, Constituency: Itu/Ibiono Ibom)",Hon Ime Bassey Okon,Not Yet Referred,Hon Ime Bassey Okon
a01d0731-823b-48e8-9b77-70636c656e77,"Legal Aid Act (Amendment) Bill, 2024.",First Reading (Not Started) -> Second Reading (Not Started) -> Committee Assignment (Not Started) -> Report (Not Started) -> Third Reading/Concurrence (Not Started) -> Harmonization (Not Started) -> Assent (Not Started),,,"Hon Akintunde Rotimi (APC, Ekiti, Constituency: Ikole/Oye)",Hon Akintunde Rotimi,Not Yet Referred,Hon Akintunde Rotimi
3693fcee-1d74-4dd2-b27d-5ccb83e8feaf,"Legal Practitioner ACT, CAP L11, LFN - Persons to be Qualified for the Position of Senior Advocate of Nigeria 2004",First Reading (Not Started) -> Second Reading (Not Started) -> Committee Assignment (Not Started) -> Report (Not Started) -> Third Reading/Concurrence (Not Started) -> Harmonization (Not Started) -> Assent (Not Started),,,"Hon Abdulmumin Ari Mohammed (APC, Nasarawa, Constituency: Nassarawa/Toto)",Hon Abdulmumin Ari Mohammed,Not Yet Referred,Hon Abdulmumin Ari Mohammed
df345c94-448e-42cb-a594-204c31d6cc55,"Legal Practitioners Act (Amendment) Bill, 2023",First Reading (House: 2023-07-18) -> Second Reading (Not Started) -> Committee Assignment (Not Started) -> Report (Not Started) -> Third Reading/Concurrence (Not Started) -> Harmonization (Not Started) -> Assent (Not Started),2023-07-18,,"Hon Francis Ejiroghene Waive (APC, Delta, Constituency: Ughelli North, Ughelli South/Udu)",Hon Francis Ejiroghene Waive,Not Yet Referred,Hon Francis Ejiroghene Waive
b006cd9e-d1ff-48fa-a817-ca5fbc7c9670,"Legal Practitioners’ Act (Repeal and Enactment) Bill, 2025",First Reading (House: 2025-12-10) -> Second Reading (Not Started) -> Committee Assignment (Not Started) -> Report (Not Started) -> Third Reading/Concurrence (Not Started) -> Harmonization (Not Started) -> Assent (Not Started),2025-12-10,,"Executive (APC, N/A, Constituency: .)",Executive,Not Yet Referred,Executive
84831361-fdfb-4a05-bc0a-8520e239ba18,"Legislative House (Power and Privileges) Act (Amendment) Bill, 2023",First Reading (House: 2023-10-12) -> Second Reading (House: 2023-11-09) -> Committee Assignment (House: 2023-11-09) -> Report (Not Started) -> Third Reading/Concurrence (Not Started) -> Harmonization (Not Started) -> Assent (Not Started),2023-10-12,2023-11-09,"Hon Benjamin Kalu (APC, Abia, Constituency: Bende)",Hon Benjamin Kalu,the Whole,Hon Benjamin Kalu
98855f4e-ac7f-4d7c-b1d6-bdab87aa7059,"Legislative Houses (Powers and Privileges) Act (Amendment) Bill, 2025",First Reading (House: 2025-07-03) -> Second Reading (Not Started) -> Committee Assignment (Not Started) -> Report (Not Started) -> Third Reading/Concurrence (Not Started) -> Harmonization (Not Started) -> Assent (Not Started),2025-07-03,,"Hon Aminu Jamo Daura (APC, Katsina, Constituency: Daura/Sandamu/Mai’adua)",Hon Aminu Jamo Daura,Not Yet Referred,Hon Aminu Jamo Daura
55655631-069a-45fe-8960-ca123d775a9e,"Librarians (Registration, etc.) Council of Nigeria Act (Amendment) Bill, 2023",First Reading (House: 2023-10-25) -> Second Reading (Not Started) -> Committee Assignment (Not Started) -> Report (Not Started) -> Third Reading/Concurrence (Not Started) -> Harmonization (Not Started) -> Assent (Not Started),2023-10-25,,"Hon Dennis Idahosa (APC, Edo, Constituency: Ovia North East/Ovia South West)",Hon Dennis Idahosa,Not Yet Referred,Hon Dennis Idahosa
44f8581f-a850-4dd2-b5d8-5485c983884e,"Lithium Development Commission (Establishment) Bill, 2025",First Reading (Not Started) -> Second Reading (Not Started) -> Committee Assignment (Not Started) -> Report (Not Started) -> Third Reading/Concurrence (Not Started) -> Harmonization (Not Started) -> Assent (Not Started),,,"Hon. Victor Obuzor (PDP, Rivers, Constituency: Ahoada West/Ogba Egbema)",Hon. Victor Obuzor,Not Yet Referred,Hon. Victor Obuzor
3fef7933-7b1f-48a2-b97d-11eb830945ae,"Local Industry (First Option) Patronage Bill, 2023",First Reading (House: 2023-07-12) -> Second Reading (Not Started) -> Committee Assignment (Not Started) -> Report (Not Started) -> Third Reading/Concurrence (Not Started) -> Harmonization (Not Started) -> Assent (Not Started),2023-07-12,,"Hon Obinna Aguocha (LP, Abia, Constituency: Umuahia North/ Umuahia South/ Ikwuano)",Hon Obinna Aguocha,Not Yet Referred,Hon Obinna Aguocha
ae3c51da-854e-49fd-a884-e4b5ae3d64f8,"Local Industry Patronage Bill, 2023",First Reading (House: 2023-11-28) -> Second Reading (Not Started) -> Committee Assignment (Not Started) -> Report (Not Started) -> Third Reading/Concurrence (Not Started) -> Harmonization (Not Started) -> Assent (Not Started),2023-11-28,,"Hon Nnamdi Ezechi (PDP, Delta, Constituency: Nkokwa East/Ndokwa West/ Ukwuani)",Hon Nnamdi Ezechi,Not Yet Referred,Hon Nnamdi Ezechi
ffe13c43-7b86-488d-9cde-9d1773bd847e,"Local Industry Patronage Bill, 2024",First Reading (House: 2024-05-21) -> Second Reading (Not Started) -> Committee Assignment (Not Started) -> Report (Not Started) -> Third Reading/Concurrence (Not Started) -> Harmonization (Not Started) -> Assent (Not Started),2024-05-21,,"Hon Jesse Okey-Joe Onuakachi (LP, Lagos, Constituency: Oshodi/Isolo II)",Hon Jesse Okey-Joe Onuakachi,Not Yet Referred,Hon Jesse Okey-Joe Onuakachi
b78383e4-f71a-4458-b06e-44d3fbcf702e,"Maize Export Prohibition Bill, 2024",First Reading (House: 2024-06-05) -> Second Reading (House: 2024-06-06) -> Committee Assignment (House: 2024-06-06) -> Report (House: 2024-06-11) -> Third Reading/Concurrence (House: 2024-06-27) -> Harmonization (Not Started) -> Assent (Not Started),2024-06-05,2024-06-06,"Hon Babajimi Adegoke Benson (APC, Lagos, Constituency: Ikorodu)",Hon Babajimi Adegoke Benson,the Whole,Hon Babajimi Adegoke Benson
33750ce9-4031-4539-ae79-e7868c375c81,"Mandatory Inclusion of Preventive Measures and Teachings on Sexual Gender Based Violence into the Curriculum of all Levels of Secondary Schools in Nigeria Bill, 2023",First Reading (House: 2023-10-04) -> Second Reading (House: 2024-02-29) -> Committee Assignment (House: 2024-02-29) -> Report (House: 2024-03-06) -> Third Reading/Concurrence (House: 2024-03-07) -> Harmonization (Not Started) -> Assent (Not Started),2023-10-04,2024-02-29,"Hon Julius Ihonvbere (APC, Edo, Constituency: Owan East/Owan West)",Hon Julius Ihonvbere,the Whole,Hon Julius Ihonvbere
84849dc5-3465-4df9-8fc2-c081249a4153,"Mandatory Inclusion of Teachings on Breast and Cervical Cancers into the Curriculum of all Senior Secondary Schools in Nigeria Bill, 2023",First Reading (House: 2023-10-04) -> Second Reading (House: 2024-02-29) -> Committee Assignment (House: 2024-02-29) -> Report (House: 2024-02-06) -> Third Reading/Concurrence (House: 2024-03-07) -> Harmonization (Not Started) -> Assent (Not Started),2023-10-04,2024-02-29,"Hon Julius Ihonvbere (APC, Edo, Constituency: Owan East/Owan West)",Hon Julius Ihonvbere,the Whole,Hon Julius Ihonvbere
f7f6c153-4096-40f6-b3f3-d3aaa249d369,"Mandatory Installation of Surveillance Cameras in Public Places in the Federal Capital Territory Bill, 2025",First Reading (Not Started) -> Second Reading (Not Started) -> Committee Assignment (Not Started) -> Report (Not Started) -> Third Reading/Concurrence (Not Started) -> Harmonization (Not Started) -> Assent (Not Started),,,"Hon Nicholas Ebomo Mutu (PDP, Delta, Constituency: Bomadi/Patani)",Hon Nicholas Ebomo Mutu,Not Yet Referred,Hon Nicholas Ebomo Mutu
8c9c2a16-a14c-4b28-af01-5f9047bd47c5,"Maritime Security Agency (Establishment) Bill, 2023",First Reading (House: 2023-10-25) -> Second Reading (Not Started) -> Committee Assignment (Not Started) -> Report (Not Started) -> Third Reading/Concurrence (Not Started) -> Harmonization (Not Started) -> Assent (Not Started),2023-10-25,,"Hon Pascal Agbodike (APGA, Anambra, Constituency: Ihiala)",Hon Pascal Agbodike,Not Yet Referred,Hon Pascal Agbodike
32deecc6-8400-4429-8677-5252a6940b01,"Maritime Security Operations Co-Coordinating Brand Act (Amendment) Bill, 2023",First Reading (House: 2023-07-11) -> Second Reading (Not Started) -> Committee Assignment (Not Started) -> Report (Not Started) -> Third Reading/Concurrence (Not Started) -> Harmonization (Not Started) -> Assent (Not Started),2023-07-11,,"Hon Gagdi Adamu Yusuf (APC, Plateau, Constituency: Kanke/Pankshin/Kanam)",Hon Gagdi Adamu Yusuf,Not Yet Referred,Hon Gagdi Adamu Yusuf
1b7cd5e0-6aef-4275-85cf-9de80f288660,"Marriage Act (Amendment) Bill, 2024",First Reading (House: 2024-05-22) -> Second Reading (Not Started) -> Committee Assignment (Not Started) -> Report (Not Started) -> Third Reading/Concurrence (Not Started) -> Harmonization (Not Started) -> Assent (Not Started),2024-05-22,,"Abubakar Yahaya Kusada (APC, Katsina, Constituency: Ingawa/Kankia/Kusada)",Abubakar Yahaya Kusada,Not Yet Referred,Abubakar Yahaya Kusada
83fcbde1-2401-4789-97d1-c4819167cb07,"Matrimonial Causes Act (Amendment) Bill, 2025",First Reading (House: 2025-07-03) -> Second Reading (Not Started) -> Committee Assignment (Not Started) -> Report (Not Started) -> Third Reading/Concurrence (Not Started) -> Harmonization (Not Started) -> Assent (Not Started),2025-07-03,,"Hon. Akingbaso Festus Olanrewaju (APC, Ondo, Constituency: Idanre/Ifedore)",Hon. Akingbaso Festus Olanrewaju,Not Yet Referred,Hon. Akingbaso Festus Olanrewaju
a0e988c8-5f65-4a95-839e-243c46498ffb,"Mederal Medical Centre, Ugwuaji Awkunanaw, Enugu State (Establishment) Bill, 2023",First Reading (House: 2023-10-03) -> Second Reading (House: 2023-11-23) -> Committee Assignment (House: 2023-11-23) -> Report (House: 2024-07-11) -> Third Reading/Concurrence (Not Started) -> Harmonization (Not Started) -> Assent (Not Started),2023-10-03,2023-11-23,"Chimaobi Sam Atu (LP, Enugu, Constituency: Enugu North/Enugu South)",Chimaobi Sam Atu,Health Institutions,Chimaobi Sam Atu
f01fae4d-f5dd-4f8e-befb-1f5321f97e5b,"Medical and Dental Council of Nigeria Act (Repeal and Enactment) Bill, 2023",First Reading (House: 2023-12-19) -> Second Reading (House: 2023-12-20) -> Committee Assignment (House: 2023-12-20) -> Report (House: 2024-07-11) -> Third Reading/Concurrence (House: 2024-07-11) -> Harmonization (Not Started) -> Assent (Not Started),2023-12-19,2023-12-20,"Hon Francis Ejiroghene Waive (APC, Delta, Constituency: Ughelli North, Ughelli South/Udu)",Hon Francis Ejiroghene Waive,the Whole,Hon Francis Ejiroghene Waive
39cdb437-e421-440d-83e6-1011ed261b28,"Medical and Dental Practitioners Act (Amendment) Bill, 2023",First Reading (House: 2023-11-09) -> Second Reading (Not Started) -> Committee Assignment (Not Started) -> Report (Not Started) -> Third Reading/Concurrence (Not Started) -> Harmonization (Not Started) -> Assent (Not Started),2023-11-09,,"Hon Emmanuel Effiong Ukpong-udo (PDP, Akwa Ibom, Constituency: Ikono/Ini)",Hon Emmanuel Effiong Ukpong-udo,Not Yet Referred,Hon Emmanuel Effiong Ukpong-udo
579fe023-f5c9-41a2-9c36-7d382580c821,"Medical and Dental Practitioners Act (Amendment) Bill, 2024",First Reading (House: 2024-07-18) -> Second Reading (Not Started) -> Committee Assignment (Not Started) -> Report (Not Started) -> Third Reading/Concurrence (Not Started) -> Harmonization (Not Started) -> Assent (Not Started),2024-07-18,,"Hon Paul Asuquo Ekpo (PDP, Akwa Ibom, Constituency: Etinan/Nsit Ibom/Nsit ubium)",Hon Paul Asuquo Ekpo,Not Yet Referred,Hon Paul Asuquo Ekpo
0cc7d92f-7608-461c-be9e-558168b2310f,"Medical and Dental Practitioners Act (Repeal and Enactment) Bill, 2026",First Reading (House: 2026-03-11) -> Second Reading (Not Started) -> Committee Assignment (Not Started) -> Report (Not Started) -> Third Reading/Concurrence (Not Started) -> Harmonization (Not Started) -> Assent (Not Started),2026-03-11,,"Executive (APC, N/A, Constituency: .)",Executive,Not Yet Referred,Executive
4c8bd14c-a4fe-44ac-93d7-52bdb5fe4ef1,"Medical Laboratory Science Council of Nigeria Act (Amendment) Bill, 2026",First Reading (House: 2026-03-12) -> Second Reading (Not Started) -> Committee Assignment (Not Started) -> Report (Not Started) -> Third Reading/Concurrence (Not Started) -> Harmonization (Not Started) -> Assent (Not Started),2026-03-12,,"Executive (APC, N/A, Constituency: .)",Executive,Not Yet Referred,Executive
9d4b30b0-15f9-4ded-b00c-deee48325a13,"Medical Physics Regulatory Council of Nigeria, 1999 (Establishment) Bill, 2024",First Reading (House: 2024-05-21) -> Second Reading (Not Started) -> Committee Assignment (Not Started) -> Report (Not Started) -> Third Reading/Concurrence (Not Started) -> Harmonization (Not Started) -> Assent (Not Started),2024-05-21,,"Hon Ibrahim Almustapha Aliyu (APC, Sokoto, Constituency: Wurno/Rabah)",Hon Ibrahim Almustapha Aliyu,Not Yet Referred,Hon Ibrahim Almustapha Aliyu
32143ae1-f1d3-47e4-97d0-c234213cf4fe,"Medical Rehabilitation Therapists (Registration, Etc.) Act (Amendment) Bill, 2026",First Reading (House: 2026-03-12) -> Second Reading (Not Started) -> Committee Assignment (Not Started) -> Report (Not Started) -> Third Reading/Concurrence (Not Started) -> Harmonization (Not Started) -> Assent (Not Started),2026-03-12,,"Executive (APC, N/A, Constituency: .)",Executive,Not Yet Referred,Executive
12340b12-7bbd-4d24-bab2-aeb5bbf1b2a9,"Merchant Shipping Act (Amendment) Bill, 2024",First Reading (House: 2024-07-11) -> Second Reading (Not Started) -> Committee Assignment (Not Started) -> Report (Not Started) -> Third Reading/Concurrence (Not Started) -> Harmonization (Not Started) -> Assent (Not Started),2024-07-11,,"Hon Francis Ejiroghene Waive (APC, Delta, Constituency: Ughelli North, Ughelli South/Udu)",Hon Francis Ejiroghene Waive,Not Yet Referred,Hon Francis Ejiroghene Waive
bbe59b01-209a-4aae-8715-1ea7dcd181be,"Metallurgical and Materials Engineers and Scientists Registration Bill, 2025.",First Reading (Not Started) -> Second Reading (Not Started) -> Committee Assignment (Not Started) -> Report (Not Started) -> Third Reading/Concurrence (Not Started) -> Harmonization (Not Started) -> Assent (Not Started),,,"Hon. Alfred Ajang Iliya (APC, Plateau, Constituency: Jos South/Jos East); Hon Julius Ihonvbere (APC, Edo, Constituency: Owan East/Owan West); Hon Paul Nnamchi (LP, Enugu, Constituency: Enugu East/Isi Uzo); Hon Inuwa Garba (PDP, Gombe, Constituency: Yamaltu/Deba); Hon Aminu Jaji (APC, Zamfara, Constituency: Kaura-Namoda/Birnin Magaji); Hon Abdulmalik Zubairu (APC, Zamfara, Constituency: Bungudu/Maru); John Moenwul Dafaan (APC, Plateau, Constituency: Mikang/Qua’an/Pan/Shedam); Garba Ibrahim Muhammad (NNPP, Kano, Constituency: Gwale); Dalyop Chollom Fom (LP, Plateau, Constituency: Barkin Ladi/Riyom); Hon Befford Onwuegbu Anayo (APC, Enugu, Constituency: Aninri/Awgu/Oji River); Hon. Sadiq Ango Abdullahi (APC, Kaduna, Constituency: Sabon Gari); Hon Nnolim John Nnaji (APC, Enugu, Constituency: Nkanu East/Nkanu West); Hon Ime Bassey Okon (PDP, Akwa Ibom, Constituency: Itu/Ibiono Ibom); Hon Ahmed Doro Yusuf (APC, Katsina, Constituency: Bindawa/Mani); Chimaobi Sam Atu (LP, Enugu, Constituency: Enugu North/Enugu South)",Hon. Alfred Ajang Iliya; Hon Julius Ihonvbere; Hon Paul Nnamchi; Hon Inuwa Garba; Hon Aminu Jaji; Hon Abdulmalik Zubairu; John Moenwul Dafaan; Garba Ibrahim Muhammad; Dalyop Chollom Fom; Hon Befford Onwuegbu Anayo; Hon. Sadiq Ango Abdullahi; Hon Nnolim John Nnaji; Hon Ime Bassey Okon; Hon Ahmed Doro Yusuf; Chimaobi Sam Atu,Not Yet Referred,Hon. Alfred Ajang Iliya
f14be73f-af2d-4abc-83ed-91e8a13832ea,"Michael Okpara University Teaching Hospital (Establishment) Bill, 2023",First Reading (House: 2023-07-18) -> Second Reading (Not Started) -> Committee Assignment (Not Started) -> Report (Not Started) -> Third Reading/Concurrence (Not Started) -> Harmonization (Not Started) -> Concurrence (Not Started) -> Assent (Not Started),2023-07-18,,"Hon Benjamin Kalu (APC, Abia, Constituency: Bende)",Hon Benjamin Kalu,Not Yet Referred,Hon Benjamin Kalu
63acca17-5b57-4077-8c2c-358a2f5aa78e,"Michael Okpara University, Umudike (Establishment) Bill, 2023",First Reading (House: 2023-07-18) -> Second Reading (Not Started) -> Committee Assignment (Not Started) -> Report (Not Started) -> Third Reading/Concurrence (Not Started) -> Harmonization (Not Started) -> Concurrence (Not Started) -> Assent (Not Started),2023-07-18,,"Hon Benjamin Kalu (APC, Abia, Constituency: Bende)",Hon Benjamin Kalu,Not Yet Referred,Hon Benjamin Kalu
56248baa-6075-454f-b360-795e66171b00,"Minerals and Mining Act (Amendment) Bill, 2023",First Reading (House: 2023-11-01) -> Second Reading (Not Started) -> Committee Assignment (Not Started) -> Report (Not Started) -> Third Reading/Concurrence (Not Started) -> Harmonization (Not Started) -> Assent (Not Started),2023-11-01,,"Chimaobi Sam Atu (LP, Enugu, Constituency: Enugu North/Enugu South)",Chimaobi Sam Atu,Not Yet Referred,Chimaobi Sam Atu
892ca741-a66d-45cd-952d-3b87f5176f42,"Minerals and Mining Act (Amendment) Bill, 2023",First Reading (House: 2023-07-26) -> Second Reading (Not Started) -> Committee Assignment (Not Started) -> Report (Not Started) -> Third Reading/Concurrence (Not Started) -> Harmonization (Not Started) -> Concurrence (Not Started) -> Assent (Not Started),2023-07-26,,"Hon Osi Kama Nkemkanma (LP, Ebonyi, Constituency: Ivo-Ohaozara/Onicha)",Hon Osi Kama Nkemkanma,Not Yet Referred,Hon Osi Kama Nkemkanma
cff03ff7-3666-4ba4-8463-877a21a00912,"Minimum Qualification for Patent and Proprietary Medicine Vendors Bill, 2023",First Reading (House: 2023-10-10) -> Second Reading (Not Started) -> Committee Assignment (Not Started) -> Report (Not Started) -> Third Reading/Concurrence (Not Started) -> Harmonization (Not Started) -> Assent (Not Started),2023-10-10,,"Hon Amos Gwamna Magaji (APC, Kaduna, Constituency: Zangon Kataf/Jaba)",Hon Amos Gwamna Magaji,Not Yet Referred,Hon Amos Gwamna Magaji
294907c7-77e1-462f-84be-a8431aa199b7,"Mining Intelligence and Security Enhancement Bill, 2023",First Reading (House: 2023-11-01) -> Second Reading (Not Started) -> Committee Assignment (Not Started) -> Report (Not Started) -> Third Reading/Concurrence (Not Started) -> Harmonization (Not Started) -> Assent (Not Started),2023-11-01,,"Hon Uchenna Okonkwo (LP, Anambra, Constituency: Idemili North/Idemili South)",Hon Uchenna Okonkwo,Not Yet Referred,Hon Uchenna Okonkwo
13c8c987-6b0f-400e-b53d-de8b5089159f,"Mining Public-Private Partnership (Est) Bill, 2023",First Reading (House: 2023-07-26) -> Second Reading (Not Started) -> Committee Assignment (Not Started) -> Report (Not Started) -> Third Reading/Concurrence (Not Started) -> Harmonization (Not Started) -> Assent (Not Started),2023-07-26,,"Hon Lanre Okunlola (APC, Lagos, Constituency: Surulere II)",Hon Lanre Okunlola,Not Yet Referred,Hon Lanre Okunlola
a434671c-fe10-41a5-b2b6-8bfe53c4f326,"Ministry of Finance incorporated Act (Repeal and Enactment) Bill, 2023",First Reading (House: 2023-11-23) -> Second Reading (Not Started) -> Committee Assignment (Not Started) -> Report (Not Started) -> Third Reading/Concurrence (Not Started) -> Harmonization (Not Started) -> Assent (Not Started),2023-11-23,,"Hon Aliu Ademorin Kuye (APC, Lagos, Constituency: Shomolu)",Hon Aliu Ademorin Kuye,Not Yet Referred,Hon Aliu Ademorin Kuye
b185eded-1c6f-401e-938e-516ccfd104a7,"Ministry of Finance Incorporated Act (Repeal and Enactment) Bill, 2023",First Reading (House: 2023-10-24) -> Second Reading (Not Started) -> Committee Assignment (Not Started) -> Report (Not Started) -> Third Reading/Concurrence (Not Started) -> Harmonization (Not Started) -> Assent (Not Started),2023-10-24,,"Hon Aliu Ademorin Kuye (APC, Lagos, Constituency: Shomolu)",Hon Aliu Ademorin Kuye,Not Yet Referred,Hon Aliu Ademorin Kuye
d6322b0d-c4c1-4c8f-9e23-a883ff5caf6d,"Monitoring and Control of Instruments Bill, 2023",First Reading (House: 2023-07-27) -> Second Reading (Not Started) -> Committee Assignment (Not Started) -> Report (Not Started) -> Third Reading/Concurrence (Not Started) -> Harmonization (Not Started) -> Assent (Not Started),2023-07-27,,"Hon Agbedi Yeitiemone Frederick (PDP, Bayelsa, Constituency: Sagbama/Ekeremor)",Hon Agbedi Yeitiemone Frederick,Not Yet Referred,Hon Agbedi Yeitiemone Frederick
dcf11084-a506-4a33-9bf9-11bd90d51703,"NAFDAC Act (Amendment) Bill, 2025",First Reading (House: 2025-12-10) -> Second Reading (Not Started) -> Committee Assignment (Not Started) -> Report (Not Started) -> Third Reading/Concurrence (Not Started) -> Harmonization (Not Started) -> Assent (Not Started),2025-12-10,,"Akarachi Etinosa Tosan (APC, Imo, Constituency: Ikeduru/Mbaitoli)",Akarachi Etinosa Tosan,Not Yet Referred,Akarachi Etinosa Tosan
6a1efeab-2aed-4a6b-b984-1c3e9a8095b5,National Agency for Artisanal Petroleum Refining (Establishment) Bill 2024,First Reading (House: 2024-04-30) -> Second Reading (Not Started) -> Committee Assignment (Not Started) -> Report (Not Started) -> Third Reading/Concurrence (Not Started) -> Harmonization (Not Started) -> Assent (Not Started),2024-04-30,,"Hon Kingsley Chinda (PDP, Rivers, Constituency: Obio/Akpor)",Hon Kingsley Chinda,Not Yet Referred,Hon Kingsley Chinda
c31febe9-62ae-454d-bfa8-2a36177b4c5a,"National Agency for Artisanal Petroleum Refining (Establishment) Bill, 2023",First Reading (House: 2023-07-12) -> Second Reading (Not Started) -> Committee Assignment (Not Started) -> Report (Not Started) -> Third Reading/Concurrence (Not Started) -> Harmonization (Not Started) -> Assent (Not Started),2023-07-12,,"Hon Kingsley Chinda (PDP, Rivers, Constituency: Obio/Akpor)",Hon Kingsley Chinda,Not Yet Referred,Hon Kingsley Chinda
68aae28e-8886-47f9-86e1-f475b503e91a,"National Agency for Food and drug Administration and Control Act (Amendment) Bill, 2024.",First Reading (House: 2024-06-11) -> Second Reading (Not Started) -> Committee Assignment (Not Started) -> Report (Not Started) -> Third Reading/Concurrence (Not Started) -> Harmonization (Not Started) -> Assent (Not Started),2024-06-11,,"Tarkighir Dickson Dominic (APGA, Benue, Constituency: Guma/Makurdi)",Tarkighir Dickson Dominic,Not Yet Referred,Tarkighir Dickson Dominic
14fef4ae-267e-4b67-bec9-951f59d64375,"National Agency for Food and Drug Administration and Control Act (Amendment) Bill, 2026",First Reading (House: 2026-03-12) -> Second Reading (Not Started) -> Committee Assignment (Not Started) -> Report (Not Started) -> Third Reading/Concurrence (Not Started) -> Harmonization (Not Started) -> Assent (Not Started),2026-03-12,,"Executive (APC, N/A, Constituency: .)",Executive,Not Yet Referred,Executive
8e433ffd-46b7-41ae-a9c7-896ebf80ba98,"National Agency for Food and Drug Administration and Control Act CAPN. 1, Law of the Federation of Nigeria 2024",First Reading (Not Started) -> Second Reading (Not Started) -> Committee Assignment (Not Started) -> Report (Not Started) -> Third Reading/Concurrence (Not Started) -> Harmonization (Not Started) -> Assent (Not Started),,,"Hon Abdulmumin Ari Mohammed (APC, Nasarawa, Constituency: Nassarawa/Toto)",Hon Abdulmumin Ari Mohammed,Not Yet Referred,Hon Abdulmumin Ari Mohammed
caa67bfb-aa6c-44d9-9e02-2e02e8972719,"National Agency for Food and Drugs Administration Act (Amendment) Bill, 2023",First Reading (House: 2023-11-01) -> Second Reading (Not Started) -> Committee Assignment (Not Started) -> Report (Not Started) -> Third Reading/Concurrence (Not Started) -> Harmonization (Not Started) -> Assent (Not Started),2023-11-01,,"Adedayo Samuel Adesola (APC, Lagos, Constituency: Apapa)",Adedayo Samuel Adesola,Not Yet Referred,Adedayo Samuel Adesola
7a63257f-1462-44d2-bbc4-eea11f378fba,"National Agency for Food and Drugs Administration and control Act (Amendment) Bill, 2023",First Reading (House: 2023-07-26) -> Second Reading (Not Started) -> Committee Assignment (Not Started) -> Report (Not Started) -> Third Reading/Concurrence (Not Started) -> Harmonization (Not Started) -> Assent (Not Started),2023-07-26,,"Hon Dachung Musa Bagos (PDP, Plateau, Constituency: Jos South/Jos East)",Hon Dachung Musa Bagos,Not Yet Referred,Hon Dachung Musa Bagos
60b33558-b085-49a4-b82d-6aced4beaf4b,"National Agency for Job Creation and Human Capital Development (Establishment) Bill, 2024",First Reading (House: 2024-05-07) -> Second Reading (Not Started) -> Committee Assignment (Not Started) -> Report (Not Started) -> Third Reading/Concurrence (Not Started) -> Harmonization (Not Started) -> Assent (Not Started),2024-05-07,,"Hon Bamidele Salam (PDP, Osun, Constituency: Ede North/Ede South/ Egbedore/Ejigbo)",Hon Bamidele Salam,Not Yet Referred,Hon Bamidele Salam
618ad7bb-de4d-48f5-9b91-c9b1586c88d6,"National Agency for Science and Engineering Infrastructure Act (Amendment) Bill, 2023",First Reading (House: 2023-07-27) -> Second Reading (Not Started) -> Committee Assignment (Not Started) -> Report (Not Started) -> Third Reading/Concurrence (Not Started) -> Harmonization (Not Started) -> Assent (Not Started),2023-07-27,,"Hon Sesi Whingan (APC, Lagos, Constituency: Badagry)",Hon Sesi Whingan,Not Yet Referred,Hon Sesi Whingan
a2e48928-cc5b-4f44-b14d-38894065258f,"National Agency for Technology Incubation Act (Repeal and Enactment) Bill, 2023",First Reading (House: 2023-12-20) -> Second Reading (Not Started) -> Committee Assignment (Not Started) -> Report (Not Started) -> Third Reading/Concurrence (Not Started) -> Harmonization (Not Started) -> Assent (Not Started),2023-12-20,,"Hon Jonathan Ajirioghene Ukodhiko (PDP, Delta, Constituency: Isoko North/Isoko South)",Hon Jonathan Ajirioghene Ukodhiko,Not Yet Referred,Hon Jonathan Ajirioghene Ukodhiko
4a5d563c-7c41-4354-bcce-48144c6a0ec5,"National Agency for Technology Management (Establishment) Bill, 2024",First Reading (House: 2024-05-09) -> Second Reading (House: 2024-05-21) -> Committee Assignment (House: 2024-05-21) -> Report (Not Started) -> Third Reading/Concurrence (Not Started) -> Harmonization (Not Started) -> Assent (Not Started),2024-05-09,2024-05-21,"Hon Tijjani Zannah Zakariya (APC, Yobe, Constituency: Machina/Nguru/Yusufari/ Karasuwa)",Hon Tijjani Zannah Zakariya,the Whole,Hon Tijjani Zannah Zakariya
a9e1bf55-b5bf-4784-8252-6e35ee82667c,"National Agency for the Control of Cancer (Establishment) Bill, 2023",First Reading (House: 2023-07-11) -> Second Reading (Not Started) -> Committee Assignment (Not Started) -> Report (Not Started) -> Third Reading/Concurrence (Not Started) -> Harmonization (Not Started) -> Concurrence (Not Started) -> Assent (Not Started),2023-07-11,,"Hon Aliu Ademorin Kuye (APC, Lagos, Constituency: Shomolu)",Hon Aliu Ademorin Kuye,Not Yet Referred,Hon Aliu Ademorin Kuye
66677e03-3a45-435c-8213-c080351c79c5,"National Agricultural Development Fund (Establishment) Act No. 34, 2022",First Reading (Not Started) -> Second Reading (Not Started) -> Committee Assignment (Not Started) -> Report (Not Started) -> Third Reading/Concurrence (Not Started) -> Harmonization (Not Started) -> Assent (Not Started),,,"Hon Ahmed Adamu Saba (APC, Kwara, Constituency: Edu/Moro/Pategi); Hon Bello A Kaoje (APC, Kebbi, Constituency: Bagudo/Suru)",Hon Ahmed Adamu Saba; Hon Bello A Kaoje,Not Yet Referred,Hon Ahmed Adamu Saba
37ba7049-bda9-42d7-8baf-b69625090de8,"National Agricultural Land Development Authority Act (Amendment) Bill, 2024",First Reading (House: 2024-05-22) -> Second Reading (Not Started) -> Committee Assignment (Not Started) -> Report (Not Started) -> Third Reading/Concurrence (Not Started) -> Harmonization (Not Started) -> Assent (Not Started),2024-05-22,,"Chinedu Tochukwu Okere (APC, Imo, Constituency: Owerri Municipal/Owerri North/Owerri West)",Chinedu Tochukwu Okere,Not Yet Referred,Chinedu Tochukwu Okere
f40a4be8-264d-4071-8a3f-18c5235cd853,"National Agricultural Machinery Supply and Management Agency Bill, 2024",First Reading (House: 2024-07-17) -> Second Reading (Not Started) -> Committee Assignment (Not Started) -> Report (Not Started) -> Third Reading/Concurrence (Not Started) -> Harmonization (Not Started) -> Assent (Not Started),2024-07-17,,"Hon Nnamdi Ezechi (PDP, Delta, Constituency: Nkokwa East/Ndokwa West/ Ukwuani)",Hon Nnamdi Ezechi,Not Yet Referred,Hon Nnamdi Ezechi
653fe8ba-6626-41eb-9892-66d43230fbb9,"National Agricultural Raw Materials Processing Centre, Garki Jigawa State (Establishment) Bill, 2023",First Reading (House: 2023-11-01) -> Second Reading (Not Started) -> Committee Assignment (Not Started) -> Report (Not Started) -> Third Reading/Concurrence (Not Started) -> Harmonization (Not Started) -> Assent (Not Started),2023-11-01,,"Isa Dogonyaro (APC, Jigawa, Constituency: Babura/Garki)",Isa Dogonyaro,Not Yet Referred,Isa Dogonyaro
8c81d530-8c04-4885-9cf7-ac093134d01c,"National Agricultural Research Council of Nigeria Act (Amendment) Bill, 2023",First Reading (House: 2023-11-23) -> Second Reading (Not Started) -> Committee Assignment (Not Started) -> Report (Not Started) -> Third Reading/Concurrence (Not Started) -> Harmonization (Not Started) -> Assent (Not Started),2023-11-23,,"Hon Sada Soli (APC, Katsina, Constituency: Jibia/Kaita)",Hon Sada Soli,Not Yet Referred,Hon Sada Soli
fe6f4f28-9e15-4547-b42e-63dd78612da3,"National Agriculture Commodity and Price Control Board (Establishment) Bill, 2023",First Reading (House: 2023-10-10) -> Second Reading (Not Started) -> Committee Assignment (Not Started) -> Report (Not Started) -> Third Reading/Concurrence (Not Started) -> Harmonization (Not Started) -> Assent (Not Started),2023-10-10,,"Hon Abiola Peter Makinde (APC, Ondo, Constituency: Ondo East/Ondo West)",Hon Abiola Peter Makinde,Not Yet Referred,Hon Abiola Peter Makinde
14b37653-e7f8-4024-bf92-bbe6281dfbc9,"National Anthem Bill, 2024",First Reading (House: 2024-05-23) -> Second Reading (Not Started) -> Committee Assignment (Not Started) -> Report (Not Started) -> Third Reading/Concurrence (Not Started) -> Harmonization (Not Started) -> Assent (Not Started),2024-05-23,,"Hon Julius Ihonvbere (APC, Edo, Constituency: Owan East/Owan West)",Hon Julius Ihonvbere,Not Yet Referred,Hon Julius Ihonvbere
5d273f7f-55d6-4253-ad57-09dcb127c4c3,"National Anti-Doping Agency (Establishment) Bill, 2023",First Reading (House: 2023-10-31) -> Second Reading (Not Started) -> Committee Assignment (Not Started) -> Report (Not Started) -> Third Reading/Concurrence (Not Started) -> Harmonization (Not Started) -> Assent (Not Started),2023-10-31,,"Hon Paul Nnamchi (LP, Enugu, Constituency: Enugu East/Isi Uzo)",Hon Paul Nnamchi,Not Yet Referred,Hon Paul Nnamchi
6c78684a-5ae8-48da-8aac-fdf211c058bb,"National Anti-Doping Bill, 2024",First Reading (House: 2024-05-21) -> Second Reading (House: 2024-05-23) -> Committee Assignment (House: 2024-05-23) -> Report (House: 2024-06-11) -> Third Reading/Concurrence (House: 2024-06-27) -> Harmonization (Not Started) -> Assent (Not Started),2024-05-21,2024-05-23,"Executive (APC, N/A, Constituency: .)",Executive,"Treaties, Protocol and Agreement",Executive
06541737-9a4c-4fa1-9854-26ceb440d36f,"National Apprenticeship Scheme Bill, 2023",First Reading (House: 2023-12-20) -> Second Reading (Not Started) -> Committee Assignment (Not Started) -> Report (Not Started) -> Third Reading/Concurrence (Not Started) -> Harmonization (Not Started) -> Assent (Not Started),2023-12-20,,"Hon Benjamin Kalu (APC, Abia, Constituency: Bende)",Hon Benjamin Kalu,Not Yet Referred,Hon Benjamin Kalu
2f5d44dd-f590-42fb-9f44-4ef3a50b2717,"National Apprenticeship Training Institute (Establishment) Bill, 2023",First Reading (House: 2023-11-09) -> Second Reading (Not Started) -> Committee Assignment (Not Started) -> Report (Not Started) -> Third Reading/Concurrence (Not Started) -> Harmonization (Not Started) -> Assent (Not Started),2023-11-09,,"Hon Abiola Peter Makinde (APC, Ondo, Constituency: Ondo East/Ondo West)",Hon Abiola Peter Makinde,Not Yet Referred,Hon Abiola Peter Makinde
33542804-2548-48cc-9f61-a0c7a36af909,"National Artificial Intelligence and Robotic Sciences (Establishment) Bill, 2023",First Reading (House: 2023-10-12) -> Second Reading (Not Started) -> Committee Assignment (Not Started) -> Report (Not Started) -> Third Reading/Concurrence (Not Started) -> Harmonization (Not Started) -> Assent (Not Started),2023-10-12,,"Hon Ibrahim Ayokunle Isiaka (APC, Ogun, Constituency: Ifo/Ewekoro); Hon Benjamin Kalu (APC, Abia, Constituency: Bende)",Hon Ibrahim Ayokunle Isiaka; Hon Benjamin Kalu,Not Yet Referred,Hon Ibrahim Ayokunle Isiaka
68939bc2-5954-41a8-bf6c-6cf96302a85a,"National Assembly Budget and Research Office (NABRO) (Establishment) Bill, 2023",First Reading (House: 2023-10-12) -> Second Reading (House: 2023-11-23) -> Committee Assignment (House: 2023-11-23) -> Report (House: 2023-12-20) -> Third Reading/Concurrence (House: 2023-12-21) -> Harmonization (Not Started) -> Assent (Not Started),2023-10-12,2023-11-23,"Hon Benjamin Kalu (APC, Abia, Constituency: Bende)",Hon Benjamin Kalu,the Whole,Hon Benjamin Kalu
3e4c8370-a95a-40ca-b93f-8da8d6465b33,"National Assembly Infrastructure and Property Agency (Est.) Bill, 2025",First Reading (Senate: 2026-05-06) -> Second Reading (House: 2025-02-18) -> Committee Assignment (House: 2025-02-18) -> Report (Not Started) -> Third Reading/Concurrence (House: 2026-03-12) -> Harmonization (Not Started) -> Assent (Not Started),2026-05-06,2025-02-18,"Daniel Amos (APC, Kaduna, Constituency: Jema’a/Sanga); Daniel Asama Ago (APC, Plateau, Constituency: Jos North/Bassa); Hon Tajudeen Abbas (APC, Kaduna, Constituency: Zaria)",Daniel Amos; Daniel Asama Ago; Hon Tajudeen Abbas,House Services,Daniel Amos
85b6b049-38bc-4612-8521-4742711c6210,"National Assembly Library Trust Fund Act (Amendment) Bill, 2024",First Reading (House: 2024-03-13) -> Second Reading (House: 2024-03-14) -> Committee Assignment (House: 2024-03-14) -> Report (House: 2024-03-20) -> Third Reading/Concurrence (House: 2024-03-20) -> Harmonization (Not Started) -> Assent (Not Started),2024-03-13,2024-03-14,"Hon Julius Ihonvbere (APC, Edo, Constituency: Owan East/Owan West)",Hon Julius Ihonvbere,"Legislative Library, Research and Documentation",Hon Julius Ihonvbere
2ad9f688-ddba-4a4a-9617-f7b687681056,"National Assembly Security Service (Establishment) Bill, 2024",First Reading (House: 2024-09-26) -> Second Reading (Not Started) -> Committee Assignment (Not Started) -> Report (Not Started) -> Third Reading/Concurrence (Not Started) -> Harmonization (Not Started) -> Assent (Not Started),2024-09-26,,"Hon Akintunde Rotimi (APC, Ekiti, Constituency: Ikole/Oye)",Hon Akintunde Rotimi,Not Yet Referred,Hon Akintunde Rotimi
64cd4052-2d23-4c3c-9658-2150463bf9b7,"National Assembly Service Bill, 2025",First Reading (House: 2025-02-05) -> Second Reading (Not Started) -> Committee Assignment (Not Started) -> Report (Not Started) -> Third Reading/Concurrence (House: 2026-03-12) -> Harmonization (Not Started) -> Assent (Not Started),2025-02-05,,"Hon Tajudeen Abbas (APC, Kaduna, Constituency: Zaria)",Hon Tajudeen Abbas,Public Service Matters,Hon Tajudeen Abbas
a2696e0b-8a5c-408f-b8b9-b1bdfd72cff0,"National Assembly Service Pension Board Act (Amendment) Bill, 2025",First Reading (Not Started) -> Second Reading (House: 2025-05-20) -> Committee Assignment (House: 2025-05-20) -> Report (House: 2025-11-13) -> Third Reading/Concurrence (House: 2026-03-12) -> Harmonization (Not Started) -> Assent (Not Started),,2025-05-20,"Hon Tajudeen Abbas (APC, Kaduna, Constituency: Zaria)",Hon Tajudeen Abbas,Public Service Matters,Hon Tajudeen Abbas
827a1886-832e-47ac-84e4-a881cd43d287,"National Bio-Technology Research Institute Kauru, Kaduna State Bill, 2025",First Reading (Not Started) -> Second Reading (Not Started) -> Committee Assignment (Not Started) -> Report (Not Started) -> Third Reading/Concurrence (Not Started) -> Harmonization (Not Started) -> Assent (Not Started),,,"Mukhtar Umar Zakari (NNPP, Kano, Constituency: Tarauni)",Mukhtar Umar Zakari,Not Yet Referred,Mukhtar Umar Zakari
0539dfb5-7bc4-471a-bab3-4d7c109dc886,"National Blood Service Agency Act (Amendment) Bill, 2026",First Reading (House: 2026-03-12) -> Second Reading (Not Started) -> Committee Assignment (Not Started) -> Report (Not Started) -> Third Reading/Concurrence (Not Started) -> Harmonization (Not Started) -> Assent (Not Started),2026-03-12,,"Executive (APC, N/A, Constituency: .)",Executive,Not Yet Referred,Executive
900781d9-1825-410f-9fb1-6e35caccdcff,"National Board for Arabic and Islamic Studies (NBAIS) (Establishment) Bill, 2024",First Reading (House: 2024-06-05) -> Second Reading (House: 2024-07-18) -> Committee Assignment (House: 2024-07-18) -> Report (Not Started) -> Third Reading/Concurrence (Senate: 2025-11-11) -> Harmonization (Not Started) -> Assent (Not Started),2024-06-05,2024-07-18,"Hon Adewunmi Oriyomi Onanuga (APC, Ogun, Constituency: Ikenne/Sagamu/Remo North)",Hon Adewunmi Oriyomi Onanuga,the Whole,Hon Adewunmi Oriyomi Onanuga
36b3e470-b0bf-40f7-88be-d9b2428c2456,"National Board for Technical Education Act (Amendment) Bill, 2023",First Reading (House: 2023-07-27) -> Second Reading (Not Started) -> Committee Assignment (Not Started) -> Report (Not Started) -> Third Reading/Concurrence (Not Started) -> Harmonization (Not Started) -> Assent (Not Started),2023-07-27,,"Hon Agbedi Yeitiemone Frederick (PDP, Bayelsa, Constituency: Sagbama/Ekeremor)",Hon Agbedi Yeitiemone Frederick,Not Yet Referred,Hon Agbedi Yeitiemone Frederick
7a99de96-6d85-4261-9783-18272cf3dac5,"National Board for Technical Education Act (Amendment) Bill, 2023",First Reading (House: 2023-07-27) -> Second Reading (Not Started) -> Committee Assignment (Not Started) -> Report (Not Started) -> Third Reading/Concurrence (Not Started) -> Harmonization (Not Started) -> Assent (Not Started),2023-07-27,,"Hon Saidu Musa Abdullahi (APC, Niger, Constituency: Bida/Gbako/Katcha)",Hon Saidu Musa Abdullahi,Not Yet Referred,Hon Saidu Musa Abdullahi
1eb84d18-35c9-4faa-8bc6-6f52b12c10bd,"National Broadcasting Commission (Amendment) Bill, 2023",First Reading (House: 2023-07-27) -> Second Reading (Not Started) -> Committee Assignment (Not Started) -> Report (Not Started) -> Third Reading/Concurrence (Not Started) -> Harmonization (Not Started) -> Assent (Not Started),2023-07-27,,"Hon Dachung Musa Bagos (PDP, Plateau, Constituency: Jos South/Jos East)",Hon Dachung Musa Bagos,Not Yet Referred,Hon Dachung Musa Bagos
40b71640-8a3d-464c-9291-c33fd204b362,"National Broadcasting Commission Act (Amendment) Bill, 2023",First Reading (House: 2023-10-12) -> Second Reading (Not Started) -> Committee Assignment (Not Started) -> Report (Not Started) -> Third Reading/Concurrence (Not Started) -> Harmonization (Not Started) -> Assent (Not Started),2023-10-12,,"Hon Benjamin Kalu (APC, Abia, Constituency: Bende)",Hon Benjamin Kalu,Not Yet Referred,Hon Benjamin Kalu
3658e8fd-48bb-4206-ab53-23062a10a965,"National Broadcasting Commission Act (Amendment) Bill, 2024",First Reading (Not Started) -> Second Reading (Not Started) -> Committee Assignment (Not Started) -> Report (Not Started) -> Third Reading/Concurrence (Not Started) -> Harmonization (Not Started) -> Assent (Not Started),,,"Hon Unyime Josiah Idem (PDP, Akwa Ibom, Constituency: Ukanafun/Oruk Anam)",Hon Unyime Josiah Idem,Not Yet Referred,Hon Unyime Josiah Idem
b890116a-d90d-42ac-9fdf-ff9d4fa1aaec,"National Broadcasting Commission Act (Amendment) Bill, 2024",First Reading (House: 2024-05-09) -> Second Reading (Not Started) -> Committee Assignment (Not Started) -> Report (Not Started) -> Third Reading/Concurrence (Not Started) -> Harmonization (Not Started) -> Assent (Not Started),2024-05-09,,"Moses Oluwatoyin Fayinka (APC, Lagos, Constituency: Mushin II)",Moses Oluwatoyin Fayinka,Not Yet Referred,Moses Oluwatoyin Fayinka
d90908a9-8b28-46f1-96d4-9eaec003efe6,"National Broadcasting Commission Act, Laws of the Federation of Nigeria, 2004",First Reading (Not Started) -> Second Reading (Not Started) -> Committee Assignment (Not Started) -> Report (Not Started) -> Third Reading/Concurrence (Not Started) -> Harmonization (Not Started) -> Assent (Not Started),,,"Hon Abdulmumin Ari Mohammed (APC, Nasarawa, Constituency: Nassarawa/Toto)",Hon Abdulmumin Ari Mohammed,Not Yet Referred,Hon Abdulmumin Ari Mohammed
db831799-5575-43e9-99c5-c3b9fb63c1b9,"National Budget Bill, 2023",First Reading (House: 2023-07-06) -> Second Reading (House: 2024-02-27) -> Committee Assignment (House: 2024-02-27) -> Report (Not Started) -> Third Reading/Concurrence (Not Started) -> Harmonization (Not Started) -> Assent (Not Started),2023-07-06,2024-02-27,"Hon Tajudeen Abbas (APC, Kaduna, Constituency: Zaria)",Hon Tajudeen Abbas,National Planning and Economic Development,Hon Tajudeen Abbas
33f11ba3-4202-425f-acca-90b3a17b6478,"National Business and Technical Examinations Board Act (Amendment) Bill, 2023",First Reading (House: 2023-07-27) -> Second Reading (Not Started) -> Committee Assignment (Not Started) -> Report (Not Started) -> Third Reading/Concurrence (Not Started) -> Harmonization (Not Started) -> Assent (Not Started),2023-07-27,,"Hon Julius Ihonvbere (APC, Edo, Constituency: Owan East/Owan West)",Hon Julius Ihonvbere,Not Yet Referred,Hon Julius Ihonvbere
7573962d-0efc-4a12-b3fc-833002dfdcae,"National Centre for Agricultural Mechanization Act (Amendment) Bill, 2024",First Reading (House: 2024-05-22) -> Second Reading (Not Started) -> Committee Assignment (Not Started) -> Report (Not Started) -> Third Reading/Concurrence (Not Started) -> Harmonization (Not Started) -> Assent (Not Started),2024-05-22,,"Chinedu Tochukwu Okere (APC, Imo, Constituency: Owerri Municipal/Owerri North/Owerri West)",Chinedu Tochukwu Okere,Not Yet Referred,Chinedu Tochukwu Okere
bfa30703-5547-4c31-bf4d-cb5417494bc2,"National Centre for Agricultural Mechanization Act (Repeal and Enactment) Bill, 2023",First Reading (House: 2023-10-12) -> Second Reading (Not Started) -> Committee Assignment (Not Started) -> Report (Not Started) -> Third Reading/Concurrence (Not Started) -> Harmonization (Not Started) -> Assent (Not Started),2023-10-12,,"Hon Chinedu Ogah (APC, Ebonyi, Constituency: Ezza South/Ikwo)",Hon Chinedu Ogah,Not Yet Referred,Hon Chinedu Ogah
45c75fa3-74a6-43ac-9811-a51cad4953b7,"National Centre for Agricultural Mechanization Act (Repeal and Enactment) Bill, 2024",First Reading (House: 2024-03-20) -> Second Reading (Not Started) -> Committee Assignment (Not Started) -> Report (Not Started) -> Third Reading/Concurrence (Not Started) -> Harmonization (Not Started) -> Assent (Not Started),2024-03-20,,"Ali Isa (PDP, Gombe, Constituency: Balanga/Billiri)",Ali Isa,Not Yet Referred,Ali Isa
67aa88a7-da42-442e-96b3-79c09df04312,"National Centre for Ear, Nose and Throat Disease (Establishment) Bill, 2023",First Reading (House: 2023-07-27) -> Second Reading (House: 2023-07-27) -> Committee Assignment (House: 2023-07-27) -> Report (Not Started) -> Third Reading/Concurrence (Not Started) -> Harmonization (Not Started) -> Assent (Not Started),2023-07-27,2023-07-27,"Hon Julius Ihonvbere (APC, Edo, Constituency: Owan East/Owan West)",Hon Julius Ihonvbere,the Whole,Hon Julius Ihonvbere
2fbbcb68-276e-44e1-98a5-61dbea058fe5,"National Centre for Substance Abuse, Management and Treatment (Establishment) Bill, 2023",First Reading (House: 2023-11-28) -> Second Reading (Not Started) -> Committee Assignment (Not Started) -> Report (Not Started) -> Third Reading/Concurrence (Not Started) -> Harmonization (Not Started) -> Assent (Not Started),2023-11-28,,"Hon Hassan Shehu Hussain (NNPP, Kano, Constituency: Nassarawa)",Hon Hassan Shehu Hussain,Not Yet Referred,Hon Hassan Shehu Hussain
468781c0-621c-48d6-823f-1be4b61f1872,"National Child Protection and Enforcement Agency Bill, 2025",First Reading (Not Started) -> Second Reading (Not Started) -> Committee Assignment (Not Started) -> Report (Not Started) -> Third Reading/Concurrence (Not Started) -> Harmonization (Not Started) -> Assent (Not Started),,,"Hon Adetola Kafilat Ogbara (APC, Lagos, Constituency: Kosofe)",Hon Adetola Kafilat Ogbara,Not Yet Referred,Hon Adetola Kafilat Ogbara
83032488-caee-49f9-ab3d-f727718970d5,"National Children Entrepreneur Training (Establishment) Bill, 2023",First Reading (House: 2023-07-27) -> Second Reading (Not Started) -> Committee Assignment (Not Started) -> Report (Not Started) -> Third Reading/Concurrence (Not Started) -> Harmonization (Not Started) -> Assent (Not Started),2023-07-27,,"Hon Lanre Okunlola (APC, Lagos, Constituency: Surulere II)",Hon Lanre Okunlola,Not Yet Referred,Hon Lanre Okunlola
d9361521-9097-40bf-ba91-27b4c357ee46,"National Children’s Hospital, Ideato, Imo State (Establishment, etc.) Bill, 2024",First Reading (House: 2024-07-18) -> Second Reading (Not Started) -> Committee Assignment (Not Started) -> Report (Not Started) -> Third Reading/Concurrence (Not Started) -> Harmonization (Not Started) -> Assent (Not Started),2024-07-18,,"Hon Ugochinyere Onyinye Ikeagwuonu (PDP, Imo, Constituency: Ideato North/Ideato South)",Hon Ugochinyere Onyinye Ikeagwuonu,Not Yet Referred,Hon Ugochinyere Onyinye Ikeagwuonu
f0d7bfd9-e354-4b37-843b-57875848b800,"National Colleges of Health Technology Commission (Establishment) Bill, 2025",First Reading (House: 2025-12-10) -> Second Reading (Not Started) -> Committee Assignment (Not Started) -> Report (Not Started) -> Third Reading/Concurrence (Not Started) -> Harmonization (Not Started) -> Assent (Not Started),2025-12-10,,"Murphy Osaro Omoruyi (LP, Edo, Constituency: Egor/Ikpoba-Okha)",Murphy Osaro Omoruyi,Not Yet Referred,Murphy Osaro Omoruyi
2a48e171-3a93-44c1-beb5-42e99f59b1e2,"National Commission for Colleges of Agriculture (Establishment) Bill, 2023",First Reading (House: 2023-10-05) -> Second Reading (Not Started) -> Committee Assignment (Not Started) -> Report (Not Started) -> Third Reading/Concurrence (Not Started) -> Harmonization (Not Started) -> Assent (Not Started),2023-10-05,,"Hon Okunjimi John Odimayo (APC, Ondo, Constituency: Okitipupa/Irele)",Hon Okunjimi John Odimayo,Not Yet Referred,Hon Okunjimi John Odimayo
9b1bacfd-0c50-4ec3-82c3-f85a8662c260,"National Commission for Colleges of Agriculture, Bill, 2023",First Reading (House: 2023-07-27) -> Second Reading (Not Started) -> Committee Assignment (Not Started) -> Report (Not Started) -> Third Reading/Concurrence (Not Started) -> Harmonization (Not Started) -> Assent (Not Started),2023-07-27,,"Hon Gagdi Adamu Yusuf (APC, Plateau, Constituency: Kanke/Pankshin/Kanam)",Hon Gagdi Adamu Yusuf,Not Yet Referred,Hon Gagdi Adamu Yusuf
af2cbea3-7892-4356-a1f9-fb39fa3dd2ea,"National Commission for Colleges of Education Act (Amendment) Bill, 2023",First Reading (House: 2023-07-27) -> Second Reading (Not Started) -> Committee Assignment (Not Started) -> Report (Not Started) -> Third Reading/Concurrence (Not Started) -> Harmonization (Not Started) -> Assent (Not Started),2023-07-27,,"Hon Saidu Musa Abdullahi (APC, Niger, Constituency: Bida/Gbako/Katcha)",Hon Saidu Musa Abdullahi,Not Yet Referred,Hon Saidu Musa Abdullahi
dfbb93ca-48f1-4d1c-94f4-557ed33b156d,"National Commission for Colleges of Health Science Education (Establishment) Bill, 2023",First Reading (House: 2023-07-06) -> Second Reading (Not Started) -> Committee Assignment (Not Started) -> Report (Not Started) -> Third Reading/Concurrence (Not Started) -> Harmonization (Not Started) -> Assent (Not Started),2023-07-06,,"Hon Ghali Tijjani Mustapha (NNPP, Kano, Constituency: Alabasu/Gaya/Ajingi)",Hon Ghali Tijjani Mustapha,Not Yet Referred,Hon Ghali Tijjani Mustapha
3feee98a-9b57-402d-88c0-fddc2e6f2149,"National Commission for Elderly Persons Bill, 2024",First Reading (House: 2024-07-23) -> Second Reading (Not Started) -> Committee Assignment (Not Started) -> Report (Not Started) -> Third Reading/Concurrence (Not Started) -> Harmonization (Not Started) -> Assent (Not Started),2024-07-23,,"Mukhtar Umar Zakari (NNPP, Kano, Constituency: Tarauni)",Mukhtar Umar Zakari,Not Yet Referred,Mukhtar Umar Zakari
4a2d4246-d498-4a8d-a438-58ab6fac3f11,"National Commission for Mass Literacy, Adult and Non-Formal Education Bill, 2023",First Reading (House: 2023-10-04) -> Second Reading (House: 2024-03-06) -> Committee Assignment (House: 2024-03-06) -> Report (Not Started) -> Third Reading/Concurrence (Not Started) -> Harmonization (Not Started) -> Assent (Not Started),2023-10-04,2024-03-06,"Hon Julius Ihonvbere (APC, Edo, Constituency: Owan East/Owan West)",Hon Julius Ihonvbere,the Whole,Hon Julius Ihonvbere
4cfbe5e2-7249-4a29-a947-5e7cb1d26cc7,"National Commission for Museum and monuments (Repeal and Re-enactment) Bill, 2023",First Reading (House: 2023-07-27) -> Second Reading (House: 2023-07-27) -> Committee Assignment (House: 2023-07-27) -> Report (Not Started) -> Third Reading/Concurrence (Not Started) -> Harmonization (Not Started) -> Assent (Not Started),2023-07-27,2023-07-27,"Hon Julius Ihonvbere (APC, Edo, Constituency: Owan East/Owan West)",Hon Julius Ihonvbere,the Whole,Hon Julius Ihonvbere
764a0447-619b-43b9-847f-635850ebb43d,"National Commission for Nomadic Education Act (Amendment) Bill, 2023",First Reading (House: 2023-10-24) -> Second Reading (Not Started) -> Committee Assignment (Not Started) -> Report (Not Started) -> Third Reading/Concurrence (Not Started) -> Harmonization (Not Started) -> Assent (Not Started),2023-10-24,,"Hon Ibrahim Almustapha Aliyu (APC, Sokoto, Constituency: Wurno/Rabah)",Hon Ibrahim Almustapha Aliyu,Not Yet Referred,Hon Ibrahim Almustapha Aliyu
f2e93aad-2930-4f5f-8ca0-7ffdb33bb020,"National Commission for Polytechnics (NCP) Bill, 2023",First Reading (House: 2023-07-27) -> Second Reading (Not Started) -> Committee Assignment (Not Started) -> Report (Not Started) -> Third Reading/Concurrence (Not Started) -> Harmonization (Not Started) -> Assent (Not Started),2023-07-27,,"Hon Saidu Musa Abdullahi (APC, Niger, Constituency: Bida/Gbako/Katcha)",Hon Saidu Musa Abdullahi,Not Yet Referred,Hon Saidu Musa Abdullahi
47b4f5a2-57df-4ff6-b2c8-e328246e940e,"National Commission for Rehabilitation Act (Amendment) Bill, 2025",First Reading (Not Started) -> Second Reading (Not Started) -> Committee Assignment (Not Started) -> Report (Not Started) -> Third Reading/Concurrence (Not Started) -> Harmonization (Not Started) -> Assent (Not Started),,,"Hon Sada Soli (APC, Katsina, Constituency: Jibia/Kaita)",Hon Sada Soli,Not Yet Referred,Hon Sada Soli
8c3fcf6b-25dd-4979-8037-7145fb4d0793,"National Commission for Technology Transfer, Promotion and Acquisition (Establishment) Bill, 2023",First Reading (House: 2023-10-12) -> Second Reading (Not Started) -> Committee Assignment (Not Started) -> Report (Not Started) -> Third Reading/Concurrence (Not Started) -> Harmonization (Not Started) -> Assent (Not Started),2023-10-12,,"Clement Jimbo (APC, Akwa Ibom, Constituency: Abak/Etim Ekpo/Ika)",Clement Jimbo,Not Yet Referred,Clement Jimbo
1f2f9e22-5b22-4618-9890-39ee82f64e90,"National Communications Commission Act (Amendment) Bill, 2023",First Reading (House: 2023-10-19) -> Second Reading (Not Started) -> Committee Assignment (Not Started) -> Report (Not Started) -> Third Reading/Concurrence (Not Started) -> Harmonization (Not Started) -> Assent (Not Started),2023-10-19,,"Hon Nnamdi Ezechi (PDP, Delta, Constituency: Nkokwa East/Ndokwa West/ Ukwuani)",Hon Nnamdi Ezechi,Not Yet Referred,Hon Nnamdi Ezechi
21e5ad8b-a9e6-4a25-8215-2fb5592773bc,"National Cotton Production, Processing and Research Institute Talatar Mafara Zamfara State Bill, 2023",First Reading (House: 2023-07-27) -> Second Reading (Not Started) -> Committee Assignment (Not Started) -> Report (Not Started) -> Third Reading/Concurrence (Not Started) -> Harmonization (Not Started) -> Assent (Not Started),2023-07-27,,"Hon Ibrahim Almustapha Aliyu (APC, Sokoto, Constituency: Wurno/Rabah)",Hon Ibrahim Almustapha Aliyu,Not Yet Referred,Hon Ibrahim Almustapha Aliyu
c7aa309a-33e0-46a6-a699-2f7c705e0ca9,"National Cotton, Textile and Garment (CTG) Development Council (Establishment) Bill, 2024",First Reading (House: 2024-05-09) -> Second Reading (Not Started) -> Committee Assignment (Not Started) -> Report (Not Started) -> Third Reading/Concurrence (Not Started) -> Harmonization (Not Started) -> Assent (Not Started),2024-05-09,,"Hon Zakaria Dauda Nyampa (PDP, Adamawa, Constituency: Madagali/Michika)",Hon Zakaria Dauda Nyampa,Not Yet Referred,Hon Zakaria Dauda Nyampa
86306866-cf41-42fc-8c70-c79ef8d46d91,"National Cotton, Textile and Garment Development Council (Establishment) Bill, 2023",First Reading (House: 2023-12-21) -> Second Reading (Not Started) -> Committee Assignment (Not Started) -> Report (Not Started) -> Third Reading/Concurrence (Not Started) -> Harmonization (Not Started) -> Assent (Not Started),2023-12-21,,"Hon Benjamin Kalu (APC, Abia, Constituency: Bende)",Hon Benjamin Kalu,Not Yet Referred,Hon Benjamin Kalu
9696e19d-a660-4d1d-bda8-ba507823744e,"National Council of Traditional Rulers of Nigeria (Establishment) Bill, 2025",First Reading (House: 2025-12-10) -> Second Reading (Not Started) -> Committee Assignment (Not Started) -> Report (Not Started) -> Third Reading/Concurrence (Not Started) -> Harmonization (Not Started) -> Assent (Not Started),2025-12-10,,"Hon Abdulmumin Ari Mohammed (APC, Nasarawa, Constituency: Nassarawa/Toto)",Hon Abdulmumin Ari Mohammed,Not Yet Referred,Hon Abdulmumin Ari Mohammed
b14605ba-d1a3-4a33-a547-8642fd82c62c,"National Council on Climate Change Act (Repeal and Enactment) Bill, 2023",First Reading (House: 2023-11-02) -> Second Reading (Not Started) -> Committee Assignment (Not Started) -> Report (Not Started) -> Third Reading/Concurrence (Not Started) -> Harmonization (Not Started) -> Assent (Not Started),2023-11-02,,"Hon Mansur Manu Soro (APC, Bauchi, Constituency: Darazo/Gunjuwa)",Hon Mansur Manu Soro,Not Yet Referred,Hon Mansur Manu Soro
3672f457-9306-43cb-a8ac-2eb6c9b58fb6,"National Council on Climate Change Act (Repeal and Enactment) Bill, 2024",First Reading (House: 2024-05-08) -> Second Reading (Not Started) -> Committee Assignment (Not Started) -> Report (Not Started) -> Third Reading/Concurrence (Not Started) -> Harmonization (Not Started) -> Assent (Not Started),2024-05-08,,"Adedayo Samuel Adesola (APC, Lagos, Constituency: Apapa)",Adedayo Samuel Adesola,Not Yet Referred,Adedayo Samuel Adesola
f0fbe254-4a61-4063-b295-42aca57a2cd4,"National Creativity Agency Bill, 2024",First Reading (House: 2024-07-17) -> Second Reading (Not Started) -> Committee Assignment (Not Started) -> Report (Not Started) -> Third Reading/Concurrence (Not Started) -> Harmonization (Not Started) -> Assent (Not Started),2024-07-17,,"Hon Tajudeen Kareem (APC, Oyo, Constituency: Saki East/Saki West/Atisbo)",Hon Tajudeen Kareem,Not Yet Referred,Hon Tajudeen Kareem
ad8700cb-c816-4373-886a-c896c438a44b,"National Defence College (Establishment) Bill, 2026",First Reading (House: 2026-03-11) -> Second Reading (Not Started) -> Committee Assignment (Not Started) -> Report (Not Started) -> Third Reading/Concurrence (Not Started) -> Harmonization (Not Started) -> Assent (Not Started),2026-03-11,,"Hon Tajudeen Abbas (APC, Kaduna, Constituency: Zaria)",Hon Tajudeen Abbas,Not Yet Referred,Hon Tajudeen Abbas
9a4f67d4-6968-4082-801c-91f3cbcdc955,"National Digital Economy and E-Governance Bill, 2024",First Reading (House: 2024-07-17) -> Second Reading (House: 2025-07-22) -> Committee Assignment (House: 2025-07-22) -> Report (House: 2025-11-12) -> Third Reading/Concurrence (Not Started) -> Harmonization (Not Started) -> Assent (Not Started),2024-07-17,2025-07-22,"Hon Adedeji Stanley Olajide (PDP, Oyo, Constituency: Ibadan South West/Ibadan North West)",Hon Adedeji Stanley Olajide,Not Yet Referred,Hon Adedeji Stanley Olajide
005302bb-6a05-40ed-bae9-c5d8b44c801f,"National Directorate of Employment Act (Amendment) Bill, 2023",First Reading (House: 2023-11-07) -> Second Reading (Not Started) -> Committee Assignment (Not Started) -> Report (Not Started) -> Third Reading/Concurrence (Not Started) -> Harmonization (Not Started) -> Assent (Not Started),2023-11-07,,"Chimaobi Sam Atu (LP, Enugu, Constituency: Enugu North/Enugu South)",Chimaobi Sam Atu,Not Yet Referred,Chimaobi Sam Atu
9e3c5cde-1147-408a-ba2f-e1ca525b77b0,"National Directorate of Employment Act (Amendment) Bill, 2023",First Reading (House: 2023-07-27) -> Second Reading (Not Started) -> Committee Assignment (Not Started) -> Report (Not Started) -> Third Reading/Concurrence (Not Started) -> Harmonization (Not Started) -> Assent (Not Started),2023-07-27,,"Mukhtar Umar Zakari (NNPP, Kano, Constituency: Tarauni)",Mukhtar Umar Zakari,Not Yet Referred,Mukhtar Umar Zakari
adf7d3d0-d069-4dc9-827b-87d1b8d051d2,"National Directorate of Employment Act (Amendment) Bill, 2023",First Reading (House: 2023-07-27) -> Second Reading (Not Started) -> Committee Assignment (Not Started) -> Report (Not Started) -> Third Reading/Concurrence (Not Started) -> Harmonization (Not Started) -> Assent (Not Started),2023-07-27,,"Hon Austin Asema Achado (APC, Benue, Constituency: Gwer East/Gwer West)",Hon Austin Asema Achado,Not Yet Referred,Hon Austin Asema Achado
e996c487-87da-40f7-8c8b-5abf8bb34767,"National Directorate of Employment Act (Amendment) Bill, 2023",First Reading (House: 2023-07-27) -> Second Reading (Not Started) -> Committee Assignment (Not Started) -> Report (Not Started) -> Third Reading/Concurrence (Not Started) -> Harmonization (Not Started) -> Assent (Not Started),2023-07-27,,"Hon Zakaria Dauda Nyampa (PDP, Adamawa, Constituency: Madagali/Michika)",Hon Zakaria Dauda Nyampa,Not Yet Referred,Hon Zakaria Dauda Nyampa
57e2961d-d082-491a-acb4-67861385480b,"National Directorate of Employment Act (Amendment) Bill, 2025",First Reading (House: 2025-12-10) -> Second Reading (Not Started) -> Committee Assignment (Not Started) -> Report (Not Started) -> Third Reading/Concurrence (Not Started) -> Harmonization (Not Started) -> Assent (Not Started),2025-12-10,,"Akarachi Etinosa Tosan (APC, Imo, Constituency: Ikeduru/Mbaitoli)",Akarachi Etinosa Tosan,Not Yet Referred,Akarachi Etinosa Tosan
ec0ded16-e3b6-43da-b7a6-d46e7853fb26,"National Directorate of Employment Act (Amendment) Bill, 2025",First Reading (House: 2025-07-03) -> Second Reading (Not Started) -> Committee Assignment (Not Started) -> Report (Not Started) -> Third Reading/Concurrence (Not Started) -> Harmonization (Not Started) -> Assent (Not Started),2025-07-03,,"Hon Eze Nwachukwu Eze (APC, Ebonyi, Constituency: Ebonyi/Ohaukwu)",Hon Eze Nwachukwu Eze,Not Yet Referred,Hon Eze Nwachukwu Eze
d2f1d34c-e4ae-4837-9ebe-5688756c0cc9,"National Drug Law Enforcement Agency (Amendment) Bill, 2025",First Reading (House: 2025-11-18) -> Second Reading (Not Started) -> Committee Assignment (Not Started) -> Report (Not Started) -> Third Reading/Concurrence (Not Started) -> Harmonization (Not Started) -> Assent (Not Started),2025-11-18,,"Hon Aminu Jaji (APC, Zamfara, Constituency: Kaura-Namoda/Birnin Magaji)",Hon Aminu Jaji,Not Yet Referred,Hon Aminu Jaji
bfec7599-99d8-4671-b521-0b95515263bb,"National Drug Law Enforcement Agency (NDLEA) Act (Amendment) Bill, 2024",First Reading (House: 2024-07-09) -> Second Reading (Not Started) -> Committee Assignment (Not Started) -> Report (Not Started) -> Third Reading/Concurrence (Not Started) -> Harmonization (Not Started) -> Assent (Not Started),2024-07-09,,"Hon Ibrahim Mohammed Bukar (APC, Borno, Constituency: Dikwa/Mafa/Konduga)",Hon Ibrahim Mohammed Bukar,Not Yet Referred,Hon Ibrahim Mohammed Bukar
f031b8cd-89a2-4a7c-837f-84cddd097071,"National Drug Law Enforcement Agency Act (Amendment) Bill, 2023",First Reading (House: 2023-09-26) -> Second Reading (House: 2024-02-08) -> Committee Assignment (House: 2024-02-08) -> Report (House: 2024-02-14) -> Third Reading/Concurrence (House: 2024-02-14) -> Harmonization (Not Started) -> Assent (Not Started),2023-09-26,2024-02-08,"Hon Abass Adekunle Adeogun (PDP, Oyo, Constituency: Ibadan North East/Ibadan South East)",Hon Abass Adekunle Adeogun,the Whole,Hon Abass Adekunle Adeogun
6860b0e1-3d99-4cad-8cac-94b157983431,"National Drug Law Enforcement Agency Act (Amendment) Bill, 2025",First Reading (Not Started) -> Second Reading (Not Started) -> Committee Assignment (Not Started) -> Report (Not Started) -> Third Reading/Concurrence (Not Started) -> Harmonization (Not Started) -> Assent (Not Started),,,"Jubrin Abdulmumin (APC, Kano, Constituency: Bebeji/Kiru)",Jubrin Abdulmumin,Not Yet Referred,Jubrin Abdulmumin
5c42d33a-bb1f-4264-b494-71c6a9e54a82,"National Drugs Law Enforcement Agency Act (Amendment) Bill, 2023",First Reading (House: 2023-10-31) -> Second Reading (Not Started) -> Committee Assignment (Not Started) -> Report (Not Started) -> Third Reading/Concurrence (Not Started) -> Harmonization (Not Started) -> Assent (Not Started),2023-10-31,,"Hon Jesse Okey-Joe Onuakachi (LP, Lagos, Constituency: Oshodi/Isolo II)",Hon Jesse Okey-Joe Onuakachi,Not Yet Referred,Hon Jesse Okey-Joe Onuakachi
a12780ab-3637-4848-83f6-18db146c50a4,"National Drugs Law Trust Fund (Est) Bill, 2023",First Reading (House: 2023-07-25) -> Second Reading (Not Started) -> Committee Assignment (Not Started) -> Report (Not Started) -> Third Reading/Concurrence (Not Started) -> Harmonization (Not Started) -> Concurrence (Not Started) -> Assent (Not Started),2023-07-25,,"Hon Philip Agbese (APC, Benue, Constituency: Ado/Obadigbo/Okpokwu)",Hon Philip Agbese,Not Yet Referred,Hon Philip Agbese
98120ef3-c9c1-4002-913d-68da225f6b20,"National e-Gaming Agencies (Establishment) Bill, 2025",First Reading (Not Started) -> Second Reading (Not Started) -> Committee Assignment (Not Started) -> Report (Not Started) -> Third Reading/Concurrence (Not Started) -> Harmonization (Not Started) -> Assent (Not Started),,,"Hon Abiodun James Faleke (APC, Lagos, Constituency: Ikeja)",Hon Abiodun James Faleke,Not Yet Referred,Hon Abiodun James Faleke
0089f9ad-2de2-4512-b821-da06e7f97ead,"National Ear Care Centre (Establishment) Bill, 2026",First Reading (House: 2026-03-11) -> Second Reading (Not Started) -> Committee Assignment (Not Started) -> Report (Not Started) -> Third Reading/Concurrence (Not Started) -> Harmonization (Not Started) -> Assent (Not Started),2026-03-11,,"Executive (APC, N/A, Constituency: .)",Executive,Not Yet Referred,Executive
ac2f5c6e-38c9-46a7-beec-d76389273532,"National Ear Care Centre, Ago-Iwoye (Establishment) Bill, 2023",First Reading (House: 2023-11-01) -> Second Reading (Not Started) -> Committee Assignment (Not Started) -> Report (Not Started) -> Third Reading/Concurrence (Not Started) -> Harmonization (Not Started) -> Assent (Not Started),2023-11-01,,"Joseph Folorunsho Adegbesan (APC, Ogun, Constituency: Ijebu North/Ijebu East/Ogun Waterside)",Joseph Folorunsho Adegbesan,Not Yet Referred,Joseph Folorunsho Adegbesan
98ca85ce-c620-4c51-b5e7-1b7ff79cbdcf,"National Ear Centre Bill, 2023",First Reading (House: 2023-12-20) -> Second Reading (Not Started) -> Committee Assignment (Not Started) -> Report (Not Started) -> Third Reading/Concurrence (Not Started) -> Harmonization (Not Started) -> Assent (Not Started),2023-12-20,,"Hon Benjamin Kalu (APC, Abia, Constituency: Bende)",Hon Benjamin Kalu,Not Yet Referred,Hon Benjamin Kalu
07ee7f0d-1b0c-4b0d-8dc4-3dd79d1c7885,"National Ecological Fund Management Agency (Establishment) Bill, 2023",First Reading (House: 2023-07-12) -> Second Reading (Not Started) -> Committee Assignment (Not Started) -> Report (Not Started) -> Third Reading/Concurrence (Not Started) -> Harmonization (Not Started) -> Assent (Not Started),2023-07-12,,"Hon Jallo Hussaini Mohammed (PDP, Kaduna, Constituency: Igabi)",Hon Jallo Hussaini Mohammed,Not Yet Referred,Hon Jallo Hussaini Mohammed
417496b4-c4fc-4574-b2e9-dbbaed72bc91,"National Electoral Offences Commission (Establishment) Bill, 2025",First Reading (Not Started) -> Second Reading (Not Started) -> Committee Assignment (Not Started) -> Report (Not Started) -> Third Reading/Concurrence (Not Started) -> Harmonization (Not Started) -> Assent (Not Started),,,"Hon Adebayo Olusegun Balogun (APC, Lagos, Constituency: Ibeju Lekki)",Hon Adebayo Olusegun Balogun,Not Yet Referred,Hon Adebayo Olusegun Balogun
d6e31046-4d01-4aba-96bf-8e4489e4477d,"National Emergency Call Centre and Short Code (Establishment) Bill, 2025",First Reading (House: 2025-05-21) -> Second Reading (Not Started) -> Committee Assignment (Not Started) -> Report (Not Started) -> Third Reading/Concurrence (Not Started) -> Harmonization (Not Started) -> Assent (Not Started),2025-05-21,,"Hon Emeka Martins Chinedu (PDP, Imo, Constituency: Ahiazu Mbaise/Ezinihitte)",Hon Emeka Martins Chinedu,Not Yet Referred,Hon Emeka Martins Chinedu
79b81eeb-e470-455b-af13-e2a218024565,"National Emergency Management Agency (Establishment, etc.) Act (Repeal and Enactment) Bill, 2025",First Reading (Not Started) -> Second Reading (Not Started) -> Committee Assignment (Not Started) -> Report (Not Started) -> Third Reading/Concurrence (Not Started) -> Harmonization (Not Started) -> Assent (Not Started),,,"Hon Babajimi Adegoke Benson (APC, Lagos, Constituency: Ikorodu); Hon Amobi Ogah (LP, Abia, Constituency: Isuikwuato/Umu-Nneochi); Hon Benjamin Kalu (APC, Abia, Constituency: Bende); Hon Abdussamad Ibrahim Dasuki (PDP, Sokoto, Constituency: Kebbe/Tambuwal); Hon Jonathan Ajirioghene Ukodhiko (PDP, Delta, Constituency: Isoko North/Isoko South); Gaza Jonathan Gbefwi (PDP, Nasarawa, Constituency: Keffi/Karu/Kokona); Kelechi Nwogu (PDP, Rivers, Constituency: Etche/Omuma)",Hon Babajimi Adegoke Benson; Hon Amobi Ogah; Hon Benjamin Kalu; Hon Abdussamad Ibrahim Dasuki; Hon Jonathan Ajirioghene Ukodhiko; Gaza Jonathan Gbefwi; Kelechi Nwogu,Not Yet Referred,Hon Babajimi Adegoke Benson
568834b2-78db-4ad7-82ff-7bf59ca29516,"National Emergency Management Agency (NEMA) Act (Amendment) Bill, 2023",First Reading (House: 2023-07-26) -> Second Reading (Not Started) -> Committee Assignment (Not Started) -> Report (Not Started) -> Third Reading/Concurrence (Not Started) -> Harmonization (Not Started) -> Assent (Not Started),2023-07-26,,"Hon Obinna Aguocha (LP, Abia, Constituency: Umuahia North/ Umuahia South/ Ikwuano)",Hon Obinna Aguocha,Not Yet Referred,Hon Obinna Aguocha
56c188d5-a955-4de9-80e1-798dfe1b528d,"National Emergency Management Agency Act (Amendment) Bill, 2023",First Reading (House: 2023-11-07) -> Second Reading (Not Started) -> Committee Assignment (Not Started) -> Report (Not Started) -> Third Reading/Concurrence (Not Started) -> Harmonization (Not Started) -> Assent (Not Started),2023-11-07,,"Chimaobi Sam Atu (LP, Enugu, Constituency: Enugu North/Enugu South)",Chimaobi Sam Atu,Not Yet Referred,Chimaobi Sam Atu
43c1f18a-3a56-4733-a19c-0ce36af21eba,"National Energy Security Council (Establishment) Bill, 2025",First Reading (House: 2025-11-18) -> Second Reading (Not Started) -> Committee Assignment (Not Started) -> Report (Not Started) -> Third Reading/Concurrence (Not Started) -> Harmonization (Not Started) -> Assent (Not Started),2025-11-18,,"Murphy Osaro Omoruyi (LP, Edo, Constituency: Egor/Ikpoba-Okha)",Murphy Osaro Omoruyi,Not Yet Referred,Murphy Osaro Omoruyi
ef1562d1-a949-405a-bf74-9a13f8cc902f,"National Entrepreneurship and Artisan Training Institute, Ibefun–Ilado, Ogun State (Establishment) Bill, 2023",First Reading (House: 2023-11-09) -> Second Reading (Not Started) -> Committee Assignment (Not Started) -> Report (Not Started) -> Third Reading/Concurrence (Not Started) -> Harmonization (Not Started) -> Assent (Not Started),2023-11-09,,"Hon Olufemi Ogunbanwo (APC, Ogun, Constituency: Ijebu Ode /Odogbolu /Ijebu North East)",Hon Olufemi Ogunbanwo,Not Yet Referred,Hon Olufemi Ogunbanwo
fbfcb118-5074-4453-88c1-256b1d945445,"National Environmental Health and Sanitation Agency (Establishment) Bill, 2024",First Reading (House: 2024-02-08) -> Second Reading (Not Started) -> Committee Assignment (Not Started) -> Report (Not Started) -> Third Reading/Concurrence (Not Started) -> Harmonization (Not Started) -> Assent (Not Started),2024-02-08,,"Hon Tajudeen Abbas (APC, Kaduna, Constituency: Zaria)",Hon Tajudeen Abbas,Not Yet Referred,Hon Tajudeen Abbas
17f4bc3f-abb7-4f67-8e79-2dd996adb3a1,"National Environmental Standards and Regulation Enforcement Agency (Establishment) Bill, 2024",First Reading (House: 2024-07-18) -> Second Reading (Not Started) -> Committee Assignment (Not Started) -> Report (Not Started) -> Third Reading/Concurrence (Not Started) -> Harmonization (Not Started) -> Assent (Not Started),2024-07-18,,"Hon Paul Asuquo Ekpo (PDP, Akwa Ibom, Constituency: Etinan/Nsit Ibom/Nsit ubium)",Hon Paul Asuquo Ekpo,Not Yet Referred,Hon Paul Asuquo Ekpo
0a5178a5-bba9-4dec-85fa-d11df906d037,"National Environmental Standards and Regulations Agency Act (Amendment) Bill, 2024",First Reading (House: 2024-05-22) -> Second Reading (Not Started) -> Committee Assignment (Not Started) -> Report (Not Started) -> Third Reading/Concurrence (Not Started) -> Harmonization (Not Started) -> Assent (Not Started),2024-05-22,,"Chinedu Tochukwu Okere (APC, Imo, Constituency: Owerri Municipal/Owerri North/Owerri West)",Chinedu Tochukwu Okere,Not Yet Referred,Chinedu Tochukwu Okere
bdba70ff-c1e0-4013-9608-d19a85f3efb6,"National Essential Energy Services Protection Bill, 2025",First Reading (House: 2025-12-10) -> Second Reading (Not Started) -> Committee Assignment (Not Started) -> Report (Not Started) -> Third Reading/Concurrence (Not Started) -> Harmonization (Not Started) -> Assent (Not Started),2025-12-10,,"Hon Paul Nnamchi (LP, Enugu, Constituency: Enugu East/Isi Uzo)",Hon Paul Nnamchi,Not Yet Referred,Hon Paul Nnamchi
5bb1ee96-ffef-4b0c-bf09-25b6d11fd6e2,"National Ethnics and Values Compliance Agency (Establishment) Bill, 2023",First Reading (House: 2023-10-05) -> Second Reading (House: 2023-10-10) -> Committee Assignment (House: 2023-10-10) -> Report (House: 2023-11-23) -> Third Reading/Concurrence (House: 2023-12-20) -> Harmonization (Not Started) -> Assent (Not Started),2023-10-05,2023-10-10,"Hon Hassan Mohammed (NNPP, Kano, Constituency: Dawakin Kudu/Warawa)",Hon Hassan Mohammed,the Whole,Hon Hassan Mohammed
43a9584f-2a74-4c00-8bac-6b567b0d8ba6,"National Examination Council (NECO) (Establishment) Bill, 2023",First Reading (House: 2023-07-27) -> Second Reading (House: 2024-03-06) -> Committee Assignment (House: 2024-03-06) -> Report (Not Started) -> Third Reading/Concurrence (Senate: 2025-11-11) -> Harmonization (Not Started) -> Assent (Not Started),2023-07-27,2024-03-06,"Hon Julius Ihonvbere (APC, Edo, Constituency: Owan East/Owan West)",Hon Julius Ihonvbere,the Whole,Hon Julius Ihonvbere
c16a48b8-7583-45ce-8f23-d4db31992a77,"National Eye Centre Act (Amendment) Bill, 2003",First Reading (House: 2023-12-20) -> Second Reading (Not Started) -> Committee Assignment (Not Started) -> Report (Not Started) -> Third Reading/Concurrence (House: 2025-12-10) -> Harmonization (Not Started) -> Assent (Not Started),2023-12-20,,"Hon Benjamin Kalu (APC, Abia, Constituency: Bende)",Hon Benjamin Kalu,Not Yet Referred,Hon Benjamin Kalu
b44c29da-48ad-4685-8619-67a312e14d1c,"National Eye Centre Act (Amendment) Bill, 2026",First Reading (House: 2026-03-11) -> Second Reading (Not Started) -> Committee Assignment (Not Started) -> Report (Not Started) -> Third Reading/Concurrence (Not Started) -> Harmonization (Not Started) -> Assent (Not Started),2026-03-11,,"Executive (APC, N/A, Constituency: .)",Executive,Not Yet Referred,Executive
2293be07-a819-48d8-a05e-66f6a2377a19,"National Farm Settlement Agency (Establishment) Bill, 2024",First Reading (House: 2024-06-05) -> Second Reading (Not Started) -> Committee Assignment (Not Started) -> Report (Not Started) -> Third Reading/Concurrence (Not Started) -> Harmonization (Not Started) -> Assent (Not Started),2024-06-05,,"Hon Afolabi Moruf Afuape (APC, Ogun, Constituency: Abeokuta South)",Hon Afolabi Moruf Afuape,Not Yet Referred,Hon Afolabi Moruf Afuape
e78807c5-8176-4fdf-8062-b99a3e101a48,"National Farm Settlement Development Commission (Establishment) Bill, 2024",First Reading (House: 2024-06-06) -> Second Reading (Not Started) -> Committee Assignment (Not Started) -> Report (Not Started) -> Third Reading/Concurrence (Not Started) -> Harmonization (Not Started) -> Assent (Not Started),2024-06-06,,"Hon Oluwaseyi Sowumi (LP, Lagos, Constituency: Ojo)",Hon Oluwaseyi Sowumi,Not Yet Referred,Hon Oluwaseyi Sowumi
d9d74d16-ed3d-4ab3-8759-65f8b3488a02,"National Film and Video Censors Board Act (Amendment) Bill, 2023",First Reading (House: 2023-07-27) -> Second Reading (Not Started) -> Committee Assignment (Not Started) -> Report (Not Started) -> Third Reading/Concurrence (Not Started) -> Harmonization (Not Started) -> Assent (Not Started),2023-07-27,,"Hon Austin Asema Achado (APC, Benue, Constituency: Gwer East/Gwer West)",Hon Austin Asema Achado,Not Yet Referred,Hon Austin Asema Achado
8118f49b-975a-4034-8106-c7bd1a1c3abb,"National Film and Video Censors Board Act (Repeal and Enactment) Bill, 2023",First Reading (House: 2023-07-27) -> Second Reading (House: 2023-11-23) -> Committee Assignment (House: 2023-11-23) -> Report (House: 2023-12-21) -> Third Reading/Concurrence (House: 2023-12-21) -> Harmonization (Not Started) -> Assent (Not Started),2023-07-27,2023-11-23,"Aliyu Sani Madaki (NNPP, Kano, Constituency: Dala)",Aliyu Sani Madaki,the Whole,Aliyu Sani Madaki
230736bc-bd12-446e-b667-206fbe7a1fbd,"National Films and Video Censors Board (Amendment) Bill, 2024",First Reading (House: 2024-07-17) -> Second Reading (Not Started) -> Committee Assignment (Not Started) -> Report (Not Started) -> Third Reading/Concurrence (Not Started) -> Harmonization (Not Started) -> Assent (Not Started),2024-07-17,,"Murphy Osaro Omoruyi (LP, Edo, Constituency: Egor/Ikpoba-Okha)",Murphy Osaro Omoruyi,Not Yet Referred,Murphy Osaro Omoruyi
acc68002-bae3-4ad0-9625-dcced685fa57,"National Flood Insurance (Est) Bill, 2023",First Reading (House: 2023-07-26) -> Second Reading (Not Started) -> Committee Assignment (Not Started) -> Report (Not Started) -> Third Reading/Concurrence (Not Started) -> Harmonization (Not Started) -> Assent (Not Started),2023-07-26,,"Hon Lanre Okunlola (APC, Lagos, Constituency: Surulere II)",Hon Lanre Okunlola,Not Yet Referred,Hon Lanre Okunlola
e2c5f1c3-7a62-47d0-b0a1-3a5ce4312471,National Flood Management (Establishment) BilI. 2023,First Reading (House: 2023-11-23) -> Second Reading (Not Started) -> Committee Assignment (Not Started) -> Report (Not Started) -> Third Reading/Concurrence (Not Started) -> Harmonization (Not Started) -> Assent (Not Started),2023-11-23,,"Henry Odianosen Okojie (APC, Edo, Constituency: Esan North East/Esan South East)",Henry Odianosen Okojie,Not Yet Referred,Henry Odianosen Okojie
8a9a1291-faba-4495-bb12-9d29281aa77d,"National Food Reserve Agency (Establishment) Bill, 2023",First Reading (House: 2023-07-11) -> Second Reading (Not Started) -> Committee Assignment (Not Started) -> Report (Not Started) -> Third Reading/Concurrence (Not Started) -> Harmonization (Not Started) -> Assent (Not Started),2023-07-11,,"Hon Pascal Agbodike (APGA, Anambra, Constituency: Ihiala)",Hon Pascal Agbodike,Not Yet Referred,Hon Pascal Agbodike
ecc78d3c-8027-428d-9325-12d1dbfb99e8,"National Food Safety Council and National Food Safety Management Committee (Establishment) Bill, 2023",First Reading (House: 2023-10-12) -> Second Reading (House: 2023-11-09) -> Committee Assignment (House: 2023-11-09) -> Report (Not Started) -> Third Reading/Concurrence (Not Started) -> Harmonization (Not Started) -> Assent (Not Started),2023-10-12,2023-11-09,"Hon Benjamin Kalu (APC, Abia, Constituency: Bende)",Hon Benjamin Kalu,the Whole,Hon Benjamin Kalu
8808cc62-eee8-4aed-82c3-120be3907576,"National Food, Road and Rural Infrastructure Development Commission (Establishment) Bill, 2024",First Reading (House: 2024-07-11) -> Second Reading (Not Started) -> Committee Assignment (Not Started) -> Report (Not Started) -> Third Reading/Concurrence (Not Started) -> Harmonization (Not Started) -> Assent (Not Started),2024-07-11,,"Hon Ibrahim Almustapha Aliyu (APC, Sokoto, Constituency: Wurno/Rabah)",Hon Ibrahim Almustapha Aliyu,Not Yet Referred,Hon Ibrahim Almustapha Aliyu
1fd2d76e-aa35-4549-866c-3e457cb87498,"National Football Academy (Establishment) Bill, 2023",First Reading (House: 2023-10-04) -> Second Reading (Not Started) -> Committee Assignment (Not Started) -> Report (Not Started) -> Third Reading/Concurrence (Not Started) -> Harmonization (Not Started) -> Assent (Not Started),2023-10-04,,"Hon Sunday Umeha (LP, Enugu, Constituency: Ezeagu/Udi)",Hon Sunday Umeha,Not Yet Referred,Hon Sunday Umeha
1501b288-20b1-43d8-a55d-6982e84b64c3,"National Football Academy, Enugu (Establishment) Bill, 2023",First Reading (House: 2023-11-01) -> Second Reading (Not Started) -> Committee Assignment (Not Started) -> Report (Not Started) -> Third Reading/Concurrence (Not Started) -> Harmonization (Not Started) -> Assent (Not Started),2023-11-01,,"Chimaobi Sam Atu (LP, Enugu, Constituency: Enugu North/Enugu South)",Chimaobi Sam Atu,Not Yet Referred,Chimaobi Sam Atu
cfc1c7f4-635d-45fb-983f-d6df11a40f52,"National Football Academy, Jega, Kebbi State (Establishment) Bill, 2023",First Reading (House: 2023-11-22) -> Second Reading (Not Started) -> Committee Assignment (Not Started) -> Report (Not Started) -> Third Reading/Concurrence (Not Started) -> Harmonization (Not Started) -> Assent (Not Started),2023-11-22,,"Hon Mansur Musa (PDP, Kebbi, Constituency: Aleiro/Gwandu/Jega)",Hon Mansur Musa,Not Yet Referred,Hon Mansur Musa
64c21953-e93c-4d96-8fc7-d90b193e7e3d,"National Football Academy, Kpor, Rivers State (Establishment) Bill, 2023",First Reading (House: 2023-10-03) -> Second Reading (Not Started) -> Committee Assignment (Not Started) -> Report (Not Started) -> Third Reading/Concurrence (Not Started) -> Harmonization (Not Started) -> Assent (Not Started),2023-10-03,,"Hon Dumnamene Robinson Dekor (PDP, Rivers, Constituency: Khana/Gokana)",Hon Dumnamene Robinson Dekor,Not Yet Referred,Hon Dumnamene Robinson Dekor
7417428b-1522-4d97-96df-5bf613f70280,"National Football Academy, Mbaitoli, Imo State (Establishment) Bill, 2023",First Reading (House: 2023-10-24) -> Second Reading (Not Started) -> Committee Assignment (Not Started) -> Report (Not Started) -> Third Reading/Concurrence (Not Started) -> Harmonization (Not Started) -> Assent (Not Started),2023-10-24,,"Akarachi Etinosa Tosan (APC, Imo, Constituency: Ikeduru/Mbaitoli)",Akarachi Etinosa Tosan,Not Yet Referred,Akarachi Etinosa Tosan
808e7532-0a4a-4409-9d77-7901a15ea710,"National Football Academy, Sunday – Sunday Field, Abakpa Nike, Enugu State (Establishment) Bill, 2023",First Reading (House: 2023-11-14) -> Second Reading (Not Started) -> Committee Assignment (Not Started) -> Report (Not Started) -> Third Reading/Concurrence (Not Started) -> Harmonization (Not Started) -> Assent (Not Started),2023-11-14,,"Hon Paul Nnamchi (LP, Enugu, Constituency: Enugu East/Isi Uzo)",Hon Paul Nnamchi,Not Yet Referred,Hon Paul Nnamchi
c74e7be1-6e09-439f-930d-8e360f39cb4b,"National Grains Development Council (Establishment) Bill, 2024",First Reading (House: 2024-05-09) -> Second Reading (Not Started) -> Committee Assignment (Not Started) -> Report (Not Started) -> Third Reading/Concurrence (Not Started) -> Harmonization (Not Started) -> Assent (Not Started),2024-05-09,,"Hon Benjamin Kalu (APC, Abia, Constituency: Bende)",Hon Benjamin Kalu,Not Yet Referred,Hon Benjamin Kalu
44c02d80-d5dc-46e2-842d-2d75dbd7ab6c,"National Groundnut Production, Processing and Research Institute Wurno Sokoto State Bill, 2023",First Reading (House: 2023-07-27) -> Second Reading (Not Started) -> Committee Assignment (Not Started) -> Report (Not Started) -> Third Reading/Concurrence (Not Started) -> Harmonization (Not Started) -> Assent (Not Started),2023-07-27,,"Hon Ibrahim Almustapha Aliyu (APC, Sokoto, Constituency: Wurno/Rabah)",Hon Ibrahim Almustapha Aliyu,Not Yet Referred,Hon Ibrahim Almustapha Aliyu
74c0f04a-c8f4-45ef-962a-05463b016fae,"National Guard Bill, 2024",First Reading (Not Started) -> Second Reading (Not Started) -> Committee Assignment (Not Started) -> Report (Not Started) -> Third Reading/Concurrence (Not Started) -> Harmonization (Not Started) -> Assent (Not Started),,,"Hon Bashir Zubairu (APC, Kaduna, Constituency: Birnin Gwari/Giwa)",Hon Bashir Zubairu,Not Yet Referred,Hon Bashir Zubairu
6d6694f2-33e3-4590-8393-e10eac9cde18,"National Hajj Commission of Nigeria (NAHCON) (Establishment) Act (Amendment) Bill, 2024",First Reading (House: 2024-06-27) -> Second Reading (Not Started) -> Committee Assignment (Not Started) -> Report (Not Started) -> Third Reading/Concurrence (Not Started) -> Harmonization (Not Started) -> Assent (Not Started),2024-06-27,,"Ali Isa (PDP, Gombe, Constituency: Balanga/Billiri)",Ali Isa,Not Yet Referred,Ali Isa
b06cb647-24ed-44db-bbdb-9343f86436ed,"National Hajj Commission of Nigeria (NAHCON) Act (Amendment) Bill, 2025",First Reading (Not Started) -> Second Reading (Not Started) -> Committee Assignment (Not Started) -> Report (Not Started) -> Third Reading/Concurrence (Not Started) -> Harmonization (Not Started) -> Assent (Not Started),,,"Hon Afolabi Moruf Afuape (APC, Ogun, Constituency: Abeokuta South)",Hon Afolabi Moruf Afuape,Not Yet Referred,Hon Afolabi Moruf Afuape
1b7180d0-f8c2-421a-8cf1-4dc72169123b,"National Health Act (Amendment) Bill, 2023",First Reading (House: 2023-11-01) -> Second Reading (House: 2025-02-05) -> Committee Assignment (House: 2025-02-05) -> Report (Not Started) -> Third Reading/Concurrence (Not Started) -> Harmonization (Not Started) -> Assent (Not Started),2023-11-01,2025-02-05,"Adedayo Samuel Adesola (APC, Lagos, Constituency: Apapa)",Adedayo Samuel Adesola,HealthCare Services,Adedayo Samuel Adesola
deebbb27-dd38-4346-a19c-f08b1a789eb5,"National Health Act (Amendment) Bill, 2023",First Reading (House: 2023-10-05) -> Second Reading (Not Started) -> Committee Assignment (Not Started) -> Report (Not Started) -> Third Reading/Concurrence (Not Started) -> Harmonization (Not Started) -> Assent (Not Started),2023-10-05,,"Hon Amos Gwamna Magaji (APC, Kaduna, Constituency: Zangon Kataf/Jaba)",Hon Amos Gwamna Magaji,Not Yet Referred,Hon Amos Gwamna Magaji
becfcd43-c70b-4d9e-9bba-9c1e53e79328,"National Health Act (Amendment) Bill, 2024",First Reading (House: 2024-03-20) -> Second Reading (House: 2024-05-16) -> Committee Assignment (House: 2024-05-16) -> Report (House: 2024-09-25) -> Third Reading/Concurrence (Not Started) -> Harmonization (Not Started) -> Assent (Not Started),2024-03-20,2024-05-16,"Hon Akeem Adeniyi Adeyemi (APC, Oyo, Constituency: Afijio/Oyo East/Oyo West/ Atiba)",Hon Akeem Adeniyi Adeyemi,Agricultural Colleges and Institutions,Hon Akeem Adeniyi Adeyemi
67251f9e-5f9b-4b45-9202-d94142d577b7,"National Health Insurance Authority Act (Amendment) Bill, 2023",First Reading (House: 2023-11-01) -> Second Reading (House: 2024-06-06) -> Committee Assignment (House: 2024-06-06) -> Report (Not Started) -> Third Reading/Concurrence (Not Started) -> Harmonization (Not Started) -> Assent (Not Started),2023-11-01,2024-06-06,"Adedayo Samuel Adesola (APC, Lagos, Constituency: Apapa)",Adedayo Samuel Adesola,HealthCare Services,Adedayo Samuel Adesola
7c2e130f-ff7f-4071-a014-035a72c9d8ad,"National Hospital for Women and Children, Abuja Act (Amendment) Bill, 2026",First Reading (House: 2026-03-11) -> Second Reading (Not Started) -> Committee Assignment (Not Started) -> Report (Not Started) -> Third Reading/Concurrence (Not Started) -> Harmonization (Not Started) -> Assent (Not Started),2026-03-11,,"Executive (APC, N/A, Constituency: .)",Executive,Not Yet Referred,Executive
242b5ae1-25f1-4a57-b886-7dbf02c79356,"National Hospital for Women and Fistula Care Centre, Bauchi (Establishment) Bill, 2024",First Reading (House: 2024-07-23) -> Second Reading (Not Started) -> Committee Assignment (Not Started) -> Report (Not Started) -> Third Reading/Concurrence (Not Started) -> Harmonization (Not Started) -> Assent (Not Started),2024-07-23,,"Hon Adamu Ibrahim Gamawa (APC, Bauchi, Constituency: Gamawa)",Hon Adamu Ibrahim Gamawa,Not Yet Referred,Hon Adamu Ibrahim Gamawa
e40fbb66-6a87-4243-b989-ff27392c6970,"National Hospital for Women and Obstetric Fistula (Establishment) Bill, 2026",First Reading (House: 2026-03-11) -> Second Reading (Not Started) -> Committee Assignment (Not Started) -> Report (Not Started) -> Third Reading/Concurrence (Not Started) -> Harmonization (Not Started) -> Assent (Not Started),2026-03-11,,"Executive (APC, N/A, Constituency: .)",Executive,Not Yet Referred,Executive
35733b6b-ad02-4824-833a-43be2439db0b,"National Hospital for Women Ideato, Imo State (Establishment, etc) Bill, 2024",First Reading (House: 2024-07-18) -> Second Reading (Not Started) -> Committee Assignment (Not Started) -> Report (Not Started) -> Third Reading/Concurrence (Not Started) -> Harmonization (Not Started) -> Assent (Not Started),2024-07-18,,"Hon Ugochinyere Onyinye Ikeagwuonu (PDP, Imo, Constituency: Ideato North/Ideato South)",Hon Ugochinyere Onyinye Ikeagwuonu,Not Yet Referred,Hon Ugochinyere Onyinye Ikeagwuonu
479fa071-3d80-4c52-afb8-b772f4ba2025,"National Housing Fund Act (Amendment) Bill, 2023",First Reading (House: 2023-10-03) -> Second Reading (Not Started) -> Committee Assignment (Not Started) -> Report (Not Started) -> Third Reading/Concurrence (Not Started) -> Harmonization (Not Started) -> Assent (Not Started),2023-10-03,,"Hon Martins Etim Esin (PDP, Akwa Ibom, Constituency: Oron/Mbo/Okobo/Udung Uko/Urue Offong/Oruko)",Hon Martins Etim Esin,Not Yet Referred,Hon Martins Etim Esin
a91fc5c4-a277-4746-b9d7-fe802ad17129,"National Human Rights Commission Bill, 2025",First Reading (House: 2025-06-24) -> Second Reading (House: 2025-12-11) -> Committee Assignment (House: 2025-12-11) -> Report (Not Started) -> Third Reading/Concurrence (Not Started) -> Harmonization (Not Started) -> Assent (Not Started),2025-06-24,2025-12-11,"Hon Lukman Mudashiru (PDP, Osun, Constituency: Ayedire/Iwo/Ola-Oluwa); Hon Abiola Peter Makinde (APC, Ondo, Constituency: Ondo East/Ondo West)",Hon Lukman Mudashiru; Hon Abiola Peter Makinde,Human Rights,Hon Lukman Mudashiru
3e089e0d-0f27-4554-bd17-af0c2cefc330,"National Identity Management Commission Act (Repeal and Enactment) Bill, 2024",First Reading (House: 2024-03-19) -> Second Reading (House: 2024-07-11) -> Committee Assignment (House: 2024-07-11) -> Report (Not Started) -> Third Reading/Concurrence (Not Started) -> Harmonization (Not Started) -> Assent (Not Started),2024-03-19,2024-07-11,"Executive (APC, N/A, Constituency: .)",Executive,Populations,Executive
62437198-79da-40c4-930b-2990fefe5ffa,"National Independent Project Monitoring and Evaluation Agency (Establishment) Bill, 2025",First Reading (House: 2025-05-21) -> Second Reading (Not Started) -> Committee Assignment (Not Started) -> Report (Not Started) -> Third Reading/Concurrence (Not Started) -> Harmonization (Not Started) -> Assent (Not Started),2025-05-21,,"Hon Emeka Martins Chinedu (PDP, Imo, Constituency: Ahiazu Mbaise/Ezinihitte)",Hon Emeka Martins Chinedu,Not Yet Referred,Hon Emeka Martins Chinedu
c04dd35f-270a-4b1b-a0e1-8ca0e35495d7,"National Industrial Centre (Establishment) Bill, 2023",First Reading (House: 2023-07-27) -> Second Reading (Not Started) -> Committee Assignment (Not Started) -> Report (Not Started) -> Third Reading/Concurrence (Not Started) -> Harmonization (Not Started) -> Assent (Not Started),2023-07-27,,"Hon Taofeek Abimbola Ajilesoro (APC, Osun, Constituency: Ife Central/Ife North/Ife South/Ife East)",Hon Taofeek Abimbola Ajilesoro,Not Yet Referred,Hon Taofeek Abimbola Ajilesoro
71f089a2-2b27-45a5-bafd-a2f719d03149,"National Infrastructure Management and Maintenance Agency Bill Act (Repeal and Enactment), 2023",First Reading (House: 2023-07-11) -> Second Reading (Not Started) -> Committee Assignment (Not Started) -> Report (Not Started) -> Third Reading/Concurrence (Not Started) -> Harmonization (Not Started) -> Assent (Not Started),2023-07-11,,"Hon Aliu Ademorin Kuye (APC, Lagos, Constituency: Shomolu)",Hon Aliu Ademorin Kuye,Not Yet Referred,Hon Aliu Ademorin Kuye
0c717104-a172-4660-9336-c2a3102bbb7b,"National Inland Waterways Act (Amendment) Bill, 2023",First Reading (House: 2023-10-25) -> Second Reading (House: 2023-12-20) -> Committee Assignment (House: 2023-12-20) -> Report (Not Started) -> Third Reading/Concurrence (Not Started) -> Harmonization (Not Started) -> Assent (Not Started),2023-10-25,2023-12-20,"Hon Dennis Idahosa (APC, Edo, Constituency: Ovia North East/Ovia South West)",Hon Dennis Idahosa,the Whole,Hon Dennis Idahosa
353bb41a-0dc2-4f1d-bc21-640fafce0d4f,National Inland Waterways Authority 2023,First Reading (House: 2023-07-27) -> Second Reading (Not Started) -> Committee Assignment (Not Started) -> Report (Not Started) -> Third Reading/Concurrence (Not Started) -> Harmonization (Not Started) -> Assent (Not Started),2023-07-27,,"Hon Gagdi Adamu Yusuf (APC, Plateau, Constituency: Kanke/Pankshin/Kanam)",Hon Gagdi Adamu Yusuf,Not Yet Referred,Hon Gagdi Adamu Yusuf
74636a3e-777f-4a0a-a392-b8a56e9b45cf,"National Inland waterways Authority Act (Amendment) Bill, 2024",First Reading (House: 2024-03-12) -> Second Reading (Not Started) -> Committee Assignment (Not Started) -> Report (Not Started) -> Third Reading/Concurrence (Not Started) -> Harmonization (Not Started) -> Assent (Not Started),2024-03-12,,"Hon Oluwole Oke (PDP, Osun, Constituency: Obokun/Oriade)",Hon Oluwole Oke,Not Yet Referred,Hon Oluwole Oke
9a5db7a4-6706-4bc6-9b07-f1408bc0df56,"National Inland Waterways Authority Act (Repeal and Enactment) Bill, 2023","First Reading (House: 2023-10-31, Senate: 2025-10-07) -> Second Reading (House: 2024-06-06) -> Committee Assignment (House: 2024-06-06) -> Report (Not Started) -> Third Reading/Concurrence (Not Started) -> Harmonization (Not Started) -> Assent (Not Started)",2023-10-31,2024-06-06,"Hon Paul Nnamchi (LP, Enugu, Constituency: Enugu East/Isi Uzo)",Hon Paul Nnamchi,the Whole,Hon Paul Nnamchi
88b1976b-21dc-4258-946f-117f06d354af,"National Institute for Artificial Intelligence and Robotic Studies, Somolu, Lagos State (Est) Bill, 2023",First Reading (House: 2023-07-18) -> Second Reading (Not Started) -> Committee Assignment (Not Started) -> Report (Not Started) -> Third Reading/Concurrence (Not Started) -> Harmonization (Not Started) -> Assent (Not Started),2023-07-18,,"Hon Aliu Ademorin Kuye (APC, Lagos, Constituency: Shomolu)",Hon Aliu Ademorin Kuye,Not Yet Referred,Hon Aliu Ademorin Kuye
e3bf7903-376a-4e14-95c4-54aa35d7b86b,"National Institute for Brackish Water Fisheries Research, Ngo-Andoni (Establishment) Bill, 2023",First Reading (House: 2023-07-19) -> Second Reading (House: 2023-11-23) -> Committee Assignment (House: 2023-11-23) -> Report (Not Started) -> Third Reading/Concurrence (Not Started) -> Harmonization (Not Started) -> Assent (Not Started),2023-07-19,2023-11-23,"Hon Awaji-inombek Dagomie Abiante (PDP, Rivers, Constituency: Opobo/Nkoro/Andoni)",Hon Awaji-inombek Dagomie Abiante,the Whole,Hon Awaji-inombek Dagomie Abiante
d17ff4e2-0d5d-462d-a321-0230f67d6a12,"National Institute for Cardiovascular Disease Research and Treatment, Kano State, (Establishment) Bill, 2023",First Reading (House: 2023-11-09) -> Second Reading (Not Started) -> Committee Assignment (Not Started) -> Report (Not Started) -> Third Reading/Concurrence (Not Started) -> Harmonization (Not Started) -> Assent (Not Started),2023-11-09,,"Hon Hassan Shehu Hussain (NNPP, Kano, Constituency: Nassarawa)",Hon Hassan Shehu Hussain,Not Yet Referred,Hon Hassan Shehu Hussain
eb9040e8-6481-46af-902a-f7d286b92e0a,"National Institute for Creative and Performing Arts, Ikate Surulere, Lagos State (Establishment) Bill, 2023",First Reading (House: 2023-07-27) -> Second Reading (Not Started) -> Committee Assignment (Not Started) -> Report (Not Started) -> Third Reading/Concurrence (Not Started) -> Harmonization (Not Started) -> Assent (Not Started),2023-07-27,,"Hon Lanre Okunlola (APC, Lagos, Constituency: Surulere II)",Hon Lanre Okunlola,Not Yet Referred,Hon Lanre Okunlola
c20dadce-f855-4ba0-954a-712c29fdf1c1,"National Institute for Creative and Performing Arts, Ososa–Ijebu, Ogun State (Establishment) Bill, 2023",First Reading (House: 2023-11-09) -> Second Reading (Not Started) -> Committee Assignment (Not Started) -> Report (Not Started) -> Third Reading/Concurrence (Not Started) -> Harmonization (Not Started) -> Assent (Not Started),2023-11-09,,"Hon Olufemi Ogunbanwo (APC, Ogun, Constituency: Ijebu Ode /Odogbolu /Ijebu North East)",Hon Olufemi Ogunbanwo,Not Yet Referred,Hon Olufemi Ogunbanwo
3579bede-5057-4e3c-96fc-664d624becdd,"National Institute for Criminology and Criminal Justice Research (Establishment) Bill, 2023",First Reading (House: 2023-10-24) -> Second Reading (Not Started) -> Committee Assignment (Not Started) -> Report (Not Started) -> Third Reading/Concurrence (Not Started) -> Harmonization (Not Started) -> Assent (Not Started),2023-10-24,,"Hon Julius Ihonvbere (APC, Edo, Constituency: Owan East/Owan West)",Hon Julius Ihonvbere,Not Yet Referred,Hon Julius Ihonvbere
10b4f879-87bb-452c-a5d0-16009e7417bd,"National Institute for Electric Mobility, Dogondaji, Sokoto State (Establishment) Bill, 2025",First Reading (House: 2025-07-22) -> Second Reading (Not Started) -> Committee Assignment (Not Started) -> Report (Not Started) -> Third Reading/Concurrence (Not Started) -> Harmonization (Not Started) -> Assent (Not Started),2025-07-22,,"Hon Abdussamad Ibrahim Dasuki (PDP, Sokoto, Constituency: Kebbe/Tambuwal)",Hon Abdussamad Ibrahim Dasuki,Not Yet Referred,Hon Abdussamad Ibrahim Dasuki
b2ab8fcd-97df-4130-8712-4e350ca9dac4,"National Institute for Entrepreneurship and Innovation Itire, Lagos State (Establishment) Bill, 2023",First Reading (House: 2023-07-27) -> Second Reading (Not Started) -> Committee Assignment (Not Started) -> Report (Not Started) -> Third Reading/Concurrence (Not Started) -> Harmonization (Not Started) -> Assent (Not Started),2023-07-27,,"Hon Lanre Okunlola (APC, Lagos, Constituency: Surulere II)",Hon Lanre Okunlola,Not Yet Referred,Hon Lanre Okunlola
cc6744f3-ce5f-4bd0-9e70-2f879a89c589,"National Institute for Film Production and Entertainment Industry Village (Establishment) Bill, 2025",First Reading (House: 2025-05-21) -> Second Reading (Not Started) -> Committee Assignment (Not Started) -> Report (Not Started) -> Third Reading/Concurrence (Not Started) -> Harmonization (Not Started) -> Assent (Not Started),2025-05-21,,"Hon Emeka Martins Chinedu (PDP, Imo, Constituency: Ahiazu Mbaise/Ezinihitte)",Hon Emeka Martins Chinedu,Not Yet Referred,Hon Emeka Martins Chinedu
1a3bcaed-057c-4de3-a1e5-fd7624927b62,"National Institute for Information Communication Technology, Suleja (Establishment) Bill, 2023",First Reading (House: 2023-10-10) -> Second Reading (Not Started) -> Committee Assignment (Not Started) -> Report (Not Started) -> Third Reading/Concurrence (Not Started) -> Harmonization (Not Started) -> Assent (Not Started),2023-10-10,,"Hon Adamu Tanko (PDP, Niger, Constituency: Gurara/Suleja/Tapa)",Hon Adamu Tanko,Not Yet Referred,Hon Adamu Tanko
0a9779c2-35cc-4a50-ad9f-0dbe06fc95c2,"National Institute for Nigerian languages Act (Repeal and Enactment) Bill, 2023",First Reading (House: 2023-07-27) -> Second Reading (Not Started) -> Committee Assignment (Not Started) -> Report (Not Started) -> Third Reading/Concurrence (Not Started) -> Harmonization (Not Started) -> Assent (Not Started),2023-07-27,,"Hon Dachung Musa Bagos (PDP, Plateau, Constituency: Jos South/Jos East)",Hon Dachung Musa Bagos,Not Yet Referred,Hon Dachung Musa Bagos
137ebfb2-4184-455a-9200-3643387af450,"National Institute for Oil Palm Research, Ijebu Igbo, Ogun State (Establishment) Bill, 2023",First Reading (House: 2023-10-17) -> Second Reading (House: 2024-05-16) -> Committee Assignment (House: 2024-05-16) -> Report (House: 2024-09-26) -> Third Reading/Concurrence (Not Started) -> Harmonization (Not Started) -> Assent (Not Started),2023-10-17,2024-05-16,"Joseph Folorunsho Adegbesan (APC, Ogun, Constituency: Ijebu North/Ijebu East/Ogun Waterside)",Joseph Folorunsho Adegbesan,Agricultural Colleges and Institutions,Joseph Folorunsho Adegbesan
3f43feb2-ee04-4708-9962-d90f81afcaa8,"National Institute for Organic Agriculture and Food Safety Research, Ulonna North Isuikwuato, Abia State (Establishment) Bill, 2024",First Reading (House: 2024-06-06) -> Second Reading (Not Started) -> Committee Assignment (Not Started) -> Report (Not Started) -> Third Reading/Concurrence (Not Started) -> Harmonization (Not Started) -> Assent (Not Started),2024-06-06,,"Hon Amobi Ogah (LP, Abia, Constituency: Isuikwuato/Umu-Nneochi)",Hon Amobi Ogah,Not Yet Referred,Hon Amobi Ogah
07f8ff1f-510c-4f28-851d-92bd9c10f4d9,"National Institute for Policy and Strategic Studies, Kuru (Establishment) Bill, 2024",First Reading (House: 2024-06-05) -> Second Reading (Not Started) -> Committee Assignment (Not Started) -> Report (Not Started) -> Third Reading/Concurrence (Not Started) -> Harmonization (Not Started) -> Assent (Not Started),2024-06-05,,"Dalyop Chollom Fom (LP, Plateau, Constituency: Barkin Ladi/Riyom)",Dalyop Chollom Fom,Not Yet Referred,Dalyop Chollom Fom
e742a62d-7c76-471f-a7eb-fef9210b34cd,"National Institute for Policy and Strategic Studies, Kuru Bill, 2023",First Reading (House: 2023-07-27) -> Second Reading (Not Started) -> Committee Assignment (Not Started) -> Report (Not Started) -> Third Reading/Concurrence (Not Started) -> Harmonization (Not Started) -> Assent (Not Started),2023-07-27,,"Hon Gagdi Adamu Yusuf (APC, Plateau, Constituency: Kanke/Pankshin/Kanam)",Hon Gagdi Adamu Yusuf,Not Yet Referred,Hon Gagdi Adamu Yusuf
d2ce195e-2455-4f01-ba1e-1031bae45117,"National Institute for Sports Act (Amendment) Bill, 2023",First Reading (House: 2023-07-27) -> Second Reading (Not Started) -> Committee Assignment (Not Started) -> Report (Not Started) -> Third Reading/Concurrence (Not Started) -> Harmonization (Not Started) -> Assent (Not Started),2023-07-27,,"Hon Dumnamene Robinson Dekor (PDP, Rivers, Constituency: Khana/Gokana)",Hon Dumnamene Robinson Dekor,Not Yet Referred,Hon Dumnamene Robinson Dekor
ab636385-923f-4927-a7a1-9cec10b9ae02,"National Institute for Technical and Vocational Education Kankara, Kastina State (Establishment) Bill, 2024",First Reading (House: 2024-07-23) -> Second Reading (Not Started) -> Committee Assignment (Not Started) -> Report (Not Started) -> Third Reading/Concurrence (Not Started) -> Harmonization (Not Started) -> Assent (Not Started),2024-07-23,,"Mohammed Dan Abba Shehu (PDP, Bauchi, Constituency: Zaki)",Mohammed Dan Abba Shehu,Not Yet Referred,Mohammed Dan Abba Shehu
fa226feb-5517-4e22-b8e0-366b79a0f744,"National Institute for Technical and Vocational Education Wamba, Nasarawa State (Establishment) Bill, 2023",First Reading (House: 2023-07-18) -> Second Reading (House: 0024-10-02) -> Committee Assignment (House: 2024-10-02) -> Report (House: 2025-12-03) -> Third Reading/Concurrence (Not Started) -> Harmonization (Not Started) -> Assent (Not Started),2023-07-18,0024-10-02,"Hon Jeremiah Umaru (APC, Nasarawa, Constituency: Akwanga/Nassarawa Eggon/ Wamba)",Hon Jeremiah Umaru,Federal Polytechnics,Hon Jeremiah Umaru
9f423de2-ea6a-4f92-950a-3e66ebf91f7a,"National Institute for Technical and Vocational Education, Awka, Anambra State (Establishment) Bill, 2024",First Reading (House: 2024-07-11) -> Second Reading (Not Started) -> Committee Assignment (Not Started) -> Report (Not Started) -> Third Reading/Concurrence (Not Started) -> Harmonization (Not Started) -> Assent (Not Started),2024-07-11,,"Obiageli Lillian Orogbu (LP, Anambra, Constituency: Awka North/Awka South)",Obiageli Lillian Orogbu,Not Yet Referred,Obiageli Lillian Orogbu
bb517faa-7e77-4654-b8f9-6cb69a4e1be9,"National Institute for Technical and Vocational Education, Bogoro, Bauchi State (Est) Bill, 2023",First Reading (House: 2023-07-26) -> Second Reading (Not Started) -> Committee Assignment (Not Started) -> Report (Not Started) -> Third Reading/Concurrence (Not Started) -> Harmonization (Not Started) -> Assent (Not Started),2023-07-26,,"Hon Jafaru Gambe Leko (APC, Bauchi, Constituency: Bogoro/Dass/Tafawa Balewa)",Hon Jafaru Gambe Leko,Not Yet Referred,Hon Jafaru Gambe Leko
a6baaa9b-8848-4f4a-bd17-173db24e8a1a,"National Institute for Technical and Vocational Education, Fagge, Kano State (Establishment) Bill, 2023",First Reading (House: 2023-10-25) -> Second Reading (Not Started) -> Committee Assignment (Not Started) -> Report (Not Started) -> Third Reading/Concurrence (Not Started) -> Harmonization (Not Started) -> Assent (Not Started),2023-10-25,,"Hon Muhammed Bello Shehu (NNPP, Kano, Constituency: Fagge)",Hon Muhammed Bello Shehu,Not Yet Referred,Hon Muhammed Bello Shehu
87bf4370-eb08-4687-9784-455bebf5b717,"National Institute for technical and Vocational Education, Kalgo, Kebbi State (Establishment) Bill, 2024",First Reading (House: 2024-07-18) -> Second Reading (Not Started) -> Committee Assignment (Not Started) -> Report (Not Started) -> Third Reading/Concurrence (Not Started) -> Harmonization (Not Started) -> Assent (Not Started),2024-07-18,,"Hon Ibrahim Mohammed Bukar (APC, Borno, Constituency: Dikwa/Mafa/Konduga)",Hon Ibrahim Mohammed Bukar,Not Yet Referred,Hon Ibrahim Mohammed Bukar
1750b6e6-876e-471a-94b9-6b4481d2a023,"National Institute for Technical and Vocational Education, Minijibir, Kano State (Establishment) Bill, 2023",First Reading (House: 2023-07-27) -> Second Reading (Not Started) -> Committee Assignment (Not Started) -> Report (Not Started) -> Third Reading/Concurrence (Not Started) -> Harmonization (Not Started) -> Assent (Not Started),2023-07-27,,"Hon Sani Adamu (NNPP, Kano, Constituency: Minjibir/Ungogo)",Hon Sani Adamu,Not Yet Referred,Hon Sani Adamu
9e752fad-12f1-4bd6-9467-1de47f73d9a5,"National Institute for Vocational and Entrepreneurial Studies, Agadagba Obon-Arogbo, Ondo State (Establishment) Bill, 2025",First Reading (Not Started) -> Second Reading (Not Started) -> Committee Assignment (Not Started) -> Report (Not Started) -> Third Reading/Concurrence (Not Started) -> Harmonization (Not Started) -> Assent (Not Started),,,"Hon Donald Ojogo (APC, Ondo, Constituency: Eseodo/Ilaje)",Hon Donald Ojogo,Not Yet Referred,Hon Donald Ojogo
49b8a589-8792-483c-8cb6-88c9a6a3871d,"National Institute for Vocational and Technical Education, Uli, Anambra State (Establishment) Bill, 2023",First Reading (House: 2023-07-27) -> Second Reading (Not Started) -> Committee Assignment (Not Started) -> Report (Not Started) -> Third Reading/Concurrence (Not Started) -> Harmonization (Not Started) -> Assent (Not Started),2023-07-27,,"Hon Pascal Agbodike (APGA, Anambra, Constituency: Ihiala)",Hon Pascal Agbodike,Not Yet Referred,Hon Pascal Agbodike
02d51f2d-4738-437f-9d8d-af35ca02f8a2,"National Institute of Agricultural and Applied Economics (Establishment) Bill, 2024",First Reading (House: 2024-05-09) -> Second Reading (Not Started) -> Committee Assignment (Not Started) -> Report (Not Started) -> Third Reading/Concurrence (Not Started) -> Harmonization (Not Started) -> Assent (Not Started),2024-05-09,,"Hon Benjamin Kalu (APC, Abia, Constituency: Bende)",Hon Benjamin Kalu,Not Yet Referred,Hon Benjamin Kalu
546dacbb-84b4-42af-94c1-78d47bc0eb34,"National Institute of Agricultural Research Oria, Edo State (Establishment) Bill, 2023",First Reading (House: 2023-10-04) -> Second Reading (House: 2023-12-20) -> Committee Assignment (House: 2023-12-20) -> Report (Not Started) -> Third Reading/Concurrence (Not Started) -> Harmonization (Not Started) -> Assent (Not Started),2023-10-04,2023-12-20,"Henry Odianosen Okojie (APC, Edo, Constituency: Esan North East/Esan South East)",Henry Odianosen Okojie,the Whole,Henry Odianosen Okojie
a53e66bf-ac3c-42d3-8afc-026f9eebab0b,"National Institute of Construction Technology and Management, Itele, Ogun State (Establishment) Bill, 2023",First Reading (House: 2023-10-17) -> Second Reading (House: 2024-03-13) -> Committee Assignment (House: 2024-03-13) -> Report (Not Started) -> Third Reading/Concurrence (Not Started) -> Harmonization (Not Started) -> Assent (Not Started),2023-10-17,2024-03-13,"Joseph Folorunsho Adegbesan (APC, Ogun, Constituency: Ijebu North/Ijebu East/Ogun Waterside)",Joseph Folorunsho Adegbesan,Works,Joseph Folorunsho Adegbesan
d394afb1-1844-4626-bbfb-04dce487fb89,"National Institute of Fisheries and Aquaculture Studies, Abigi, Ogun State (Establishment) Bill, 2023",First Reading (House: 2023-10-10) -> Second Reading (Not Started) -> Committee Assignment (Not Started) -> Report (Not Started) -> Third Reading/Concurrence (Not Started) -> Harmonization (Not Started) -> Assent (Not Started),2023-10-10,,"Joseph Folorunsho Adegbesan (APC, Ogun, Constituency: Ijebu North/Ijebu East/Ogun Waterside)",Joseph Folorunsho Adegbesan,Not Yet Referred,Joseph Folorunsho Adegbesan
6b1ae52b-b0de-43a8-a158-f4e12ecc3c76,"National Institute of Flood and Erosion Control (Establishment) Bill, 2023",First Reading (House: 2023-10-24) -> Second Reading (Not Started) -> Committee Assignment (Not Started) -> Report (Not Started) -> Third Reading/Concurrence (Not Started) -> Harmonization (Not Started) -> Assent (Not Started),2023-10-24,,"Hon Hussaini Ahmed Abdulkarim (APC, Kaduna, Constituency: Kaduna South)",Hon Hussaini Ahmed Abdulkarim,Not Yet Referred,Hon Hussaini Ahmed Abdulkarim
5d5fe0bf-b6bd-448b-81ef-cacd62018eb5,"National Institute of Graphic Arts Designs and Printing Technology, Shomolu, Lagos State (Establishment) Bill, 2023",First Reading (House: 2023-09-26) -> Second Reading (Not Started) -> Committee Assignment (Not Started) -> Report (Not Started) -> Third Reading/Concurrence (Not Started) -> Harmonization (Not Started) -> Assent (Not Started),2023-09-26,,"Hon Aliu Ademorin Kuye (APC, Lagos, Constituency: Shomolu)",Hon Aliu Ademorin Kuye,Not Yet Referred,Hon Aliu Ademorin Kuye
71b8dd57-3ce3-41f0-a456-1e319dde2c61,"National Institute of Interventional Radiology, Cardiology and Neurology, Maiduguri (Establishment) Bill, 2025",First Reading (House: 2025-12-10) -> Second Reading (Not Started) -> Committee Assignment (Not Started) -> Report (Not Started) -> Third Reading/Concurrence (Not Started) -> Harmonization (Not Started) -> Assent (Not Started),2025-12-10,,"Hon Usman Zannah (APC, Borno, Constituency: Kaga/Gubio/Magumeri); Hon Satomi Alhaji Ahmad (APC, Borno, Constituency: Jere)",Hon Usman Zannah; Hon Satomi Alhaji Ahmad,Not Yet Referred,Hon Usman Zannah
fbff31e7-a526-41ab-a951-29eaae496562,"National Institute of Marketing of Nigeria (No. 25) Act, 2024",First Reading (House: 2024-06-27) -> Second Reading (Not Started) -> Committee Assignment (Not Started) -> Report (Not Started) -> Third Reading/Concurrence (Not Started) -> Harmonization (Not Started) -> Assent (Not Started),2024-06-27,,"Chris Nkwonta (PDP, Abia, Constituency: Ukwa East/Ukwa West)",Chris Nkwonta,Not Yet Referred,Chris Nkwonta
a5d10b96-9e5c-49bd-a241-b08c5a24a3ec,"National Institute of Marketing of Nigeria Act (Amendment) Bill, 2023",First Reading (House: 2023-10-31) -> Second Reading (Not Started) -> Committee Assignment (Not Started) -> Report (Not Started) -> Third Reading/Concurrence (Not Started) -> Harmonization (Not Started) -> Assent (Not Started),2023-10-31,,"Chris Nkwonta (PDP, Abia, Constituency: Ukwa East/Ukwa West)",Chris Nkwonta,Not Yet Referred,Chris Nkwonta
637a88d4-48e5-4f29-b25a-ff697305be5c,"National Institute of Nigerian Languages Act (Repeal and Enactment) Bill, 2023",First Reading (House: 2023-10-19) -> Second Reading (Not Started) -> Committee Assignment (Not Started) -> Report (Not Started) -> Third Reading/Concurrence (Not Started) -> Harmonization (Not Started) -> Assent (Not Started),2023-10-19,,"Hon Benjamin Kalu (APC, Abia, Constituency: Bende)",Hon Benjamin Kalu,Not Yet Referred,Hon Benjamin Kalu
ee5b9342-a350-4a04-927e-674bb500211e,"National Institute of Rubber Research and Technology (Establishment) Bill, 2023",First Reading (House: 2023-10-24) -> Second Reading (Not Started) -> Committee Assignment (Not Started) -> Report (Not Started) -> Third Reading/Concurrence (Not Started) -> Harmonization (Not Started) -> Assent (Not Started),2023-10-24,,"Joseph Folorunsho Adegbesan (APC, Ogun, Constituency: Ijebu North/Ijebu East/Ogun Waterside)",Joseph Folorunsho Adegbesan,Not Yet Referred,Joseph Folorunsho Adegbesan
4fc88020-7f98-4d2d-baea-dad3bb2127c8,"National Institute of Theatre and Performing Arts, Mowe, Ogun State Bill, 2023",First Reading (House: 2023-07-25) -> Second Reading (Not Started) -> Committee Assignment (Not Started) -> Report (Not Started) -> Third Reading/Concurrence (Not Started) -> Harmonization (Not Started) -> Concurrence (Not Started) -> Assent (Not Started),2023-07-25,,"Hon Olumide Babatunde Osoba (APC, Ogun, Constituency: Abeokuta North/ Obafemi- Owode/Odeda)",Hon Olumide Babatunde Osoba,Not Yet Referred,Hon Olumide Babatunde Osoba
f8dc6a9a-2198-4a6a-b507-b3a26d183912,"National Institute of Vocational and Technical Education, Okurikang Okoyong, Odukpani, Cross River State (Establishment) Bill, 2023",First Reading (House: 2023-07-26) -> Second Reading (Not Started) -> Committee Assignment (Not Started) -> Report (Not Started) -> Third Reading/Concurrence (Not Started) -> Harmonization (Not Started) -> Concurrence (Not Started) -> Assent (Not Started),2023-07-26,,"Hon Osi Kama Nkemkanma (LP, Ebonyi, Constituency: Ivo-Ohaozara/Onicha)",Hon Osi Kama Nkemkanma,Not Yet Referred,Hon Osi Kama Nkemkanma
45f48808-e888-47a5-8ea6-1e7826ca0a81,"National Integrated Rural Community Development Agency (Establishment) Bill, 2024",First Reading (House: 2024-07-17) -> Second Reading (Not Started) -> Committee Assignment (Not Started) -> Report (Not Started) -> Third Reading/Concurrence (Not Started) -> Harmonization (Not Started) -> Assent (Not Started),2024-07-17,,"Hon Marcus Onobun (PDP, Edo, Constituency: Esan Central/Esan South/ Igueben)",Hon Marcus Onobun,Not Yet Referred,Hon Marcus Onobun
9a17831d-ef7b-4f8e-8790-8aca9eb0a1af,"National Intelligence Commission (Establishment) Bill, 2023",First Reading (House: 2023-11-02) -> Second Reading (Not Started) -> Committee Assignment (Not Started) -> Report (Not Started) -> Third Reading/Concurrence (Not Started) -> Harmonization (Not Started) -> Assent (Not Started),2023-11-02,,"Hon Chinedu Ogah (APC, Ebonyi, Constituency: Ezza South/Ikwo)",Hon Chinedu Ogah,Not Yet Referred,Hon Chinedu Ogah
790ef802-96e9-4b9f-8bcd-d8cfa2dd2594,"National Interstate Mass Transit (Establishment) Bill, 2023",First Reading (House: 2023-07-27) -> Second Reading (Not Started) -> Committee Assignment (Not Started) -> Report (Not Started) -> Third Reading/Concurrence (Not Started) -> Harmonization (Not Started) -> Assent (Not Started),2023-07-27,,"Hon Adedeji Stanley Olajide (PDP, Oyo, Constituency: Ibadan South West/Ibadan North West)",Hon Adedeji Stanley Olajide,Not Yet Referred,Hon Adedeji Stanley Olajide
1a38d590-4773-4328-a596-506945d9d3d4,"National Land Commission (Establishment) Bill, 2023",First Reading (House: 2023-11-28) -> Second Reading (Not Started) -> Committee Assignment (Not Started) -> Report (Not Started) -> Third Reading/Concurrence (Not Started) -> Harmonization (Not Started) -> Assent (Not Started),2023-11-28,,"Hon Adamu Tanko (PDP, Niger, Constituency: Gurara/Suleja/Tapa)",Hon Adamu Tanko,Not Yet Referred,Hon Adamu Tanko
89db0319-a358-4759-bab2-7d6dd17a86b2,"National Land Transport Regulatory Authority (Establishment) Bill, 2023",First Reading (House: 2023-10-17) -> Second Reading (Not Started) -> Committee Assignment (Not Started) -> Report (Not Started) -> Third Reading/Concurrence (Not Started) -> Harmonization (Not Started) -> Assent (Not Started),2023-10-17,,"Hon Alex Egbona (PDP, Cross River, Constituency: Yakurr/Abi)",Hon Alex Egbona,Not Yet Referred,Hon Alex Egbona
c92fb16e-4274-4df1-82b4-40b3fe41f7ff,"National Library Act (Amendment) Bill, 2023",First Reading (House: 2023-11-28) -> Second Reading (Not Started) -> Committee Assignment (Not Started) -> Report (Not Started) -> Third Reading/Concurrence (Not Started) -> Harmonization (Not Started) -> Assent (Not Started),2023-11-28,,"Hon Jesse Okey-Joe Onuakachi (LP, Lagos, Constituency: Oshodi/Isolo II)",Hon Jesse Okey-Joe Onuakachi,Not Yet Referred,Hon Jesse Okey-Joe Onuakachi
645115ae-5f37-400f-95e4-ff9292a118a7,"National Library of Nigeria (Establishment) Bill, 2023",First Reading (House: 2023-07-12) -> Second Reading (House: 2023-07-18) -> Committee Assignment (House: 2023-07-18) -> Report (House: 2024-02-21) -> Third Reading/Concurrence (House: 2024-02-27) -> Harmonization (Not Started) -> Assent (Not Started),2023-07-12,2023-07-18,"Hon Julius Ihonvbere (APC, Edo, Constituency: Owan East/Owan West)",Hon Julius Ihonvbere,the Whole,Hon Julius Ihonvbere
370c6fb0-9582-48ee-ba1f-49ac1adcc5fc,"National Lottery Compliance Centre (Establishment) Bill, 2025",First Reading (House: 2025-12-10) -> Second Reading (Not Started) -> Committee Assignment (Not Started) -> Report (Not Started) -> Third Reading/Concurrence (Not Started) -> Harmonization (Not Started) -> Assent (Not Started),2025-12-10,,"Hon Akinola Adekunle Alabi (APC, Oyo, Constituency: Egbeda/Ona-Ara)",Hon Akinola Adekunle Alabi,Not Yet Referred,Hon Akinola Adekunle Alabi
3a82e073-78e4-4c48-a9e9-9bef014feda3,"National Mass Transit Scheme (Establishment) Bill, 2023",First Reading (House: 2023-12-01) -> Second Reading (Not Started) -> Committee Assignment (Not Started) -> Report (Not Started) -> Third Reading/Concurrence (Not Started) -> Harmonization (Not Started) -> Assent (Not Started),2023-12-01,,"Hon Jesse Okey-Joe Onuakachi (LP, Lagos, Constituency: Oshodi/Isolo II)",Hon Jesse Okey-Joe Onuakachi,Not Yet Referred,Hon Jesse Okey-Joe Onuakachi
99876d25-0c86-477c-bff1-8bb4a0f63d93,"National Mathematical Centre, (Amendment) Bill, 2023",First Reading (House: 2023-07-27) -> Second Reading (Not Started) -> Committee Assignment (Not Started) -> Report (Not Started) -> Third Reading/Concurrence (Not Started) -> Harmonization (Not Started) -> Assent (Not Started),2023-07-27,,"Hon Mathew Nwogu (LP, Imo, Constituency: Aboh Mbaise/Ngor Okpala)",Hon Mathew Nwogu,Not Yet Referred,Hon Mathew Nwogu
455da450-c6ef-40d6-b81c-e03ac7b7d60d,"National Metallurgical Training Institute (Establishment) Bill, 2023",First Reading (House: 2023-10-31) -> Second Reading (Not Started) -> Committee Assignment (Not Started) -> Report (Not Started) -> Third Reading/Concurrence (Not Started) -> Harmonization (Not Started) -> Assent (Not Started),2023-10-31,,"Hon Pascal Agbodike (APGA, Anambra, Constituency: Ihiala)",Hon Pascal Agbodike,Not Yet Referred,Hon Pascal Agbodike
c84ef4f4-6240-4bc8-97bb-efdf3326858b,"National Metallurgical Training Institute, Onitsha (Establishment) Bill, 2023",First Reading (House: 2023-11-22) -> Second Reading (Not Started) -> Committee Assignment (Not Started) -> Report (Not Started) -> Third Reading/Concurrence (Not Started) -> Harmonization (Not Started) -> Assent (Not Started),2023-11-22,,"Hon Emeka idu (LP, Anambra, Constituency: Onitsha North/Onitsha South)",Hon Emeka idu,Not Yet Referred,Hon Emeka idu
814e1465-7b36-4d78-b1cd-2677230da0f4,"National Metallurgical Training Institute, Sagamu, Ogun State (Establishment) Bill, 2023",First Reading (House: 2023-07-18) -> Second Reading (House: 2023-11-23) -> Committee Assignment (House: 2023-11-23) -> Report (House: 2024-02-29) -> Third Reading/Concurrence (House: 2024-03-06) -> Harmonization (Not Started) -> Assent (Not Started),2023-07-18,2023-11-23,"Hon Adewunmi Oriyomi Onanuga (APC, Ogun, Constituency: Ikenne/Sagamu/Remo North)",Hon Adewunmi Oriyomi Onanuga,the Whole,Hon Adewunmi Oriyomi Onanuga
ef79c69d-39d3-4bbf-9bee-3f84f9ed40e9,"National Minimum Standards and Establishment of Institutions Act (Amendment) Bill, 2023",First Reading (House: 2023-10-12) -> Second Reading (Not Started) -> Committee Assignment (Not Started) -> Report (Not Started) -> Third Reading/Concurrence (Not Started) -> Harmonization (Not Started) -> Assent (Not Started),2023-10-12,,"Hon Chinedu Ogah (APC, Ebonyi, Constituency: Ezza South/Ikwo)",Hon Chinedu Ogah,Not Yet Referred,Hon Chinedu Ogah
0cfbdb77-0941-4861-b0a2-089ea3c2b415,"National Minimum Wage Act (Amendment) Bill, 2024",First Reading (House: 2024-07-23) -> Second Reading (House: 2024-07-23) -> Committee Assignment (House: 2024-07-23) -> Report (House: 2024-07-23) -> Third Reading/Concurrence (House: 2024-07-23) -> Harmonization (Not Started) -> Assent (Not Started),2024-07-23,2024-07-23,"Executive (APC, N/A, Constituency: .)",Executive,the Whole,Executive
3ab89af5-4e41-4734-ba9e-4fd921e67835,"National Obstetrics Fistula Centre, Babbar-Ruga, Katsina State (Establishment) Bill, 2024",First Reading (House: 2024-05-08) -> Second Reading (Not Started) -> Committee Assignment (Not Started) -> Report (Not Started) -> Third Reading/Concurrence (Not Started) -> Harmonization (Not Started) -> Assent (Not Started),2024-05-08,,"Shehu Dalhatu (APC, Katsina, Constituency: Faskari/Kankara/Sabuwa)",Shehu Dalhatu,Not Yet Referred,Shehu Dalhatu
b6d9f78b-272d-40f3-bb68-aab1c0c367fc,"National Oil Palm Development Council (Establishment) Bill, 2023",First Reading (House: 2023-12-21) -> Second Reading (Not Started) -> Committee Assignment (Not Started) -> Report (Not Started) -> Third Reading/Concurrence (Not Started) -> Harmonization (Not Started) -> Assent (Not Started),2023-12-21,,"Hon Benjamin Kalu (APC, Abia, Constituency: Bende)",Hon Benjamin Kalu,Not Yet Referred,Hon Benjamin Kalu
96bf40e9-6fa7-4f2b-b5a5-34da4101e320,"National Oil Spill Detection Act (Amendment) Bill, 2023",First Reading (House: 2023-10-19) -> Second Reading (Not Started) -> Committee Assignment (Not Started) -> Report (Not Started) -> Third Reading/Concurrence (Not Started) -> Harmonization (Not Started) -> Assent (Not Started),2023-10-19,,"Chris Nkwonta (PDP, Abia, Constituency: Ukwa East/Ukwa West)",Chris Nkwonta,Not Yet Referred,Chris Nkwonta
fb7735cc-b756-42e7-9aab-e7540c7cbaf7,"National Oil Spill Detection and Response Agency (Establishment) Act (Amendment) Bill, 2025",First Reading (Not Started) -> Second Reading (Not Started) -> Committee Assignment (Not Started) -> Report (Not Started) -> Third Reading/Concurrence (Not Started) -> Harmonization (Not Started) -> Assent (Not Started),,,"Hon Julius Gbabojor Pondi (PDP, Delta, Constituency: Burutu)",Hon Julius Gbabojor Pondi,Not Yet Referred,Hon Julius Gbabojor Pondi
461fdabc-23ca-4127-b8ba-cee7d350d184,"National Oil Spill Detection and Response Agency Act (Amendment) Bill, 2023",First Reading (House: 2023-10-10) -> Second Reading (Not Started) -> Committee Assignment (Not Started) -> Report (Not Started) -> Third Reading/Concurrence (Not Started) -> Harmonization (Not Started) -> Assent (Not Started),2023-10-10,,"Hon Chinedu Ogah (APC, Ebonyi, Constituency: Ezza South/Ikwo)",Hon Chinedu Ogah,Not Yet Referred,Hon Chinedu Ogah
a7996576-6204-40a9-995b-4605d4db88ad,"National Oil Spill Detection and Response Agency Act (Amendment) Bill, 2023",First Reading (House: 2023-07-27) -> Second Reading (Not Started) -> Committee Assignment (Not Started) -> Report (Not Started) -> Third Reading/Concurrence (Not Started) -> Harmonization (Not Started) -> Assent (Not Started),2023-07-27,,"Hon Miriam Onuoha (APC, Imo, Constituency: Isiala Mbano/Okigwe/Onuimo)",Hon Miriam Onuoha,Not Yet Referred,Hon Miriam Onuoha
378a03cb-0f1e-45c3-956d-a36bd177e9cc,"National Oil Spill Detection and Response Agency Act (Amendment) Bill, 2024",First Reading (House: 2024-07-18) -> Second Reading (Not Started) -> Committee Assignment (Not Started) -> Report (Not Started) -> Third Reading/Concurrence (Not Started) -> Harmonization (Not Started) -> Assent (Not Started),2024-07-18,,"Mitema Obordor (PDP, Bayelsa, Constituency: Ogbia)",Mitema Obordor,Not Yet Referred,Mitema Obordor
ddd945db-1c45-445b-aead-c4f9882e0bac,"National Orthopaedic Centre, Gwandu, Kebbi State (Estblishment) Bill, 2023",First Reading (House: 2023-11-22) -> Second Reading (Not Started) -> Committee Assignment (Not Started) -> Report (Not Started) -> Third Reading/Concurrence (Not Started) -> Harmonization (Not Started) -> Assent (Not Started),2023-11-22,,"Hon Mansur Musa (PDP, Kebbi, Constituency: Aleiro/Gwandu/Jega)",Hon Mansur Musa,Not Yet Referred,Hon Mansur Musa
3c8cc1a1-8124-4db8-acb3-49a2c3a1c708,"National Out-of-School, Vulnerable and Indigent Children Trust Fund (Establishment) Bill, 2023",First Reading (House: 2023-12-01) -> Second Reading (Not Started) -> Committee Assignment (Not Started) -> Report (Not Started) -> Third Reading/Concurrence (Not Started) -> Harmonization (Not Started) -> Assent (Not Started),2023-12-01,,"Hon Ibrahim Almustapha Aliyu (APC, Sokoto, Constituency: Wurno/Rabah)",Hon Ibrahim Almustapha Aliyu,Not Yet Referred,Hon Ibrahim Almustapha Aliyu
77eb51f5-dce6-454a-a805-af2a316d4317,"National Palm Oil and Cassava Production, Processing and Research Institute, Otor-Iyede, Delta State (Establishment) Bill, 2025",First Reading (Not Started) -> Second Reading (Not Started) -> Committee Assignment (Not Started) -> Report (Not Started) -> Third Reading/Concurrence (Not Started) -> Harmonization (Not Started) -> Assent (Not Started),,,"Hon Jonathan Ajirioghene Ukodhiko (PDP, Delta, Constituency: Isoko North/Isoko South)",Hon Jonathan Ajirioghene Ukodhiko,Not Yet Referred,Hon Jonathan Ajirioghene Ukodhiko
b19c1a41-5538-465d-b3c3-876a7bce2590,"National Park Service Act (Amendment) Bill, 2023",First Reading (House: 2023-10-10) -> Second Reading (Not Started) -> Committee Assignment (Not Started) -> Report (Not Started) -> Third Reading/Concurrence (Not Started) -> Harmonization (Not Started) -> Assent (Not Started),2023-10-10,,"Hon Victor Abang (APC, Cross River, Constituency: Boki/Ikom)",Hon Victor Abang,Not Yet Referred,Hon Victor Abang
8961bdda-d441-4bdc-93c9-03d412fdbf4c,"National Park Service Bill, 2025",First Reading (Not Started) -> Second Reading (Not Started) -> Committee Assignment (Not Started) -> Report (Not Started) -> Third Reading/Concurrence (Not Started) -> Harmonization (Not Started) -> Assent (Not Started),,,"Hon Julius Gbabojor Pondi (PDP, Delta, Constituency: Burutu)",Hon Julius Gbabojor Pondi,Not Yet Referred,Hon Julius Gbabojor Pondi
420c32b6-688d-411e-8447-677794ad97b0,"National Planning Commission Act (Amendment) Bill, 2023",First Reading (House: 2023-10-12) -> Second Reading (Not Started) -> Committee Assignment (Not Started) -> Report (Not Started) -> Third Reading/Concurrence (Not Started) -> Harmonization (Not Started) -> Assent (Not Started),2023-10-12,,"Hon Benjamin Kalu (APC, Abia, Constituency: Bende)",Hon Benjamin Kalu,Not Yet Referred,Hon Benjamin Kalu
f53dafe3-3c9e-4536-abb3-ed7d0d8d42bd,"National Polytechnics Commission (Establishment) Bill, 2023",First Reading (House: 2023-10-19) -> Second Reading (House: 2023-02-20) -> Committee Assignment (House: 2024-02-20) -> Report (Not Started) -> Third Reading/Concurrence (Not Started) -> Harmonization (Not Started) -> Assent (Not Started),2023-10-19,2023-02-20,"Hon Iduma Enwo Igariwey (APC, Ebonyi, Constituency: Afikpo North/Afikpo South)",Hon Iduma Enwo Igariwey,Federal Polytechnics,Hon Iduma Enwo Igariwey
1019b3b0-30e4-476c-b8d6-8fbdf20e3969,"National Polytechnics Regulatory Commission (Establishment) Bill, 2023",First Reading (House: 2023-07-27) -> Second Reading (Not Started) -> Committee Assignment (Not Started) -> Report (Not Started) -> Third Reading/Concurrence (Not Started) -> Harmonization (Not Started) -> Assent (Not Started),2023-07-27,,"Hon Agbedi Yeitiemone Frederick (PDP, Bayelsa, Constituency: Sagbama/Ekeremor)",Hon Agbedi Yeitiemone Frederick,Not Yet Referred,Hon Agbedi Yeitiemone Frederick
e9d6d71d-9aef-4aec-952c-527086edc709,"National Polytechnics Regulatory Commission (Establishment) Bill, 2023",First Reading (House: 2023-07-27) -> Second Reading (Not Started) -> Committee Assignment (Not Started) -> Report (Not Started) -> Third Reading/Concurrence (Not Started) -> Harmonization (Not Started) -> Assent (Not Started),2023-07-27,,"Hon Agbedi Yeitiemone Frederick (PDP, Bayelsa, Constituency: Sagbama/Ekeremor)",Hon Agbedi Yeitiemone Frederick,Not Yet Referred,Hon Agbedi Yeitiemone Frederick
2b5ea516-4ba1-43ea-b7d2-cabb9f5ab95a,"National Population Commission Act (Amendment) Bill, 2023",First Reading (House: 2023-07-26) -> Second Reading (Not Started) -> Committee Assignment (Not Started) -> Report (Not Started) -> Third Reading/Concurrence (Not Started) -> Harmonization (Not Started) -> Concurrence (Not Started) -> Assent (Not Started),2023-07-26,,"Hon Dominic Okafor (APGA, Anambra, Constituency: Aguata)",Hon Dominic Okafor,Not Yet Referred,Hon Dominic Okafor
e41e7233-7fc4-4886-91b0-7a06ffe33cbf,"National Postgraduate College of Medical Laboratory Science (Establishment) Bill, 2023",First Reading (House: 2023-07-27) -> Second Reading (House: 2023-10-10) -> Committee Assignment (House: 2023-10-10) -> Report (Not Started) -> Third Reading/Concurrence (Not Started) -> Harmonization (Not Started) -> Assent (Not Started),2023-07-27,2023-10-10,"Hon Benjamin Kalu (APC, Abia, Constituency: Bende)",Hon Benjamin Kalu,the Whole,Hon Benjamin Kalu
43c81ff0-b856-44fd-b85d-b2753f059932,"National Price Control Commission (Establishment) Bill, 2023",First Reading (House: 2023-11-16) -> Second Reading (Not Started) -> Committee Assignment (Not Started) -> Report (Not Started) -> Third Reading/Concurrence (Not Started) -> Harmonization (Not Started) -> Assent (Not Started),2023-11-16,,"Hon Ayodeji Alao (APC, Oyo, Constituency: Ogbomoso North/ Ogbomoso South/Orire)",Hon Ayodeji Alao,Not Yet Referred,Hon Ayodeji Alao
c7e4f0d1-4770-496c-be97-7e35fc65011d,"National Primary Education Commission (Establishment) Bill, 2023",First Reading (House: 2023-07-06) -> Second Reading (Not Started) -> Committee Assignment (Not Started) -> Report (Not Started) -> Third Reading/Concurrence (Not Started) -> Harmonization (Not Started) -> Assent (Not Started),2023-07-06,,"Hon Tajudeen Abbas (APC, Kaduna, Constituency: Zaria)",Hon Tajudeen Abbas,Not Yet Referred,Hon Tajudeen Abbas
d2f8d325-e390-470b-8e5b-dfe433bd68bb,"National Primary Education Commission Bill, 2024",First Reading (House: 2024-02-08) -> Second Reading (Not Started) -> Committee Assignment (Not Started) -> Report (Not Started) -> Third Reading/Concurrence (Not Started) -> Harmonization (Not Started) -> Assent (Not Started),2024-02-08,,"Hon Tajudeen Abbas (APC, Kaduna, Constituency: Zaria)",Hon Tajudeen Abbas,Not Yet Referred,Hon Tajudeen Abbas
5cfa005c-9b26-450f-a1dc-d975a247df0d,"National Primary Health Care Development Agency Act (Repeal and Enactment) Bill, 2023",First Reading (House: 2023-11-01) -> Second Reading (House: 2024-02-29) -> Committee Assignment (House: 2024-02-29) -> Report (Not Started) -> Third Reading/Concurrence (Not Started) -> Harmonization (Not Started) -> Assent (Not Started),2023-11-01,2024-02-29,"Hon Adewale Hameed (APC, Lagos, Constituency: Agege)",Hon Adewale Hameed,the Whole,Hon Adewale Hameed
a0c258b2-08b7-419d-abb1-57a34dfc8cbb,"National Productivity Centre Act (Amendment) Bill, 2024",First Reading (House: 2024-07-18) -> Second Reading (Not Started) -> Committee Assignment (Not Started) -> Report (Not Started) -> Third Reading/Concurrence (Not Started) -> Harmonization (Not Started) -> Assent (Not Started),2024-07-18,,"Hon Adefarati Adegboyega (APC, Ondo, Constituency: Akoko South East/Akoko South West)",Hon Adefarati Adegboyega,Not Yet Referred,Hon Adefarati Adegboyega
6be0a530-2966-45b7-851c-3386b98c5633,"National Programme on Immunization Act (Repeal) Bill, 2023",First Reading (House: 2023-07-12) -> Second Reading (Not Started) -> Committee Assignment (Not Started) -> Report (Not Started) -> Third Reading/Concurrence (Not Started) -> Harmonization (Not Started) -> Assent (Not Started),2023-07-12,,"Hon Obinna Aguocha (LP, Abia, Constituency: Umuahia North/ Umuahia South/ Ikwuano)",Hon Obinna Aguocha,Not Yet Referred,Hon Obinna Aguocha
35795e19-d3b7-4c5a-b7e0-218e5802410e,"National Prosecution Management Commission (Establishment) Bill, 2023",First Reading (House: 2023-10-10) -> Second Reading (Not Started) -> Committee Assignment (Not Started) -> Report (Not Started) -> Third Reading/Concurrence (Not Started) -> Harmonization (Not Started) -> Assent (Not Started),2023-10-10,,"Mohammed Jamilu Katsina (PDP, Katsina, Constituency: Faskari/Kankara/Sabuwa)",Mohammed Jamilu Katsina,Not Yet Referred,Mohammed Jamilu Katsina
551b1904-decc-47ee-9ca0-ae1c621dfd11,"National Research and Innovation Council (Establishment) Bill, 2023",First Reading (House: 2023-10-19) -> Second Reading (House: 2023-11-09) -> Committee Assignment (House: 2023-11-09) -> Report (House: 2024-03-19) -> Third Reading/Concurrence (House: 2024-03-20) -> Harmonization (Not Started) -> Assent (Not Started),2023-10-19,2023-11-09,"Hon Benjamin Kalu (APC, Abia, Constituency: Bende)",Hon Benjamin Kalu,the Whole,Hon Benjamin Kalu
b24a3217-596e-451d-b4d5-d9a5cbb89513,"National Research and Innovation Council (Establishment) Bill, 2023",First Reading (House: 2023-11-09) -> Second Reading (Not Started) -> Committee Assignment (Not Started) -> Report (Not Started) -> Third Reading/Concurrence (Not Started) -> Harmonization (Not Started) -> Assent (Not Started),2023-11-09,,"Hon. Victor Obuzor (PDP, Rivers, Constituency: Ahoada West/Ogba Egbema)",Hon. Victor Obuzor,Not Yet Referred,Hon. Victor Obuzor
160943f0-2b69-4338-951e-111b161bdba3,"National Research Institute for Chemical Technology (Establishment) Bill, 2023",First Reading (House: 2023-07-27) -> Second Reading (Not Started) -> Committee Assignment (Not Started) -> Report (Not Started) -> Third Reading/Concurrence (Not Started) -> Harmonization (Not Started) -> Assent (Not Started),2023-07-27,,"Hon Dachung Musa Bagos (PDP, Plateau, Constituency: Jos South/Jos East)",Hon Dachung Musa Bagos,Not Yet Referred,Hon Dachung Musa Bagos
54edba3e-3b63-4620-aaee-420ec652062f,"National Research Institute for Chemical Technology (Establishment) Bill, 2026",First Reading (House: 2026-03-11) -> Second Reading (Not Started) -> Committee Assignment (Not Started) -> Report (Not Started) -> Third Reading/Concurrence (Not Started) -> Harmonization (Not Started) -> Assent (Not Started),2026-03-11,,"Hon Tajudeen Abbas (APC, Kaduna, Constituency: Zaria)",Hon Tajudeen Abbas,Not Yet Referred,Hon Tajudeen Abbas
20573004-c52d-437e-b040-05ba52d6cc89,"National Research Institute for Traditional Art, Culture and Medicine, Igbo–Ukwu, Anambra State (Establishment) Bill, 2023",First Reading (House: 2023-12-01) -> Second Reading (Not Started) -> Committee Assignment (Not Started) -> Report (Not Started) -> Third Reading/Concurrence (Not Started) -> Harmonization (Not Started) -> Assent (Not Started),2023-12-01,,"Hon Dominic Okafor (APGA, Anambra, Constituency: Aguata)",Hon Dominic Okafor,Not Yet Referred,Hon Dominic Okafor
5811e101-456d-41dd-b995-e43386272920,"National Residency Training Act (Amendment) Bill, 2023",First Reading (House: 2023-10-24) -> Second Reading (House: 2024-02-28) -> Committee Assignment (House: 2024-02-28) -> Report (Not Started) -> Third Reading/Concurrence (Not Started) -> Harmonization (Not Started) -> Assent (Not Started),2023-10-24,2024-02-28,"Adedayo Samuel Adesola (APC, Lagos, Constituency: Apapa)",Adedayo Samuel Adesola,Health Institutions,Adedayo Samuel Adesola
52edfd82-ce5c-4060-8222-1ba5019896a3,"National Rice Agricultural Innovation Research Training Institute, lkwo (Est.) Bill, 2025",First Reading (Not Started) -> Second Reading (Not Started) -> Committee Assignment (Not Started) -> Report (Not Started) -> Third Reading/Concurrence (Not Started) -> Harmonization (Not Started) -> Assent (Not Started),,,"Hon Chinedu Ogah (APC, Ebonyi, Constituency: Ezza South/Ikwo)",Hon Chinedu Ogah,Not Yet Referred,Hon Chinedu Ogah
f3fe589f-f954-4935-b7d4-79bac9d205b3,"National Rice Development Council Bill, 2023",First Reading (House: 2023-07-26) -> Second Reading (Not Started) -> Committee Assignment (Not Started) -> Report (Not Started) -> Third Reading/Concurrence (Not Started) -> Harmonization (Not Started) -> Concurrence (Not Started) -> Assent (Not Started),2023-07-26,,"Hon Saidu Musa Abdullahi (APC, Niger, Constituency: Bida/Gbako/Katcha)",Hon Saidu Musa Abdullahi,Not Yet Referred,Hon Saidu Musa Abdullahi
6dd6459e-7009-4097-8793-424fb89506a8,"National Rice Production, Processing and Research Institute Argungu, Kebbi State Bill, 2023",First Reading (House: 2023-07-27) -> Second Reading (Not Started) -> Committee Assignment (Not Started) -> Report (Not Started) -> Third Reading/Concurrence (Not Started) -> Harmonization (Not Started) -> Assent (Not Started),2023-07-27,,"Hon Ibrahim Almustapha Aliyu (APC, Sokoto, Constituency: Wurno/Rabah)",Hon Ibrahim Almustapha Aliyu,Not Yet Referred,Hon Ibrahim Almustapha Aliyu
dfbedf83-4b10-49f1-8077-abe5c3ae9601,"National Rice Production, Processing and Research Institute Igbemo, Ekiti, Ekiti State (Establishment) Bill, 2023",First Reading (House: 2023-10-12) -> Second Reading (House: 2023-12-20) -> Committee Assignment (House: 2023-12-20) -> Report (House: 2024-07-02) -> Third Reading/Concurrence (House: 2024-07-11) -> Harmonization (Not Started) -> Assent (Not Started),2023-10-12,2023-12-20,"Hon Olusola Steve Fatoba (APC, Ekiti, Constituency: Ado Ekiti/Irepodun/Ifelodun)",Hon Olusola Steve Fatoba,the Whole,Hon Olusola Steve Fatoba
79197fc0-c25d-412f-be8f-8e85d7abdac7,"National Road Traffic Regulation (Amendment) Bill, 2023",First Reading (House: 2023-11-14) -> Second Reading (Not Started) -> Committee Assignment (Not Started) -> Report (Not Started) -> Third Reading/Concurrence (Not Started) -> Harmonization (Not Started) -> Assent (Not Started),2023-11-14,,"Hon Akanni Enitan Dolapo-badru (APC, Lagos, Constituency: Lagos Island I)",Hon Akanni Enitan Dolapo-badru,Not Yet Referred,Hon Akanni Enitan Dolapo-badru
84a31ade-af06-47b0-8875-81637a59fdc7,"National Roads Fund Bill, 2023",First Reading (House: 2023-07-27) -> Second Reading (House: 2023-11-09) -> Committee Assignment (House: 2023-11-09) -> Report (Not Started) -> Third Reading/Concurrence (Not Started) -> Harmonization (Not Started) -> Assent (Not Started),2023-07-27,2023-11-09,"Hon Benjamin Kalu (APC, Abia, Constituency: Bende)",Hon Benjamin Kalu,Not Yet Referred,Hon Benjamin Kalu
2010132c-71d8-4889-a021-ce944bfe5f71,"National Root Crop Production Institute, Samaru Kataf, Kaduna State (Establishment) Bill, 2023",First Reading (House: 2023-11-07) -> Second Reading (Not Started) -> Committee Assignment (Not Started) -> Report (Not Started) -> Third Reading/Concurrence (Not Started) -> Harmonization (Not Started) -> Assent (Not Started),2023-11-07,,"Hon Amos Gwamna Magaji (APC, Kaduna, Constituency: Zangon Kataf/Jaba)",Hon Amos Gwamna Magaji,Not Yet Referred,Hon Amos Gwamna Magaji
acaec874-4733-4f56-8627-82785e0799a4,"National Safety Regulation Board (Establishment) Bill, 2024",First Reading (House: 2024-05-08) -> Second Reading (House: 2024-06-11) -> Committee Assignment (House: 2024-06-11) -> Report (Not Started) -> Third Reading/Concurrence (Not Started) -> Harmonization (Not Started) -> Assent (Not Started),2024-05-08,2024-06-11,"Hon Sulaiman Gumi Abubakar (PDP, Zamfara, Constituency: Gummi/Bukkuyum); Hon Tajudeen Abbas (APC, Kaduna, Constituency: Zaria)",Hon Sulaiman Gumi Abubakar; Hon Tajudeen Abbas,Safety Standards,Hon Sulaiman Gumi Abubakar
2dad4609-b291-4726-8b9e-df75acad8aad,"National Science, Technology, Innovation and Research Council (Establishment) Bill, 2023",First Reading (House: 2023-10-24) -> Second Reading (Not Started) -> Committee Assignment (Not Started) -> Report (Not Started) -> Third Reading/Concurrence (Not Started) -> Harmonization (Not Started) -> Assent (Not Started),2023-10-24,,"Hon Dachung Musa Bagos (PDP, Plateau, Constituency: Jos South/Jos East)",Hon Dachung Musa Bagos,Not Yet Referred,Hon Dachung Musa Bagos
43c2bbdd-3e5f-4c72-9e78-80ec739f57bc,"National Security Adviser (Appointment of Staff, etc.) Bill, 2023",First Reading (House: 2023-11-01) -> Second Reading (House: 2023-11-08) -> Committee Assignment (House: 2023-11-08) -> Report (Not Started) -> Third Reading/Concurrence (Not Started) -> Harmonization (Not Started) -> Assent (Not Started),2023-11-01,2023-11-08,"Hon Satomi Alhaji Ahmad (APC, Borno, Constituency: Jere)",Hon Satomi Alhaji Ahmad,National Security and Intelligence,Hon Satomi Alhaji Ahmad
7b65a3af-1680-4563-aadb-8bcfcf2e8cc0,"National Security Agencies Act (Repeal and Enactment) Bill, 2023",First Reading (House: 2023-12-20) -> Second Reading (Not Started) -> Committee Assignment (Not Started) -> Report (Not Started) -> Third Reading/Concurrence (Not Started) -> Harmonization (Not Started) -> Assent (Not Started),2023-12-20,,"Hon Benjamin Kalu (APC, Abia, Constituency: Bende)",Hon Benjamin Kalu,Not Yet Referred,Hon Benjamin Kalu
08d0c346-0efb-4e02-a127-fceaff98cf54,"National Security and Community Policing Bill, 2025",First Reading (Not Started) -> Second Reading (Not Started) -> Committee Assignment (Not Started) -> Report (Not Started) -> Third Reading/Concurrence (Not Started) -> Harmonization (Not Started) -> Assent (Not Started),,,"Hon Chinedu Ogah (APC, Ebonyi, Constituency: Ezza South/Ikwo)",Hon Chinedu Ogah,Not Yet Referred,Hon Chinedu Ogah
f099ab4e-3dfd-4bbf-852f-4bf50cba8842,"National Senior Citizens Centre Act (Amendment) Bill, 2023",First Reading (House: 2023-11-14) -> Second Reading (Not Started) -> Committee Assignment (Not Started) -> Report (Not Started) -> Third Reading/Concurrence (Not Started) -> Harmonization (Not Started) -> Assent (Not Started),2023-11-14,,"Hon Adetola Kafilat Ogbara (APC, Lagos, Constituency: Kosofe)",Hon Adetola Kafilat Ogbara,Not Yet Referred,Hon Adetola Kafilat Ogbara
72c60d40-68dd-4bee-b387-a6358559f59a,"National Shea Development Council (Establishment) Bill, 2023",First Reading (House: 2023-07-20) -> Second Reading (Not Started) -> Committee Assignment (Not Started) -> Report (Not Started) -> Third Reading/Concurrence (Not Started) -> Harmonization (Not Started) -> Concurrence (Not Started) -> Assent (Not Started),2023-07-20,,"Hon Saidu Musa Abdullahi (APC, Niger, Constituency: Bida/Gbako/Katcha)",Hon Saidu Musa Abdullahi,Not Yet Referred,Hon Saidu Musa Abdullahi
2117cfc0-6cae-4ca1-b31e-9913e73475c6,"National Sickle Cell Research Institute Bill, 2025",First Reading (Not Started) -> Second Reading (Not Started) -> Committee Assignment (Not Started) -> Report (Not Started) -> Third Reading/Concurrence (Not Started) -> Harmonization (Not Started) -> Assent (Not Started),,,"Hon Ahmed Munir (APC, Kaduna, Constituency: Lere); Hon Tajudeen Abbas (APC, Kaduna, Constituency: Zaria)",Hon Ahmed Munir; Hon Tajudeen Abbas,Not Yet Referred,Hon Ahmed Munir
31cc102b-9be8-4d96-a94d-2e6612d5f015,"National Skills Development and Empowerment Bill, 2025",First Reading (Not Started) -> Second Reading (Not Started) -> Committee Assignment (Not Started) -> Report (Not Started) -> Third Reading/Concurrence (Not Started) -> Harmonization (Not Started) -> Assent (Not Started),,,"Esosa Iyawe (LP, Edo, Constituency: Oredo)",Esosa Iyawe,Not Yet Referred,Esosa Iyawe
16c86fde-9a62-40a6-a9ce-530861d77c92,"National Social Investment Programme Agency Act (Amendment) Bill, 2025",First Reading (House: 2025-12-10) -> Second Reading (Not Started) -> Committee Assignment (Not Started) -> Report (Not Started) -> Third Reading/Concurrence (Not Started) -> Harmonization (Not Started) -> Assent (Not Started),2025-12-10,,"Hon Benjamin Kalu (APC, Abia, Constituency: Bende)",Hon Benjamin Kalu,Not Yet Referred,Hon Benjamin Kalu
b1bcb9a3-fe6c-44b8-a6e0-af6111aa697f,"National Social Welfare (Establishment) Bill, 2023",First Reading (House: 2023-10-31) -> Second Reading (Not Started) -> Committee Assignment (Not Started) -> Report (Not Started) -> Third Reading/Concurrence (Not Started) -> Harmonization (Not Started) -> Assent (Not Started),2023-10-31,,"Hon Abdulmalik Zubairu (APC, Zamfara, Constituency: Bungudu/Maru)",Hon Abdulmalik Zubairu,Not Yet Referred,Hon Abdulmalik Zubairu
c58d12ec-71cf-4113-95be-f841d98a3a5b,"National Space Research and Development Agency Act (Amendment) Bill, 2023",First Reading (House: 2023-10-24) -> Second Reading (Not Started) -> Committee Assignment (Not Started) -> Report (Not Started) -> Third Reading/Concurrence (Not Started) -> Harmonization (Not Started) -> Assent (Not Started),2023-10-24,,"Hon Miriam Onuoha (APC, Imo, Constituency: Isiala Mbano/Okigwe/Onuimo)",Hon Miriam Onuoha,Not Yet Referred,Hon Miriam Onuoha
a3a22ec8-51f2-4da1-a91e-abdbe21ed815,"National Sport Development Fund (Establishment) Bill, 2023",First Reading (House: 2023-07-27) -> Second Reading (Not Started) -> Committee Assignment (Not Started) -> Report (Not Started) -> Third Reading/Concurrence (Not Started) -> Harmonization (Not Started) -> Assent (Not Started),2023-07-27,,"Hon Lanre Okunlola (APC, Lagos, Constituency: Surulere II)",Hon Lanre Okunlola,Not Yet Referred,Hon Lanre Okunlola
659793a3-3f57-4df6-87ba-5451829e2dc2,"National Sports Development Fund Bill, 2025",First Reading (Not Started) -> Second Reading (Not Started) -> Committee Assignment (Not Started) -> Report (Not Started) -> Third Reading/Concurrence (Not Started) -> Harmonization (Not Started) -> Assent (Not Started),,,"Hon Abiodun James Faleke (APC, Lagos, Constituency: Ikeja)",Hon Abiodun James Faleke,Not Yet Referred,Hon Abiodun James Faleke
d38b35c7-130a-4aff-a9c3-0647221a9d5b,"National Steel Council Act (Amendment) Bill, 2023",First Reading (House: 2023-11-09) -> Second Reading (Not Started) -> Committee Assignment (Not Started) -> Report (Not Started) -> Third Reading/Concurrence (Not Started) -> Harmonization (Not Started) -> Assent (Not Started),2023-11-09,,"Henry Odianosen Okojie (APC, Edo, Constituency: Esan North East/Esan South East)",Henry Odianosen Okojie,Not Yet Referred,Henry Odianosen Okojie
4f4ae232-09c6-41f3-970f-472e0dc874b8,"National Sugar Development Council (Amendment) Bill, 2025.",First Reading (Not Started) -> Second Reading (Not Started) -> Committee Assignment (Not Started) -> Report (Not Started) -> Third Reading/Concurrence (Not Started) -> Harmonization (Not Started) -> Assent (Not Started),,,"Esosa Iyawe (LP, Edo, Constituency: Oredo)",Esosa Iyawe,Not Yet Referred,Esosa Iyawe
1b95fa08-98aa-4f36-b2d6-6ffd30e3ecad,"National Tax Crimes and Oversight Commission (Establishment) Bill, 2023",First Reading (House: 2023-10-12) -> Second Reading (House: 2024-03-06) -> Committee Assignment (House: 2024-03-06) -> Report (Not Started) -> Third Reading/Concurrence (Not Started) -> Harmonization (Not Started) -> Assent (Not Started),2023-10-12,2024-03-06,"Hon Benjamin Kalu (APC, Abia, Constituency: Bende)",Hon Benjamin Kalu,Finance,Hon Benjamin Kalu
e52bd84e-ea78-4e94-95f0-1343998ef2d1,"National Tax Crimes and Oversight Commission (Establishment) Bill, 2023",First Reading (House: 2023-10-12) -> Second Reading (Not Started) -> Committee Assignment (Not Started) -> Report (Not Started) -> Third Reading/Concurrence (Not Started) -> Harmonization (Not Started) -> Assent (Not Started),2023-10-12,,"Hon Benjamin Kalu (APC, Abia, Constituency: Bende)",Hon Benjamin Kalu,Not Yet Referred,Hon Benjamin Kalu
16aab71c-d50f-424f-9aca-9eb99bb679bd,"National Teachers’ Institute Act (Amendment) Bill, 2023",First Reading (House: 2023-11-09) -> Second Reading (House: 2024-05-21) -> Committee Assignment (House: 2024-05-21) -> Report (Not Started) -> Third Reading/Concurrence (Not Started) -> Harmonization (Not Started) -> Assent (Not Started),2023-11-09,2024-05-21,"Hon Abiola Peter Makinde (APC, Ondo, Constituency: Ondo East/Ondo West)",Hon Abiola Peter Makinde,Federal Colleges of Education,Hon Abiola Peter Makinde
e8fc45ab-3774-4fff-a3cd-13e0c43531ff,"National Tobacco Control Act (Amendment) Bill, 2023",First Reading (House: 2023-07-11) -> Second Reading (House: 2023-07-18) -> Committee Assignment (House: 2023-07-18) -> Report (Not Started) -> Third Reading/Concurrence (House: 2025-05-21) -> Harmonization (Not Started) -> Assent (Not Started),2023-07-11,2023-07-18,"Hon Pascal Agbodike (APGA, Anambra, Constituency: Ihiala)",Hon Pascal Agbodike,HealthCare Services,Hon Pascal Agbodike
40e13ccf-3e47-48e4-831a-739dcee04097,"National Tobacco Control Act (Amendment) Bill, 2024",First Reading (House: 2024-07-17) -> Second Reading (Not Started) -> Committee Assignment (Not Started) -> Report (Not Started) -> Third Reading/Concurrence (Not Started) -> Harmonization (Not Started) -> Assent (Not Started),2024-07-17,,"Tarkighir Dickson Dominic (APGA, Benue, Constituency: Guma/Makurdi)",Tarkighir Dickson Dominic,Not Yet Referred,Tarkighir Dickson Dominic
73034245-a724-4021-b3ce-56c99832ac96,"National Tobacco Smoking Control Act (Amendment) Bill, 2024",First Reading (House: 2024-03-13) -> Second Reading (Not Started) -> Committee Assignment (Not Started) -> Report (Not Started) -> Third Reading/Concurrence (House: 2025-05-21) -> Harmonization (Not Started) -> Assent (Not Started),2024-03-13,,"Hon Mansur Manu Soro (APC, Bauchi, Constituency: Darazo/Gunjuwa)",Hon Mansur Manu Soro,Not Yet Referred,Hon Mansur Manu Soro
0b712ddb-0c08-46d4-99dd-dfa3e6b02b6d,"National Tomato Production, Processing and Research Institute, Kwadon, Gombe State (Establishment) Bill, 2024",First Reading (House: 2024-07-23) -> Second Reading (Not Started) -> Committee Assignment (Not Started) -> Report (Not Started) -> Third Reading/Concurrence (Not Started) -> Harmonization (Not Started) -> Assent (Not Started),2024-07-23,,"Hon Inuwa Garba (PDP, Gombe, Constituency: Yamaltu/Deba)",Hon Inuwa Garba,Not Yet Referred,Hon Inuwa Garba
6cddb290-99fc-4eab-b9a7-73a916615ca6,"National Tourism Development Corporation Act (Amendment) Bill, 2025",First Reading (Not Started) -> Second Reading (Not Started) -> Committee Assignment (Not Started) -> Report (Not Started) -> Third Reading/Concurrence (Not Started) -> Harmonization (Not Started) -> Assent (Not Started),,,"Hon Jonathan Ajirioghene Ukodhiko (PDP, Delta, Constituency: Isoko North/Isoko South)",Hon Jonathan Ajirioghene Ukodhiko,Not Yet Referred,Hon Jonathan Ajirioghene Ukodhiko
5bcebc64-2f41-436e-aa99-5d60d8e748d6,"National Transport Commission (Establishment) Bill, 2025",First Reading (House: 2025-11-18) -> Second Reading (Not Started) -> Committee Assignment (Not Started) -> Report (Not Started) -> Third Reading/Concurrence (Not Started) -> Harmonization (Not Started) -> Assent (Not Started),2025-11-18,,"Murphy Osaro Omoruyi (LP, Edo, Constituency: Egor/Ikpoba-Okha)",Murphy Osaro Omoruyi,Not Yet Referred,Murphy Osaro Omoruyi
8ba974ba-1209-409b-a07f-c86c043adafc,"National Transport Commission Bill, 2023",First Reading (House: 2023-07-27) -> Second Reading (House: 2023-10-10) -> Committee Assignment (House: 2023-10-10) -> Report (Not Started) -> Third Reading/Concurrence (Not Started) -> Harmonization (Not Started) -> Assent (Not Started),2023-07-27,2023-10-10,"Hon Benjamin Kalu (APC, Abia, Constituency: Bende)",Hon Benjamin Kalu,the Whole,Hon Benjamin Kalu
d8c8dd15-3ffb-43bf-aecc-03f02a640d99,"National Tuberculosis and Leprosy Training Centre, (Establishment) Bill, 2023",First Reading (House: 2023-10-31) -> Second Reading (Not Started) -> Committee Assignment (Not Started) -> Report (Not Started) -> Third Reading/Concurrence (Not Started) -> Harmonization (Not Started) -> Assent (Not Started),2023-10-31,,"Hon. Sadiq Ango Abdullahi (APC, Kaduna, Constituency: Sabon Gari)",Hon. Sadiq Ango Abdullahi,Not Yet Referred,Hon. Sadiq Ango Abdullahi
5a8b186e-d896-44c5-b867-5b47ab5dbd30,"National Universities Commission Act (Amendment) Bill, 2023",First Reading (House: 2023-07-27) -> Second Reading (Not Started) -> Committee Assignment (Not Started) -> Report (Not Started) -> Third Reading/Concurrence (Not Started) -> Harmonization (Not Started) -> Assent (Not Started),2023-07-27,,"Hon Saidu Musa Abdullahi (APC, Niger, Constituency: Bida/Gbako/Katcha)",Hon Saidu Musa Abdullahi,Not Yet Referred,Hon Saidu Musa Abdullahi
7219050f-e2c2-45c2-b2a9-cd4eb040df9b,"National Universities Commission Act (Amendment) Bill, 2023",First Reading (House: 2023-07-05) -> Second Reading (Not Started) -> Committee Assignment (Not Started) -> Report (Not Started) -> Third Reading/Concurrence (Not Started) -> Harmonization (Not Started) -> Assent (Not Started),2023-07-05,,"Hon Tajudeen Abbas (APC, Kaduna, Constituency: Zaria)",Hon Tajudeen Abbas,Not Yet Referred,Hon Tajudeen Abbas
4453da60-f6b8-453f-8b6e-83255f52a09a,"National Universities Commission Act (Amendment) Bill, 2024",First Reading (House: 2024-05-08) -> Second Reading (Not Started) -> Committee Assignment (Not Started) -> Report (Not Started) -> Third Reading/Concurrence (Not Started) -> Harmonization (Not Started) -> Assent (Not Started),2024-05-08,,"Chike John Okafor (APC, Imo, Constituency: Ehime Mbano/Ihite-Uboma/ Obowo)",Chike John Okafor,Not Yet Referred,Chike John Okafor
5e19087e-fa0e-40af-a944-815e4dc8106d,"National Universities Commission Act (Repeal and Enactment) Bill, 2023",First Reading (House: 2023-07-18) -> Second Reading (Not Started) -> Committee Assignment (Not Started) -> Report (Not Started) -> Third Reading/Concurrence (Not Started) -> Harmonization (Not Started) -> Concurrence (Not Started) -> Assent (Not Started),2023-07-18,,"Hon Benjamin Kalu (APC, Abia, Constituency: Bende)",Hon Benjamin Kalu,Not Yet Referred,Hon Benjamin Kalu
c8017c05-1cf3-4fd6-96ab-a9dd18b4c731,"National Universities Commission Act (Repeal and Enactment) Bill, 2023",First Reading (House: 2023-12-19) -> Second Reading (Not Started) -> Committee Assignment (Not Started) -> Report (Not Started) -> Third Reading/Concurrence (Not Started) -> Harmonization (Not Started) -> Assent (Not Started),2023-12-19,,"Garba Ibrahim Muhammad (NNPP, Kano, Constituency: Gwale)",Garba Ibrahim Muhammad,Not Yet Referred,Garba Ibrahim Muhammad
7544900b-183f-4819-840f-62260182eb4a,"National Universities Commission Act (Repeal and Re-enactment) Bill, 2023",First Reading (House: 2023-07-25) -> Second Reading (Not Started) -> Committee Assignment (Not Started) -> Report (Not Started) -> Third Reading/Concurrence (Not Started) -> Harmonization (Not Started) -> Concurrence (Not Started) -> Assent (Not Started),2023-07-25,,"Hon Dachung Musa Bagos (PDP, Plateau, Constituency: Jos South/Jos East)",Hon Dachung Musa Bagos,Not Yet Referred,Hon Dachung Musa Bagos
15f7a4fd-517d-4de3-b26c-6bccdc79c5e5,"National Vegetable and Fruits Processing and Storage Centre, Aleiro, Kebbi State (Establishment) 2023",First Reading (House: 2023-11-22) -> Second Reading (Not Started) -> Committee Assignment (Not Started) -> Report (Not Started) -> Third Reading/Concurrence (Not Started) -> Harmonization (Not Started) -> Assent (Not Started),2023-11-22,,"Hon Mansur Musa (PDP, Kebbi, Constituency: Aleiro/Gwandu/Jega)",Hon Mansur Musa,Not Yet Referred,Hon Mansur Musa
427b5443-faa2-4713-b0e3-13274d444fc5,"National Veterinary Research Institute, Birnin Magaji, Zamfara (Establishment) Bill, 2025",First Reading (House: 2025-11-18) -> Second Reading (Not Started) -> Committee Assignment (Not Started) -> Report (Not Started) -> Third Reading/Concurrence (Not Started) -> Harmonization (Not Started) -> Assent (Not Started),2025-11-18,,"Hon Akintunde Rotimi (APC, Ekiti, Constituency: Ikole/Oye)",Hon Akintunde Rotimi,Not Yet Referred,Hon Akintunde Rotimi
1c67496d-53c9-4975-82b9-72cebacd57ff,"National Vocational and Entrepreneurship Institute, Jos, Plateau State (Establishment) Bill, 2024",First Reading (House: 2024-05-09) -> Second Reading (Not Started) -> Committee Assignment (Not Started) -> Report (Not Started) -> Third Reading/Concurrence (Not Started) -> Harmonization (Not Started) -> Assent (Not Started),2024-05-09,,"Daniel Asama Ago (APC, Plateau, Constituency: Jos North/Bassa)",Daniel Asama Ago,Not Yet Referred,Daniel Asama Ago
4428f56a-aed6-4adf-a244-f8a6b2cbc40b,"National Vocational and Skills Acquisition Commission (Establishment) Bill, 2025",First Reading (House: 2025-11-18) -> Second Reading (Not Started) -> Committee Assignment (Not Started) -> Report (Not Started) -> Third Reading/Concurrence (Not Started) -> Harmonization (Not Started) -> Assent (Not Started),2025-11-18,,"Hon Ganiyu Ayuba (APC, Lagos, Constituency: Alimosho)",Hon Ganiyu Ayuba,Not Yet Referred,Hon Ganiyu Ayuba
a9843ce7-a8c4-40c6-bf56-c2cd1f8534ad,"National Vocational Centre (Establishment) Bill, 2023",First Reading (House: 2023-10-04) -> Second Reading (House: 2024-02-21) -> Committee Assignment (House: 2024-02-21) -> Report (Not Started) -> Third Reading/Concurrence (Not Started) -> Harmonization (Not Started) -> Assent (Not Started),2023-10-04,2024-02-21,"Hon Abdulmalik Zubairu (APC, Zamfara, Constituency: Bungudu/Maru)",Hon Abdulmalik Zubairu,Federal Polytechnics,Hon Abdulmalik Zubairu
13de409a-ef69-4da5-8fbf-e5df066d9be9,"National Vocational Centre, Oboroke, Kogi State",First Reading (House: 2023-10-31) -> Second Reading (Not Started) -> Committee Assignment (Not Started) -> Report (Not Started) -> Third Reading/Concurrence (Not Started) -> Harmonization (Not Started) -> Assent (Not Started),2023-10-31,,"Hon Abdulraheem Abdulmaleek (PDP, Kogi, Constituency: Adavi/Okehi)",Hon Abdulraheem Abdulmaleek,Not Yet Referred,Hon Abdulraheem Abdulmaleek
2c737019-96fe-4b2e-9f87-708bad7aea7a,"National Vocational Training Centres (Establishment) Bill, 2023",First Reading (House: 2023-10-24) -> Second Reading (Not Started) -> Committee Assignment (Not Started) -> Report (Not Started) -> Third Reading/Concurrence (Not Started) -> Harmonization (Not Started) -> Assent (Not Started),2023-10-24,,"Joseph Folorunsho Adegbesan (APC, Ogun, Constituency: Ijebu North/Ijebu East/Ogun Waterside)",Joseph Folorunsho Adegbesan,Not Yet Referred,Joseph Folorunsho Adegbesan
6621046c-df44-4533-8487-66d95b7ad2fb,"National War College Act (Amendment) Bill, 2023",First Reading (House: 2023-12-20) -> Second Reading (Not Started) -> Committee Assignment (Not Started) -> Report (Not Started) -> Third Reading/Concurrence (Not Started) -> Harmonization (Not Started) -> Assent (Not Started),2023-12-20,,"Hon Benjamin Kalu (APC, Abia, Constituency: Bende)",Hon Benjamin Kalu,Not Yet Referred,Hon Benjamin Kalu
1a2d79ef-c28a-4558-8d54-716679fe5e26,"National War College Act (Repeal and Enactment) Bill, 2023",First Reading (House: 2023-07-05) -> Second Reading (Not Started) -> Committee Assignment (Not Started) -> Report (Not Started) -> Third Reading/Concurrence (Not Started) -> Harmonization (Not Started) -> Assent (Not Started),2023-07-05,,"Hon Francis Ejiroghene Waive (APC, Delta, Constituency: Ughelli North, Ughelli South/Udu)",Hon Francis Ejiroghene Waive,Not Yet Referred,Hon Francis Ejiroghene Waive
19f03453-85dc-4469-bb48-278b53742858,"National Water Resources Institute (Establishment) Bill, 2023",First Reading (House: 2023-10-25) -> Second Reading (Not Started) -> Committee Assignment (Not Started) -> Report (Not Started) -> Third Reading/Concurrence (Not Started) -> Harmonization (Not Started) -> Assent (Not Started),2023-10-25,,"Hon. Sadiq Ango Abdullahi (APC, Kaduna, Constituency: Sabon Gari)",Hon. Sadiq Ango Abdullahi,Not Yet Referred,Hon. Sadiq Ango Abdullahi
802f88ff-708e-4315-a6a0-507adadab63d,"National Water Resources Institute Act (Amendment) Bill, 2023",First Reading (House: 2023-10-25) -> Second Reading (Not Started) -> Committee Assignment (Not Started) -> Report (Not Started) -> Third Reading/Concurrence (Not Started) -> Harmonization (Not Started) -> Assent (Not Started),2023-10-25,,"Hon Dennis Idahosa (APC, Edo, Constituency: Ovia North East/Ovia South West)",Hon Dennis Idahosa,Not Yet Referred,Hon Dennis Idahosa
7ed63d15-2181-4e88-aa38-884be3a6b6d5,"National Youth Development Commission (Establishment) Bill, 2023",First Reading (House: 2023-07-18) -> Second Reading (Not Started) -> Committee Assignment (Not Started) -> Report (Not Started) -> Third Reading/Concurrence (Not Started) -> Harmonization (Not Started) -> Concurrence (Not Started) -> Assent (Not Started),2023-07-18,,"Hon Jeremiah Umaru (APC, Nasarawa, Constituency: Akwanga/Nassarawa Eggon/ Wamba)",Hon Jeremiah Umaru,Not Yet Referred,Hon Jeremiah Umaru
ece4a75b-b1d6-4398-986f-217809088426,"National Youth Development Commission (Establishment) Bill, 2023",First Reading (House: 2023-10-04) -> Second Reading (Not Started) -> Committee Assignment (Not Started) -> Report (Not Started) -> Third Reading/Concurrence (Not Started) -> Harmonization (Not Started) -> Assent (Not Started),2023-10-04,,"Abdullahi Ibrahim Ali (APC, Kogi, Constituency: Ankpa/Omala/Olamaboro)",Abdullahi Ibrahim Ali,Not Yet Referred,Abdullahi Ibrahim Ali
e8c1a38d-ce9c-4b80-8c00-9bd9df861afc,"National Youth Improvement Management Commission (Establishment) Bill, 2024",First Reading (House: 2024-07-23) -> Second Reading (Not Started) -> Committee Assignment (Not Started) -> Report (Not Started) -> Third Reading/Concurrence (Not Started) -> Harmonization (Not Started) -> Assent (Not Started),2024-07-23,,"Mohammed Dan Abba Shehu (PDP, Bauchi, Constituency: Zaki)",Mohammed Dan Abba Shehu,Not Yet Referred,Mohammed Dan Abba Shehu
fa431274-1f4a-4e3d-8595-a90853e18615,"National Youth Innovation and Entrepreneurship Development Bill, 2025",First Reading (Not Started) -> Second Reading (Not Started) -> Committee Assignment (Not Started) -> Report (Not Started) -> Third Reading/Concurrence (Not Started) -> Harmonization (Not Started) -> Assent (Not Started),,,"Hon Chinedu Ogah (APC, Ebonyi, Constituency: Ezza South/Ikwo)",Hon Chinedu Ogah,Not Yet Referred,Hon Chinedu Ogah
2648b3bd-6780-46ad-a35a-1fa5700fdd8e,"National Youth Service Corps (Foreign Trained Medical and Health Related Practitioners) Special Provisions Bill, 2023",First Reading (House: 2023-11-28) -> Second Reading (Not Started) -> Committee Assignment (Not Started) -> Report (Not Started) -> Third Reading/Concurrence (Not Started) -> Harmonization (Not Started) -> Assent (Not Started),2023-11-28,,"Hon Abdulmalik Zubairu (APC, Zamfara, Constituency: Bungudu/Maru)",Hon Abdulmalik Zubairu,Not Yet Referred,Hon Abdulmalik Zubairu
00ba1682-e236-40cb-9a3e-fadb836bf6e8,National Youth Service Corps Act (Amendment) Bill 2024,First Reading (House: 2024-04-30) -> Second Reading (Not Started) -> Committee Assignment (Not Started) -> Report (Not Started) -> Third Reading/Concurrence (Not Started) -> Harmonization (Not Started) -> Assent (Not Started),2024-04-30,,"Moses Oluwatoyin Fayinka (APC, Lagos, Constituency: Mushin II)",Moses Oluwatoyin Fayinka,Not Yet Referred,Moses Oluwatoyin Fayinka
2aa3cf5e-6df5-4369-beb3-7e95bc8c5534,"National Youth Service Corps Act (Amendment) Bill, 2023",First Reading (House: 2023-10-05) -> Second Reading (Not Started) -> Committee Assignment (Not Started) -> Report (Not Started) -> Third Reading/Concurrence (Not Started) -> Harmonization (Not Started) -> Assent (Not Started),2023-10-05,,"Hon Okunjimi John Odimayo (APC, Ondo, Constituency: Okitipupa/Irele)",Hon Okunjimi John Odimayo,Not Yet Referred,Hon Okunjimi John Odimayo
5cc4acbf-ee03-41c1-8f29-7764832a9a66,"National Youth Service Corps Act (Amendment) Bill, 2023",First Reading (House: 2023-07-26) -> Second Reading (Not Started) -> Committee Assignment (Not Started) -> Report (Not Started) -> Third Reading/Concurrence (Not Started) -> Harmonization (Not Started) -> Concurrence (Not Started) -> Assent (Not Started),2023-07-26,,"Hon Osi Kama Nkemkanma (LP, Ebonyi, Constituency: Ivo-Ohaozara/Onicha)",Hon Osi Kama Nkemkanma,Not Yet Referred,Hon Osi Kama Nkemkanma
9cc42c2e-5188-4759-b1d3-822a476b3036,"National Youth Service Corps Act (Amendment) Bill, 2023",First Reading (House: 2023-11-23) -> Second Reading (Not Started) -> Committee Assignment (Not Started) -> Report (Not Started) -> Third Reading/Concurrence (Not Started) -> Harmonization (Not Started) -> Assent (Not Started),2023-11-23,,"Hon Sunday Umeha (LP, Enugu, Constituency: Ezeagu/Udi)",Hon Sunday Umeha,Not Yet Referred,Hon Sunday Umeha
abf4d407-754a-4cb9-880f-3692e07505fa,"National Youth Service Corps Act (Amendment) Bill, 2023",First Reading (House: 2023-11-28) -> Second Reading (Not Started) -> Committee Assignment (Not Started) -> Report (Not Started) -> Third Reading/Concurrence (Not Started) -> Harmonization (Not Started) -> Assent (Not Started),2023-11-28,,"Hon Nnamdi Ezechi (PDP, Delta, Constituency: Nkokwa East/Ndokwa West/ Ukwuani)",Hon Nnamdi Ezechi,Not Yet Referred,Hon Nnamdi Ezechi
c0168ef2-8db2-46ca-bec5-b563c61a05de,"National Youth Service Corps Act (Amendment) Bill, 2023",First Reading (House: 2023-10-03) -> Second Reading (Not Started) -> Committee Assignment (Not Started) -> Report (Not Started) -> Third Reading/Concurrence (Not Started) -> Harmonization (Not Started) -> Assent (Not Started),2023-10-03,,"Hon Martins Etim Esin (PDP, Akwa Ibom, Constituency: Oron/Mbo/Okobo/Udung Uko/Urue Offong/Oruko)",Hon Martins Etim Esin,Not Yet Referred,Hon Martins Etim Esin
d36726b6-f95f-4fec-b174-376e444e7263,"National Youth Service Corps Act (Amendment) Bill, 2023",First Reading (House: 2023-10-19) -> Second Reading (Not Started) -> Committee Assignment (Not Started) -> Report (Not Started) -> Third Reading/Concurrence (Not Started) -> Harmonization (Not Started) -> Assent (Not Started),2023-10-19,,"Hon Adamu Tanko (PDP, Niger, Constituency: Gurara/Suleja/Tapa)",Hon Adamu Tanko,Not Yet Referred,Hon Adamu Tanko
ce62e3f6-ec45-47c0-8f8d-9dad67908dc0,"National Youth Service Corps Act (Amendment) Bill, 2024",First Reading (House: 2024-07-17) -> Second Reading (Not Started) -> Committee Assignment (Not Started) -> Report (Not Started) -> Third Reading/Concurrence (Not Started) -> Harmonization (Not Started) -> Assent (Not Started),2024-07-17,,"Hon Benjamin Kalu (APC, Abia, Constituency: Bende)",Hon Benjamin Kalu,Not Yet Referred,Hon Benjamin Kalu
02532259-963e-4f6e-a1b4-71b596e244e4,"National Youth Service Corps Trust Fund (Establishment) Bill, 2023",First Reading (House: 2023-11-23) -> Second Reading (House: 2023-12-20) -> Committee Assignment (House: 2023-12-20) -> Report (Not Started) -> Third Reading/Concurrence (Not Started) -> Harmonization (Not Started) -> Assent (Not Started),2023-11-23,2023-12-20,"Hon Abdulmumin Ari Mohammed (APC, Nasarawa, Constituency: Nassarawa/Toto)",Hon Abdulmumin Ari Mohammed,the Whole,Hon Abdulmumin Ari Mohammed
862a321e-09c9-448a-b5e0-9c93c2e53e29,"National Youths Welfare Scheme Fund (Establishment) Bill, 2023",First Reading (House: 2023-07-05) -> Second Reading (House: 2024-07-11) -> Committee Assignment (House: 2024-07-11) -> Report (Not Started) -> Third Reading/Concurrence (Not Started) -> Harmonization (Not Started) -> Assent (Not Started),2023-07-05,2024-07-11,"Hon Tajudeen Abbas (APC, Kaduna, Constituency: Zaria)",Hon Tajudeen Abbas,Youth Development,Hon Tajudeen Abbas
cdc20da3-3513-482c-b97f-6e6a4f796053,"Naval Training Command (NAVTRAC) (Establishment)Bill, 2025",First Reading (Not Started) -> Second Reading (Not Started) -> Committee Assignment (Not Started) -> Report (Not Started) -> Third Reading/Concurrence (Not Started) -> Harmonization (Not Started) -> Assent (Not Started),,,"Hon Gagdi Adamu Yusuf (APC, Plateau, Constituency: Kanke/Pankshin/Kanam)",Hon Gagdi Adamu Yusuf,Not Yet Referred,Hon Gagdi Adamu Yusuf
58c56834-6916-4da8-99e7-0c70b14bed1e,"Naval Training Command Institutes (Establishment) Bill, 2023",First Reading (House: 2023-07-27) -> Second Reading (Not Started) -> Committee Assignment (Not Started) -> Report (Not Started) -> Third Reading/Concurrence (Not Started) -> Harmonization (Not Started) -> Assent (Not Started),2023-07-27,,"Hon Gagdi Adamu Yusuf (APC, Plateau, Constituency: Kanke/Pankshin/Kanam)",Hon Gagdi Adamu Yusuf,Not Yet Referred,Hon Gagdi Adamu Yusuf
bc679dfe-e164-43f0-818c-d70cf595c9f2,"Niger –Delta Development Commission Act (Amendment) Bill, 2024",First Reading (House: 2024-05-09) -> Second Reading (Not Started) -> Committee Assignment (Not Started) -> Report (Not Started) -> Third Reading/Concurrence (Not Started) -> Harmonization (Not Started) -> Assent (Not Started),2024-05-09,,"Hon Saidu Musa Abdullahi (APC, Niger, Constituency: Bida/Gbako/Katcha)",Hon Saidu Musa Abdullahi,Not Yet Referred,Hon Saidu Musa Abdullahi
6c851aea-f852-4c0b-87a2-73036c265351,"Niger Delta Development Commission (Establishment) Bill, 2023",First Reading (House: 2023-07-27) -> Second Reading (Not Started) -> Committee Assignment (Not Started) -> Report (Not Started) -> Third Reading/Concurrence (Not Started) -> Harmonization (Not Started) -> Assent (Not Started),2023-07-27,,"Hon Agbedi Yeitiemone Frederick (PDP, Bayelsa, Constituency: Sagbama/Ekeremor)",Hon Agbedi Yeitiemone Frederick,Not Yet Referred,Hon Agbedi Yeitiemone Frederick
0d2e7e53-1a7f-4f20-ae60-80414810afd7,"Niger Delta Development Commission Act (Amendment) Bill, 2023",First Reading (House: 2023-07-18) -> Second Reading (House: 2024-02-29) -> Committee Assignment (House: 2024-02-29) -> Report (Not Started) -> Third Reading/Concurrence (Not Started) -> Harmonization (Not Started) -> Assent (Not Started),2023-07-18,2024-02-29,"Hon Pascal Agbodike (APGA, Anambra, Constituency: Ihiala)",Hon Pascal Agbodike,Niger Delta Development Commission (NDDC),Hon Pascal Agbodike
12208551-2194-42d6-96c5-d0b224320413,"Niger Delta Development Commission Act (Amendment) Bill, 2023",First Reading (House: 2023-07-12) -> Second Reading (Not Started) -> Committee Assignment (Not Started) -> Report (Not Started) -> Third Reading/Concurrence (Not Started) -> Harmonization (Not Started) -> Assent (Not Started),2023-07-12,,"Hon Obinna Aguocha (LP, Abia, Constituency: Umuahia North/ Umuahia South/ Ikwuano)",Hon Obinna Aguocha,Not Yet Referred,Hon Obinna Aguocha
23343f3b-53fa-4722-98bf-90d516b5e5cb,"Niger Delta Development Commission Act (Amendment) Bill, 2023",First Reading (House: 2023-07-26) -> Second Reading (House: 2023-07-26) -> Committee Assignment (House: 2023-07-26) -> Report (Not Started) -> Third Reading/Concurrence (Not Started) -> Harmonization (Not Started) -> Assent (Not Started),2023-07-26,2023-07-26,"Hon Nicholas Ebomo Mutu (PDP, Delta, Constituency: Bomadi/Patani)",Hon Nicholas Ebomo Mutu,Not Yet Referred,Hon Nicholas Ebomo Mutu
38289e65-0d74-40ed-999f-25b160d57846,"Niger Delta Development Commission Act (Amendment) Bill, 2023",First Reading (House: 2023-11-07) -> Second Reading (Not Started) -> Committee Assignment (Not Started) -> Report (Not Started) -> Third Reading/Concurrence (Not Started) -> Harmonization (Not Started) -> Assent (Not Started),2023-11-07,,"George Ozodinobi (LP, Anambra, Constituency: Njikoka/Dunukofia/Anaocha)",George Ozodinobi,Not Yet Referred,George Ozodinobi
924672c2-3af9-42a5-8929-306ec5e5ffd8,"Niger Delta Institute of Technology and Skill Acquisition (Establishment) Bill, 2023",First Reading (House: 2023-07-18) -> Second Reading (House: 2023-11-02) -> Committee Assignment (House: 2023-11-02) -> Report (Not Started) -> Third Reading/Concurrence (Not Started) -> Harmonization (Not Started) -> Assent (Not Started),2023-07-18,2023-11-02,"Hon Dumnamene Robinson Dekor (PDP, Rivers, Constituency: Khana/Gokana)",Hon Dumnamene Robinson Dekor,Niger Delta Development Commission,Hon Dumnamene Robinson Dekor
4ad6b1fc-9d39-4696-82d8-f3479f5321d5,"Nigeria Agricultural Harvest and Processing Free Zone, Tyemimongo, Benue State (Establishment) Bill, 2023",First Reading (House: 2023-11-28) -> Second Reading (Not Started) -> Committee Assignment (Not Started) -> Report (Not Started) -> Third Reading/Concurrence (Not Started) -> Harmonization (Not Started) -> Assent (Not Started),2023-11-28,,"Hon. Sesoo Ikpagher (APC, Benue, Constituency: Konshisha/Vandeikya)",Hon. Sesoo Ikpagher,Not Yet Referred,Hon. Sesoo Ikpagher
d9ec4bbc-e8aa-4738-b938-0715a90d51ea,"Nigeria Arabic Language Village, Borno State (Establishment) Bill, 2023",First Reading (House: 2023-07-25) -> Second Reading (House: 2023-07-25) -> Committee Assignment (House: 2023-07-25) -> Report (Not Started) -> Third Reading/Concurrence (Not Started) -> Harmonization (Not Started) -> Concurrence (Not Started) -> Assent (Not Started),2023-07-25,2023-07-25,"Hon Julius Ihonvbere (APC, Edo, Constituency: Owan East/Owan West)",Hon Julius Ihonvbere,the Whole,Hon Julius Ihonvbere
fc6136ee-2d4b-4f27-b90e-f0054a186055,"Nigeria Army Institute of Military Engineering, Makurdi, (Establishment) Bill, 2023",First Reading (House: 2023-07-27) -> Second Reading (Not Started) -> Committee Assignment (Not Started) -> Report (Not Started) -> Third Reading/Concurrence (Not Started) -> Harmonization (Not Started) -> Assent (Not Started),2023-07-27,,"Hon Austin Asema Achado (APC, Benue, Constituency: Gwer East/Gwer West)",Hon Austin Asema Achado,Not Yet Referred,Hon Austin Asema Achado
404d5ba3-9e73-4187-bbb1-b080bb4bde25,"Nigeria Army Institute of Technology and Environmental Studies, Makurdi (Establishment) Bill, 2023",First Reading (House: 2023-07-27) -> Second Reading (House: 2024-02-21) -> Committee Assignment (House: 2024-02-21) -> Report (Not Started) -> Third Reading/Concurrence (Not Started) -> Harmonization (Not Started) -> Assent (Not Started),2023-07-27,2024-02-21,"Hon Austin Asema Achado (APC, Benue, Constituency: Gwer East/Gwer West)",Hon Austin Asema Achado,Army,Hon Austin Asema Achado
8a3cf1b2-36fe-43e5-8c3d-0e9dc82b31d5,"Nigeria Atomic Energy Commission (Repeal and re-enactment) Bill, 2023",First Reading (House: 2023-07-25) -> Second Reading (House: 2023-07-26) -> Committee Assignment (House: 2023-07-26) -> Report (Not Started) -> Third Reading/Concurrence (Not Started) -> Harmonization (Not Started) -> Assent (Not Started),2023-07-25,2023-07-26,"Hon Benjamin Kalu (APC, Abia, Constituency: Bende)",Hon Benjamin Kalu,the Whole,Hon Benjamin Kalu
410d404e-5e60-4f4c-8ebc-02764b31c611,"Nigeria Center for Animal Disease Control and Prevention Bill, 2025",First Reading (Not Started) -> Second Reading (Not Started) -> Committee Assignment (Not Started) -> Report (Not Started) -> Third Reading/Concurrence (Not Started) -> Harmonization (Not Started) -> Assent (Not Started),,,"Hon Sulaiman Gumi Abubakar (PDP, Zamfara, Constituency: Gummi/Bukkuyum)",Hon Sulaiman Gumi Abubakar,Not Yet Referred,Hon Sulaiman Gumi Abubakar
8506c54b-cdac-42db-a218-329e6564fb19,"Nigeria Centre for Disease Control and Prevention Act (Amendment) Bill, 2025",First Reading (House: 2025-07-03) -> Second Reading (Not Started) -> Committee Assignment (Not Started) -> Report (Not Started) -> Third Reading/Concurrence (Not Started) -> Harmonization (Not Started) -> Assent (Not Started),2025-07-03,,"Hon Benjamin Kalu (APC, Abia, Constituency: Bende)",Hon Benjamin Kalu,Not Yet Referred,Hon Benjamin Kalu
3254351b-ebf6-436a-80e9-fe5dc201a28e,"Nigeria Climate Change Fund (Establishment) Bill, 2023",First Reading (House: 2023-07-19) -> Second Reading (Not Started) -> Committee Assignment (Not Started) -> Report (Not Started) -> Third Reading/Concurrence (Not Started) -> Harmonization (Not Started) -> Concurrence (Not Started) -> Assent (Not Started),2023-07-19,,"Hon Lanre Okunlola (APC, Lagos, Constituency: Surulere II)",Hon Lanre Okunlola,Not Yet Referred,Hon Lanre Okunlola
8895c3af-a337-4eca-8746-831afaeee8d6,"Nigeria Co-Operative Societies (Amendment) Bill, 2023",First Reading (House: 2023-07-27) -> Second Reading (Not Started) -> Committee Assignment (Not Started) -> Report (Not Started) -> Third Reading/Concurrence (Not Started) -> Harmonization (Not Started) -> Assent (Not Started),2023-07-27,,"Hon Gagdi Adamu Yusuf (APC, Plateau, Constituency: Kanke/Pankshin/Kanam)",Hon Gagdi Adamu Yusuf,Not Yet Referred,Hon Gagdi Adamu Yusuf
5c5c7391-4c65-4fd8-8b25-ccb359e583ef,"Nigeria Correctional Service Trust Fund (Establishment) Bill, 2023",First Reading (House: 2023-10-19) -> Second Reading (House: 2023-10-26) -> Committee Assignment (House: 2023-10-26) -> Report (House: 2024-06-06) -> Third Reading/Concurrence (House: 2024-07-09) -> Harmonization (Not Started) -> Assent (Not Started),2023-10-19,2023-10-26,"Hon Chinedu Ogah (APC, Ebonyi, Constituency: Ezza South/Ikwo)",Hon Chinedu Ogah,the Whole,Hon Chinedu Ogah
996383ba-59ca-4629-aa5c-749d2ba9ac62,"Nigeria Customs Service Act (Amendment) Bill, 2024",First Reading (Not Started) -> Second Reading (Not Started) -> Committee Assignment (Not Started) -> Report (Not Started) -> Third Reading/Concurrence (Not Started) -> Harmonization (Not Started) -> Assent (Not Started),,,"Afam Ogene (LP, Anambra, Constituency: Ogbaru)",Afam Ogene,Not Yet Referred,Afam Ogene
279dc54f-237e-44ac-9dd2-9f03d195903d,"Nigeria Digital Literacy Management Office (Establishment) Bill, 2024",First Reading (House: 2024-03-19) -> Second Reading (Not Started) -> Committee Assignment (Not Started) -> Report (Not Started) -> Third Reading/Concurrence (Not Started) -> Harmonization (Not Started) -> Assent (Not Started),2024-03-19,,"Executive (APC, N/A, Constituency: .)",Executive,Not Yet Referred,Executive
7e8fc09f-7712-434c-b139-2b9447203875,"Nigeria French Language, Badagri, Lagos State (Establishment) Bill, 2023",First Reading (House: 2023-07-25) -> Second Reading (House: 2023-07-25) -> Committee Assignment (House: 2023-07-25) -> Report (House: 2023-07-02) -> Third Reading/Concurrence (House: 2023-07-11) -> Harmonization (Not Started) -> Assent (Not Started),2023-07-25,2023-07-25,"Hon Julius Ihonvbere (APC, Edo, Constituency: Owan East/Owan West)",Hon Julius Ihonvbere,the Whole,Hon Julius Ihonvbere
c0f9bb04-6cd1-4ebb-a9ed-48dda848ac93,"Nigeria Hunters and Forest Security Service (Establishment) Bill, 2023",First Reading (House: 2023-07-12) -> Second Reading (House: 2023-07-18) -> Committee Assignment (House: 2023-07-18) -> Report (Not Started) -> Third Reading/Concurrence (House: 2024-03-06) -> Harmonization (Not Started) -> Assent (Not Started),2023-07-12,2023-07-18,"Hon Balele Aminu (APC, Katsina, Constituency: Dutsin-ma/Kurfi)",Hon Balele Aminu,the Whole,Hon Balele Aminu
08d02032-4318-4c42-a76a-ef05685b95f8,"Nigeria Immigration Service Trust Fund (Establishment) Bill, 2023",First Reading (House: 2023-11-16) -> Second Reading (Not Started) -> Committee Assignment (Not Started) -> Report (Not Started) -> Third Reading/Concurrence (Not Started) -> Harmonization (Not Started) -> Assent (Not Started),2023-11-16,,"Hon Peter Gyendeng (PDP, Plateau, Constituency: Barkin Ladi/Riyom)",Hon Peter Gyendeng,Not Yet Referred,Hon Peter Gyendeng
2cc1a879-f579-4345-aa17-d32ba01dd24c,"Nigeria Industrial Revolution Plan Bill, 2024",First Reading (House: 2024-03-20) -> Second Reading (Not Started) -> Committee Assignment (Not Started) -> Report (Not Started) -> Third Reading/Concurrence (Not Started) -> Harmonization (Not Started) -> Assent (Not Started),2024-03-20,,"Hon Benjamin Kalu (APC, Abia, Constituency: Bende)",Hon Benjamin Kalu,Not Yet Referred,Hon Benjamin Kalu
ca7c5e24-dfdb-4def-8504-b16a4f15daa9,"Nigeria Natural Medicine Development Agency (Establishment) (Amendment) Bill, 2025",First Reading (Not Started) -> Second Reading (Not Started) -> Committee Assignment (Not Started) -> Report (Not Started) -> Third Reading/Concurrence (Not Started) -> Harmonization (Not Started) -> Assent (Not Started),,,"Hon Sada Soli (APC, Katsina, Constituency: Jibia/Kaita)",Hon Sada Soli,Not Yet Referred,Hon Sada Soli
b1122ba3-c0a5-42bc-b081-1a7cfbf56027,"Nigeria Oil and Gas Industry Content Development Act (Amendment) Bill, 2024",First Reading (House: 2024-07-23) -> Second Reading (Not Started) -> Committee Assignment (Not Started) -> Report (Not Started) -> Third Reading/Concurrence (Not Started) -> Harmonization (Not Started) -> Assent (Not Started),2024-07-23,,"Dibiagwu Eugene Okechukwu (APC, Imo, Constituency: Ideato North/Ideato South)",Dibiagwu Eugene Okechukwu,Not Yet Referred,Dibiagwu Eugene Okechukwu
232bd887-30cc-47af-b308-6ce02cc80784,"Nigeria Palliatives Monitoring Commission (Establishment) Bill, 2023",First Reading (House: 2023-10-31) -> Second Reading (Not Started) -> Committee Assignment (Not Started) -> Report (Not Started) -> Third Reading/Concurrence (Not Started) -> Harmonization (Not Started) -> Assent (Not Started),2023-10-31,,"Hon Pascal Agbodike (APGA, Anambra, Constituency: Ihiala)",Hon Pascal Agbodike,Not Yet Referred,Hon Pascal Agbodike
8ff10f89-1f09-43c9-8b56-4a0b5fac4653,"Nigeria Police Academy (Amendment) Act, 2025",First Reading (Not Started) -> Second Reading (Not Started) -> Committee Assignment (Not Started) -> Report (Not Started) -> Third Reading/Concurrence (Not Started) -> Harmonization (Not Started) -> Assent (Not Started),,,"Hon Adeboye Paul Kalejaiye (APC, Lagos, Constituency: Ajeromi/Ifelodun)",Hon Adeboye Paul Kalejaiye,Not Yet Referred,Hon Adeboye Paul Kalejaiye
28284aab-8711-4cd0-8df6-ec45913ee9ab,"Nigeria Police Act (Amendment) Bill, 2023",First Reading (House: 2023-07-27) -> Second Reading (House: 2023-10-10) -> Committee Assignment (House: 2023-10-10) -> Report (Not Started) -> Third Reading/Concurrence (Not Started) -> Harmonization (Not Started) -> Assent (Not Started),2023-07-27,2023-10-10,"Hon Benjamin Kalu (APC, Abia, Constituency: Bende)",Hon Benjamin Kalu,the Whole,Hon Benjamin Kalu
42a555e7-d273-4f6b-9967-59d0c1e53480,"Nigeria Police Act (Amendment) Bill, 2024",First Reading (House: 2024-06-05) -> Second Reading (Not Started) -> Committee Assignment (Not Started) -> Report (Not Started) -> Third Reading/Concurrence (Not Started) -> Harmonization (Not Started) -> Assent (Not Started),2024-06-05,,"Hon Afolabi Moruf Afuape (APC, Ogun, Constituency: Abeokuta South)",Hon Afolabi Moruf Afuape,Not Yet Referred,Hon Afolabi Moruf Afuape
9ac9989a-5623-46d4-a63c-d05fd747197d,"Nigeria Police Act (Amendment) Bill, 2024",First Reading (House: 2024-09-25) -> Second Reading (Not Started) -> Committee Assignment (Not Started) -> Report (Not Started) -> Third Reading/Concurrence (Not Started) -> Harmonization (Not Started) -> Assent (Not Started),2024-09-25,,"Hon Adetola Kafilat Ogbara (APC, Lagos, Constituency: Kosofe)",Hon Adetola Kafilat Ogbara,Not Yet Referred,Hon Adetola Kafilat Ogbara
c5b96e26-55fa-44dd-b1ba-b56a474d8c4d,"Nigeria Police Act (Amendment) Bill, 2024",First Reading (House: 2024-07-18) -> Second Reading (Not Started) -> Committee Assignment (Not Started) -> Report (Not Started) -> Third Reading/Concurrence (Not Started) -> Harmonization (Not Started) -> Assent (Not Started),2024-07-18,,"Hon Paul Asuquo Ekpo (PDP, Akwa Ibom, Constituency: Etinan/Nsit Ibom/Nsit ubium)",Hon Paul Asuquo Ekpo,Not Yet Referred,Hon Paul Asuquo Ekpo
dd62c6e2-b232-4683-a917-5ff8fd6733f9,"Nigeria Police Act (Amendment) Bill, 2024",First Reading (House: 2024-05-21) -> Second Reading (House: 2024-05-21) -> Committee Assignment (House: 2024-05-21) -> Report (Not Started) -> Third Reading/Concurrence (Not Started) -> Harmonization (Not Started) -> Assent (Not Started),2024-05-21,2024-05-21,"Hon Makki Yalleman Abubakar (APC, Jigawa, Constituency: Mallam Madori/Kaugama); Hon Tajudeen Abbas (APC, Kaduna, Constituency: Zaria)",Hon Makki Yalleman Abubakar; Hon Tajudeen Abbas,Police Affairs,Hon Makki Yalleman Abubakar
f3e1cb27-7f34-41c2-98d4-50105636b9b1,"Nigeria Police Act (Amendment) Bill, 2025",First Reading (Not Started) -> Second Reading (Not Started) -> Committee Assignment (Not Started) -> Report (Not Started) -> Third Reading/Concurrence (Not Started) -> Harmonization (Not Started) -> Assent (Not Started),,,"Hon Tasir Olawale Raji (APC, Lagos, Constituency: Epe)",Hon Tasir Olawale Raji,Not Yet Referred,Hon Tasir Olawale Raji
f0c3f6a2-dbf7-4af0-9f8e-7c970610f778,"Nigeria Police Force College, Training School and Institution (Establishment) Bill, 2023",First Reading (House: 2023-07-11) -> Second Reading (House: 2023-07-18) -> Committee Assignment (House: 2023-07-18) -> Report (Not Started) -> Third Reading/Concurrence (Not Started) -> Harmonization (Not Started) -> Assent (Not Started),2023-07-11,2023-07-18,"Hon Julius Ihonvbere (APC, Edo, Constituency: Owan East/Owan West)",Hon Julius Ihonvbere,Not Yet Referred,Hon Julius Ihonvbere
e7a5c1ea-ee53-4d51-8db8-429615b62a09,"Nigeria Police Force Pensions Board (Establishment) Bill, 2023","First Reading (House: 2023-11-23, Senate: 2025-12-02) -> Second Reading (House: 2024-02-08) -> Committee Assignment (House: 2024-02-08) -> Report (Not Started) -> Third Reading/Concurrence (Not Started) -> Harmonization (Not Started) -> Assent (Not Started)",2023-11-23,2024-02-08,"Hon Makki Yalleman Abubakar (APC, Jigawa, Constituency: Mallam Madori/Kaugama)",Hon Makki Yalleman Abubakar,the Whole,Hon Makki Yalleman Abubakar
d3159295-6d30-40dc-8ea8-ce9bf3122b8a,"Nigeria Police Training College Umuoji, Anambra State (Establishment) Bill, 2023",First Reading (House: 2023-11-01) -> Second Reading (Not Started) -> Committee Assignment (Not Started) -> Report (Not Started) -> Third Reading/Concurrence (Not Started) -> Harmonization (Not Started) -> Assent (Not Started),2023-11-01,,"Hon Uchenna Okonkwo (LP, Anambra, Constituency: Idemili North/Idemili South)",Hon Uchenna Okonkwo,Not Yet Referred,Hon Uchenna Okonkwo
420445cf-cc54-481d-a7e5-97eaaaebdbfc,"Nigeria Railway Bill, 2023",First Reading (House: 2023-07-27) -> Second Reading (Not Started) -> Committee Assignment (Not Started) -> Report (Not Started) -> Third Reading/Concurrence (Not Started) -> Harmonization (Not Started) -> Assent (Not Started),2023-07-27,,"Hon Benjamin Kalu (APC, Abia, Constituency: Bende)",Hon Benjamin Kalu,Not Yet Referred,Hon Benjamin Kalu
ff3647b6-adfa-42b1-aa83-14b6b9e29d52,"Nigeria Railway Corporation Act (Amendment) Bill, 2023",First Reading (House: 2023-07-26) -> Second Reading (Not Started) -> Committee Assignment (Not Started) -> Report (Not Started) -> Third Reading/Concurrence (Not Started) -> Harmonization (Not Started) -> Assent (Not Started),2023-07-26,,"Hon Dachung Musa Bagos (PDP, Plateau, Constituency: Jos South/Jos East)",Hon Dachung Musa Bagos,Not Yet Referred,Hon Dachung Musa Bagos
0c43818e-50cd-4d50-b65b-0db8baee3b29,"Nigeria Revenue Service (Establishment) Bill, 2024",First Reading (Senate: 2024-03-07) -> Second Reading (Not Started) -> Committee Assignment (Not Started) -> Report (Not Started) -> Third Reading/Concurrence (Not Started) -> Harmonization (Not Started) -> Assent (Not Started),2024-03-07,,"Executive (APC, N/A, Constituency: .)",Executive,Not Yet Referred,Executive
3fc56231-b933-4e03-ba00-0425c037d744,"Nigeria Security and Civil Defence Corps Act (Amendment) Bill, 2023","First Reading (House: 2023-10-12, Senate: 2025-11-18) -> Second Reading (House: 2023-12-20) -> Committee Assignment (House: 2023-12-20) -> Report (House: 2023-12-21) -> Third Reading/Concurrence (House: 2023-12-21) -> Harmonization (Not Started) -> Assent (Not Started)",2023-10-12,2023-12-20,"Hon Adeyemi Taofeek Alli (APC, Lagos, Constituency: Mushin I)",Hon Adeyemi Taofeek Alli,the Whole,Hon Adeyemi Taofeek Alli
51cd87cf-6ccc-439f-b7ba-d0176fed7bb7,"Nigeria Security and Civil Defence Corps Act (Amendment) Bill, 2023",First Reading (House: 2023-10-12) -> Second Reading (Not Started) -> Committee Assignment (Not Started) -> Report (Not Started) -> Third Reading/Concurrence (Not Started) -> Harmonization (Not Started) -> Assent (Not Started),2023-10-12,,"Hon Abdulmalik Zubairu (APC, Zamfara, Constituency: Bungudu/Maru)",Hon Abdulmalik Zubairu,Not Yet Referred,Hon Abdulmalik Zubairu
591d0ee8-c570-47b8-bce0-e4dca2dd1948,"Nigeria Security and Civil Defence Corps Act (Amendment) Bill, 2023",First Reading (House: 2023-07-19) -> Second Reading (Not Started) -> Committee Assignment (Not Started) -> Report (Not Started) -> Third Reading/Concurrence (Not Started) -> Harmonization (Not Started) -> Concurrence (Not Started) -> Assent (Not Started),2023-07-19,,"Hon Adewale Hameed (APC, Lagos, Constituency: Agege)",Hon Adewale Hameed,Not Yet Referred,Hon Adewale Hameed
6afdb472-5768-4d62-a4e0-d31dacf88a96,"Nigeria Security and Civil Defence Corps Act (Amendment) Bill, 2023",First Reading (House: 2023-07-27) -> Second Reading (House: 2023-10-10) -> Committee Assignment (House: 2023-10-10) -> Report (House: 2023-11-23) -> Third Reading/Concurrence (House: 2023-11-28) -> Harmonization (Not Started) -> Assent (Not Started),2023-07-27,2023-10-10,"Hon Benjamin Kalu (APC, Abia, Constituency: Bende)",Hon Benjamin Kalu,the Whole,Hon Benjamin Kalu
ec53e6cf-dc3d-4e90-bb24-3bd8d3cb5e11,"Nigeria Security and Civil Defence Corps Trust Fund (Est) Bill, 2023",First Reading (House: 2023-07-25) -> Second Reading (Not Started) -> Committee Assignment (Not Started) -> Report (Not Started) -> Third Reading/Concurrence (Not Started) -> Harmonization (Not Started) -> Concurrence (Not Started) -> Assent (Not Started),2023-07-25,,"Hon Philip Agbese (APC, Benue, Constituency: Ado/Obadigbo/Okpokwu)",Hon Philip Agbese,Not Yet Referred,Hon Philip Agbese
0022647d-d9aa-4f7c-b76b-e00197d473d3,"Nigeria Security and Civil Defence Corps Trust Fund (Establishment) Bill, 2023",First Reading (House: 2023-12-20) -> Second Reading (Not Started) -> Committee Assignment (Not Started) -> Report (Not Started) -> Third Reading/Concurrence (Not Started) -> Harmonization (Not Started) -> Assent (Not Started),2023-12-20,,"Hon Sulaiman Gumi Abubakar (PDP, Zamfara, Constituency: Gummi/Bukkuyum)",Hon Sulaiman Gumi Abubakar,Not Yet Referred,Hon Sulaiman Gumi Abubakar
c03af5dd-c03b-4828-86dd-a395f2a80cc4,"Nigeria Shippers Council Act (Repeal and Enactment) Bill, 2023",First Reading (House: 2023-07-27) -> Second Reading (Not Started) -> Committee Assignment (Not Started) -> Report (Not Started) -> Third Reading/Concurrence (Not Started) -> Harmonization (Not Started) -> Assent (Not Started),2023-07-27,,"Hon Dachung Musa Bagos (PDP, Plateau, Constituency: Jos South/Jos East)",Hon Dachung Musa Bagos,Not Yet Referred,Hon Dachung Musa Bagos
7545a7b6-3c92-4d90-b8af-6ffafff237d3,"Nigeria Shippers’ Council Act (Repeal and Enactment) Bill, 2023",First Reading (House: 2023-12-19) -> Second Reading (House: 2024-02-14) -> Committee Assignment (House: 2024-02-14) -> Report (House: 2024-07-09) -> Third Reading/Concurrence (House: 2024-07-17) -> Harmonization (Not Started) -> Assent (Not Started),2023-12-19,2024-02-14,"Hon Tajudeen Abbas (APC, Kaduna, Constituency: Zaria); Hon Abdussamad Ibrahim Dasuki (PDP, Sokoto, Constituency: Kebbe/Tambuwal)",Hon Tajudeen Abbas; Hon Abdussamad Ibrahim Dasuki,Shipping Services,Hon Tajudeen Abbas
9333e518-39da-49e7-a106-1f00089ae46c,"Nigeria Social Insurance Trust Fund (Amendment) Bill, 2024",First Reading (Not Started) -> Second Reading (Not Started) -> Committee Assignment (Not Started) -> Report (Not Started) -> Third Reading/Concurrence (Not Started) -> Harmonization (Not Started) -> Assent (Not Started),,,"Daniel Asama Ago (APC, Plateau, Constituency: Jos North/Bassa)",Daniel Asama Ago,Not Yet Referred,Daniel Asama Ago
f3101b3c-8a85-446e-b444-1fab60635b82,"Nigeria Social Insurance Trust Fund Act (Amendment) Bill, 2023",First Reading (House: 2023-11-23) -> Second Reading (Not Started) -> Committee Assignment (Not Started) -> Report (Not Started) -> Third Reading/Concurrence (Not Started) -> Harmonization (Not Started) -> Assent (Not Started),2023-11-23,,"Hon Sunday Umeha (LP, Enugu, Constituency: Ezeagu/Udi)",Hon Sunday Umeha,Not Yet Referred,Hon Sunday Umeha
c6c11d60-cb8e-42d1-99c4-65abec39f28d,"Nigeria Social Insurance Trust Fund Act (Amendment) Bill, 2025",First Reading (House: 2025-11-12) -> Second Reading (Not Started) -> Committee Assignment (Not Started) -> Report (Not Started) -> Third Reading/Concurrence (Not Started) -> Harmonization (Not Started) -> Assent (Not Started),2025-11-12,,"Blessing Chigeru Amadi (PDP, Rivers, Constituency: Port Harcourt II)",Blessing Chigeru Amadi,Not Yet Referred,Blessing Chigeru Amadi
5956f8c6-d297-4d81-bfdd-753e0361da76,"Nigeria Social Investment Regulation Agency (Establishment) Bill, 2023",First Reading (House: 2023-07-19) -> Second Reading (Not Started) -> Committee Assignment (Not Started) -> Report (Not Started) -> Third Reading/Concurrence (Not Started) -> Harmonization (Not Started) -> Concurrence (Not Started) -> Assent (Not Started),2023-07-19,,"Hon Lanre Okunlola (APC, Lagos, Constituency: Surulere II)",Hon Lanre Okunlola,Not Yet Referred,Hon Lanre Okunlola
72dde8c6-b8e2-423c-b50d-5b6319204417,"Nigeria Sovereign Investment Authority Act (Amendment) Bill, 2023",First Reading (House: 2023-11-07) -> Second Reading (Not Started) -> Committee Assignment (Not Started) -> Report (Not Started) -> Third Reading/Concurrence (Not Started) -> Harmonization (Not Started) -> Assent (Not Started),2023-11-07,,"Hon Sesi Whingan (APC, Lagos, Constituency: Badagry)",Hon Sesi Whingan,Not Yet Referred,Hon Sesi Whingan
8d248c51-08d0-4f57-a749-7ac7ac47d105,"Nigeria Sovereign Investment Authority Act (Amendment) Bill, 2023",First Reading (House: 2023-07-26) -> Second Reading (Not Started) -> Committee Assignment (Not Started) -> Report (Not Started) -> Third Reading/Concurrence (Not Started) -> Harmonization (Not Started) -> Assent (Not Started),2023-07-26,,"Hon Pascal Agbodike (APGA, Anambra, Constituency: Ihiala)",Hon Pascal Agbodike,Not Yet Referred,Hon Pascal Agbodike
b990ca8b-e4a3-4bd2-96a3-e5a710e0fe36,"Nigeria Tax Administration Bill, 2024",First Reading (Senate: 2023-11-14) -> Second Reading (Not Started) -> Committee Assignment (Not Started) -> Report (Not Started) -> Third Reading/Concurrence (Not Started) -> Harmonization (Not Started) -> Assent (Not Started),2023-11-14,,"Executive (APC, N/A, Constituency: .)",Executive,Not Yet Referred,Executive
0c99ab4c-b913-48f4-bda0-8ce8cfecc3f2,"Nigeria Utilities Charges Commission Act (Amendment) Bill, 2023",First Reading (House: 2023-07-27) -> Second Reading (Not Started) -> Committee Assignment (Not Started) -> Report (Not Started) -> Third Reading/Concurrence (Not Started) -> Harmonization (Not Started) -> Assent (Not Started),2023-07-27,,"Hon Taofeek Abimbola Ajilesoro (APC, Osun, Constituency: Ife Central/Ife North/Ife South/Ife East)",Hon Taofeek Abimbola Ajilesoro,Not Yet Referred,Hon Taofeek Abimbola Ajilesoro
1ea2ab1c-ea92-42b4-9788-b52b479b0942,"Nigerian Agricultural Promotion Council Bill, 2023",First Reading (House: 2023-10-10) -> Second Reading (Not Started) -> Committee Assignment (Not Started) -> Report (Not Started) -> Third Reading/Concurrence (Not Started) -> Harmonization (Not Started) -> Assent (Not Started),2023-10-10,,"Hon. Sesoo Ikpagher (APC, Benue, Constituency: Konshisha/Vandeikya)",Hon. Sesoo Ikpagher,Not Yet Referred,Hon. Sesoo Ikpagher
71cdf307-664d-471f-9a4b-8106af814f8b,"Nigerian Airspace Management Agency Act (Amendment) Bill, 2023",First Reading (House: 2023-10-25) -> Second Reading (Not Started) -> Committee Assignment (Not Started) -> Report (Not Started) -> Third Reading/Concurrence (Not Started) -> Harmonization (Not Started) -> Assent (Not Started),2023-10-25,,"Hon Dennis Idahosa (APC, Edo, Constituency: Ovia North East/Ovia South West)",Hon Dennis Idahosa,Not Yet Referred,Hon Dennis Idahosa
af33c03e-145d-4d5e-8117-903e19687a3c,"Nigerian Ajaokuta Special Trust Fund (Establishment) Bill, 2024",First Reading (House: 2024-04-30) -> Second Reading (Not Started) -> Committee Assignment (Not Started) -> Report (Not Started) -> Third Reading/Concurrence (Not Started) -> Harmonization (Not Started) -> Assent (Not Started),2024-04-30,,"Hon Sanni Abdulraheem (APC, Kogi, Constituency: Ajaokuta)",Hon Sanni Abdulraheem,Not Yet Referred,Hon Sanni Abdulraheem
ac2aea4c-01bf-47e6-8fcf-f24e1469e01c,"Nigerian Almajiri Trust Fund (Establishment) Bill, 2023",First Reading (House: 2023-10-17) -> Second Reading (Not Started) -> Committee Assignment (Not Started) -> Report (Not Started) -> Third Reading/Concurrence (Not Started) -> Harmonization (Not Started) -> Assent (Not Started),2023-10-17,,"Hon. Sagir Koki (APC, Kano, Constituency: Municipal)",Hon. Sagir Koki,Not Yet Referred,Hon. Sagir Koki
6aade8b7-5a6a-4d57-9f7d-380f5da2958f,"Nigerian Anti Kidnapping Exception Agency (Establishment) Bill, 2024",First Reading (House: 2024-04-30) -> Second Reading (Not Started) -> Committee Assignment (Not Started) -> Report (Not Started) -> Third Reading/Concurrence (Not Started) -> Harmonization (Not Started) -> Assent (Not Started),2024-04-30,,"Hon Sanni Abdulraheem (APC, Kogi, Constituency: Ajaokuta)",Hon Sanni Abdulraheem,Not Yet Referred,Hon Sanni Abdulraheem
144e288e-e223-47f4-b82f-47e1f2690350,"Nigerian Army College of Education, Ilorin, (Establishment)Bill, 2024",First Reading (House: 2024-07-11) -> Second Reading (Not Started) -> Committee Assignment (Not Started) -> Report (Not Started) -> Third Reading/Concurrence (Not Started) -> Harmonization (Not Started) -> Assent (Not Started),2024-07-11,,"Ahmed Yinka Aluko (APC, Kwara, Constituency: Ilorin East/Ilorin South)",Ahmed Yinka Aluko,Not Yet Referred,Ahmed Yinka Aluko
6ca42345-44fa-433c-ae40-17ed87a3d18c,"Nigerian Association of Logistic and Supply Chain Practitioners (Establishment) Bill, 2023",First Reading (House: 2023-11-28) -> Second Reading (Not Started) -> Committee Assignment (Not Started) -> Report (Not Started) -> Third Reading/Concurrence (Not Started) -> Harmonization (Not Started) -> Assent (Not Started),2023-11-28,,"Hon Abdulmalik Zubairu (APC, Zamfara, Constituency: Bungudu/Maru)",Hon Abdulmalik Zubairu,Not Yet Referred,Hon Abdulmalik Zubairu
70760ef3-2ad2-4ff1-8225-b5e742dfbf2b,"Nigerian Association of Paralegals (Establishment) Bill, 2023",First Reading (House: 2023-07-27) -> Second Reading (Not Started) -> Committee Assignment (Not Started) -> Report (Not Started) -> Third Reading/Concurrence (Not Started) -> Harmonization (Not Started) -> Assent (Not Started),2023-07-27,,"Hon Pascal Agbodike (APGA, Anambra, Constituency: Ihiala)",Hon Pascal Agbodike,Not Yet Referred,Hon Pascal Agbodike
ff27eff1-9757-4d53-ada6-8396e5d979d4,"Nigerian Authors Trust Fund (Establishment) Bill, 2023",First Reading (House: 2023-07-06) -> Second Reading (House: 2023-10-18) -> Committee Assignment (House: 2023-10-18) -> Report (Not Started) -> Third Reading/Concurrence (Not Started) -> Harmonization (Not Started) -> Assent (Not Started),2023-07-06,2023-10-18,"Hon Pascal Agbodike (APGA, Anambra, Constituency: Ihiala)",Hon Pascal Agbodike,"Information, National Orientation, Ethics and Values",Hon Pascal Agbodike
7979562c-8933-4ee1-8d65-7a7ed69d61f0,"Nigerian Bank for Commerce and Industry Act (Amendment) Bill, 2023",First Reading (House: 2023-07-12) -> Second Reading (Not Started) -> Committee Assignment (Not Started) -> Report (Not Started) -> Third Reading/Concurrence (Not Started) -> Harmonization (Not Started) -> Assent (Not Started),2023-07-12,,"Hon Oluwole Oke (PDP, Osun, Constituency: Obokun/Oriade)",Hon Oluwole Oke,Not Yet Referred,Hon Oluwole Oke
6913818f-d3d7-4368-ac39-894b7c865d51,"Nigerian Building and Road Research Institute (Establishment) Bill, 2024",First Reading (House: 2024-03-20) -> Second Reading (House: 2024-05-14) -> Committee Assignment (House: 2024-05-14) -> Report (House: 2024-10-08) -> Third Reading/Concurrence (House: 2024-10-09) -> Harmonization (Not Started) -> Assent (Not Started),2024-03-20,2024-05-14,"Hon Bello Ambarura Isah (APC, Sokoto, Constituency: Illela/Gwadabawa)",Hon Bello Ambarura Isah,the Whole,Hon Bello Ambarura Isah
ba67b216-4485-46a3-b1c5-b27a28010a85,"Nigerian Cashew Utilization Board (Establishment) Bill, 2024",First Reading (House: 2024-06-05) -> Second Reading (Not Started) -> Committee Assignment (Not Started) -> Report (Not Started) -> Third Reading/Concurrence (Not Started) -> Harmonization (Not Started) -> Assent (Not Started),2024-06-05,,"Hon Tajudeen Kareem (APC, Oyo, Constituency: Saki East/Saki West/Atisbo)",Hon Tajudeen Kareem,Not Yet Referred,Hon Tajudeen Kareem
86fabbe9-571b-483a-bcef-cc290bef5ea3,"Nigerian Children’s Trust Fund Act (Amendment) Bill, 2025",First Reading (House: 2025-12-10) -> Second Reading (Not Started) -> Committee Assignment (Not Started) -> Report (Not Started) -> Third Reading/Concurrence (Not Started) -> Harmonization (Not Started) -> Assent (Not Started),2025-12-10,,"Akarachi Etinosa Tosan (APC, Imo, Constituency: Ikeduru/Mbaitoli)",Akarachi Etinosa Tosan,Not Yet Referred,Akarachi Etinosa Tosan
58362ae2-135d-418f-ab66-cd8a8a90e2d7,"Nigerian Citizens Moral Accountability Bill, 2023",First Reading (House: 2023-10-19) -> Second Reading (Not Started) -> Committee Assignment (Not Started) -> Report (Not Started) -> Third Reading/Concurrence (Not Started) -> Harmonization (Not Started) -> Assent (Not Started),2023-10-19,,"Hon Awaji-inombek Dagomie Abiante (PDP, Rivers, Constituency: Opobo/Nkoro/Andoni)",Hon Awaji-inombek Dagomie Abiante,Not Yet Referred,Hon Awaji-inombek Dagomie Abiante
322a4eb8-c334-4113-9ae6-30a34a6bcc75,"Nigerian Civil Aviation Authority (Establishment) Bill, 2023",First Reading (House: 2023-07-27) -> Second Reading (Not Started) -> Committee Assignment (Not Started) -> Report (Not Started) -> Third Reading/Concurrence (Not Started) -> Harmonization (Not Started) -> Assent (Not Started),2023-07-27,,"Hon Taofeek Abimbola Ajilesoro (APC, Osun, Constituency: Ife Central/Ife North/Ife South/Ife East)",Hon Taofeek Abimbola Ajilesoro,Not Yet Referred,Hon Taofeek Abimbola Ajilesoro
cff03d43-abec-427c-9c27-7de3136d1d2f,"Nigerian Civil Defence Academy (Establishment) Bill, 2023",First Reading (House: 2023-10-25) -> Second Reading (Not Started) -> Committee Assignment (Not Started) -> Report (Not Started) -> Third Reading/Concurrence (Not Started) -> Harmonization (Not Started) -> Assent (Not Started),2023-10-25,,"Hon Sani Muhammad Ahmad (APC, Zamfara, Constituency: Bakura/Maradun)",Hon Sani Muhammad Ahmad,Not Yet Referred,Hon Sani Muhammad Ahmad
aceee041-1c4e-4c84-9c55-df781b56aa36,"Nigerian Civil Defence Corps Academy, Anambra State (Establishment) Bill, 2023",First Reading (House: 2023-10-31) -> Second Reading (Not Started) -> Committee Assignment (Not Started) -> Report (Not Started) -> Third Reading/Concurrence (Not Started) -> Harmonization (Not Started) -> Assent (Not Started),2023-10-31,,"Hon Pascal Agbodike (APGA, Anambra, Constituency: Ihiala)",Hon Pascal Agbodike,Not Yet Referred,Hon Pascal Agbodike
ce87c89a-6e9f-4ebf-8e6e-ae6ea2c8af1c,"Nigerian Civil Defence University, Akoko, Ondo State (Establishment) Bill, 2023",First Reading (House: 2023-11-14) -> Second Reading (Not Started) -> Committee Assignment (Not Started) -> Report (Not Started) -> Third Reading/Concurrence (Not Started) -> Harmonization (Not Started) -> Assent (Not Started),2023-11-14,,"Hon Philip Agbese (APC, Benue, Constituency: Ado/Obadigbo/Okpokwu)",Hon Philip Agbese,Not Yet Referred,Hon Philip Agbese
47be162a-fe5e-4c04-96f4-2a9f14f65adb,"Nigerian Co-operative Societies Act (Amendment) Bill, 2024",First Reading (House: 2024-05-23) -> Second Reading (Not Started) -> Committee Assignment (Not Started) -> Report (Not Started) -> Third Reading/Concurrence (Not Started) -> Harmonization (Not Started) -> Assent (Not Started),2024-05-23,,"Chinedu Tochukwu Okere (APC, Imo, Constituency: Owerri Municipal/Owerri North/Owerri West)",Chinedu Tochukwu Okere,Not Yet Referred,Chinedu Tochukwu Okere
a8cb488e-616a-4f26-9fd5-10e0c8629468,"Nigerian Coal Corporation Act (Repeal and Enactment) Bill, 2023",First Reading (House: 2023-10-19) -> Second Reading (House: 2024-02-29) -> Committee Assignment (House: 2024-02-29) -> Report (Not Started) -> Third Reading/Concurrence (Not Started) -> Harmonization (Not Started) -> Assent (Not Started),2023-10-19,2024-02-29,"Chimaobi Sam Atu (LP, Enugu, Constituency: Enugu North/Enugu South)",Chimaobi Sam Atu,Solid Minerals,Chimaobi Sam Atu
0ed3458b-f5a9-46a7-94a7-3569335a16fb,"Nigerian College of Aviation (Campuses Establishment) (Amendment) Bill, 2024",First Reading (House: 2024-07-23) -> Second Reading (Not Started) -> Committee Assignment (Not Started) -> Report (Not Started) -> Third Reading/Concurrence (Not Started) -> Harmonization (Not Started) -> Assent (Not Started),2024-07-23,,"Hon Paul Nnamchi (LP, Enugu, Constituency: Enugu East/Isi Uzo)",Hon Paul Nnamchi,Not Yet Referred,Hon Paul Nnamchi
adc5f00c-75fe-444e-b864-c7eb03a9abdf,"Nigerian Communications Act (Amendment) Bill, 2023",First Reading (House: 2023-10-03) -> Second Reading (Not Started) -> Committee Assignment (Not Started) -> Report (Not Started) -> Third Reading/Concurrence (Not Started) -> Harmonization (Not Started) -> Assent (Not Started),2023-10-03,,"Hon Miriam Onuoha (APC, Imo, Constituency: Isiala Mbano/Okigwe/Onuimo)",Hon Miriam Onuoha,Not Yet Referred,Hon Miriam Onuoha
ce7b5d78-d635-48a3-8e0a-4caee19e318c,"Nigerian Communications Commission Act (Amendment) Bill, 2023",First Reading (House: 2023-11-22) -> Second Reading (Not Started) -> Committee Assignment (Not Started) -> Report (Not Started) -> Third Reading/Concurrence (Not Started) -> Harmonization (Not Started) -> Assent (Not Started),2023-11-22,,"Hon Unyime Josiah Idem (PDP, Akwa Ibom, Constituency: Ukanafun/Oruk Anam)",Hon Unyime Josiah Idem,Not Yet Referred,Hon Unyime Josiah Idem
fe6a2973-676b-4ec1-9b84-b509a8687e11,"Nigerian Communications Commission Act (Amendment) Bill, 2023",First Reading (House: 2023-07-18) -> Second Reading (Not Started) -> Committee Assignment (Not Started) -> Report (Not Started) -> Third Reading/Concurrence (Not Started) -> Harmonization (Not Started) -> Concurrence (Not Started) -> Assent (Not Started),2023-07-18,,"Hon Benjamin Kalu (APC, Abia, Constituency: Bende)",Hon Benjamin Kalu,Not Yet Referred,Hon Benjamin Kalu
16c1a711-df16-483f-800e-a197e125b017,"Nigerian Content (Non-Oil and Gas Sector) Development (Establishment) Bill, 2023",First Reading (House: 2023-07-12) -> Second Reading (House: 2023-11-02) -> Committee Assignment (House: 2023-11-02) -> Report (Not Started) -> Third Reading/Concurrence (Not Started) -> Harmonization (Not Started) -> Assent (Not Started),2023-07-12,2023-11-02,"Hon Kingsley Chinda (PDP, Rivers, Constituency: Obio/Akpor)",Hon Kingsley Chinda,Nigerian Content Development and Monitoring,Hon Kingsley Chinda
c3fb68a1-0efb-4fc6-a2c4-d091990b80af,"Nigerian Content Programmes, Contracts, Science, Engineering, Technology and Innovation (NOPCESTI) Bill, 2024",First Reading (House: 2024-05-09) -> Second Reading (House: 2024-05-21) -> Committee Assignment (House: 2024-05-21) -> Report (Not Started) -> Third Reading/Concurrence (Not Started) -> Harmonization (Not Started) -> Assent (Not Started),2024-05-09,2024-05-21,"Hon Tijjani Zannah Zakariya (APC, Yobe, Constituency: Machina/Nguru/Yusufari/ Karasuwa)",Hon Tijjani Zannah Zakariya,the Whole,Hon Tijjani Zannah Zakariya
141a98e0-67cc-4fd3-89bc-ce0038e1400f,"Nigerian Cooperative Societies Act (Amendment) Bill, 2023",First Reading (House: 2023-10-12) -> Second Reading (Not Started) -> Committee Assignment (Not Started) -> Report (Not Started) -> Third Reading/Concurrence (Not Started) -> Harmonization (Not Started) -> Assent (Not Started),2023-10-12,,"Hon Amos Gwamna Magaji (APC, Kaduna, Constituency: Zangon Kataf/Jaba)",Hon Amos Gwamna Magaji,Not Yet Referred,Hon Amos Gwamna Magaji
5438aef2-5c79-4ea8-8364-36cf2587d3b8,"Nigerian Correctional Service Commission (Establishment) Bill, 2023",First Reading (House: 2023-10-31) -> Second Reading (Not Started) -> Committee Assignment (Not Started) -> Report (Not Started) -> Third Reading/Concurrence (Not Started) -> Harmonization (Not Started) -> Assent (Not Started),2023-10-31,,"Hon Pascal Agbodike (APGA, Anambra, Constituency: Ihiala)",Hon Pascal Agbodike,Not Yet Referred,Hon Pascal Agbodike
4bc7b84e-d0bf-4ae3-83dc-e97f273109b8,"Nigerian Council for Psychologist (Establishment) Bill, 2023",First Reading (House: 2023-10-12) -> Second Reading (House: 2023-10-19) -> Committee Assignment (House: 2023-10-19) -> Report (House: 2023-11-14) -> Third Reading/Concurrence (House: 2023-11-16) -> Harmonization (Not Started) -> Assent (Not Started),2023-10-12,2023-10-19,"Hon Adeyemi Taofeek Alli (APC, Lagos, Constituency: Mushin I)",Hon Adeyemi Taofeek Alli,the Whole,Hon Adeyemi Taofeek Alli
073327df-abdb-407e-a10a-c6605c6b9ba2,"Nigerian Defence Academy Act (Amendment) Bill, 2023",First Reading (House: 2023-07-12) -> Second Reading (Not Started) -> Committee Assignment (Not Started) -> Report (Not Started) -> Third Reading/Concurrence (Not Started) -> Harmonization (Not Started) -> Assent (Not Started),2023-07-12,,"Hon Oluwole Oke (PDP, Osun, Constituency: Obokun/Oriade)",Hon Oluwole Oke,Not Yet Referred,Hon Oluwole Oke
6bfa3bcc-443a-4a24-97a8-d38a9b472a1d,"Nigerian Defence Academy Act (Amendment) Bill, 2023",First Reading (House: 2023-11-16) -> Second Reading (Not Started) -> Committee Assignment (Not Started) -> Report (Not Started) -> Third Reading/Concurrence (Not Started) -> Harmonization (Not Started) -> Assent (Not Started),2023-11-16,,"Hon Abdulmalik Zubairu (APC, Zamfara, Constituency: Bungudu/Maru)",Hon Abdulmalik Zubairu,Not Yet Referred,Hon Abdulmalik Zubairu
77bb3aae-4372-40e3-853f-6d980e48435e,"Nigerian Defence Academy Act (Amendment) Bill, 2024",First Reading (House: 2024-09-25) -> Second Reading (Not Started) -> Committee Assignment (Not Started) -> Report (Not Started) -> Third Reading/Concurrence (Not Started) -> Harmonization (Not Started) -> Assent (Not Started),2024-09-25,,"Hon Emeka idu (LP, Anambra, Constituency: Onitsha North/Onitsha South)",Hon Emeka idu,Not Yet Referred,Hon Emeka idu
f42e4fca-101d-4082-83ae-5f0148eef1eb,"Nigerian Defence Academy Act (Amendment) Bill, 2024",First Reading (House: 2024-07-23) -> Second Reading (Not Started) -> Committee Assignment (Not Started) -> Report (Not Started) -> Third Reading/Concurrence (Not Started) -> Harmonization (Not Started) -> Assent (Not Started),2024-07-23,,"Hon Paul Nnamchi (LP, Enugu, Constituency: Enugu East/Isi Uzo)",Hon Paul Nnamchi,Not Yet Referred,Hon Paul Nnamchi
b04365d0-9845-4998-8791-30a24e66c0ae,"Nigerian Diaspora Investment Trust Fund Bill, 2025",First Reading (Not Started) -> Second Reading (Not Started) -> Committee Assignment (Not Started) -> Report (Not Started) -> Third Reading/Concurrence (Not Started) -> Harmonization (Not Started) -> Assent (Not Started),,,"Chinedu Tochukwu Okere (APC, Imo, Constituency: Owerri Municipal/Owerri North/Owerri West)",Chinedu Tochukwu Okere,Not Yet Referred,Chinedu Tochukwu Okere
b39be0da-8845-452a-923c-cce7dcc4fd4c,"Nigerian Education Research and Development Council Act (Amendment) Bill, 2024",First Reading (House: 2024-05-07) -> Second Reading (Not Started) -> Committee Assignment (Not Started) -> Report (Not Started) -> Third Reading/Concurrence (Not Started) -> Harmonization (Not Started) -> Assent (Not Started),2024-05-07,,"Daniel Asama Ago (APC, Plateau, Constituency: Jos North/Bassa)",Daniel Asama Ago,Not Yet Referred,Daniel Asama Ago
887c5286-458b-42ec-b287-d417bf95955f,"Nigerian Educational Research and Development Council Act (Amendment) Bill, 2023",First Reading (House: 2023-07-25) -> Second Reading (Not Started) -> Committee Assignment (Not Started) -> Report (Not Started) -> Third Reading/Concurrence (Not Started) -> Harmonization (Not Started) -> Concurrence (Not Started) -> Assent (Not Started),2023-07-25,,"Hon Dachung Musa Bagos (PDP, Plateau, Constituency: Jos South/Jos East)",Hon Dachung Musa Bagos,Not Yet Referred,Hon Dachung Musa Bagos
3270940a-9005-46a4-bf82-be26b2d4ba85,"Nigerian Educational Research and Development Council Act (Amendment) Bill, 2025",First Reading (Not Started) -> Second Reading (Not Started) -> Committee Assignment (Not Started) -> Report (Not Started) -> Third Reading/Concurrence (Not Started) -> Harmonization (Not Started) -> Assent (Not Started),,,"Hon Sada Soli (APC, Katsina, Constituency: Jibia/Kaita)",Hon Sada Soli,Not Yet Referred,Hon Sada Soli
f7a34728-eb52-4f74-a671-e9794e895a8e,"Nigerian Export Promotion Council Act (Amendment) Bill, 2025",First Reading (House: 2025-11-18) -> Second Reading (Not Started) -> Committee Assignment (Not Started) -> Report (Not Started) -> Third Reading/Concurrence (Not Started) -> Harmonization (Not Started) -> Assent (Not Started),2025-11-18,,"Hon Aminu Jaji (APC, Zamfara, Constituency: Kaura-Namoda/Birnin Magaji)",Hon Aminu Jaji,Not Yet Referred,Hon Aminu Jaji
142a0169-5ebd-4eab-925a-d74152919732,"Nigerian Extractive Industries Transparency Initiative Act (Amendment) Bill, 2024",First Reading (House: 2024-06-06) -> Second Reading (Not Started) -> Committee Assignment (Not Started) -> Report (Not Started) -> Third Reading/Concurrence (Not Started) -> Harmonization (Not Started) -> Assent (Not Started),2024-06-06,,"Hon Ugochinyere Onyinye Ikeagwuonu (PDP, Imo, Constituency: Ideato North/Ideato South)",Hon Ugochinyere Onyinye Ikeagwuonu,Not Yet Referred,Hon Ugochinyere Onyinye Ikeagwuonu
48937fa5-8162-4cdb-80ad-60ae6979f2a9,"Nigerian Food Security Bill, 2023",First Reading (House: 2023-10-31) -> Second Reading (Not Started) -> Committee Assignment (Not Started) -> Report (Not Started) -> Third Reading/Concurrence (Not Started) -> Harmonization (Not Started) -> Assent (Not Started),2023-10-31,,"Hon Abdulmalik Zubairu (APC, Zamfara, Constituency: Bungudu/Maru)",Hon Abdulmalik Zubairu,Not Yet Referred,Hon Abdulmalik Zubairu
81fa91b4-d67e-4ec1-ae15-84939ddb33d8,"Nigerian Food Security Bill, 2023",First Reading (House: 2023-11-16) -> Second Reading (Not Started) -> Committee Assignment (Not Started) -> Report (Not Started) -> Third Reading/Concurrence (Not Started) -> Harmonization (Not Started) -> Assent (Not Started),2023-11-16,,"Hon Abdulmalik Zubairu (APC, Zamfara, Constituency: Bungudu/Maru)",Hon Abdulmalik Zubairu,Not Yet Referred,Hon Abdulmalik Zubairu
15904306-47ec-4560-b761-f26699936872,"Nigerian Health Infrastructure Development (Establishment) Bill, 2023",First Reading (House: 2023-11-02) -> Second Reading (Not Started) -> Committee Assignment (Not Started) -> Report (Not Started) -> Third Reading/Concurrence (Not Started) -> Harmonization (Not Started) -> Assent (Not Started),2023-11-02,,"Hon Mansur Manu Soro (APC, Bauchi, Constituency: Darazo/Gunjuwa)",Hon Mansur Manu Soro,Not Yet Referred,Hon Mansur Manu Soro
4c758771-daf9-43d2-8a3f-04d796e225de,"Nigerian Heroes Welfare Agency (Establishment) Bill, 2023",First Reading (House: 2023-07-27) -> Second Reading (Not Started) -> Committee Assignment (Not Started) -> Report (Not Started) -> Third Reading/Concurrence (Not Started) -> Harmonization (Not Started) -> Assent (Not Started),2023-07-27,,"Hon Aliu Ademorin Kuye (APC, Lagos, Constituency: Shomolu)",Hon Aliu Ademorin Kuye,Not Yet Referred,Hon Aliu Ademorin Kuye
26bbbd6f-d586-481d-8084-9da7d8049556,"Nigerian Independent Warehouse Regulatory Agency Bill, 2024",First Reading (House: 2024-06-05) -> Second Reading (Not Started) -> Committee Assignment (Not Started) -> Report (Not Started) -> Third Reading/Concurrence (Not Started) -> Harmonization (Not Started) -> Assent (Not Started),2024-06-05,,"Hon Benjamin Kalu (APC, Abia, Constituency: Bende)",Hon Benjamin Kalu,Not Yet Referred,Hon Benjamin Kalu
0671fd8a-015f-43df-8d5a-0fd6afbd6d55,"Nigerian Institute for Cashew Research, Ejigbo (Establishment) Bill 2024",First Reading (House: 2024-04-30) -> Second Reading (Not Started) -> Committee Assignment (Not Started) -> Report (Not Started) -> Third Reading/Concurrence (Not Started) -> Harmonization (Not Started) -> Assent (Not Started),2024-04-30,,"Hon Bamidele Salam (PDP, Osun, Constituency: Ede North/Ede South/ Egbedore/Ejigbo)",Hon Bamidele Salam,Not Yet Referred,Hon Bamidele Salam
df9e5120-31af-4a47-8423-605ef42f6215,"Nigerian Institute for Trypanosomiasis and Chocerciasis Agency (Establishment) Bill, 2023",First Reading (House: 2023-10-10) -> Second Reading (Not Started) -> Committee Assignment (Not Started) -> Report (Not Started) -> Third Reading/Concurrence (Not Started) -> Harmonization (Not Started) -> Assent (Not Started),2023-10-10,,"Hon. Sadiq Ango Abdullahi (APC, Kaduna, Constituency: Sabon Gari)",Hon. Sadiq Ango Abdullahi,Not Yet Referred,Hon. Sadiq Ango Abdullahi
13c04c16-bcbb-49bf-9eb6-867191ea2b73,"Nigerian Institute of Advanced Legal Studies Act (Amendment) Bill, 2023",First Reading (House: 2023-10-19) -> Second Reading (Not Started) -> Committee Assignment (Not Started) -> Report (Not Started) -> Third Reading/Concurrence (Not Started) -> Harmonization (Not Started) -> Assent (Not Started),2023-10-19,,"Hon Benjamin Kalu (APC, Abia, Constituency: Bende)",Hon Benjamin Kalu,Not Yet Referred,Hon Benjamin Kalu
69ef3f37-eaaf-4aea-887e-2866230c5bd3,"Nigerian Institute of Advanced Legal Studies Act (Amendment) Bill, 2023",First Reading (House: 2023-10-19) -> Second Reading (Not Started) -> Committee Assignment (Not Started) -> Report (Not Started) -> Third Reading/Concurrence (Not Started) -> Harmonization (Not Started) -> Assent (Not Started),2023-10-19,,"Hon Benjamin Kalu (APC, Abia, Constituency: Bende)",Hon Benjamin Kalu,Not Yet Referred,Hon Benjamin Kalu
4bb8fac2-3f48-4a26-bd1d-6229b952537e,"Nigerian Institute of Agriculturists (Establishment) Bill, 2023",First Reading (House: 2023-10-17) -> Second Reading (House: 2023-10-26) -> Committee Assignment (House: 2023-10-26) -> Report (House: 2023-12-21) -> Third Reading/Concurrence (House: 2023-12-21) -> Harmonization (Not Started) -> Assent (Not Started),2023-10-17,2023-10-26,"Hon. Sagir Koki (APC, Kano, Constituency: Municipal)",Hon. Sagir Koki,Not Yet Referred,Hon. Sagir Koki
92a402d3-72b6-4679-83af-fa76f75a9b95,"Nigerian Institute of Cement Technology (NICT) (Establishment) Bill, 2024",First Reading (House: 2024-04-30) -> Second Reading (Not Started) -> Committee Assignment (Not Started) -> Report (Not Started) -> Third Reading/Concurrence (Not Started) -> Harmonization (Not Started) -> Assent (Not Started),2024-04-30,,"Hon Sanni Abdulraheem (APC, Kogi, Constituency: Ajaokuta)",Hon Sanni Abdulraheem,Not Yet Referred,Hon Sanni Abdulraheem
82dd887e-02bb-494a-bc6c-c0a0c4e41ded,"Nigerian Institute of Centre for Vocational Training and Certification (Establishment) Bill, 2023",First Reading (House: 2023-10-05) -> Second Reading (Not Started) -> Committee Assignment (Not Started) -> Report (Not Started) -> Third Reading/Concurrence (Not Started) -> Harmonization (Not Started) -> Assent (Not Started),2023-10-05,,"Akarachi Etinosa Tosan (APC, Imo, Constituency: Ikeduru/Mbaitoli)",Akarachi Etinosa Tosan,Not Yet Referred,Akarachi Etinosa Tosan
0473e4b3-7f79-4f1c-9e56-c65452524775,"Nigerian Institute of Chartered Foresters (Establishment) Bill, 2023",First Reading (House: 2023-11-14) -> Second Reading (House: 2024-02-08) -> Committee Assignment (House: 2024-02-08) -> Report (Not Started) -> Third Reading/Concurrence (Not Started) -> Harmonization (Not Started) -> Assent (Not Started),2023-11-14,2024-02-08,"Hon Adeyemi Taofeek Alli (APC, Lagos, Constituency: Mushin I)",Hon Adeyemi Taofeek Alli,the Whole,Hon Adeyemi Taofeek Alli
3f0fd4b7-f677-4c7f-a53f-2e9748365605,"Nigerian Institute of Facilities Management Bill, 2023",First Reading (House: 2023-07-25) -> Second Reading (Not Started) -> Committee Assignment (Not Started) -> Report (Not Started) -> Third Reading/Concurrence (Not Started) -> Harmonization (Not Started) -> Concurrence (Not Started) -> Assent (Not Started),2023-07-25,,"Hon Philip Agbese (APC, Benue, Constituency: Ado/Obadigbo/Okpokwu)",Hon Philip Agbese,Not Yet Referred,Hon Philip Agbese
5c748adf-233b-40ae-bd85-ce5a051c9d33,"Nigerian Institute of Leather and Science Technology Act (Amendment) Bill, 2024",First Reading (House: 2024-07-23) -> Second Reading (Not Started) -> Committee Assignment (Not Started) -> Report (Not Started) -> Third Reading/Concurrence (Not Started) -> Harmonization (Not Started) -> Assent (Not Started),2024-07-23,,"Hon Inuwa Garba (PDP, Gombe, Constituency: Yamaltu/Deba)",Hon Inuwa Garba,Not Yet Referred,Hon Inuwa Garba
79309915-d8be-44c9-8847-a97a6e451fee,"Nigerian Institute of Leather and Science Technology Act (Amendment) Bill, 2025",First Reading (House: 2025-07-22) -> Second Reading (Not Started) -> Committee Assignment (Not Started) -> Report (Not Started) -> Third Reading/Concurrence (Not Started) -> Harmonization (Not Started) -> Assent (Not Started),2025-07-22,,"Hon Ahmed Idris Wase (APC, Plateau, Constituency: Wase)",Hon Ahmed Idris Wase,Not Yet Referred,Hon Ahmed Idris Wase
5efec05b-a5c0-4768-b0a3-1c15cecbd30d,"Nigerian Institute of Mining and Geosciences Act (Amendment) Bill, 2024",First Reading (House: 2024-07-23) -> Second Reading (Not Started) -> Committee Assignment (Not Started) -> Report (Not Started) -> Third Reading/Concurrence (Not Started) -> Harmonization (Not Started) -> Assent (Not Started),2024-07-23,,"Hon Obinna Aguocha (LP, Abia, Constituency: Umuahia North/ Umuahia South/ Ikwuano)",Hon Obinna Aguocha,Not Yet Referred,Hon Obinna Aguocha
d56e0984-6314-4d9a-b3ec-e1eb921b0f0f,"Nigerian Institute of Mining and Geosciences, Garaku (Est.) Bill, 2025",First Reading (Not Started) -> Second Reading (Not Started) -> Committee Assignment (Not Started) -> Report (Not Started) -> Third Reading/Concurrence (Not Started) -> Harmonization (Not Started) -> Assent (Not Started),,,"Gaza Jonathan Gbefwi (PDP, Nasarawa, Constituency: Keffi/Karu/Kokona)",Gaza Jonathan Gbefwi,Not Yet Referred,Gaza Jonathan Gbefwi
f5e9ec29-3587-4fc8-a247-e345adaf5c77,"Nigerian Institute of Social and Economic Research Act (Amendment) Bill, 2023",First Reading (House: 2023-10-19) -> Second Reading (Not Started) -> Committee Assignment (Not Started) -> Report (Not Started) -> Third Reading/Concurrence (Not Started) -> Harmonization (Not Started) -> Assent (Not Started),2023-10-19,,"Hon Benjamin Kalu (APC, Abia, Constituency: Bende)",Hon Benjamin Kalu,Not Yet Referred,Hon Benjamin Kalu
84135203-81a5-4f13-a04e-04695281b567,"Nigerian Institute of Transport Technology Act (Repeal and Enactment) Bill, 2023",First Reading (House: 2023-10-04) -> Second Reading (House: 2023-10-10) -> Committee Assignment (House: 2023-10-10) -> Report (House: 2023-10-12) -> Third Reading/Concurrence (House: 2023-10-12) -> Harmonization (Not Started) -> Assent (Not Started),2023-10-04,2023-10-10,"Hon Tajudeen Abbas (APC, Kaduna, Constituency: Zaria)",Hon Tajudeen Abbas,the Whole,Hon Tajudeen Abbas
7d66304c-a559-4175-b050-4d0f4885d83e,"Nigerian Intelligence Trust Fund (Establishment) Bill, 2024",First Reading (House: 2024-07-17) -> Second Reading (Not Started) -> Committee Assignment (Not Started) -> Report (Not Started) -> Third Reading/Concurrence (Not Started) -> Harmonization (Not Started) -> Assent (Not Started),2024-07-17,,"Hon Satomi Alhaji Ahmad (APC, Borno, Constituency: Jere)",Hon Satomi Alhaji Ahmad,Not Yet Referred,Hon Satomi Alhaji Ahmad
0c07a132-8f03-41ac-ab07-2f9e6909f1cc,"Nigerian Investment Promotion Commission Act (Amendment) Bill, 2023",First Reading (House: 2023-07-26) -> Second Reading (Not Started) -> Committee Assignment (Not Started) -> Report (Not Started) -> Third Reading/Concurrence (Not Started) -> Harmonization (Not Started) -> Assent (Not Started),2023-07-26,,"Hon Ozurigbo Ugonna (APC, Imo, Constituency: Isu/Njaba/Nkwerre/Nwangele)",Hon Ozurigbo Ugonna,Not Yet Referred,Hon Ozurigbo Ugonna
421bf07e-e348-48e0-b30b-d6e68cc459a8,"Nigerian Investment Promotion Commission Act (Amendment) Bill, 2023",First Reading (House: 2023-07-27) -> Second Reading (Not Started) -> Committee Assignment (Not Started) -> Report (Not Started) -> Third Reading/Concurrence (Not Started) -> Harmonization (Not Started) -> Assent (Not Started),2023-07-27,,"Hon Ozurigbo Ugonna (APC, Imo, Constituency: Isu/Njaba/Nkwerre/Nwangele)",Hon Ozurigbo Ugonna,Not Yet Referred,Hon Ozurigbo Ugonna
07b215c0-e64b-4cf0-9378-53643cbac74d,"Nigerian Investment Promotion Commission Act (Repeal and Enactment) Bill, 2023",First Reading (House: 2023-11-09) -> Second Reading (Not Started) -> Committee Assignment (Not Started) -> Report (Not Started) -> Third Reading/Concurrence (Not Started) -> Harmonization (Not Started) -> Assent (Not Started),2023-11-09,,"Chimaobi Sam Atu (LP, Enugu, Constituency: Enugu North/Enugu South)",Chimaobi Sam Atu,Not Yet Referred,Chimaobi Sam Atu
c0442345-a680-40d2-bd1e-b1a813e6a8c8,"Nigerian Investment Promotion Commission ACT, CAP. N117, LAWS of the Federation of Nigeria, 2004",First Reading (Not Started) -> Second Reading (Not Started) -> Committee Assignment (Not Started) -> Report (Not Started) -> Third Reading/Concurrence (Not Started) -> Harmonization (Not Started) -> Assent (Not Started),,,"Hon Abdulmumin Ari Mohammed (APC, Nasarawa, Constituency: Nassarawa/Toto)",Hon Abdulmumin Ari Mohammed,Not Yet Referred,Hon Abdulmumin Ari Mohammed
0713c18f-f45a-491e-a30c-3928cb5acc7c,"Nigerian Marine Coast Guard Corps (Establishment) Bill, 2023",First Reading (House: 2023-10-25) -> Second Reading (Not Started) -> Committee Assignment (Not Started) -> Report (Not Started) -> Third Reading/Concurrence (Not Started) -> Harmonization (Not Started) -> Assent (Not Started),2023-10-25,,"Hon Aliyu Wakili Boya (APC, Adamawa, Constituency: Furore/Song); Hon Francis Ejiroghene Waive (APC, Delta, Constituency: Ughelli North, Ughelli South/Udu)",Hon Aliyu Wakili Boya; Hon Francis Ejiroghene Waive,Not Yet Referred,Hon Aliyu Wakili Boya
913bc2ab-7676-4dd4-8c90-33e167e3c0bb,"Nigerian Marine Corps (Est) Bill, 2023",First Reading (House: 2023-07-25) -> Second Reading (House: 2023-12-20) -> Committee Assignment (House: 2023-12-20) -> Report (Not Started) -> Third Reading/Concurrence (Not Started) -> Harmonization (Not Started) -> Assent (Not Started),2023-07-25,2023-12-20,"Hon Alex Egbona (PDP, Cross River, Constituency: Yakurr/Abi)",Hon Alex Egbona,Navy,Hon Alex Egbona
1a1bdfd7-2721-4dcc-bba1-bc97ea318ddd,"Nigerian Maritime Administration and Safety Agency Act (Amendment) Bill, 2023",First Reading (House: 2023-07-12) -> Second Reading (Not Started) -> Committee Assignment (Not Started) -> Report (Not Started) -> Third Reading/Concurrence (Not Started) -> Harmonization (Not Started) -> Assent (Not Started),2023-07-12,,"Hon Oluwole Oke (PDP, Osun, Constituency: Obokun/Oriade)",Hon Oluwole Oke,Not Yet Referred,Hon Oluwole Oke
3f53dadf-5fd4-4cad-8749-570bf895e830,"Nigerian Maritime Administration and Safety Agency Act (Amendment) Bill, 2023",First Reading (House: 2023-10-24) -> Second Reading (Not Started) -> Committee Assignment (Not Started) -> Report (Not Started) -> Third Reading/Concurrence (Not Started) -> Harmonization (Not Started) -> Assent (Not Started),2023-10-24,,"Akarachi Etinosa Tosan (APC, Imo, Constituency: Ikeduru/Mbaitoli)",Akarachi Etinosa Tosan,Not Yet Referred,Akarachi Etinosa Tosan
4a9d5886-d94d-4087-9848-96fb43e6580d,"Nigerian Maritime Administration and Safety Agency Act (Amendment) Bill, 2023",First Reading (House: 2023-10-19) -> Second Reading (Not Started) -> Committee Assignment (Not Started) -> Report (Not Started) -> Third Reading/Concurrence (Not Started) -> Harmonization (Not Started) -> Assent (Not Started),2023-10-19,,"Hon Benjamin Kalu (APC, Abia, Constituency: Bende)",Hon Benjamin Kalu,Not Yet Referred,Hon Benjamin Kalu
34627139-4445-4df9-919c-537b9e3f19f1,"Nigerian Maritime Administration and Safety Agency Act (Amendment) Bill, 2024",First Reading (House: 2024-07-09) -> Second Reading (Not Started) -> Committee Assignment (Not Started) -> Report (Not Started) -> Third Reading/Concurrence (Not Started) -> Harmonization (Not Started) -> Assent (Not Started),2024-07-09,,"Hon Moshood Kayode Akiolu (APC, Lagos, Constituency: Lagos Island II)",Hon Moshood Kayode Akiolu,Not Yet Referred,Hon Moshood Kayode Akiolu
a7c984b5-d80f-4901-90d7-6c84a31c5162,"Nigerian Maritime Administration and Safety Agency Bill, 2024",First Reading (House: 2024-07-11) -> Second Reading (Not Started) -> Committee Assignment (Not Started) -> Report (Not Started) -> Third Reading/Concurrence (Not Started) -> Harmonization (Not Started) -> Assent (Not Started),2024-07-11,,"Hon Francis Ejiroghene Waive (APC, Delta, Constituency: Ughelli North, Ughelli South/Udu)",Hon Francis Ejiroghene Waive,Not Yet Referred,Hon Francis Ejiroghene Waive
e65eddd8-e57b-40e5-87e3-6d2317615107,Nigerian Maritime and Safety Agency Act (Amendment) Bill 2024,First Reading (House: 2024-04-30) -> Second Reading (Not Started) -> Committee Assignment (Not Started) -> Report (Not Started) -> Third Reading/Concurrence (Not Started) -> Harmonization (Not Started) -> Assent (Not Started),2024-04-30,,"Hon Oluwole Oke (PDP, Osun, Constituency: Obokun/Oriade)",Hon Oluwole Oke,Not Yet Referred,Hon Oluwole Oke
8d607c71-7b67-46c0-8a95-013a7dc5ae10,"Nigerian Maritime Security Trust Fund (Establishment) Bill, 2023",First Reading (House: 2023-07-25) -> Second Reading (House: 2023-07-25) -> Committee Assignment (House: 2023-07-25) -> Report (Not Started) -> Third Reading/Concurrence (Not Started) -> Harmonization (Not Started) -> Concurrence (Not Started) -> Assent (Not Started),2023-07-25,2023-07-25,"Hon Julius Ihonvbere (APC, Edo, Constituency: Owan East/Owan West)",Hon Julius Ihonvbere,the Whole,Hon Julius Ihonvbere
978f7e69-1c73-4948-b5b6-c3f0f99239bc,"Nigerian Medical Research Council (Establishment) Bill, 2023",First Reading (House: 2023-09-26) -> Second Reading (House: 2023-10-19) -> Committee Assignment (House: 2023-10-19) -> Report (House: 2023-10-19) -> Third Reading/Concurrence (House: 2023-10-24) -> Harmonization (Not Started) -> Assent (Not Started),2023-09-26,2023-10-19,"Hon Francis Ejiroghene Waive (APC, Delta, Constituency: Ughelli North, Ughelli South/Udu)",Hon Francis Ejiroghene Waive,the Whole,Hon Francis Ejiroghene Waive
4f3f4c26-9e3a-420c-b083-a4614b6a98ea,"Nigerian Metallurgical Industry Bill, 2024",First Reading (House: 2024-07-17) -> Second Reading (Not Started) -> Committee Assignment (Not Started) -> Report (Not Started) -> Third Reading/Concurrence (Not Started) -> Harmonization (Not Started) -> Assent (Not Started),2024-07-17,,"Hon Zainab Gimba (APC, Borno, Constituency: Bama/Ngala/Kala-Balge)",Hon Zainab Gimba,Not Yet Referred,Hon Zainab Gimba
6ae570ad-6c83-4605-8969-ec99473f8600,"Nigerian Meteorological Agency (Amendment) Bill, 2025",First Reading (Not Started) -> Second Reading (Not Started) -> Committee Assignment (Not Started) -> Report (Not Started) -> Third Reading/Concurrence (Not Started) -> Harmonization (Not Started) -> Assent (Not Started),,,"Abiodun Isiaq Akinlade (APC, Ogun, Constituency: Egbado South/Ipokia)",Abiodun Isiaq Akinlade,Not Yet Referred,Abiodun Isiaq Akinlade
52db9479-e762-43d5-b5b1-a4a93b60bb9b,"Nigerian Military Academy, Obeagu – Uno/Amodu Akwunnawa, Enugu State (Establishment) Bill, 2023",First Reading (House: 2023-10-05) -> Second Reading (Not Started) -> Committee Assignment (Not Started) -> Report (Not Started) -> Third Reading/Concurrence (Not Started) -> Harmonization (Not Started) -> Assent (Not Started),2023-10-05,,"Chimaobi Sam Atu (LP, Enugu, Constituency: Enugu North/Enugu South)",Chimaobi Sam Atu,Not Yet Referred,Chimaobi Sam Atu
d8d0ba37-9d84-4c8f-a412-ff3c20077cff,"Nigerian Military Academy, Umuoma (Okpo), Enugu State (Establishment) Bill 2024",First Reading (House: 2024-04-30) -> Second Reading (House: 2024-07-18) -> Committee Assignment (House: 2024-07-18) -> Report (Not Started) -> Third Reading/Concurrence (Not Started) -> Harmonization (Not Started) -> Assent (Not Started),2024-04-30,2024-07-18,"Simon Chukwuemeka Atigwe (PDP, Enugu, Constituency: Igbo-Eze North/Udenu)",Simon Chukwuemeka Atigwe,the Whole,Simon Chukwuemeka Atigwe
2957e380-da2b-4ef1-8dd2-68e2d1da830f,"Nigerian Minerals and Mining Act (Amendment) Bill, 2023",First Reading (House: 2023-10-25) -> Second Reading (House: 2023-11-08) -> Committee Assignment (House: 2023-11-08) -> Report (Not Started) -> Third Reading/Concurrence (Not Started) -> Harmonization (Not Started) -> Assent (Not Started),2023-10-25,2023-11-08,"Gaza Jonathan Gbefwi (PDP, Nasarawa, Constituency: Keffi/Karu/Kokona)",Gaza Jonathan Gbefwi,Solid Minerals,Gaza Jonathan Gbefwi
4988dbc3-7e42-4f50-8cea-3577ef33c770,"Nigerian Minerals and Mining Act (Amendment) Bill, 2024.",First Reading (Not Started) -> Second Reading (Not Started) -> Committee Assignment (Not Started) -> Report (Not Started) -> Third Reading/Concurrence (Not Started) -> Harmonization (Not Started) -> Assent (Not Started),,,"Afam Ogene (LP, Anambra, Constituency: Ogbaru)",Afam Ogene,Not Yet Referred,Afam Ogene
19bccd79-761a-4c4a-8b27-848418bc2c0e,"Nigerian Minerals and Mining Bill, 2023",First Reading (House: 2023-07-25) -> Second Reading (House: 2023-07-26) -> Committee Assignment (House: 2023-07-26) -> Report (Not Started) -> Third Reading/Concurrence (Not Started) -> Harmonization (Not Started) -> Assent (Not Started),2023-07-25,2023-07-26,"Hon Dachung Musa Bagos (PDP, Plateau, Constituency: Jos South/Jos East)",Hon Dachung Musa Bagos,the Whole,Hon Dachung Musa Bagos
8f101142-a90c-42e0-9ef2-80a7a35acb0d,"Nigerian Mining Corporation Act (Amendment) Bill, 2023",First Reading (House: 2023-07-11) -> Second Reading (Not Started) -> Committee Assignment (Not Started) -> Report (Not Started) -> Third Reading/Concurrence (Not Started) -> Harmonization (Not Started) -> Assent (Not Started),2023-07-11,,"Hon Gagdi Adamu Yusuf (APC, Plateau, Constituency: Kanke/Pankshin/Kanam)",Hon Gagdi Adamu Yusuf,Not Yet Referred,Hon Gagdi Adamu Yusuf
47ccbbaf-7ce8-4bc4-af2a-64a852272c69,"Nigerian Mining Development Bank (Establishment) Bill, 2023",First Reading (House: 2023-11-01) -> Second Reading (House: 2024-03-12) -> Committee Assignment (House: 2024-03-12) -> Report (Not Started) -> Third Reading/Concurrence (Not Started) -> Harmonization (Not Started) -> Assent (Not Started),2023-11-01,2024-03-12,"Hon Uchenna Okonkwo (LP, Anambra, Constituency: Idemili North/Idemili South)",Hon Uchenna Okonkwo,Solid Minerals,Hon Uchenna Okonkwo
b61dd5a4-0189-42b4-9fa0-6fd5a58fb76f,"Nigerian Mining Local Content Development Agency (Establishment) Bill, 2025",First Reading (House: 2025-11-18) -> Second Reading (Not Started) -> Committee Assignment (Not Started) -> Report (Not Started) -> Third Reading/Concurrence (Not Started) -> Harmonization (Not Started) -> Assent (Not Started),2025-11-18,,"Hon Aminu Jaji (APC, Zamfara, Constituency: Kaura-Namoda/Birnin Magaji)",Hon Aminu Jaji,Not Yet Referred,Hon Aminu Jaji
a922e402-335c-4a64-b7af-77e849504820,"Nigerian Mining Protection and Security Corps (Establishment) Bill, 2023",First Reading (House: 2023-12-21) -> Second Reading (Not Started) -> Committee Assignment (Not Started) -> Report (Not Started) -> Third Reading/Concurrence (Not Started) -> Harmonization (Not Started) -> Assent (Not Started),2023-12-21,,"Hon Paul Nnamchi (LP, Enugu, Constituency: Enugu East/Isi Uzo)",Hon Paul Nnamchi,Not Yet Referred,Hon Paul Nnamchi
98eadd5e-d856-4434-a442-daa750052455,"Nigerian National Honours and Merit Award Commission (Establishment) Bill, 2023",First Reading (House: 2023-07-05) -> Second Reading (House: 2025-11-12) -> Committee Assignment (House: 2025-11-12) -> Report (Not Started) -> Third Reading/Concurrence (Not Started) -> Harmonization (Not Started) -> Assent (Not Started),2023-07-05,2025-11-12,"Hon Tajudeen Abbas (APC, Kaduna, Constituency: Zaria)",Hon Tajudeen Abbas,the Whole,Hon Tajudeen Abbas
e2021920-3f6d-44b5-bd27-5d58b8ca820e,"Nigerian National Honours and Merit Award Commission (Establishment) Bill, 2024",First Reading (House: 2024-02-08) -> Second Reading (Not Started) -> Committee Assignment (Not Started) -> Report (Not Started) -> Third Reading/Concurrence (Not Started) -> Harmonization (Not Started) -> Assent (Not Started),2024-02-08,,"Hon Tajudeen Abbas (APC, Kaduna, Constituency: Zaria)",Hon Tajudeen Abbas,Not Yet Referred,Hon Tajudeen Abbas
90111c0c-7cf2-4218-8997-4f021d767c11,"Nigerian National Volunteer Service (Establishment) Bill, 2023",First Reading (House: 2023-10-17) -> Second Reading (Not Started) -> Committee Assignment (Not Started) -> Report (Not Started) -> Third Reading/Concurrence (Not Started) -> Harmonization (Not Started) -> Assent (Not Started),2023-10-17,,"Hon Joshua Gana (PDP, Niger, Constituency: Lavun/Mokwa/Edati)",Hon Joshua Gana,Not Yet Referred,Hon Joshua Gana
d65d0035-90b2-4b90-8358-68728390f982,"Nigerian Oil and Gas Industry Content Act (Repeal and Enactment) Bill, 2023",First Reading (House: 2023-12-19) -> Second Reading (House: 2024-02-08) -> Committee Assignment (House: 2024-02-08) -> Report (Not Started) -> Third Reading/Concurrence (Not Started) -> Harmonization (Not Started) -> Assent (Not Started),2023-12-19,2024-02-08,"Hon Boma Goodhead (PDP, Rivers, Constituency: Akuku-Toru/Asari-Toru)",Hon Boma Goodhead,Nigerian Content Development and Monitoring,Hon Boma Goodhead
e1d948b4-9204-46f5-bad1-b26b4544b409,"Nigerian Para-military Academy, Akoko, Ondo State (Establishment) Bill, 2023",First Reading (House: 2023-11-14) -> Second Reading (Not Started) -> Committee Assignment (Not Started) -> Report (Not Started) -> Third Reading/Concurrence (Not Started) -> Harmonization (Not Started) -> Assent (Not Started),2023-11-14,,"Hon Philip Agbese (APC, Benue, Constituency: Ado/Obadigbo/Okpokwu)",Hon Philip Agbese,Not Yet Referred,Hon Philip Agbese
2c7b063d-55c6-49f1-80b2-f708be59b374,"Nigerian Paramilitary Services Trust Fund (Establishment) Bill, 2023",First Reading (House: 2023-12-01) -> Second Reading (Not Started) -> Committee Assignment (Not Started) -> Report (Not Started) -> Third Reading/Concurrence (Not Started) -> Harmonization (Not Started) -> Assent (Not Started),2023-12-01,,"Hon Ibrahim Almustapha Aliyu (APC, Sokoto, Constituency: Wurno/Rabah)",Hon Ibrahim Almustapha Aliyu,Not Yet Referred,Hon Ibrahim Almustapha Aliyu
9e179ea7-7102-4b84-bde0-52160b82e6a1,"Nigerian Parliamentary Services Trust Fund (Establishment) Bill, 2024",First Reading (House: 2024-05-22) -> Second Reading (Not Started) -> Committee Assignment (Not Started) -> Report (Not Started) -> Third Reading/Concurrence (Not Started) -> Harmonization (Not Started) -> Assent (Not Started),2024-05-22,,"Hon Ibrahim Almustapha Aliyu (APC, Sokoto, Constituency: Wurno/Rabah)",Hon Ibrahim Almustapha Aliyu,Police Affairs,Hon Ibrahim Almustapha Aliyu
4f7b0617-0558-49ad-8ccd-144c54d25559,"Nigerian Peace Corps (Establishment) Bill, 2023",First Reading (House: 2023-10-03) -> Second Reading (House: 2023-10-10) -> Committee Assignment (Not Started) -> Report (Not Started) -> Third Reading/Concurrence (Not Started) -> Harmonization (Not Started) -> Assent (Not Started),2023-10-03,2023-10-10,"Hon Julius Ihonvbere (APC, Edo, Constituency: Owan East/Owan West)",Hon Julius Ihonvbere,Not Yet Referred,Hon Julius Ihonvbere
869f905c-0443-47f9-8623-1c856c8c45d3,"Nigerian Peace Corps (Establishment) Bill, 2023",First Reading (House: 2023-07-27) -> Second Reading (House: 2023-07-27) -> Committee Assignment (House: 2023-07-27) -> Report (House: 2023-10-12) -> Third Reading/Concurrence (House: 2023-10-12) -> Harmonization (Not Started) -> Assent (Not Started),2023-07-27,2023-07-27,"Hon Julius Ihonvbere (APC, Edo, Constituency: Owan East/Owan West)",Hon Julius Ihonvbere,the Whole,Hon Julius Ihonvbere
bbd7a848-4b6a-4940-9ec5-4e3480c526dc,"Nigerian Peace Keeping (Support & Participation) Bill, 2023",First Reading (House: 2023-07-12) -> Second Reading (Not Started) -> Committee Assignment (Not Started) -> Report (Not Started) -> Third Reading/Concurrence (Not Started) -> Harmonization (Not Started) -> Assent (Not Started),2023-07-12,,"Hon Oluwole Oke (PDP, Osun, Constituency: Obokun/Oriade)",Hon Oluwole Oke,Not Yet Referred,Hon Oluwole Oke
cce6938c-182f-420b-9069-b1d3c2acaf9c,"Nigerian Police Academy (Establishment) (Amendment) Bill, 2025",First Reading (Not Started) -> Second Reading (Not Started) -> Committee Assignment (Not Started) -> Report (Not Started) -> Third Reading/Concurrence (Not Started) -> Harmonization (Not Started) -> Assent (Not Started),,,"Hon Hassan Mohammed (NNPP, Kano, Constituency: Dawakin Kudu/Warawa)",Hon Hassan Mohammed,Not Yet Referred,Hon Hassan Mohammed
42659b61-b3f6-4e03-b5c8-e1e10c141f20,"Nigerian Police Academy Act (Amendment) Bill, 2023",First Reading (House: 2023-10-05) -> Second Reading (Not Started) -> Committee Assignment (Not Started) -> Report (Not Started) -> Third Reading/Concurrence (Not Started) -> Harmonization (Not Started) -> Assent (Not Started),2023-10-05,,"Hon Hassan Mohammed (NNPP, Kano, Constituency: Dawakin Kudu/Warawa)",Hon Hassan Mohammed,Not Yet Referred,Hon Hassan Mohammed
af1a47c5-e423-4a38-b039-4cc5daab1018,"Nigerian Ports and Harbours Authority Bill, 2023",First Reading (House: 2023-10-12) -> Second Reading (Not Started) -> Committee Assignment (Not Started) -> Report (Not Started) -> Third Reading/Concurrence (Not Started) -> Harmonization (Not Started) -> Assent (Not Started),2023-10-12,,"Hon Paul Nnamchi (LP, Enugu, Constituency: Enugu East/Isi Uzo)",Hon Paul Nnamchi,Not Yet Referred,Hon Paul Nnamchi
2d664995-de7c-43bc-8f0e-1f5ad58cfc83,"Nigerian Ports Authority (Amendment) Bill, 2025",First Reading (Not Started) -> Second Reading (Not Started) -> Committee Assignment (Not Started) -> Report (Not Started) -> Third Reading/Concurrence (Not Started) -> Harmonization (Not Started) -> Assent (Not Started),,,"Esosa Iyawe (LP, Edo, Constituency: Oredo)",Esosa Iyawe,Not Yet Referred,Esosa Iyawe
80cb62de-b11e-4465-9732-2106584ccf12,"Nigerian Ports Authority Act (Amendment) Bill, 2023",First Reading (House: 2023-07-27) -> Second Reading (Not Started) -> Committee Assignment (Not Started) -> Report (Not Started) -> Third Reading/Concurrence (Not Started) -> Harmonization (Not Started) -> Assent (Not Started),2023-07-27,,"Hon Dachung Musa Bagos (PDP, Plateau, Constituency: Jos South/Jos East)",Hon Dachung Musa Bagos,Not Yet Referred,Hon Dachung Musa Bagos
fbc24366-371d-4187-8809-7df26092abad,"Nigerian Ports Authority Act (Amendment) Bill, 2023",First Reading (House: 2023-10-10) -> Second Reading (Not Started) -> Committee Assignment (Not Started) -> Report (Not Started) -> Third Reading/Concurrence (Not Started) -> Harmonization (Not Started) -> Assent (Not Started),2023-10-10,,"Hon Miriam Onuoha (APC, Imo, Constituency: Isiala Mbano/Okigwe/Onuimo)",Hon Miriam Onuoha,Not Yet Referred,Hon Miriam Onuoha
3c8e95d6-0c6c-4cbe-86b1-888e210894ab,"Nigerian Ports Authority Act (Amendment) Bill, 2024",First Reading (House: 2024-05-08) -> Second Reading (Not Started) -> Committee Assignment (Not Started) -> Report (Not Started) -> Third Reading/Concurrence (Not Started) -> Harmonization (Not Started) -> Assent (Not Started),2024-05-08,,"Daniel Asama Ago (APC, Plateau, Constituency: Jos North/Bassa)",Daniel Asama Ago,Not Yet Referred,Daniel Asama Ago
d4408125-d8ab-408b-acd2-84bbc30fab7c,"Nigerian Ports Authority Act (Amendment) Bill, 2024",First Reading (House: 2024-03-12) -> Second Reading (Not Started) -> Committee Assignment (Not Started) -> Report (Not Started) -> Third Reading/Concurrence (Not Started) -> Harmonization (Not Started) -> Assent (Not Started),2024-03-12,,"Hon Oluwole Oke (PDP, Osun, Constituency: Obokun/Oriade)",Hon Oluwole Oke,Not Yet Referred,Hon Oluwole Oke
8af6949a-bcbd-4164-91fc-417ac7329e9f,"Nigerian Postal Service Act (Amendment) Bill, 2023",First Reading (House: 2023-07-27) -> Second Reading (Not Started) -> Committee Assignment (Not Started) -> Report (Not Started) -> Third Reading/Concurrence (Not Started) -> Harmonization (Not Started) -> Assent (Not Started),2023-07-27,,"Hon Dachung Musa Bagos (PDP, Plateau, Constituency: Jos South/Jos East)",Hon Dachung Musa Bagos,Not Yet Referred,Hon Dachung Musa Bagos
909108c3-5f88-4927-91b6-d84c62123b87,"Nigerian Postal Service Act (Amendment) Bill, 2024",First Reading (House: 2024-05-08) -> Second Reading (Not Started) -> Committee Assignment (Not Started) -> Report (Not Started) -> Third Reading/Concurrence (Not Started) -> Harmonization (Not Started) -> Assent (Not Started),2024-05-08,,"Daniel Asama Ago (APC, Plateau, Constituency: Jos North/Bassa)",Daniel Asama Ago,Not Yet Referred,Daniel Asama Ago
4804ce2b-c5e1-4ce4-9adf-98a3a02af6e5,"Nigerian Railway Corporation Act (Amendment) Bill, 2023",First Reading (House: 2023-10-05) -> Second Reading (Not Started) -> Committee Assignment (Not Started) -> Report (Not Started) -> Third Reading/Concurrence (Not Started) -> Harmonization (Not Started) -> Assent (Not Started),2023-10-05,,"Hon Amos Gwamna Magaji (APC, Kaduna, Constituency: Zangon Kataf/Jaba)",Hon Amos Gwamna Magaji,Not Yet Referred,Hon Amos Gwamna Magaji
98977420-e76c-4a36-9fc4-52deb018f349,"Nigerian Railway Corporation Act (Repeal and Enactment) Bill, 2024",First Reading (House: 2024-05-08) -> Second Reading (House: 2024-06-05) -> Committee Assignment (House: 2024-06-05) -> Report (Not Started) -> Third Reading/Concurrence (Not Started) -> Harmonization (Not Started) -> Assent (Not Started),2024-05-08,2024-06-05,"Hon Blessing Onyeche Onuh (APGA, Benue, Constituency: Otukpo/Ohimini); Hon Francis Ejiroghene Waive (APC, Delta, Constituency: Ughelli North, Ughelli South/Udu)",Hon Blessing Onyeche Onuh; Hon Francis Ejiroghene Waive,Not Yet Referred,Hon Blessing Onyeche Onuh
d38b1dff-4a3a-4c61-a3f5-03282279ebe4,"Nigerian Real Estate Exchange (NREX) (Establishment) Bill, 2023",First Reading (House: 2023-10-05) -> Second Reading (Not Started) -> Committee Assignment (Not Started) -> Report (Not Started) -> Third Reading/Concurrence (Not Started) -> Harmonization (Not Started) -> Assent (Not Started),2023-10-05,,"Abdullahi Ibrahim Ali (APC, Kogi, Constituency: Ankpa/Omala/Olamaboro)",Abdullahi Ibrahim Ali,Not Yet Referred,Abdullahi Ibrahim Ali
f3793373-3586-44e9-88ec-6ebacfbf85b8,"Nigerian Red Cross Society Act (Amendment) Bill, 2023",First Reading (House: 2023-07-11) -> Second Reading (Not Started) -> Committee Assignment (Not Started) -> Report (Not Started) -> Third Reading/Concurrence (Not Started) -> Harmonization (Not Started) -> Assent (Not Started),2023-07-11,,"Hon Gagdi Adamu Yusuf (APC, Plateau, Constituency: Kanke/Pankshin/Kanam)",Hon Gagdi Adamu Yusuf,Not Yet Referred,Hon Gagdi Adamu Yusuf
53dc8694-d5a3-4ace-8246-3b8846954382,"Nigerian Rural Health Care Trust Fund (Establishment) Bill, 2023",First Reading (House: 2023-07-27) -> Second Reading (Not Started) -> Committee Assignment (Not Started) -> Report (Not Started) -> Third Reading/Concurrence (Not Started) -> Harmonization (Not Started) -> Assent (Not Started),2023-07-27,,"Hon Lanre Okunlola (APC, Lagos, Constituency: Surulere II)",Hon Lanre Okunlola,Not Yet Referred,Hon Lanre Okunlola
6075d7ad-9c64-4309-922c-b2bb54653fdd,"Nigerian Safety Investigation Bureau (Amendment) Bill, 2025",First Reading (Not Started) -> Second Reading (Not Started) -> Committee Assignment (Not Started) -> Report (Not Started) -> Third Reading/Concurrence (Not Started) -> Harmonization (Not Started) -> Assent (Not Started),,,"Abiodun Isiaq Akinlade (APC, Ogun, Constituency: Egbado South/Ipokia)",Abiodun Isiaq Akinlade,Not Yet Referred,Abiodun Isiaq Akinlade
5d5448f4-a8bb-433e-bdc8-4aefc8e91146,"Nigerian Safety Investigation Bureau Act (Amendment) Bill, 2023",First Reading (House: 2023-07-26) -> Second Reading (Not Started) -> Committee Assignment (Not Started) -> Report (Not Started) -> Third Reading/Concurrence (Not Started) -> Harmonization (Not Started) -> Assent (Not Started),2023-07-26,,"Hon Obinna Aguocha (LP, Abia, Constituency: Umuahia North/ Umuahia South/ Ikwuano)",Hon Obinna Aguocha,Not Yet Referred,Hon Obinna Aguocha
60c0249b-0923-4d2a-a17c-753ab70bbae2,"Nigerian Security and Civil Defence Corps Act (Amendment) Bill, 2023",First Reading (House: 2023-10-31) -> Second Reading (Not Started) -> Committee Assignment (Not Started) -> Report (Not Started) -> Third Reading/Concurrence (Not Started) -> Harmonization (Not Started) -> Assent (Not Started),2023-10-31,,"Hon Tasir Olawale Raji (APC, Lagos, Constituency: Epe)",Hon Tasir Olawale Raji,Not Yet Referred,Hon Tasir Olawale Raji
5f8195b2-7585-4537-9e83-005d7e2e105b,"Nigerian Shippers Council Act (Amendment) Bill, 2024",First Reading (House: 2024-05-07) -> Second Reading (Not Started) -> Committee Assignment (Not Started) -> Report (Not Started) -> Third Reading/Concurrence (Not Started) -> Harmonization (Not Started) -> Assent (Not Started),2024-05-07,,"Hon Oluwole Oke (PDP, Osun, Constituency: Obokun/Oriade)",Hon Oluwole Oke,Not Yet Referred,Hon Oluwole Oke
c3207df2-2367-4a0e-b9c1-7fc7f3608191,"Nigerian Social Insurance Trust Fund Act(Amendment)Bill, 2023",First Reading (House: 2023-10-10) -> Second Reading (Not Started) -> Committee Assignment (Not Started) -> Report (Not Started) -> Third Reading/Concurrence (Not Started) -> Harmonization (Not Started) -> Assent (Not Started),2023-10-10,,"Hon Miriam Onuoha (APC, Imo, Constituency: Isiala Mbano/Okigwe/Onuimo)",Hon Miriam Onuoha,Not Yet Referred,Hon Miriam Onuoha
8fe9ae1e-221f-4a58-bb97-c20a1f9a990d,"Nigerian Solid Minerals Communities Development Commission (Establishment) Bill, 2024",First Reading (House: 2024-05-08) -> Second Reading (House: 2024-07-02) -> Committee Assignment (House: 2024-07-02) -> Report (Not Started) -> Third Reading/Concurrence (Not Started) -> Harmonization (Not Started) -> Assent (Not Started),2024-05-08,2024-07-02,"Hon Sunday Anamero Dekeri (APC, Edo, Constituency: Etsako East/Etsako West/ Etsako Central)",Hon Sunday Anamero Dekeri,Solid Minerals,Hon Sunday Anamero Dekeri
bff7d7d2-576a-4819-9ab9-36aac953b7eb,"Nigerian Solid Minerals Company (Establishment) Bill, 2023",First Reading (House: 2023-10-25) -> Second Reading (House: 2023-12-20) -> Committee Assignment (House: 2023-12-20) -> Report (Not Started) -> Third Reading/Concurrence (Not Started) -> Harmonization (Not Started) -> Assent (Not Started),2023-10-25,2023-12-20,"Gaza Jonathan Gbefwi (PDP, Nasarawa, Constituency: Keffi/Karu/Kokona)",Gaza Jonathan Gbefwi,Solid Minerals,Gaza Jonathan Gbefwi
1afd2455-c60c-491c-8309-d6095bf16055,"Nigerian Steel Development Authority Act (Amendment) Bill, 2023",First Reading (House: 2023-07-06) -> Second Reading (Not Started) -> Committee Assignment (Not Started) -> Report (Not Started) -> Third Reading/Concurrence (Not Started) -> Harmonization (Not Started) -> Concurrence (Not Started) -> Assent (Not Started),2023-07-06,,"Hon Gagdi Adamu Yusuf (APC, Plateau, Constituency: Kanke/Pankshin/Kanam)",Hon Gagdi Adamu Yusuf,Not Yet Referred,Hon Gagdi Adamu Yusuf
0deb5827-c3fd-43a8-a699-c2419056b67f,"Nigerian Steel Local Content Development Agency (Establishment) Bill, 2025",First Reading (House: 2025-11-18) -> Second Reading (Not Started) -> Committee Assignment (Not Started) -> Report (Not Started) -> Third Reading/Concurrence (Not Started) -> Harmonization (Not Started) -> Assent (Not Started),2025-11-18,,"Hon Aminu Jaji (APC, Zamfara, Constituency: Kaura-Namoda/Birnin Magaji)",Hon Aminu Jaji,Not Yet Referred,Hon Aminu Jaji
b291d55a-7d87-432e-8b87-7d05c3aa5196,"Nigerian Technical Aid Corps Act (Amendment) Bill, 2025",First Reading (Not Started) -> Second Reading (Not Started) -> Committee Assignment (Not Started) -> Report (Not Started) -> Third Reading/Concurrence (Not Started) -> Harmonization (Not Started) -> Assent (Not Started),,,"Hon Adewale Hameed (APC, Lagos, Constituency: Agege)",Hon Adewale Hameed,Not Yet Referred,Hon Adewale Hameed
cfa92a04-abb8-4345-b906-39b274b85718,"Nigerian Weights and Measures Regulatory Agency Bill, 2023","First Reading (House: 2023-10-12) -> Second Reading (House: 2023-11-09) -> Committee Assignment (House: 2023-11-09) -> Report (House: 2023-12-21) -> Third Reading/Concurrence (House: 2023-12-21, Senate: 2025-11-11) -> Harmonization (Not Started) -> Assent (Not Started)",2023-10-12,2023-11-09,"Hon Benjamin Kalu (APC, Abia, Constituency: Bende)",Hon Benjamin Kalu,the Whole,Hon Benjamin Kalu
c0037fbc-604c-4418-b816-5b7dd19d3bee,"Non-Governmental and Civil Society Organisations Agency (Est.) Bill, 2025",First Reading (Not Started) -> Second Reading (Not Started) -> Committee Assignment (Not Started) -> Report (Not Started) -> Third Reading/Concurrence (Not Started) -> Harmonization (Not Started) -> Assent (Not Started),,,"Hon Sada Soli (APC, Katsina, Constituency: Jibia/Kaita)",Hon Sada Soli,Not Yet Referred,Hon Sada Soli
cca45aec-4133-4624-8b26-1e5d0b98bd86,"Non-Governmental and Civil Society Organisations Agency (Est.) Bill, 2025",First Reading (Not Started) -> Second Reading (Not Started) -> Committee Assignment (Not Started) -> Report (Not Started) -> Third Reading/Concurrence (Not Started) -> Harmonization (Not Started) -> Assent (Not Started),,,"Hon Sada Soli (APC, Katsina, Constituency: Jibia/Kaita)",Hon Sada Soli,Not Yet Referred,Hon Sada Soli
74c40586-0540-48ea-80cb-4ea258678043,"Non-Governmental and Civil Society Organizations Agency (Establishment) Bill, 2023",First Reading (House: 2023-11-22) -> Second Reading (Not Started) -> Committee Assignment (Not Started) -> Report (Not Started) -> Third Reading/Concurrence (Not Started) -> Harmonization (Not Started) -> Assent (Not Started),2023-11-22,,"Hon Sada Soli (APC, Katsina, Constituency: Jibia/Kaita)",Hon Sada Soli,Not Yet Referred,Hon Sada Soli
bc650701-5c3c-43f7-9425-d24f4d43a5bc,"None Oil Mineral Resources Producing Communities Development Commission (Establishment) Bill, 2023",First Reading (House: 2023-07-05) -> Second Reading (Not Started) -> Committee Assignment (Not Started) -> Report (Not Started) -> Third Reading/Concurrence (Not Started) -> Harmonization (Not Started) -> Assent (Not Started),2023-07-05,,"Hon Philip Agbese (APC, Benue, Constituency: Ado/Obadigbo/Okpokwu)",Hon Philip Agbese,Not Yet Referred,Hon Philip Agbese
8bf79e28-d543-4d2f-b9b1-3793d4421809,"North Central Development Commission, (Establishment), Bill, 2023",First Reading (House: 2023-07-25) -> Second Reading (House: 2023-07-25) -> Committee Assignment (House: 2023-07-25) -> Report (House: 2024-06-06) -> Third Reading/Concurrence (House: 2024-07-02) -> Harmonization (Not Started) -> Assent (Not Started),2023-07-25,2023-07-25,"Hon Julius Ihonvbere (APC, Edo, Constituency: Owan East/Owan West)",Hon Julius Ihonvbere,the Whole,Hon Julius Ihonvbere
48ceb18a-2b10-4977-805d-c7df47327641,"North East Development Commission Act (Amendment) Bill, 2023",First Reading (House: 2023-11-02) -> Second Reading (Not Started) -> Committee Assignment (Not Started) -> Report (Not Started) -> Third Reading/Concurrence (Not Started) -> Harmonization (Not Started) -> Assent (Not Started),2023-11-02,,"Hon Mansur Manu Soro (APC, Bauchi, Constituency: Darazo/Gunjuwa)",Hon Mansur Manu Soro,Not Yet Referred,Hon Mansur Manu Soro
d34b5b0a-fec2-4f6f-a678-53f6d6cf93a6,"North East Development Commission Act (Amendment) Bill, 2024",First Reading (House: 2024-03-20) -> Second Reading (Not Started) -> Committee Assignment (Not Started) -> Report (Not Started) -> Third Reading/Concurrence (Not Started) -> Harmonization (Not Started) -> Assent (Not Started),2024-03-20,,"Ali Isa (PDP, Gombe, Constituency: Balanga/Billiri)",Ali Isa,Not Yet Referred,Ali Isa
e953e435-3c07-4558-8599-cdc3820bdcc9,"North East Development University, Kirfi, Bauchi State",First Reading (House: 2024-05-08) -> Second Reading (Not Started) -> Committee Assignment (Not Started) -> Report (Not Started) -> Third Reading/Concurrence (Not Started) -> Harmonization (Not Started) -> Assent (Not Started),2024-05-08,,"Hon Yusuf Alhaji Kabiru (APC, Bauchi, Constituency: Alkaleri/Kirfi)",Hon Yusuf Alhaji Kabiru,Not Yet Referred,Hon Yusuf Alhaji Kabiru
8ea0effd-56bd-43df-a7c6-b44460e59df6,"North East Development Vocational Education Institute, Alkaleri, Bauchi State (Establishment) Bill, 2024",First Reading (House: 2024-05-09) -> Second Reading (Not Started) -> Committee Assignment (Not Started) -> Report (Not Started) -> Third Reading/Concurrence (Not Started) -> Harmonization (Not Started) -> Assent (Not Started),2024-05-09,,"Hon Yusuf Alhaji Kabiru (APC, Bauchi, Constituency: Alkaleri/Kirfi)",Hon Yusuf Alhaji Kabiru,Not Yet Referred,Hon Yusuf Alhaji Kabiru
c3398d53-024f-414f-934a-570e6ca61d95,"North West Development Commission (Establishment) Bill, 2023",First Reading (House: 2023-07-25) -> Second Reading (House: 2023-07-25) -> Committee Assignment (House: 2023-07-25) -> Report (Not Started) -> Third Reading/Concurrence (Not Started) -> Harmonization (Not Started) -> Concurrence (Not Started) -> Assent (Not Started),2023-07-25,2023-07-25,"Hon Julius Ihonvbere (APC, Edo, Constituency: Owan East/Owan West)",Hon Julius Ihonvbere,the Whole,Hon Julius Ihonvbere
0cc59493-5a2b-4c63-935f-670c1a96eeaf,"Northwest Development Commission Act (Amendment) Bill, 2023",First Reading (House: 2023-07-25) -> Second Reading (House: 2023-07-25) -> Committee Assignment (House: 2023-07-25) -> Report (Not Started) -> Third Reading/Concurrence (Not Started) -> Harmonization (Not Started) -> Assent (Not Started),2023-07-25,2023-07-25,"Hon Julius Ihonvbere (APC, Edo, Constituency: Owan East/Owan West)",Hon Julius Ihonvbere,the Whole,Hon Julius Ihonvbere
327e9943-9450-4ecf-b186-3e88f847fa5a,"Notaries Public (Amendment) Bill, 2023",First Reading (House: 2023-07-27) -> Second Reading (Not Started) -> Committee Assignment (Not Started) -> Report (Not Started) -> Third Reading/Concurrence (Not Started) -> Harmonization (Not Started) -> Assent (Not Started),2023-07-27,,"Hon Dachung Musa Bagos (PDP, Plateau, Constituency: Jos South/Jos East)",Hon Dachung Musa Bagos,Not Yet Referred,Hon Dachung Musa Bagos
f16fc40f-bdf9-4287-8f38-b409052e3c12,"Nuclear Safety and Radiation Protection Act (Repeal and Enactment) Bill, 2023",First Reading (House: 2023-11-01) -> Second Reading (Not Started) -> Committee Assignment (Not Started) -> Report (Not Started) -> Third Reading/Concurrence (Not Started) -> Harmonization (Not Started) -> Assent (Not Started),2023-11-01,,"Chimaobi Sam Atu (LP, Enugu, Constituency: Enugu North/Enugu South)",Chimaobi Sam Atu,Not Yet Referred,Chimaobi Sam Atu
0356cf51-ff1c-452f-9981-3ed2edec8a10,"Nuclear Safety, Security and Safeguards Bill, 2023",First Reading (House: 2023-07-27) -> Second Reading (Not Started) -> Committee Assignment (Not Started) -> Report (Not Started) -> Third Reading/Concurrence (Not Started) -> Harmonization (Not Started) -> Assent (Not Started),2023-07-27,,"Hon Gagdi Adamu Yusuf (APC, Plateau, Constituency: Kanke/Pankshin/Kanam)",Hon Gagdi Adamu Yusuf,Not Yet Referred,Hon Gagdi Adamu Yusuf
a8ab0e7a-cf98-4731-b879-89b9593a199c,"Nursing and Midwifery (Registration, Etc.) Act (Amendment) Bill, 2023",First Reading (House: 2023-10-12) -> Second Reading (House: 2023-11-08) -> Committee Assignment (House: 2023-11-08) -> Report (Not Started) -> Third Reading/Concurrence (Not Started) -> Harmonization (Not Started) -> Assent (Not Started),2023-10-12,2023-11-08,"Hon Abdulmalik Zubairu (APC, Zamfara, Constituency: Bungudu/Maru)",Hon Abdulmalik Zubairu,HealthCare Services,Hon Abdulmalik Zubairu
390eda10-b73a-47e2-88dc-e00071319389,"Nursing and Midwifery (Registration, Etc.) Act (Amendment) Bill, 2026",First Reading (House: 2026-03-11) -> Second Reading (Not Started) -> Committee Assignment (Not Started) -> Report (Not Started) -> Third Reading/Concurrence (Not Started) -> Harmonization (Not Started) -> Assent (Not Started),2026-03-11,,"Executive (APC, N/A, Constituency: .)",Executive,Not Yet Referred,Executive
e46d1fc3-f0e8-4dd5-b238-dacfdd57632b,"Nutrition and Dietetics (Registration) Council of Nigeria (Establishment) Bill, 2023",First Reading (House: 2023-10-04) -> Second Reading (Not Started) -> Committee Assignment (Not Started) -> Report (Not Started) -> Third Reading/Concurrence (Not Started) -> Harmonization (Not Started) -> Assent (Not Started),2023-10-04,,"Hon Abdulmalik Zubairu (APC, Zamfara, Constituency: Bungudu/Maru)",Hon Abdulmalik Zubairu,Not Yet Referred,Hon Abdulmalik Zubairu
ee5cf59a-9218-483d-ba1a-d35792afabcb,"Nutritionists Registration Council of Nigeria (Establishment) Bill, 2025",First Reading (House: 2025-12-10) -> Second Reading (Not Started) -> Committee Assignment (Not Started) -> Report (Not Started) -> Third Reading/Concurrence (Not Started) -> Harmonization (Not Started) -> Assent (Not Started),2025-12-10,,"Chike John Okafor (APC, Imo, Constituency: Ehime Mbano/Ihite-Uboma/ Obowo)",Chike John Okafor,Not Yet Referred,Chike John Okafor
1cb19e49-1f67-4ac7-9ff3-0476d6f3712e,"Oath Act (Repeal and Enactment) Bill, 2023",First Reading (House: 2023-07-18) -> Second Reading (House: 2023-07-25) -> Committee Assignment (House: 2023-07-25) -> Report (House: 2023-10-04) -> Third Reading/Concurrence (House: 2024-10-05) -> Harmonization (Not Started) -> Assent (Not Started),2023-07-18,2023-07-25,"Hon Benjamin Kalu (APC, Abia, Constituency: Bende)",Hon Benjamin Kalu,the Whole,Hon Benjamin Kalu
3afe6f5f-5450-4e22-af97-213a0ca2f550,"Oba Obafemi Owode Vocational Skills and Entrepreneur University, Owode (Establishment) Bill, 2023",First Reading (House: 2023-10-24) -> Second Reading (House: 2024-05-15) -> Committee Assignment (House: 2024-05-15) -> Report (Not Started) -> Third Reading/Concurrence (Not Started) -> Harmonization (Not Started) -> Assent (Not Started),2023-10-24,2024-05-15,"Hon Olumide Babatunde Osoba (APC, Ogun, Constituency: Abeokuta North/ Obafemi- Owode/Odeda)",Hon Olumide Babatunde Osoba,University Education,Hon Olumide Babatunde Osoba
90ecc2dc-a0bf-40e7-a7d5-5c13db271dfe,"Occupational and Health Safety Bill, 2023",First Reading (House: 2023-10-19) -> Second Reading (Not Started) -> Committee Assignment (Not Started) -> Report (Not Started) -> Third Reading/Concurrence (Not Started) -> Harmonization (Not Started) -> Assent (Not Started),2023-10-19,,"Hon Babajimi Adegoke Benson (APC, Lagos, Constituency: Ikorodu)",Hon Babajimi Adegoke Benson,Not Yet Referred,Hon Babajimi Adegoke Benson
5fcaa547-8e74-461d-99e8-912788c93c6d,"Occupational Safety and Health Bill, 2025",First Reading (Not Started) -> Second Reading (Not Started) -> Committee Assignment (Not Started) -> Report (Not Started) -> Third Reading/Concurrence (Not Started) -> Harmonization (Not Started) -> Assent (Not Started),,,"Hon David Idris Zacharias (APC, Kogi, Constituency: Idah/Igalamela Odolu/Ibaji/ Ofu); Hon Erhiatake Ibori Suenu (PDP, Delta, Constituency: Ethiope East/Ethiope West); Hon Akintunde Rotimi (APC, Ekiti, Constituency: Ikole/Oye); Hon Benjamin Kalu (APC, Abia, Constituency: Bende); Joshua Chinedu Obika (LP, Federal Capital Territory (Fct), Constituency: Municipal/Bwari); Hon Lawan Shettima Ali (APC, Yobe, Constituency: Bursari/Geidam/Yunusari); Gaza Jonathan Gbefwi (PDP, Nasarawa, Constituency: Keffi/Karu/Kokona)",Hon David Idris Zacharias; Hon Erhiatake Ibori Suenu; Hon Akintunde Rotimi; Hon Benjamin Kalu; Joshua Chinedu Obika; Hon Lawan Shettima Ali; Gaza Jonathan Gbefwi,Not Yet Referred,Hon David Idris Zacharias
78e34ae5-265f-457d-9a86-5a7774f25ef4,"Off-Shore Oil Revenues (Registration of Grants) Act (Amendment) Bill, 2024",First Reading (Not Started) -> Second Reading (Not Started) -> Committee Assignment (Not Started) -> Report (Not Started) -> Third Reading/Concurrence (Not Started) -> Harmonization (Not Started) -> Assent (Not Started),,,"Mitema Obordor (PDP, Bayelsa, Constituency: Ogbia)",Mitema Obordor,Not Yet Referred,Mitema Obordor
ed3f9147-d4b5-4328-9802-3113a4d55c20,"Office of Budget Management of the Federation (Establishment) Bill, 2023",First Reading (House: 2023-10-19) -> Second Reading (Not Started) -> Committee Assignment (Not Started) -> Report (Not Started) -> Third Reading/Concurrence (Not Started) -> Harmonization (Not Started) -> Assent (Not Started),2023-10-19,,"Hon Benjamin Kalu (APC, Abia, Constituency: Bende)",Hon Benjamin Kalu,Not Yet Referred,Hon Benjamin Kalu
82c28ff7-cdc4-444a-968e-e57165f97459,"Oil and Gas Industry Content Development 2024 Act (Amendment) Bill, 2024",First Reading (House: 2024-09-25) -> Second Reading (Not Started) -> Committee Assignment (Not Started) -> Report (Not Started) -> Third Reading/Concurrence (Not Started) -> Harmonization (Not Started) -> Assent (Not Started),2024-09-25,,"Mitema Obordor (PDP, Bayelsa, Constituency: Ogbia)",Mitema Obordor,Not Yet Referred,Mitema Obordor
819dfc9d-2edf-42de-b647-d771b04f8644,"Oil and Gas Investment & Free Zone Bill (Repeal and Enact) Bill, 2023",First Reading (House: 2023-07-27) -> Second Reading (Not Started) -> Committee Assignment (Not Started) -> Report (Not Started) -> Third Reading/Concurrence (Not Started) -> Harmonization (Not Started) -> Assent (Not Started),2023-07-27,,"Hon Sesi Whingan (APC, Lagos, Constituency: Badagry)",Hon Sesi Whingan,Not Yet Referred,Hon Sesi Whingan
660f553a-107a-4c13-b825-48b6be18b2f3,"Oil and Gas Investment and Free Zones Bill, 2023",First Reading (House: 2023-07-27) -> Second Reading (Not Started) -> Committee Assignment (Not Started) -> Report (Not Started) -> Third Reading/Concurrence (Not Started) -> Harmonization (Not Started) -> Assent (Not Started),2023-07-27,,"Hon Zakaria Dauda Nyampa (PDP, Adamawa, Constituency: Madagali/Michika)",Hon Zakaria Dauda Nyampa,Not Yet Referred,Hon Zakaria Dauda Nyampa
b53e826f-fe82-4c46-800c-48749c03963a,"Older Persons Rights Bill, 2025",First Reading (Not Started) -> Second Reading (Not Started) -> Committee Assignment (Not Started) -> Report (Not Started) -> Third Reading/Concurrence (Not Started) -> Harmonization (Not Started) -> Assent (Not Started),,,"Chinedu Tochukwu Okere (APC, Imo, Constituency: Owerri Municipal/Owerri North/Owerri West)",Chinedu Tochukwu Okere,Not Yet Referred,Chinedu Tochukwu Okere
a2a34c90-6c88-4d17-a539-475e3e6796e4,"Optometrists and Dispensing Opticians (Registration, Etc.) Act (Amendment) Bill, 2026",First Reading (House: 2026-03-12) -> Second Reading (Not Started) -> Committee Assignment (Not Started) -> Report (Not Started) -> Third Reading/Concurrence (Not Started) -> Harmonization (Not Started) -> Assent (Not Started),2026-03-12,,"Executive (APC, N/A, Constituency: .)",Executive,Not Yet Referred,Executive
7610db96-09fa-4e76-8fdb-fe9bab036344,"Optometrists and Dispensing Opticians (Registration, etc.) Act (Repeal and Enactment) Bill, 2023",First Reading (House: 2023-10-19) -> Second Reading (Not Started) -> Committee Assignment (Not Started) -> Report (Not Started) -> Third Reading/Concurrence (Not Started) -> Harmonization (Not Started) -> Assent (Not Started),2023-10-19,,"Hon Benjamin Kalu (APC, Abia, Constituency: Bende)",Hon Benjamin Kalu,Not Yet Referred,Hon Benjamin Kalu
558212b9-785e-43cf-975b-c0e445d3d38a,"Optometrists and Dispensing Opticians Act (Amendment) Bill, 2023",First Reading (House: 2023-07-12) -> Second Reading (Not Started) -> Committee Assignment (Not Started) -> Report (Not Started) -> Third Reading/Concurrence (Not Started) -> Harmonization (Not Started) -> Assent (Not Started),2023-07-12,,"Hon Obinna Aguocha (LP, Abia, Constituency: Umuahia North/ Umuahia South/ Ikwuano)",Hon Obinna Aguocha,Not Yet Referred,Hon Obinna Aguocha
30600d52-cf02-40ff-ac3a-a1624027a46a,"Orthopaedic Hospital Management Board Act (Amendment) Bill, 2025",First Reading (Not Started) -> Second Reading (Not Started) -> Committee Assignment (Not Started) -> Report (Not Started) -> Third Reading/Concurrence (Not Started) -> Harmonization (Not Started) -> Assent (Not Started),,,"Hon Ahmad Abdullahi Kalambaina (APC, Sokoto, Constituency: Kware/Wamakko)",Hon Ahmad Abdullahi Kalambaina,Not Yet Referred,Hon Ahmad Abdullahi Kalambaina
d17dd498-573e-4f07-bc23-45d7a587915a,"Orthopaedic Hospitals Management Board (Amendment)Bill, 2025",First Reading (Not Started) -> Second Reading (Not Started) -> Committee Assignment (Not Started) -> Report (Not Started) -> Third Reading/Concurrence (Not Started) -> Harmonization (Not Started) -> Assent (Not Started),,,"Garba Umar Uba (APC, Kebbi, Constituency: Ngaski/Shanga/Yauri)",Garba Umar Uba,Not Yet Referred,Garba Umar Uba
dfea7f86-a9d6-4084-a239-d95ad573bbb2,"Orthopaedic Hospitals Management Board Act (Amendment) Bill, 2025",First Reading (Not Started) -> Second Reading (House: 2025-07-22) -> Committee Assignment (House: 2025-07-22) -> Report (Not Started) -> Third Reading/Concurrence (House: 2025-12-10) -> Harmonization (Not Started) -> Assent (Not Started),,2025-07-22,"Hon Bello Shinkafi Hassan (PDP, Zamfara, Constituency: Shinkafi/Zurmi)",Hon Bello Shinkafi Hassan,Not Yet Referred,Hon Bello Shinkafi Hassan
2cfe6769-07f2-4fbb-9107-66150eb8e057,"Orthopaedic Hospitals Management Board Act (Amendment) Bill, 2026",First Reading (House: 2026-03-11) -> Second Reading (Not Started) -> Committee Assignment (Not Started) -> Report (Not Started) -> Third Reading/Concurrence (Not Started) -> Harmonization (Not Started) -> Assent (Not Started),2026-03-11,,"Executive (APC, N/A, Constituency: .)",Executive,Not Yet Referred,Executive
dc982170-1f85-4050-8a6b-5afe252fe826,"Orthopedic Hospital Management Board Act (Amendment) Bill, 2024",First Reading (House: 2024-03-20) -> Second Reading (House: 2024-06-05) -> Committee Assignment (House: 2024-06-05) -> Report (Not Started) -> Third Reading/Concurrence (Not Started) -> Harmonization (Not Started) -> Assent (Not Started),2024-03-20,2024-06-05,"Ali Isa (PDP, Gombe, Constituency: Balanga/Billiri)",Ali Isa,Specialty Healthcare,Ali Isa
b64e4a32-9ad5-46b2-a114-62adbc6f57cb,"Oseakwa Deep Water Seaport Resuscitation and Development Bill, 2025",First Reading (Not Started) -> Second Reading (Not Started) -> Committee Assignment (Not Started) -> Report (Not Started) -> Third Reading/Concurrence (Not Started) -> Harmonization (Not Started) -> Assent (Not Started),,,"Hon Paul Nnamchi (LP, Enugu, Constituency: Enugu East/Isi Uzo)",Hon Paul Nnamchi,Not Yet Referred,Hon Paul Nnamchi
ee4973c5-876a-45ff-a175-10ad131599a7,"Palm Oil Development Bill (Establishment) Bill, 2023",First Reading (House: 2023-07-27) -> Second Reading (Not Started) -> Committee Assignment (Not Started) -> Report (Not Started) -> Third Reading/Concurrence (Not Started) -> Harmonization (Not Started) -> Assent (Not Started),2023-07-27,,"Hon Sesi Whingan (APC, Lagos, Constituency: Badagry)",Hon Sesi Whingan,Not Yet Referred,Hon Sesi Whingan
9e9c7817-522a-4ced-8fad-1d99c1859975,"Paramedical Practitioner's Institute of Nigeria Bill, 2025",First Reading (Not Started) -> Second Reading (Not Started) -> Committee Assignment (Not Started) -> Report (Not Started) -> Third Reading/Concurrence (Not Started) -> Harmonization (Not Started) -> Assent (Not Started),,,"Hon Abdulmalik Zubairu (APC, Zamfara, Constituency: Bungudu/Maru)",Hon Abdulmalik Zubairu,Not Yet Referred,Hon Abdulmalik Zubairu
3ed09acc-31d3-42c1-934c-4457820ed040,"Parliamentary Security Service (Establishment) Bill, 2025",First Reading (House: 2025-12-16) -> Second Reading (Not Started) -> Committee Assignment (Not Started) -> Report (Not Started) -> Third Reading/Concurrence (Not Started) -> Harmonization (Not Started) -> Assent (Not Started),2025-12-16,,"Munachim Alozie (LP, Abia, Constituency: Obingwa/Ugwunagbo/Osisioma)",Munachim Alozie,Not Yet Referred,Munachim Alozie
aa221c4a-9fc6-4004-8809-48a397943344,"Passport (Miscellaneous Provisions) Act (Amendment) Bill, 2025",First Reading (House: 2025-12-10) -> Second Reading (Not Started) -> Committee Assignment (Not Started) -> Report (Not Started) -> Third Reading/Concurrence (Not Started) -> Harmonization (Not Started) -> Assent (Not Started),2025-12-10,,"Akarachi Etinosa Tosan (APC, Imo, Constituency: Ikeduru/Mbaitoli)",Akarachi Etinosa Tosan,Not Yet Referred,Akarachi Etinosa Tosan
6474773f-368c-4650-9e2a-7d18faa59800,"Payment of Judgement Debt by Federal Government (Est) Bill, 2023",First Reading (House: 2023-07-27) -> Second Reading (Not Started) -> Committee Assignment (Not Started) -> Report (Not Started) -> Third Reading/Concurrence (Not Started) -> Harmonization (Not Started) -> Assent (Not Started),2023-07-27,,"Hon Miriam Onuoha (APC, Imo, Constituency: Isiala Mbano/Okigwe/Onuimo)",Hon Miriam Onuoha,Not Yet Referred,Hon Miriam Onuoha
cf71e91d-1ae0-495a-bed9-fc7ad1f60b1e,"Penal Code (Northern State) Act (Amendment) Bill, 2023",First Reading (House: 2023-10-04) -> Second Reading (Not Started) -> Committee Assignment (Not Started) -> Report (Not Started) -> Third Reading/Concurrence (Not Started) -> Harmonization (Not Started) -> Assent (Not Started),2023-10-04,,"Hon Sulaiman Gumi Abubakar (PDP, Zamfara, Constituency: Gummi/Bukkuyum)",Hon Sulaiman Gumi Abubakar,Not Yet Referred,Hon Sulaiman Gumi Abubakar
0b84c63a-3fa7-4749-85e9-26b7bf91940f,"Pension Reform Act (Amendment) Bill, 2023",First Reading (House: 2023-10-25) -> Second Reading (Not Started) -> Committee Assignment (Not Started) -> Report (Not Started) -> Third Reading/Concurrence (Not Started) -> Harmonization (Not Started) -> Assent (Not Started),2023-10-25,,"Hon Sesi Whingan (APC, Lagos, Constituency: Badagry)",Hon Sesi Whingan,Not Yet Referred,Hon Sesi Whingan
ca903f87-a662-4238-86bb-358c862fc53e,"Pension Reform Act (Amendment) Bill, 2023",First Reading (House: 2023-12-20) -> Second Reading (Not Started) -> Committee Assignment (Not Started) -> Report (Not Started) -> Third Reading/Concurrence (Not Started) -> Harmonization (Not Started) -> Assent (Not Started),2023-12-20,,"Hon Miriam Onuoha (APC, Imo, Constituency: Isiala Mbano/Okigwe/Onuimo)",Hon Miriam Onuoha,Not Yet Referred,Hon Miriam Onuoha
0b9b785f-57b1-4cb3-b535-96d6baff12cc,"Pension Reform Act (Amendment) Bill, 2024",First Reading (House: 2024-05-09) -> Second Reading (Not Started) -> Committee Assignment (Not Started) -> Report (Not Started) -> Third Reading/Concurrence (Not Started) -> Harmonization (Not Started) -> Assent (Not Started),2024-05-09,,"Moses Oluwatoyin Fayinka (APC, Lagos, Constituency: Mushin II)",Moses Oluwatoyin Fayinka,Not Yet Referred,Moses Oluwatoyin Fayinka
e21c91fe-8b12-4b00-bc17-aa5687135632,"Pension Reform Act (Amendment) Bill, 2024",First Reading (House: 2024-05-21) -> Second Reading (Not Started) -> Committee Assignment (Not Started) -> Report (Not Started) -> Third Reading/Concurrence (Not Started) -> Harmonization (Not Started) -> Assent (Not Started),2024-05-21,,"Chinedu Tochukwu Okere (APC, Imo, Constituency: Owerri Municipal/Owerri North/Owerri West)",Chinedu Tochukwu Okere,Not Yet Referred,Chinedu Tochukwu Okere
3e52404a-de0a-4cc9-9546-a03999a19e1e,"Pension Reform Act (Amendment) Bill, 2026",First Reading (House: 2026-03-12) -> Second Reading (Not Started) -> Committee Assignment (Not Started) -> Report (Not Started) -> Third Reading/Concurrence (Not Started) -> Harmonization (Not Started) -> Assent (Not Started),2026-03-12,,"Hon Jallo Hussaini Mohammed (PDP, Kaduna, Constituency: Igabi)",Hon Jallo Hussaini Mohammed,Not Yet Referred,Hon Jallo Hussaini Mohammed
55b0340f-3e05-46c2-8edd-3359a7dc81d7,"Peoples Bank of Nigeria Act (Repeal) Bill, 2023",First Reading (House: 2023-11-23) -> Second Reading (Not Started) -> Committee Assignment (Not Started) -> Report (Not Started) -> Third Reading/Concurrence (Not Started) -> Harmonization (Not Started) -> Assent (Not Started),2023-11-23,,"Hon Sada Soli (APC, Katsina, Constituency: Jibia/Kaita)",Hon Sada Soli,Not Yet Referred,Hon Sada Soli
4c8dfb11-4db3-4fc6-8c5f-24754302163b,"Petroleum Equalization Fund Act (Repeal) Bill, 2023",First Reading (House: 2023-07-12) -> Second Reading (Not Started) -> Committee Assignment (Not Started) -> Report (Not Started) -> Third Reading/Concurrence (Not Started) -> Harmonization (Not Started) -> Assent (Not Started),2023-07-12,,"Hon Obinna Aguocha (LP, Abia, Constituency: Umuahia North/ Umuahia South/ Ikwuano)",Hon Obinna Aguocha,Not Yet Referred,Hon Obinna Aguocha
7fa949d6-6ce4-4221-9950-ed9c834ca521,"Petroleum Industry Act (Amendment) Bill, 2023",First Reading (House: 2023-10-03) -> Second Reading (Not Started) -> Committee Assignment (Not Started) -> Report (Not Started) -> Third Reading/Concurrence (Not Started) -> Harmonization (Not Started) -> Assent (Not Started),2023-10-03,,"Sekav Dzua Iyortyom (APC, Benue, Constituency: Buruku)",Sekav Dzua Iyortyom,Not Yet Referred,Sekav Dzua Iyortyom
c462c149-8799-4ce3-a064-f1f4161b2d3e,"Petroleum Industry Act (Amendment) Bill, 2023",First Reading (House: 2023-10-05) -> Second Reading (Not Started) -> Committee Assignment (Not Started) -> Report (Not Started) -> Third Reading/Concurrence (Not Started) -> Harmonization (Not Started) -> Assent (Not Started),2023-10-05,,"Hon Sesi Whingan (APC, Lagos, Constituency: Badagry)",Hon Sesi Whingan,Not Yet Referred,Hon Sesi Whingan
5c1efd15-4e31-436a-b126-ed7b5bb53ed7,"Petroleum Industry Act (Amendment) Bill, 2025",First Reading (House: 2025-07-22) -> Second Reading (Not Started) -> Committee Assignment (Not Started) -> Report (Not Started) -> Third Reading/Concurrence (Not Started) -> Harmonization (Not Started) -> Assent (Not Started),2025-07-22,,"Hon Sesi Whingan (APC, Lagos, Constituency: Badagry)",Hon Sesi Whingan,Not Yet Referred,Hon Sesi Whingan
f5507e78-8079-4714-a4b0-722d8b52409e,"Petroleum Industry Act (Amendment)Bill, 2024",First Reading (House: 2024-07-17) -> Second Reading (Not Started) -> Committee Assignment (Not Started) -> Report (Not Started) -> Third Reading/Concurrence (Not Started) -> Harmonization (Not Started) -> Assent (Not Started),2024-07-17,,"Hon Ugochinyere Onyinye Ikeagwuonu (PDP, Imo, Constituency: Ideato North/Ideato South)",Hon Ugochinyere Onyinye Ikeagwuonu,Not Yet Referred,Hon Ugochinyere Onyinye Ikeagwuonu
0ff1a235-078f-4f98-b957-00c95934c32a,"Petroleum Industry Bill (Amendment) Bill, 2023",First Reading (House: 2023-12-20) -> Second Reading (Not Started) -> Committee Assignment (Not Started) -> Report (Not Started) -> Third Reading/Concurrence (Not Started) -> Harmonization (Not Started) -> Assent (Not Started),2023-12-20,,"Hon Miriam Onuoha (APC, Imo, Constituency: Isiala Mbano/Okigwe/Onuimo)",Hon Miriam Onuoha,Not Yet Referred,Hon Miriam Onuoha
afb1d258-01a8-4cd6-ad9f-229b12800815,"Petroleum Training Institute Act (Amendment) Bill, 2024",First Reading (House: 2024-07-11) -> Second Reading (Not Started) -> Committee Assignment (Not Started) -> Report (Not Started) -> Third Reading/Concurrence (Not Started) -> Harmonization (Not Started) -> Assent (Not Started),2024-07-11,,"Hon Abiodun James Faleke (APC, Lagos, Constituency: Ikeja)",Hon Abiodun James Faleke,Not Yet Referred,Hon Abiodun James Faleke
b7639fda-f152-4e0d-b772-6a7bb7afd062,"Petroleum Training Institute Ibeno, Akwa Ibom State (Establishment) Bill, 2023",First Reading (House: 2023-07-27) -> Second Reading (House: 2024-05-16) -> Committee Assignment (House: 2024-05-16) -> Report (Not Started) -> Third Reading/Concurrence (Not Started) -> Harmonization (Not Started) -> Assent (Not Started),2023-07-27,2024-05-16,"Hon Okpolupm Etteh (PDP, Akwa Ibom, Constituency: Eket/Onna/Esit Eket/Ibeno)",Hon Okpolupm Etteh,Petroleum Resources (Training Fund),Hon Okpolupm Etteh
37b2ae48-39b8-4282-986e-1f92f05c45b9,"Pharmaceutical Technologist and Pharmacy Technician Council of Nigeria (Establishment) Bill, 2023",First Reading (House: 2023-07-27) -> Second Reading (House: 2023-11-23) -> Committee Assignment (House: 2023-11-23) -> Report (Not Started) -> Third Reading/Concurrence (Not Started) -> Harmonization (Not Started) -> Assent (Not Started),2023-07-27,2023-11-23,"Aliyu Sani Madaki (NNPP, Kano, Constituency: Dala)",Aliyu Sani Madaki,the Whole,Aliyu Sani Madaki
e065a1d0-73c5-4418-af11-326774ad8fc3,"Pharmacy Council of Nigeria Act (Amendment) Bill, 2026",First Reading (House: 2026-03-11) -> Second Reading (Not Started) -> Committee Assignment (Not Started) -> Report (Not Started) -> Third Reading/Concurrence (Not Started) -> Harmonization (Not Started) -> Assent (Not Started),2026-03-11,,"Executive (APC, N/A, Constituency: .)",Executive,Not Yet Referred,Executive
891d23bf-f116-4c16-9f9f-a3611da310b0,"Police Academy Act (Amendment) Bill, 2023",First Reading (House: 2023-11-02) -> Second Reading (Not Started) -> Committee Assignment (Not Started) -> Report (Not Started) -> Third Reading/Concurrence (Not Started) -> Harmonization (Not Started) -> Assent (Not Started),2023-11-02,,"Hon Chinedu Ogah (APC, Ebonyi, Constituency: Ezza South/Ikwo)",Hon Chinedu Ogah,Not Yet Referred,Hon Chinedu Ogah
2e4c000c-f02e-4667-9571-c503706c1ebb,"Police Act (Amendment) Bill, 2023",First Reading (House: 2023-07-25) -> Second Reading (House: 2023-07-25) -> Committee Assignment (House: 2023-07-25) -> Report (Not Started) -> Third Reading/Concurrence (Not Started) -> Harmonization (Not Started) -> Assent (Not Started),2023-07-25,2023-07-25,"Hon Julius Ihonvbere (APC, Edo, Constituency: Owan East/Owan West)",Hon Julius Ihonvbere,the Whole,Hon Julius Ihonvbere
3913813a-da7f-4ac6-901c-14ee0dbca2d9,"Police Act (Amendment) Bill, 2023",First Reading (House: 2023-07-06) -> Second Reading (Not Started) -> Committee Assignment (Not Started) -> Report (Not Started) -> Third Reading/Concurrence (Not Started) -> Harmonization (Not Started) -> Concurrence (Not Started) -> Assent (Not Started),2023-07-06,,"Hon Tajudeen Abbas (APC, Kaduna, Constituency: Zaria)",Hon Tajudeen Abbas,Not Yet Referred,Hon Tajudeen Abbas
44438539-422d-4a52-8203-0777f32f04e8,"Police Act (Amendment) Bill, 2023",First Reading (House: 2023-07-05) -> Second Reading (Not Started) -> Committee Assignment (Not Started) -> Report (Not Started) -> Third Reading/Concurrence (Not Started) -> Harmonization (Not Started) -> Assent (Not Started),2023-07-05,,"Gaza Jonathan Gbefwi (PDP, Nasarawa, Constituency: Keffi/Karu/Kokona)",Gaza Jonathan Gbefwi,Not Yet Referred,Gaza Jonathan Gbefwi
764bb995-9c1c-49b5-a7f6-81854830869b,"Police Service Commission (Reform) Bill, 2024",First Reading (Not Started) -> Second Reading (Not Started) -> Committee Assignment (Not Started) -> Report (Not Started) -> Third Reading/Concurrence (Not Started) -> Harmonization (Not Started) -> Assent (Not Started),,,"Hon Gagdi Adamu Yusuf (APC, Plateau, Constituency: Kanke/Pankshin/Kanam)",Hon Gagdi Adamu Yusuf,Not Yet Referred,Hon Gagdi Adamu Yusuf
2264435c-8fa3-4284-b398-16dd4de29a6c,"Police Service Commission Act (Amendment) Bill, 2024",First Reading (Not Started) -> Second Reading (Not Started) -> Committee Assignment (Not Started) -> Report (Not Started) -> Third Reading/Concurrence (Not Started) -> Harmonization (Not Started) -> Assent (Not Started),,,"Hon Nnamdi Ezechi (PDP, Delta, Constituency: Nkokwa East/Ndokwa West/ Ukwuani)",Hon Nnamdi Ezechi,Not Yet Referred,Hon Nnamdi Ezechi
9d68e6c7-2bd5-43e1-9cbf-4bb07d9f3f94,"Police Service Commission Act (Repeal and Enactment) Bill, 2023",First Reading (House: 2023-11-09) -> Second Reading (Not Started) -> Committee Assignment (Not Started) -> Report (Not Started) -> Third Reading/Concurrence (Not Started) -> Harmonization (Not Started) -> Assent (Not Started),2023-11-09,,"Hon Mohammed Bello El-Rufai (APC, Kaduna, Constituency: Kaduna North)",Hon Mohammed Bello El-Rufai,Not Yet Referred,Hon Mohammed Bello El-Rufai
fb4b76d3-2b96-4685-9ef1-26a21cbaf770,"Political Parties Bill, 2024",First Reading (Not Started) -> Second Reading (Not Started) -> Committee Assignment (Not Started) -> Report (Not Started) -> Third Reading/Concurrence (Not Started) -> Harmonization (Not Started) -> Assent (Not Started),,,"Hon Tajudeen Abbas (APC, Kaduna, Constituency: Zaria)",Hon Tajudeen Abbas,Not Yet Referred,Hon Tajudeen Abbas
6aa9cb78-cba0-45f8-90ee-73d1f2897031,"Ports (related Offences) Act (Amendment) Bill, 2023",First Reading (House: 2023-07-27) -> Second Reading (Not Started) -> Committee Assignment (Not Started) -> Report (Not Started) -> Third Reading/Concurrence (Not Started) -> Harmonization (Not Started) -> Assent (Not Started),2023-07-27,,"Hon Rabiu Yusuf (NNPP, Kano, Constituency: Sumaila/Takai)",Hon Rabiu Yusuf,Not Yet Referred,Hon Rabiu Yusuf
1df316ab-15a4-4da1-9034-35be2e617c9c,"Poverty Alleviation and Skill Acquisition Centre (Establishment) Bill, 2023",First Reading (House: 2023-07-12) -> Second Reading (Not Started) -> Committee Assignment (Not Started) -> Report (Not Started) -> Third Reading/Concurrence (Not Started) -> Harmonization (Not Started) -> Assent (Not Started),2023-07-12,,"Hon Jallo Hussaini Mohammed (PDP, Kaduna, Constituency: Igabi)",Hon Jallo Hussaini Mohammed,Not Yet Referred,Hon Jallo Hussaini Mohammed
80403cb3-2e99-4810-9138-1b4035258056,"Prevention, Prohibition and Redressal of Sexual Harassment in Tertiary Institution Bill, 2024",First Reading (House: 2024-07-18) -> Second Reading (Not Started) -> Committee Assignment (Not Started) -> Report (Not Started) -> Third Reading/Concurrence (Not Started) -> Harmonization (Not Started) -> Assent (Not Started),2024-07-18,,"Hon Akintunde Rotimi (APC, Ekiti, Constituency: Ikole/Oye)",Hon Akintunde Rotimi,Not Yet Referred,Hon Akintunde Rotimi
5cd24656-79b1-40da-abfb-80fc2156585f,"Private Guards Companies Act (Amendment) Bill, 2023",First Reading (House: 2023-11-02) -> Second Reading (Not Started) -> Committee Assignment (Not Started) -> Report (Not Started) -> Third Reading/Concurrence (Not Started) -> Harmonization (Not Started) -> Assent (Not Started),2023-11-02,,"Hon Nnamdi Ezechi (PDP, Delta, Constituency: Nkokwa East/Ndokwa West/ Ukwuani)",Hon Nnamdi Ezechi,Not Yet Referred,Hon Nnamdi Ezechi
bd943c46-1daa-4243-ba26-947f3a4cd6b7,"Private Guards Companies Act (Amendment) Bill, 2025",First Reading (House: 2025-12-10) -> Second Reading (Not Started) -> Committee Assignment (Not Started) -> Report (Not Started) -> Third Reading/Concurrence (Not Started) -> Harmonization (Not Started) -> Assent (Not Started),2025-12-10,,"Hon Abdulraheem Olatunji Olawuyi (APC, Kwara, Constituency: Ekiti/Isin/Irepodun/Oke-Ero)",Hon Abdulraheem Olatunji Olawuyi,Not Yet Referred,Hon Abdulraheem Olatunji Olawuyi
c5ae607c-d853-453f-87dd-667d45474fcd,"Private Institutions and Health Care Service Providers (Prohibition) Bill, 2025",First Reading (House: 2025-07-22) -> Second Reading (Not Started) -> Committee Assignment (Not Started) -> Report (Not Started) -> Third Reading/Concurrence (Not Started) -> Harmonization (Not Started) -> Assent (Not Started),2025-07-22,,"Hon Amobi Ogah (LP, Abia, Constituency: Isuikwuato/Umu-Nneochi)",Hon Amobi Ogah,Not Yet Referred,Hon Amobi Ogah
e9de2276-fc8b-45a1-a7dd-4510162cd0e4,"Private Intelligence Bill, 2025",First Reading (House: 2025-11-18) -> Second Reading (Not Started) -> Committee Assignment (Not Started) -> Report (Not Started) -> Third Reading/Concurrence (Not Started) -> Harmonization (Not Started) -> Assent (Not Started),2025-11-18,,"Hon Aminu Jaji (APC, Zamfara, Constituency: Kaura-Namoda/Birnin Magaji)",Hon Aminu Jaji,Not Yet Referred,Hon Aminu Jaji
826d7618-ca6b-4300-8b6d-9fa1b273a8d2,"Production and Distribution (Anti-Sabotage) Act (Amendment) Bill, 2025",First Reading (House: 2025-07-22) -> Second Reading (Not Started) -> Committee Assignment (Not Started) -> Report (Not Started) -> Third Reading/Concurrence (Not Started) -> Harmonization (Not Started) -> Assent (Not Started),2025-07-22,,"Hon Dumnamene Robinson Dekor (PDP, Rivers, Constituency: Khana/Gokana)",Hon Dumnamene Robinson Dekor,Not Yet Referred,Hon Dumnamene Robinson Dekor
c0348124-e10b-42ac-83f8-53c099bc9327,"Professional Bodies (Special Provision) Act (Amendment) Bill, 2023",First Reading (House: 2023-07-27) -> Second Reading (House: 2024-12-14) -> Committee Assignment (Not Started) -> Report (Not Started) -> Third Reading/Concurrence (Not Started) -> Harmonization (Not Started) -> Assent (Not Started),2023-07-27,2024-12-14,"Hon Akintunde Rotimi (APC, Ekiti, Constituency: Ikole/Oye)",Hon Akintunde Rotimi,Not Yet Referred,Hon Akintunde Rotimi
d94aed47-f562-4253-9577-b04cafc6fca6,"Prohibit Kidnapping, Hostage taking (Establishment) Bill, 2023",First Reading (House: 2023-07-18) -> Second Reading (Not Started) -> Committee Assignment (Not Started) -> Report (Not Started) -> Third Reading/Concurrence (Not Started) -> Harmonization (Not Started) -> Assent (Not Started),2023-07-18,,"Hon Francis Ejiroghene Waive (APC, Delta, Constituency: Ughelli North, Ughelli South/Udu)",Hon Francis Ejiroghene Waive,Not Yet Referred,Hon Francis Ejiroghene Waive
f3e7ed11-efaa-46fb-9651-e0c3b0802e3f,"Prohibition of Unbranded and Unfortified Edible Oils Bill, 2025",First Reading (House: 2025-12-16) -> Second Reading (Not Started) -> Committee Assignment (Not Started) -> Report (Not Started) -> Third Reading/Concurrence (Not Started) -> Harmonization (Not Started) -> Assent (Not Started),2025-12-16,,"Chike John Okafor (APC, Imo, Constituency: Ehime Mbano/Ihite-Uboma/ Obowo)",Chike John Okafor,Not Yet Referred,Chike John Okafor
1b08a139-ab48-46a7-9ad5-bc31a965b7b2,"Project Development Agency (Establishment) Bill, 2023",First Reading (House: 2023-07-27) -> Second Reading (Not Started) -> Committee Assignment (Not Started) -> Report (Not Started) -> Third Reading/Concurrence (Not Started) -> Harmonization (Not Started) -> Assent (Not Started),2023-07-27,,"Hon Dachung Musa Bagos (PDP, Plateau, Constituency: Jos South/Jos East)",Hon Dachung Musa Bagos,Not Yet Referred,Hon Dachung Musa Bagos
3b5b5718-692b-47a7-8b22-aea62af7e2ef,"Psychiatric Hospitals Management Board (Amendment) Bill, 2023",First Reading (House: 2023-07-27) -> Second Reading (Not Started) -> Committee Assignment (Not Started) -> Report (Not Started) -> Third Reading/Concurrence (Not Started) -> Harmonization (Not Started) -> Assent (Not Started),2023-07-27,,"Hon Dumnamene Robinson Dekor (PDP, Rivers, Constituency: Khana/Gokana)",Hon Dumnamene Robinson Dekor,Not Yet Referred,Hon Dumnamene Robinson Dekor
a6918bbe-976a-42f1-9004-fa244baca335,"Psychiatric Hospitals Management Board Act (Amendment) Bill, 2023",First Reading (House: 2023-10-10) -> Second Reading (Not Started) -> Committee Assignment (Not Started) -> Report (Not Started) -> Third Reading/Concurrence (Not Started) -> Harmonization (Not Started) -> Assent (Not Started),2023-10-10,,"Hon Sulaiman Gumi Abubakar (PDP, Zamfara, Constituency: Gummi/Bukkuyum)",Hon Sulaiman Gumi Abubakar,Not Yet Referred,Hon Sulaiman Gumi Abubakar
55c73f08-065a-48b8-9bf0-8435ef436d5b,"Psychiatric Hospitals Management Board Act (Repeal and Enactment) Bill, 2026",First Reading (House: 2026-03-11) -> Second Reading (Not Started) -> Committee Assignment (Not Started) -> Report (Not Started) -> Third Reading/Concurrence (Not Started) -> Harmonization (Not Started) -> Assent (Not Started),2026-03-11,,"Executive (APC, N/A, Constituency: .)",Executive,Not Yet Referred,Executive
b941446b-2516-406e-9a1f-d9a687e68d6d,"Psychotherapeutic and Counselling Research Institute Bill, 2025",First Reading (House: 2025-03-19) -> Second Reading (Not Started) -> Committee Assignment (Not Started) -> Report (Not Started) -> Third Reading/Concurrence (Not Started) -> Harmonization (Not Started) -> Assent (Not Started),2025-03-19,,"Hon Midala Usman Balami (PDP, Borno, Constituency: Askira-Uba/Hawul)",Hon Midala Usman Balami,Not Yet Referred,Hon Midala Usman Balami
831956db-77b9-4671-bc11-18e35f618367,"Public Accounts Implementation Tribunal Act (Repeal) Bill, 2023",First Reading (House: 2023-10-12) -> Second Reading (Not Started) -> Committee Assignment (Not Started) -> Report (Not Started) -> Third Reading/Concurrence (Not Started) -> Harmonization (Not Started) -> Assent (Not Started),2023-10-12,,"Hon Benjamin Kalu (APC, Abia, Constituency: Bende)",Hon Benjamin Kalu,Not Yet Referred,Hon Benjamin Kalu
1666221c-010d-4d11-9513-7d6077e96bc5,"Public Accounts Tribunal (Establishment) Bill, 2023",First Reading (House: 2023-07-12) -> Second Reading (Not Started) -> Committee Assignment (Not Started) -> Report (Not Started) -> Third Reading/Concurrence (Not Started) -> Harmonization (Not Started) -> Assent (Not Started),2023-07-12,,"Hon Oluwole Oke (PDP, Osun, Constituency: Obokun/Oriade)",Hon Oluwole Oke,Not Yet Referred,Hon Oluwole Oke
036b5e72-7cd5-4f67-b39c-6ac77d5b5bca,"Public Asset Management Agency Bill, 2025",First Reading (Not Started) -> Second Reading (Not Started) -> Committee Assignment (Not Started) -> Report (Not Started) -> Third Reading/Concurrence (Not Started) -> Harmonization (Not Started) -> Assent (Not Started),,,"Esosa Iyawe (LP, Edo, Constituency: Oredo)",Esosa Iyawe,Not Yet Referred,Esosa Iyawe
53f06099-b55f-4096-87cb-4efc255cd5ba,"Public Asset Reform and Concession Regulatory Agency (Establishment) Bill, 2023",First Reading (House: 2023-11-28) -> Second Reading (Not Started) -> Committee Assignment (Not Started) -> Report (Not Started) -> Third Reading/Concurrence (Not Started) -> Harmonization (Not Started) -> Assent (Not Started),2023-11-28,,"Hon Abdulraheem Olatunji Olawuyi (APC, Kwara, Constituency: Ekiti/Isin/Irepodun/Oke-Ero)",Hon Abdulraheem Olatunji Olawuyi,Not Yet Referred,Hon Abdulraheem Olatunji Olawuyi
bcbb93b0-296c-4906-8329-cea6ffb4225a,"Public Enterprises (Privatization and Commercialization) Act (Amendment) Bill, 2025",First Reading (House: 2025-11-12) -> Second Reading (Not Started) -> Committee Assignment (Not Started) -> Report (Not Started) -> Third Reading/Concurrence (Not Started) -> Harmonization (Not Started) -> Assent (Not Started),2025-11-12,,"Akarachi Etinosa Tosan (APC, Imo, Constituency: Ikeduru/Mbaitoli)",Akarachi Etinosa Tosan,Not Yet Referred,Akarachi Etinosa Tosan
03a21081-a8a9-44ca-9db6-5d8e7df55f5a,"Public Entities Transparency Bill, 2025",First Reading (House: 2025-12-16) -> Second Reading (Not Started) -> Committee Assignment (Not Started) -> Report (Not Started) -> Third Reading/Concurrence (Not Started) -> Harmonization (Not Started) -> Assent (Not Started),2025-12-16,,"Hon Julius Ihonvbere (APC, Edo, Constituency: Owan East/Owan West)",Hon Julius Ihonvbere,Not Yet Referred,Hon Julius Ihonvbere
a1b3254e-f3d9-404d-910d-f38bf098ea1e,"Public Health Council of Nigeria (Establishment) Bill, 2025",First Reading (Not Started) -> Second Reading (Not Started) -> Committee Assignment (Not Started) -> Report (Not Started) -> Third Reading/Concurrence (Not Started) -> Harmonization (Not Started) -> Assent (Not Started),,,"Hon Bashiru Ayinla Dawodu (PDP, Lagos, Constituency: Oshodi/Isolo I)",Hon Bashiru Ayinla Dawodu,Not Yet Referred,Hon Bashiru Ayinla Dawodu
57ba8ea9-8475-489d-bd5f-27cad2e63e41,"Public Health Infrastructure Enhancement Bill, 2025",First Reading (Not Started) -> Second Reading (Not Started) -> Committee Assignment (Not Started) -> Report (Not Started) -> Third Reading/Concurrence (Not Started) -> Harmonization (Not Started) -> Assent (Not Started),,,"Hon Chinedu Ogah (APC, Ebonyi, Constituency: Ezza South/Ikwo)",Hon Chinedu Ogah,Not Yet Referred,Hon Chinedu Ogah
eec09edf-45e8-41c3-b0cb-8599d9add58d,"Public Health Practitioners Council (Establishment) Bill, 2023",First Reading (House: 2024-10-19) -> Second Reading (Not Started) -> Committee Assignment (Not Started) -> Report (Not Started) -> Third Reading/Concurrence (Not Started) -> Harmonization (Not Started) -> Assent (Not Started),2024-10-19,,"Hon Awaji-inombek Dagomie Abiante (PDP, Rivers, Constituency: Opobo/Nkoro/Andoni)",Hon Awaji-inombek Dagomie Abiante,Not Yet Referred,Hon Awaji-inombek Dagomie Abiante
8bbb9a0c-2120-4879-be5d-f578649c16eb,"Public Holiday Act (Amendment) Bill, 2023",First Reading (House: 2023-07-27) -> Second Reading (Not Started) -> Committee Assignment (Not Started) -> Report (Not Started) -> Third Reading/Concurrence (Not Started) -> Harmonization (Not Started) -> Assent (Not Started),2023-07-27,,"Hon Saidu Musa Abdullahi (APC, Niger, Constituency: Bida/Gbako/Katcha)",Hon Saidu Musa Abdullahi,Not Yet Referred,Hon Saidu Musa Abdullahi
99c0ea45-45b6-48ab-aca3-65b5dbea1611,"Public Officers (Restriction on Medical Treatment) Bill, 2025",First Reading (House: 2025-12-10) -> Second Reading (Not Started) -> Committee Assignment (Not Started) -> Report (Not Started) -> Third Reading/Concurrence (Not Started) -> Harmonization (Not Started) -> Assent (Not Started),2025-12-10,,"Hon Abubakar Ahmad Mohammed (APC, Katsina, Constituency: Funtua/Dandume)",Hon Abubakar Ahmad Mohammed,Not Yet Referred,Hon Abubakar Ahmad Mohammed
2ca45cac-77d7-4cba-91d7-ca74e7adf55d,"Public Order Act (Amendment) Bill, 2023",First Reading (House: 2023-11-16) -> Second Reading (Not Started) -> Committee Assignment (Not Started) -> Report (Not Started) -> Third Reading/Concurrence (Not Started) -> Harmonization (Not Started) -> Assent (Not Started),2023-11-16,,"Hon Emmanuel Effiong Ukpong-udo (PDP, Akwa Ibom, Constituency: Ikono/Ini)",Hon Emmanuel Effiong Ukpong-udo,Not Yet Referred,Hon Emmanuel Effiong Ukpong-udo
e3f92b0d-6c8f-4ea8-b9b2-37dab5dd7bfd,"Public Procurement (Amendment) Bill, 2023",First Reading (Not Started) -> Second Reading (Not Started) -> Committee Assignment (Not Started) -> Report (Not Started) -> Third Reading/Concurrence (Not Started) -> Harmonization (Not Started) -> Assent (Not Started),,,"Hon Oluwole Oke (PDP, Osun, Constituency: Obokun/Oriade)",Hon Oluwole Oke,Not Yet Referred,Hon Oluwole Oke
1340e289-7d99-4ca8-80f1-66fb48a67695,"Public Procurement Act (Amendment) Bill, 2023",First Reading (House: 2023-07-05) -> Second Reading (House: 2024-07-09) -> Committee Assignment (House: 2024-07-09) -> Report (Not Started) -> Third Reading/Concurrence (Not Started) -> Harmonization (Not Started) -> Assent (Not Started),2023-07-05,2024-07-09,"Hon Tajudeen Abbas (APC, Kaduna, Constituency: Zaria)",Hon Tajudeen Abbas,Public Procurement,Hon Tajudeen Abbas
2093edbe-bf70-4ca2-be3c-506aaa7b951c,"Public Procurement Act (Amendment) Bill, 2023",First Reading (House: 2023-11-02) -> Second Reading (Not Started) -> Committee Assignment (Not Started) -> Report (Not Started) -> Third Reading/Concurrence (Not Started) -> Harmonization (Not Started) -> Assent (Not Started),2023-11-02,,"Hon Aliyu Bappa misau (PDP, Bauchi, Constituency: Misau/Dambam)",Hon Aliyu Bappa misau,Not Yet Referred,Hon Aliyu Bappa misau
a8832118-b580-4a46-8f3a-9c916faadb22,"Public Procurement Act (Amendment) Bill, 2023","First Reading (House: 2023-07-27, Senate: 2025-11-18) -> Second Reading (House: 2023-07-27) -> Committee Assignment (House: 2023-07-27) -> Report (House: 2023-11-21) -> Third Reading/Concurrence (House: 2023-12-19) -> Harmonization (Not Started) -> Assent (Not Started)",2023-07-27,2023-07-27,"Hon Julius Ihonvbere (APC, Edo, Constituency: Owan East/Owan West)",Hon Julius Ihonvbere,the Whole,Hon Julius Ihonvbere
68e563c1-dd1c-49a5-a7fb-ee515343cf86,"Public Procurement Act (Amendment) Bill, 2024",First Reading (House: 2024-05-22) -> Second Reading (Not Started) -> Committee Assignment (Not Started) -> Report (Not Started) -> Third Reading/Concurrence (Not Started) -> Harmonization (Not Started) -> Assent (Not Started),2024-05-22,,"Murphy Osaro Omoruyi (LP, Edo, Constituency: Egor/Ikpoba-Okha)",Murphy Osaro Omoruyi,Not Yet Referred,Murphy Osaro Omoruyi
8aeaf3ed-7429-4a30-9165-1e78fc11596b,"Public Procurement Practitioners Council of Nigeria (Establishment) Bill, 2023",First Reading (House: 2023-07-27) -> Second Reading (Not Started) -> Committee Assignment (Not Started) -> Report (Not Started) -> Third Reading/Concurrence (Not Started) -> Harmonization (Not Started) -> Assent (Not Started),2023-07-27,,"Hon Pascal Agbodike (APGA, Anambra, Constituency: Ihiala)",Hon Pascal Agbodike,Not Yet Referred,Hon Pascal Agbodike
63465bc7-dd6d-446e-9047-769be8e1aa34,"Radiographers (Registration, Etc.) Act (Amendment) Bill, 2026",First Reading (House: 2026-03-12) -> Second Reading (Not Started) -> Committee Assignment (Not Started) -> Report (Not Started) -> Third Reading/Concurrence (Not Started) -> Harmonization (Not Started) -> Assent (Not Started),2026-03-12,,"Executive (APC, N/A, Constituency: .)",Executive,Not Yet Referred,Executive
16c76429-b644-4863-8aba-f37f6f8e9cac,"Real Estate Regulatory Council of Nigeria Bill, 2023",First Reading (House: 2023-10-12) -> Second Reading (Not Started) -> Committee Assignment (Not Started) -> Report (Not Started) -> Third Reading/Concurrence (Not Started) -> Harmonization (Not Started) -> Assent (Not Started),2023-10-12,,"Hon Benjamin Kalu (APC, Abia, Constituency: Bende)",Hon Benjamin Kalu,Not Yet Referred,Hon Benjamin Kalu
dde157d0-a8dd-407e-b406-75b0d88df2fa,"Records Officers (Registration, etc.) and Digital Health (Repeal and Enactment) Bill, 2026",First Reading (House: 2026-03-12) -> Second Reading (Not Started) -> Committee Assignment (Not Started) -> Report (Not Started) -> Third Reading/Concurrence (Not Started) -> Harmonization (Not Started) -> Assent (Not Started),2026-03-12,,"Executive (APC, N/A, Constituency: .)",Executive,Not Yet Referred,Executive
3a31b31e-2451-4efa-ab38-7e480788866b,"Recovery of Public Property (Special Provisions) Act (Amendment) Bill, 2023",First Reading (House: 2023-07-27) -> Second Reading (Not Started) -> Committee Assignment (Not Started) -> Report (Not Started) -> Third Reading/Concurrence (Not Started) -> Harmonization (Not Started) -> Assent (Not Started),2023-07-27,,"Hon Rabiu Yusuf (NNPP, Kano, Constituency: Sumaila/Takai)",Hon Rabiu Yusuf,Not Yet Referred,Hon Rabiu Yusuf
17835e66-19c6-41ba-9704-ac6e4138c7d5,"Regional Centre for Oral Health Research and Training Initiatives (Establishment, etc.) Bill, 2023",First Reading (House: 2023-07-27) -> Second Reading (Not Started) -> Committee Assignment (Not Started) -> Report (Not Started) -> Third Reading/Concurrence (Not Started) -> Harmonization (Not Started) -> Assent (Not Started),2023-07-27,,"Hon Gagdi Adamu Yusuf (APC, Plateau, Constituency: Kanke/Pankshin/Kanam)",Hon Gagdi Adamu Yusuf,Not Yet Referred,Hon Gagdi Adamu Yusuf
b125b49b-01b9-4351-8579-c870e6f2c634,"Regulation of Casual Labour in Nigeria, Bill 2024",First Reading (House: 2024-07-11) -> Second Reading (Not Started) -> Committee Assignment (Not Started) -> Report (Not Started) -> Third Reading/Concurrence (Not Started) -> Harmonization (Not Started) -> Assent (Not Started),2024-07-11,,"Hon Anthony Adebayo Adepoju (PDP, Oyo, Constituency: Ibarapa Central/Ibarapa North)",Hon Anthony Adebayo Adepoju,Not Yet Referred,Hon Anthony Adebayo Adepoju
76040649-2085-441c-a5c2-c63015684684,"Regulatory Body for Organ Harvesting, Transplanting and Donation (Establishment) Bill, 2023",First Reading (House: 2023-11-23) -> Second Reading (Not Started) -> Committee Assignment (Not Started) -> Report (Not Started) -> Third Reading/Concurrence (Not Started) -> Harmonization (Not Started) -> Assent (Not Started),2023-11-23,,"Hon Sada Soli (APC, Katsina, Constituency: Jibia/Kaita)",Hon Sada Soli,Not Yet Referred,Hon Sada Soli
5ef57e8a-0996-41b9-a5a1-4870ac1243e4,"Religious Discrimination (Prohibition, Prevention) Bill, 2023",First Reading (House: 2023-07-20) -> Second Reading (Not Started) -> Committee Assignment (Not Started) -> Report (Not Started) -> Third Reading/Concurrence (Not Started) -> Harmonization (Not Started) -> Concurrence (Not Started) -> Assent (Not Started),2023-07-20,,"Hon Saidu Musa Abdullahi (APC, Niger, Constituency: Bida/Gbako/Katcha)",Hon Saidu Musa Abdullahi,Not Yet Referred,Hon Saidu Musa Abdullahi
10e5c5c3-a0f0-441a-bc55-46385d0fe495,"Resolutions of the National Assembly Compliance Bill, 2023",First Reading (House: 2023-07-12) -> Second Reading (Not Started) -> Committee Assignment (Not Started) -> Report (Not Started) -> Third Reading/Concurrence (Not Started) -> Harmonization (Not Started) -> Assent (Not Started),2023-07-12,,"Hon Obinna Aguocha (LP, Abia, Constituency: Umuahia North/ Umuahia South/ Ikwuano)",Hon Obinna Aguocha,Not Yet Referred,Hon Obinna Aguocha
4b55c3f2-30ac-46de-816d-0dae438d574a,"Restitution of Damaged Public Property (Establishment) Bill, 2023",First Reading (House: 2023-11-16) -> Second Reading (House: 2024-03-14) -> Committee Assignment (House: 2024-03-14) -> Report (Not Started) -> Third Reading/Concurrence (Not Started) -> Harmonization (Not Started) -> Assent (Not Started),2023-11-16,2024-03-14,"Nwaeke Felix Uche (PDP, Rivers, Constituency: Eleme/Tai/Oyigbo)",Nwaeke Felix Uche,Justice,Nwaeke Felix Uche
630a8329-98ff-4526-9cf1-0f9419ef055f,"Revenue Mobilisation Allocation and Fiscal Commission Act (Repeal and Enactment) Bill, 2023",First Reading (House: 2023-10-10) -> Second Reading (House: 2023-10-26) -> Committee Assignment (House: 2023-10-26) -> Report (House: 2023-11-21) -> Third Reading/Concurrence (House: 2023-12-19) -> Harmonization (Not Started) -> Assent (Not Started),2023-10-10,2023-10-26,"Hon Adewale Hameed (APC, Lagos, Constituency: Agege)",Hon Adewale Hameed,the Whole,Hon Adewale Hameed
fec83a82-45a9-4247-b151-6899a5422171,"Revenue Mobilisation Allocation and Fiscal Commission Act (Repeal and Enactment) Bill, 2023",First Reading (House: 2023-09-26) -> Second Reading (House: 2023-10-26) -> Committee Assignment (House: 2023-10-26) -> Report (Not Started) -> Third Reading/Concurrence (Not Started) -> Harmonization (Not Started) -> Assent (Not Started),2023-09-26,2023-10-26,"Hon Francis Ejiroghene Waive (APC, Delta, Constituency: Ughelli North, Ughelli South/Udu)",Hon Francis Ejiroghene Waive,the Whole,Hon Francis Ejiroghene Waive
a4bde1cc-66cb-4a52-91ad-f8a2dea724c3,"Revenue Mobilization, Allocation and Fiscal Commission (Alteration) Bill, 2024",First Reading (House: 2024-07-18) -> Second Reading (Not Started) -> Committee Assignment (Not Started) -> Report (Not Started) -> Third Reading/Concurrence (Not Started) -> Harmonization (Not Started) -> Assent (Not Started),2024-07-18,,"Hon Paul Asuquo Ekpo (PDP, Akwa Ibom, Constituency: Etinan/Nsit Ibom/Nsit ubium)",Hon Paul Asuquo Ekpo,Not Yet Referred,Hon Paul Asuquo Ekpo
719f5857-e8be-4f39-8d8f-ebb99fc7b01b,"Reversion of Forfeited Assets (Regulation) Bill, 2023",First Reading (House: 2023-07-27) -> Second Reading (Not Started) -> Committee Assignment (Not Started) -> Report (Not Started) -> Third Reading/Concurrence (Not Started) -> Harmonization (Not Started) -> Assent (Not Started),2023-07-27,,"Hon Dachung Musa Bagos (PDP, Plateau, Constituency: Jos South/Jos East)",Hon Dachung Musa Bagos,Not Yet Referred,Hon Dachung Musa Bagos
156cc143-cb5d-49d5-9fdf-c324aa1e223f,"Rice Development Council Bill, 2023",First Reading (House: 2023-07-27) -> Second Reading (Not Started) -> Committee Assignment (Not Started) -> Report (Not Started) -> Third Reading/Concurrence (Not Started) -> Harmonization (Not Started) -> Assent (Not Started),2023-07-27,,"Hon Saidu Musa Abdullahi (APC, Niger, Constituency: Bida/Gbako/Katcha)",Hon Saidu Musa Abdullahi,Not Yet Referred,Hon Saidu Musa Abdullahi
88ee2a79-a680-470d-bc91-72204c055713,"Ride-Hailing and Smart Mobility Bill, 2025",First Reading (Not Started) -> Second Reading (Not Started) -> Committee Assignment (Not Started) -> Report (Not Started) -> Third Reading/Concurrence (Not Started) -> Harmonization (Not Started) -> Assent (Not Started),,,"Esosa Iyawe (LP, Edo, Constituency: Oredo)",Esosa Iyawe,Not Yet Referred,Esosa Iyawe
b1745d77-c672-4219-a7e1-05c11191f75d,"Risk Management Unit (Establishment) Bill, 2024",First Reading (House: 2024-07-18) -> Second Reading (Not Started) -> Committee Assignment (Not Started) -> Report (Not Started) -> Third Reading/Concurrence (Not Started) -> Harmonization (Not Started) -> Assent (Not Started),2024-07-18,,"Hon Paul Nnamchi (LP, Enugu, Constituency: Enugu East/Isi Uzo)",Hon Paul Nnamchi,Not Yet Referred,Hon Paul Nnamchi
24e2912e-f892-468b-b02f-54a47bf46b79,"River – Basins Development Authorities Act (Repeal and Enactment) Bill, 2023",First Reading (House: 2023-11-14) -> Second Reading (Not Started) -> Committee Assignment (Not Started) -> Report (Not Started) -> Third Reading/Concurrence (Not Started) -> Harmonization (Not Started) -> Assent (Not Started),2023-11-14,,"Hon Eze Nwachukwu Eze (APC, Ebonyi, Constituency: Ebonyi/Ohaukwu)",Hon Eze Nwachukwu Eze,Not Yet Referred,Hon Eze Nwachukwu Eze
93381cb7-e87f-41a0-a243-75bc7f9b2185,"River Basin Development Authorities Act (Amendment) Bill, 2024",First Reading (House: 2024-07-17) -> Second Reading (Not Started) -> Committee Assignment (Not Started) -> Report (Not Started) -> Third Reading/Concurrence (Not Started) -> Harmonization (Not Started) -> Assent (Not Started),2024-07-17,,"Hon Befford Onwuegbu Anayo (APC, Enugu, Constituency: Aninri/Awgu/Oji River)",Hon Befford Onwuegbu Anayo,Not Yet Referred,Hon Befford Onwuegbu Anayo
4f946810-8db7-4696-b7bd-9bf3b9d7f036,"River Niger Transit Act (Repeal) Bill, 2023",First Reading (House: 2023-07-19) -> Second Reading (House: 2023-11-23) -> Committee Assignment (House: 2023-11-23) -> Report (Not Started) -> Third Reading/Concurrence (Not Started) -> Harmonization (Not Started) -> Assent (Not Started),2023-07-19,2023-11-23,"Hon Awaji-inombek Dagomie Abiante (PDP, Rivers, Constituency: Opobo/Nkoro/Andoni)",Hon Awaji-inombek Dagomie Abiante,the Whole,Hon Awaji-inombek Dagomie Abiante
dfa65e46-5bcf-441d-a1fc-d74ae24f6e48,"Road Parking (Payment and Administration) Bill, 2023",First Reading (House: 2023-07-12) -> Second Reading (Not Started) -> Committee Assignment (Not Started) -> Report (Not Started) -> Third Reading/Concurrence (Not Started) -> Harmonization (Not Started) -> Assent (Not Started),2023-07-12,,"Hon Oluwole Oke (PDP, Osun, Constituency: Obokun/Oriade)",Hon Oluwole Oke,Not Yet Referred,Hon Oluwole Oke
35984c09-2979-421f-89da-43f0d25156e5,"Robbery and Fire Arms (Special Provisions) Act (Amendment) Bill, 2024",First Reading (House: 2024-06-11) -> Second Reading (Not Started) -> Committee Assignment (Not Started) -> Report (Not Started) -> Third Reading/Concurrence (Not Started) -> Harmonization (Not Started) -> Assent (Not Started),2024-06-11,,"Hon Okpolupm Etteh (PDP, Akwa Ibom, Constituency: Eket/Onna/Esit Eket/Ibeno)",Hon Okpolupm Etteh,Not Yet Referred,Hon Okpolupm Etteh
76c43296-48d8-4bcc-a106-f88d3c5e9cdb,"Rural Areas Development Agency (Establishment, etc) Bill, 2024",First Reading (House: 2024-06-11) -> Second Reading (Not Started) -> Committee Assignment (Not Started) -> Report (Not Started) -> Third Reading/Concurrence (Not Started) -> Harmonization (Not Started) -> Assent (Not Started),2024-06-11,,"Afam Ogene (LP, Anambra, Constituency: Ogbaru)",Afam Ogene,Not Yet Referred,Afam Ogene
bf2597a0-505f-46ad-ac6b-eb55721f3910,"Satellite Town Development Agency Bill, 2023",First Reading (House: 2023-07-27) -> Second Reading (House: 2023-07-27) -> Committee Assignment (House: 2023-07-27) -> Report (Not Started) -> Third Reading/Concurrence (Not Started) -> Harmonization (Not Started) -> Assent (Not Started),2023-07-27,2023-07-27,"Hon Julius Ihonvbere (APC, Edo, Constituency: Owan East/Owan West)",Hon Julius Ihonvbere,the Whole,Hon Julius Ihonvbere
e81a78df-5f66-4c85-9d91-8e48a8763663,"School of mines and Geological Studies, Yala Cross River State (Est) Bill, 2023",First Reading (House: 2023-07-25) -> Second Reading (Not Started) -> Committee Assignment (Not Started) -> Report (Not Started) -> Third Reading/Concurrence (Not Started) -> Harmonization (Not Started) -> Concurrence (Not Started) -> Assent (Not Started),2023-07-25,,"Hon Offiono Godwin (PDP, Cross River, Constituency: Ogoja/Yala)",Hon Offiono Godwin,Not Yet Referred,Hon Offiono Godwin
501e3f42-7ef7-4d1c-957b-44ec4742b348,"School of Nursing and Allied Professionals, Ode Lemo/Emuren, Sagamu, Ogun State (Establishment) Bill, 2025",First Reading (House: 2025-11-18) -> Second Reading (Not Started) -> Committee Assignment (Not Started) -> Report (Not Started) -> Third Reading/Concurrence (Not Started) -> Harmonization (Not Started) -> Assent (Not Started),2025-11-18,,"Adedayo Samuel Adesola (APC, Lagos, Constituency: Apapa)",Adedayo Samuel Adesola,Not Yet Referred,Adedayo Samuel Adesola
69ce294a-ab56-4d07-a293-db3082740e49,"Sea Fisheries Act (Amendment) Bill, 2023",First Reading (House: 2023-07-19) -> Second Reading (House: 2023-07-25) -> Committee Assignment (House: 2023-07-25) -> Report (Not Started) -> Third Reading/Concurrence (Not Started) -> Harmonization (Not Started) -> Assent (Not Started),2023-07-19,2023-07-25,"Hon Awaji-inombek Dagomie Abiante (PDP, Rivers, Constituency: Opobo/Nkoro/Andoni)",Hon Awaji-inombek Dagomie Abiante,the Whole,Hon Awaji-inombek Dagomie Abiante
7df1671b-c89e-437d-b97a-5938fa5cd7e6,"Sheriffs and Civil Process Act (Amendment) Bill, 2024",First Reading (House: 2024-05-08) -> Second Reading (Not Started) -> Committee Assignment (Not Started) -> Report (Not Started) -> Third Reading/Concurrence (Not Started) -> Harmonization (Not Started) -> Assent (Not Started),2024-05-08,,"Patrick Umoh (APC, Akwa Ibom, Constituency: Ikot Ekpene/Essien Udim/ Obot Akara)",Patrick Umoh,Not Yet Referred,Patrick Umoh
1c69d1c0-53b5-4f24-8fd1-800f54f3a122,"Small and Medium Enterprises Development Agency Act (Amendment) Bill, 2023",First Reading (House: 2023-12-20) -> Second Reading (Not Started) -> Committee Assignment (Not Started) -> Report (Not Started) -> Third Reading/Concurrence (Not Started) -> Harmonization (Not Started) -> Assent (Not Started),2023-12-20,,"Hon Miriam Onuoha (APC, Imo, Constituency: Isiala Mbano/Okigwe/Onuimo)",Hon Miriam Onuoha,Not Yet Referred,Hon Miriam Onuoha
2cd70376-5662-4829-9ad4-946b5e16783f,"Small Scale Enterprises Development Agency Act (Amendment) Bill, 2023",First Reading (House: 2023-10-10) -> Second Reading (Not Started) -> Committee Assignment (Not Started) -> Report (Not Started) -> Third Reading/Concurrence (Not Started) -> Harmonization (Not Started) -> Assent (Not Started),2023-10-10,,"Hon Sulaiman Gumi Abubakar (PDP, Zamfara, Constituency: Gummi/Bukkuyum)",Hon Sulaiman Gumi Abubakar,Not Yet Referred,Hon Sulaiman Gumi Abubakar
5bc2b626-ac82-41eb-93a8-016081ad8fbe,"Snake Bite and Toxicology Research and Treatment Centre, Kaltungo, Gombe State (Establishment) Bill, 2023",First Reading (House: 2023-12-21) -> Second Reading (Not Started) -> Committee Assignment (Not Started) -> Report (Not Started) -> Third Reading/Concurrence (Not Started) -> Harmonization (Not Started) -> Assent (Not Started),2023-12-21,,"Obed Paul Shehu (PDP, Gombe, Constituency: Kaltungo/Shongom)",Obed Paul Shehu,Not Yet Referred,Obed Paul Shehu
f2b36355-3d2c-409d-92d8-faadf3f63488,"Social Media Regulation Bill, 2025",First Reading (House: 2025-12-10) -> Second Reading (Not Started) -> Committee Assignment (Not Started) -> Report (Not Started) -> Third Reading/Concurrence (Not Started) -> Harmonization (Not Started) -> Assent (Not Started),2025-12-10,,"Hon Sada Soli (APC, Katsina, Constituency: Jibia/Kaita)",Hon Sada Soli,Not Yet Referred,Hon Sada Soli
44c1e909-62bd-4877-a38c-671f0e7d542f,"Social Security Bill, 2024",First Reading (House: 2024-02-08) -> Second Reading (Not Started) -> Committee Assignment (Not Started) -> Report (Not Started) -> Third Reading/Concurrence (Not Started) -> Harmonization (Not Started) -> Assent (Not Started),2024-02-08,,"Hon Tajudeen Abbas (APC, Kaduna, Constituency: Zaria)",Hon Tajudeen Abbas,Not Yet Referred,Hon Tajudeen Abbas
2a7ef8f8-7d75-4260-84f1-1e4b2de35c2a,"Social Security for Unemployed Graduate and the Aged in Nigeria, Bill, 2023",First Reading (House: 2023-07-06) -> Second Reading (Not Started) -> Committee Assignment (Not Started) -> Report (Not Started) -> Third Reading/Concurrence (Not Started) -> Harmonization (Not Started) -> Assent (Not Started),2023-07-06,,"Hon Tajudeen Abbas (APC, Kaduna, Constituency: Zaria)",Hon Tajudeen Abbas,Not Yet Referred,Hon Tajudeen Abbas
f2250983-a008-4276-8f42-8f25fd144a3d,"Solid Waste Management Programme, Bill 2024",First Reading (Not Started) -> Second Reading (Not Started) -> Committee Assignment (Not Started) -> Report (Not Started) -> Third Reading/Concurrence (Not Started) -> Harmonization (Not Started) -> Assent (Not Started),,,"Afam Ogene (LP, Anambra, Constituency: Ogbaru)",Afam Ogene,Not Yet Referred,Afam Ogene
8ccda455-a71e-4469-950a-c97d826a279f,"South East Erosion Control Commission (Establishment) Bill, 2024",First Reading (House: 2024-06-06) -> Second Reading (Not Started) -> Committee Assignment (Not Started) -> Report (Not Started) -> Third Reading/Concurrence (Not Started) -> Harmonization (Not Started) -> Assent (Not Started),2024-06-06,,"Hon Emeka Martins Chinedu (PDP, Imo, Constituency: Ahiazu Mbaise/Ezinihitte)",Hon Emeka Martins Chinedu,Not Yet Referred,Hon Emeka Martins Chinedu
c3405073-9df4-4dba-a304-d6d0ffd71c9c,"South East Erosion Control Commission Bill, 2024",First Reading (House: 2024-07-17) -> Second Reading (Not Started) -> Committee Assignment (Not Started) -> Report (Not Started) -> Third Reading/Concurrence (Not Started) -> Harmonization (Not Started) -> Assent (Not Started),2024-07-17,,"Hon Emeka Martins Chinedu (PDP, Imo, Constituency: Ahiazu Mbaise/Ezinihitte)",Hon Emeka Martins Chinedu,Not Yet Referred,Hon Emeka Martins Chinedu
92836291-b616-4551-89de-0f2bb20e458f,"South South Development Commission (Establishment) Bill, 2023",First Reading (House: 2023-07-19) -> Second Reading (House: 2023-11-23) -> Committee Assignment (House: 2023-11-23) -> Report (House: 2024-06-11) -> Third Reading/Concurrence (House: 2024-06-11) -> Harmonization (Not Started) -> Assent (Not Started),2023-07-19,2023-11-23,"Hon Awaji-inombek Dagomie Abiante (PDP, Rivers, Constituency: Opobo/Nkoro/Andoni)",Hon Awaji-inombek Dagomie Abiante,the Whole,Hon Awaji-inombek Dagomie Abiante
ecb285dd-8e47-44bd-9efd-146485d762f3,"South West Development Commission (Establishment) Bill, 2023",First Reading (House: 2023-12-19) -> Second Reading (Not Started) -> Committee Assignment (Not Started) -> Report (Not Started) -> Third Reading/Concurrence (Not Started) -> Harmonization (Not Started) -> Assent (Not Started),2023-12-19,,"Moshood Olanrewaju Oshun (APC, Lagos, Constituency: Lagos Mainland)",Moshood Olanrewaju Oshun,Not Yet Referred,Moshood Olanrewaju Oshun
f982a2a3-17f0-48a9-8aec-b9a3ff9c7d5b,"South-South Development Commission Act (Amendment) Bill, 2025",First Reading (House: 2025-12-16) -> Second Reading (Not Started) -> Committee Assignment (Not Started) -> Report (Not Started) -> Third Reading/Concurrence (Not Started) -> Harmonization (Not Started) -> Assent (Not Started),2025-12-16,,"Hon Julius Gbabojor Pondi (PDP, Delta, Constituency: Burutu)",Hon Julius Gbabojor Pondi,Not Yet Referred,Hon Julius Gbabojor Pondi
bdc10a9d-375a-46a9-88a4-d1432ba5c886,"South–East Development Commission (Establishment) Bill, 2023",First Reading (House: 2023-10-12) -> Second Reading (House: 2023-12-20) -> Committee Assignment (House: 2023-12-20) -> Report (House: 2023-12-21) -> Third Reading/Concurrence (House: 2023-12-21) -> Harmonization (Not Started) -> Assent (Not Started),2023-10-12,2023-12-20,"Hon Benjamin Kalu (APC, Abia, Constituency: Bende)",Hon Benjamin Kalu,the Whole,Hon Benjamin Kalu
708736de-0564-46f4-8473-77e55d4c71b6,"Southeast Development Commission (Est) Bill, 2023",First Reading (House: 2023-07-26) -> Second Reading (Not Started) -> Committee Assignment (Not Started) -> Report (Not Started) -> Third Reading/Concurrence (Not Started) -> Harmonization (Not Started) -> Assent (Not Started),2023-07-26,,"Hon Mathew Nwogu (LP, Imo, Constituency: Aboh Mbaise/Ngor Okpala)",Hon Mathew Nwogu,Not Yet Referred,Hon Mathew Nwogu
189943cb-6a6f-40b7-850d-3a520fa071de,"Southeast Development Commission (Establishment) Bill, 2023",First Reading (House: 2023-07-27) -> Second Reading (Not Started) -> Committee Assignment (Not Started) -> Report (Not Started) -> Third Reading/Concurrence (Not Started) -> Harmonization (Not Started) -> Assent (Not Started),2023-07-27,,"Hon Ugochinyere Onyinye Ikeagwuonu (PDP, Imo, Constituency: Ideato North/Ideato South)",Hon Ugochinyere Onyinye Ikeagwuonu,Not Yet Referred,Hon Ugochinyere Onyinye Ikeagwuonu
6737e1ff-2a55-4c6b-80df-5edb1094e0b9,"Southeast Development Commission (Establishment) Bill, 2023",First Reading (House: 2023-07-18) -> Second Reading (Not Started) -> Committee Assignment (Not Started) -> Report (Not Started) -> Third Reading/Concurrence (Not Started) -> Harmonization (Not Started) -> Concurrence (Not Started) -> Assent (Not Started),2023-07-18,,"Hon Pascal Agbodike (APGA, Anambra, Constituency: Ihiala)",Hon Pascal Agbodike,Not Yet Referred,Hon Pascal Agbodike
a64c8af4-60bf-475a-ae70-8eefa247e4c3,"Southwest Development Commission (Est) Bill, 2023",First Reading (House: 2023-07-26) -> Second Reading (House: 2024-05-21) -> Committee Assignment (House: 2024-05-21) -> Report (House: 2024-06-06) -> Third Reading/Concurrence (House: 2024-07-09) -> Harmonization (Not Started) -> Assent (Not Started),2023-07-26,2024-05-21,"Hon Aliu Ademorin Kuye (APC, Lagos, Constituency: Shomolu)",Hon Aliu Ademorin Kuye,the Whole,Hon Aliu Ademorin Kuye
45370df9-f4bf-478a-90c3-322297da0f23,"Stamp Duties (Repeal and Enactment) Bill, 2023",First Reading (House: 2023-11-22) -> Second Reading (Not Started) -> Committee Assignment (Not Started) -> Report (Not Started) -> Third Reading/Concurrence (Not Started) -> Harmonization (Not Started) -> Assent (Not Started),2023-11-22,,"Hon Jeremiah Umaru (APC, Nasarawa, Constituency: Akwanga/Nassarawa Eggon/ Wamba)",Hon Jeremiah Umaru,Not Yet Referred,Hon Jeremiah Umaru
2af7d739-9ab9-43b0-acab-3506911fbca5,"Standards Organisation of Nigeria Act (Amendment) Bill, 2023",First Reading (House: 2023-11-16) -> Second Reading (Not Started) -> Committee Assignment (Not Started) -> Report (Not Started) -> Third Reading/Concurrence (Not Started) -> Harmonization (Not Started) -> Assent (Not Started),2023-11-16,,"Hon Alex Egbona (PDP, Cross River, Constituency: Yakurr/Abi)",Hon Alex Egbona,Not Yet Referred,Hon Alex Egbona
dd0b1fa6-0818-41bc-b7c8-f446718f3613,"Standards Organisation of Nigeria Act (Amendment) Bill, 2023",First Reading (House: 2023-10-25) -> Second Reading (Not Started) -> Committee Assignment (Not Started) -> Report (Not Started) -> Third Reading/Concurrence (Not Started) -> Harmonization (Not Started) -> Assent (Not Started),2023-10-25,,"Hon Mohammed Bello El-Rufai (APC, Kaduna, Constituency: Kaduna North)",Hon Mohammed Bello El-Rufai,Not Yet Referred,Hon Mohammed Bello El-Rufai
71051a76-1e9c-4d10-a6ca-000b91b54416,"Standards Organisation of Nigeria Act (Amendment) Bill, 2024",First Reading (House: 2024-07-17) -> Second Reading (Not Started) -> Committee Assignment (Not Started) -> Report (Not Started) -> Third Reading/Concurrence (Not Started) -> Harmonization (Not Started) -> Assent (Not Started),2024-07-17,,"Hon Emmanuel Effiong Ukpong-udo (PDP, Akwa Ibom, Constituency: Ikono/Ini)",Hon Emmanuel Effiong Ukpong-udo,Not Yet Referred,Hon Emmanuel Effiong Ukpong-udo
f3cde68e-e025-41bc-8a8f-ba6bc6aaeaa6,"Standards Organisation of Nigeria Act (Repeal and Enactment) Bill, 2023",First Reading (House: 2023-10-10) -> Second Reading (Not Started) -> Committee Assignment (Not Started) -> Report (Not Started) -> Third Reading/Concurrence (Not Started) -> Harmonization (Not Started) -> Assent (Not Started),2023-10-10,,"Hon Adewale Hameed (APC, Lagos, Constituency: Agege)",Hon Adewale Hameed,Not Yet Referred,Hon Adewale Hameed
adee0191-84e8-4811-9c6f-1e8b7e8bfd95,"Standards Organisation of Nigeria, Act (Amendment) Bill, 2023",First Reading (House: 2023-07-20) -> Second Reading (Not Started) -> Committee Assignment (Not Started) -> Report (Not Started) -> Third Reading/Concurrence (Not Started) -> Harmonization (Not Started) -> Assent (Not Started),2023-07-20,,"Hon Saidu Musa Abdullahi (APC, Niger, Constituency: Bida/Gbako/Katcha)",Hon Saidu Musa Abdullahi,Not Yet Referred,Hon Saidu Musa Abdullahi
ee381e20-9c4f-4102-98c2-d5d55942c738,"Standards Organization of Nigeria Act (Repeal and Enactment) Bill, 2023",First Reading (House: 2023-10-03) -> Second Reading (Not Started) -> Committee Assignment (Not Started) -> Report (Not Started) -> Third Reading/Concurrence (Not Started) -> Harmonization (Not Started) -> Assent (Not Started),2023-10-03,,"Hon Julius Ihonvbere (APC, Edo, Constituency: Owan East/Owan West)",Hon Julius Ihonvbere,Not Yet Referred,Hon Julius Ihonvbere
c2e57224-3d66-469e-94d6-393c06d9f9e3,"Standards Organization of Nigeria Act, (Repeal and Enactment) Bill, 2023",First Reading (House: 2023-10-17) -> Second Reading (House: 2023-10-26) -> Committee Assignment (House: 2023-10-26) -> Report (Not Started) -> Third Reading/Concurrence (Not Started) -> Harmonization (Not Started) -> Assent (Not Started),2023-10-17,2023-10-26,"Hon Julius Ihonvbere (APC, Edo, Constituency: Owan East/Owan West); Hon Akanni Enitan Dolapo-badru (APC, Lagos, Constituency: Lagos Island I)",Hon Julius Ihonvbere; Hon Akanni Enitan Dolapo-badru,the Whole,Hon Julius Ihonvbere
03d6f00a-cc2a-417c-ad32-2313fa30cf42,"State Internally Generated Revenue (Disbursement) Bill, 2024",First Reading (Not Started) -> Second Reading (Not Started) -> Committee Assignment (Not Started) -> Report (Not Started) -> Third Reading/Concurrence (Not Started) -> Harmonization (Not Started) -> Assent (Not Started),,,"Hon Babajimi Adegoke Benson (APC, Lagos, Constituency: Ikorodu); Cryril Hart Godwin (PDP, Rivers, Constituency: Degema/Bonny)",Hon Babajimi Adegoke Benson; Cryril Hart Godwin,Not Yet Referred,Hon Babajimi Adegoke Benson
2dac4cd6-1ac6-46fe-bbbe-585b9cee6a8f,"Statistics Act (Repeal and Enactment) Bill, 2025",First Reading (House: 2025-07-22) -> Second Reading (Not Started) -> Committee Assignment (Not Started) -> Report (Not Started) -> Third Reading/Concurrence (Not Started) -> Harmonization (Not Started) -> Assent (Not Started),2025-07-22,,"Hon Tajudeen Abbas (APC, Kaduna, Constituency: Zaria); Hon Gboyega Nasir Isiaka (APC, Ogun, Constituency: Egbado North/Imeko-Afon)",Hon Tajudeen Abbas; Hon Gboyega Nasir Isiaka,Not Yet Referred,Hon Tajudeen Abbas
b8b9c03c-9b96-418b-99a2-61696fa0d3ea,"Statutory Bodies (Annual Reports) Bill, 2023",First Reading (House: 2023-07-18) -> Second Reading (Not Started) -> Committee Assignment (Not Started) -> Report (Not Started) -> Third Reading/Concurrence (Not Started) -> Harmonization (Not Started) -> Concurrence (Not Started) -> Assent (Not Started),2023-07-18,,"Hon Benjamin Kalu (APC, Abia, Constituency: Bende)",Hon Benjamin Kalu,Not Yet Referred,Hon Benjamin Kalu
90370a82-d849-48b9-956b-a08c8f3a05f1,"Strategic Intelligence Management Institute (Establishment) Bill, 2025",First Reading (House: 2025-10-30) -> Second Reading (House: 2026-03-11) -> Committee Assignment (Not Started) -> Report (Not Started) -> Third Reading/Concurrence (Not Started) -> Harmonization (Not Started) -> Assent (Not Started),2025-10-30,2026-03-11,"Hon Satomi Alhaji Ahmad (APC, Borno, Constituency: Jere); Hon Adamu Ibrahim Gamawa (APC, Bauchi, Constituency: Gamawa)",Hon Satomi Alhaji Ahmad; Hon Adamu Ibrahim Gamawa,Not Yet Referred,Hon Satomi Alhaji Ahmad
7febb23d-880d-4160-84b8-9c7532388916,Student Loan (Access to Education) Act (Amendment) 2023,First Reading (House: 2023-07-18) -> Second Reading (Not Started) -> Committee Assignment (Not Started) -> Report (Not Started) -> Third Reading/Concurrence (Not Started) -> Harmonization (Not Started) -> Assent (Not Started),2023-07-18,,"Hon Bashiru Usman Gorau (PDP, Sokoto, Constituency: Goronyo/Gada)",Hon Bashiru Usman Gorau,Not Yet Referred,Hon Bashiru Usman Gorau
f58e5a70-f7c7-491a-9398-640544af156c,"Students Loans (Access to Higher Education) Act (Repeal and Enactment) Bill, 2024",First Reading (House: 2024-03-14) -> Second Reading (House: 2024-03-14) -> Committee Assignment (House: 2024-03-14) -> Report (House: 2024-03-20) -> Third Reading/Concurrence (House: 2024-03-20) -> Harmonization (Not Started) -> Assent (Not Started),2024-03-14,2024-03-14,"Executive (APC, N/A, Constituency: .)",Executive,"Students Loans, Scholarships and Higher Education Financing.",Executive
a1ce5cbe-ea4e-4e86-81c1-5dac45c92a38,"Sugarcane Research Institute Bill, 2024",First Reading (House: 2024-07-23) -> Second Reading (Not Started) -> Committee Assignment (Not Started) -> Report (Not Started) -> Third Reading/Concurrence (Not Started) -> Harmonization (Not Started) -> Assent (Not Started),2024-07-23,,"Hon Ajilo Umar (PDP, Kaduna, Constituency: Makarfi/Kudan)",Hon Ajilo Umar,Not Yet Referred,Hon Ajilo Umar
bbd7fe60-6596-4e8c-b648-d5059b57a84a,"Supplementary Appropriation (Amendment) Bill, 2024",First Reading (House: 2024-03-20) -> Second Reading (House: 2024-03-20) -> Committee Assignment (House: 2024-03-20) -> Report (House: 2024-03-20) -> Third Reading/Concurrence (House: 2024-03-20) -> Harmonization (Not Started) -> Assent (Not Started),2024-03-20,2024-03-20,"Executive (APC, N/A, Constituency: .)",Executive,Supply,Executive
e5893c80-6d81-4eda-8e65-394d539e4a24,"Supplementary Appropriation Bill, 2023",First Reading (House: 2023-10-31) -> Second Reading (House: 2023-10-31) -> Committee Assignment (House: 2023-10-31) -> Report (House: 2023-11-02) -> Third Reading/Concurrence (Not Started) -> Harmonization (Not Started) -> Assent (Not Started),2023-10-31,2023-10-31,"Executive (APC, N/A, Constituency: .)",Executive,Appropriations,Executive
659066db-336b-40be-8e24-03bfc56ff6e7,"Supplementary Appropriations Act (Amendment) Bill, 2023",First Reading (House: 2023-12-21) -> Second Reading (House: 2023-12-21) -> Committee Assignment (House: 2023-12-21) -> Report (House: 2023-12-21) -> Third Reading/Concurrence (House: 2023-12-21) -> Harmonization (Not Started) -> Assent (Not Started),2023-12-21,2023-12-21,"Executive (APC, N/A, Constituency: .)",Executive,Supply,Executive
a74deaba-f6b2-46ea-8d77-3d94fe30878f,"Surrogacy Bill, 2024",First Reading (House: 2024-02-27) -> Second Reading (House: 2024-10-03) -> Committee Assignment (House: 2024-10-03) -> Report (Not Started) -> Third Reading/Concurrence (Not Started) -> Harmonization (Not Started) -> Assent (Not Started),2024-02-27,2024-10-03,"Hon Ayodeji Alao (APC, Oyo, Constituency: Ogbomoso North/ Ogbomoso South/Orire)",Hon Ayodeji Alao,HealthCare Services,Hon Ayodeji Alao
0deb72ab-73d0-41bf-b514-52d0fd58485e,"Sustainable Mining Infrastructure Development Bill, 2023",First Reading (House: 2023-11-01) -> Second Reading (Not Started) -> Committee Assignment (Not Started) -> Report (Not Started) -> Third Reading/Concurrence (Not Started) -> Harmonization (Not Started) -> Assent (Not Started),2023-11-01,,"Hon Uchenna Okonkwo (LP, Anambra, Constituency: Idemili North/Idemili South)",Hon Uchenna Okonkwo,Not Yet Referred,Hon Uchenna Okonkwo
96c7e20e-3e05-492b-8e8f-d6f87fa9f3f5,"Taxes and Levies (Approved list for collection) Act (Amendment) Bill, 2024",First Reading (House: 2024-03-13) -> Second Reading (Not Started) -> Committee Assignment (Not Started) -> Report (Not Started) -> Third Reading/Concurrence (Not Started) -> Harmonization (Not Started) -> Assent (Not Started),2024-03-13,,"Hon Mansur Manu Soro (APC, Bauchi, Constituency: Darazo/Gunjuwa)",Hon Mansur Manu Soro,Not Yet Referred,Hon Mansur Manu Soro
9ee40808-6f38-4195-92ab-39d0d0cd20d0,"Teachers Registration Council Act (Amendment) Bill, 2023",First Reading (House: 2023-10-04) -> Second Reading (Not Started) -> Committee Assignment (Not Started) -> Report (Not Started) -> Third Reading/Concurrence (Not Started) -> Harmonization (Not Started) -> Assent (Not Started),2023-10-04,,"Hon Ereyitomi Thomas (PDP, Delta, Constituency: Warri North/Warri South/ Warri South West)",Hon Ereyitomi Thomas,Not Yet Referred,Hon Ereyitomi Thomas
cd2ed4c2-4503-449b-926b-5f7449d8012b,"Technologies and Scientist (Registration, etc.) Bill, 2024",First Reading (House: 2024-07-23) -> Second Reading (Not Started) -> Committee Assignment (Not Started) -> Report (Not Started) -> Third Reading/Concurrence (Not Started) -> Harmonization (Not Started) -> Assent (Not Started),2024-07-23,,"Hon Paul Nnamchi (LP, Enugu, Constituency: Enugu East/Isi Uzo)",Hon Paul Nnamchi,Not Yet Referred,Hon Paul Nnamchi
08dea982-7df1-425f-b6f0-81f214e2e287,"Telecommunications Facilities (Lawful Interception of Information) Bill, 2023",First Reading (House: 2023-12-21) -> Second Reading (Not Started) -> Committee Assignment (Not Started) -> Report (Not Started) -> Third Reading/Concurrence (Not Started) -> Harmonization (Not Started) -> Assent (Not Started),2023-12-21,,"Hon Benjamin Kalu (APC, Abia, Constituency: Bende)",Hon Benjamin Kalu,Not Yet Referred,Hon Benjamin Kalu
69f52b0c-e0d9-4ea2-b319-c4e7ae56d515,"Tertiary Education Tax Fund Act (Amendment) Bill, 2024",First Reading (House: 2024-03-20) -> Second Reading (Not Started) -> Committee Assignment (Not Started) -> Report (Not Started) -> Third Reading/Concurrence (Not Started) -> Harmonization (Not Started) -> Assent (Not Started),2024-03-20,,"Ali Isa (PDP, Gombe, Constituency: Balanga/Billiri)",Ali Isa,Not Yet Referred,Ali Isa
83661652-1ccd-454a-9080-f90452fd9d65,"Tertiary Education Trust Fund (Amendment) Bill, 2025",First Reading (Not Started) -> Second Reading (Not Started) -> Committee Assignment (Not Started) -> Report (Not Started) -> Third Reading/Concurrence (Not Started) -> Harmonization (Not Started) -> Assent (Not Started),,,"Hon Abdulmumin Ari Mohammed (APC, Nasarawa, Constituency: Nassarawa/Toto)",Hon Abdulmumin Ari Mohammed,Not Yet Referred,Hon Abdulmumin Ari Mohammed
e56cbb88-261a-43b1-bf15-85bc81bb4f3b,"Tertiary Education Trust Fund (Establishment) Act (Amendment) Bill, 2023",First Reading (House: 2023-07-20) -> Second Reading (Not Started) -> Committee Assignment (Not Started) -> Report (Not Started) -> Third Reading/Concurrence (Not Started) -> Harmonization (Not Started) -> Assent (Not Started),2023-07-20,,"Hon Saidu Musa Abdullahi (APC, Niger, Constituency: Bida/Gbako/Katcha)",Hon Saidu Musa Abdullahi,Not Yet Referred,Hon Saidu Musa Abdullahi
75bd0f1a-d05c-4c85-8a68-4616d29acf7a,"Tertiary Education Trust Fund Act (Amendment) Bill, 2023",First Reading (House: 2023-07-25) -> Second Reading (Not Started) -> Committee Assignment (Not Started) -> Report (Not Started) -> Third Reading/Concurrence (Not Started) -> Harmonization (Not Started) -> Assent (Not Started),2023-07-25,,"Hon Dachung Musa Bagos (PDP, Plateau, Constituency: Jos South/Jos East)",Hon Dachung Musa Bagos,Not Yet Referred,Hon Dachung Musa Bagos
be6a35d3-b327-434a-b04d-525637809544,"Tertiary Education Trust Fund Act (Amendment) Bill, 2023",First Reading (House: 2023-07-05) -> Second Reading (Not Started) -> Committee Assignment (Not Started) -> Report (Not Started) -> Third Reading/Concurrence (Not Started) -> Harmonization (Not Started) -> Assent (Not Started),2023-07-05,,"Hon Tajudeen Abbas (APC, Kaduna, Constituency: Zaria)",Hon Tajudeen Abbas,Not Yet Referred,Hon Tajudeen Abbas
5e78314c-d9bd-4d2a-afc0-f39d338f9e40,"Tertiary Education Trust Fund Act (Amendment) Bill, 2024",First Reading (Not Started) -> Second Reading (Not Started) -> Committee Assignment (Not Started) -> Report (Not Started) -> Third Reading/Concurrence (Not Started) -> Harmonization (Not Started) -> Assent (Not Started),,,"Afam Ogene (LP, Anambra, Constituency: Ogbaru)",Afam Ogene,Not Yet Referred,Afam Ogene
828b2c15-d18c-40b7-ba72-8ba3b40c86a3,"Tertiary Hospitals Development Tax Fund (Establishment) Bill, 2023",First Reading (House: 2023-07-27) -> Second Reading (Not Started) -> Committee Assignment (Not Started) -> Report (Not Started) -> Third Reading/Concurrence (Not Started) -> Harmonization (Not Started) -> Assent (Not Started),2023-07-27,,"Hon Olatunji Akinosi (APC, Ogun, Constituency: Ado-Odo/Ota)",Hon Olatunji Akinosi,Not Yet Referred,Hon Olatunji Akinosi
c981a9d9-750f-47a5-b287-baeb1785af72,The Bill on Protection of Human Rights Defenders,First Reading (Not Started) -> Second Reading (House: 2025-03-11) -> Committee Assignment (House: 2025-03-11) -> Report (Not Started) -> Third Reading/Concurrence (Not Started) -> Harmonization (Not Started) -> Assent (Not Started),,2025-03-11,"Hon Lukman Mudashiru (PDP, Osun, Constituency: Ayedire/Iwo/Ola-Oluwa); Hon Abiola Peter Makinde (APC, Ondo, Constituency: Ondo East/Ondo West)",Hon Lukman Mudashiru; Hon Abiola Peter Makinde,Human Rights,Hon Lukman Mudashiru
bd9b85df-a72a-4dca-9783-3c0ba875d602,The Bill to Amend the Public Complaints Commission Act 2025,First Reading (Not Started) -> Second Reading (House: 2025-12-16) -> Committee Assignment (House: 2025-12-16) -> Report (Not Started) -> Third Reading/Concurrence (Not Started) -> Harmonization (Not Started) -> Assent (Not Started),,2025-12-16,"Hon Ganiyu Ayuba (APC, Lagos, Constituency: Alimosho)",Hon Ganiyu Ayuba,Public Petitions,Hon Ganiyu Ayuba
1d157f0c-e8a2-406c-aebd-1b2679d37aec,The Bill to Establish the Statutory National Decarbonization Authority (NDA),First Reading (Not Started) -> Second Reading (House: 2025-12-16) -> Committee Assignment (House: 2025-12-16) -> Report (Not Started) -> Third Reading/Concurrence (Not Started) -> Harmonization (Not Started) -> Assent (Not Started),,2025-12-16,"Hon Sesi Whingan (APC, Lagos, Constituency: Badagry)",Hon Sesi Whingan,Renewable Energy,Hon Sesi Whingan
7aaa4658-e9c9-4ca9-ba26-c9d74028af1e,"Theophilus Yakubu Danjuma Federal University of Agriculture and Solid Minerals Jalingo, Taraba State (Est.) Bill, 2025",First Reading (Not Started) -> Second Reading (Not Started) -> Committee Assignment (Not Started) -> Report (Not Started) -> Third Reading/Concurrence (Not Started) -> Harmonization (Not Started) -> Assent (Not Started),,,"Sadiq Abbas Tafida (PDP, Taraba, Constituency: Jalingo/Yorro/Zing)",Sadiq Abbas Tafida,Not Yet Referred,Sadiq Abbas Tafida
52158af7-12e6-408e-96f3-a9cb6e8285ac,"Tourism Development Trust Fund Bill, 2024",First Reading (House: 2024-09-26) -> Second Reading (Not Started) -> Committee Assignment (Not Started) -> Report (Not Started) -> Third Reading/Concurrence (Not Started) -> Harmonization (Not Started) -> Assent (Not Started),2024-09-26,,"Hon Olufemi Richard Bamisile (APC, Ekiti, Constituency: Emure/Gbonyin/Ekiti East)",Hon Olufemi Richard Bamisile,Not Yet Referred,Hon Olufemi Richard Bamisile
bda1eeeb-4cae-4d8c-9a30-124d68d32e4e,"Trade and Investment Agreement (Reform and Miscellaneous Provisions) Bill, 2023",First Reading (House: 2023-07-18) -> Second Reading (Not Started) -> Committee Assignment (Not Started) -> Report (Not Started) -> Third Reading/Concurrence (Not Started) -> Harmonization (Not Started) -> Concurrence (Not Started) -> Assent (Not Started),2023-07-18,,"Hon Benjamin Kalu (APC, Abia, Constituency: Bende)",Hon Benjamin Kalu,Not Yet Referred,Hon Benjamin Kalu
5ba0e661-7b3c-4fc0-aaa3-486df8f426ad,"Trade Dispute (Essential Services) Bill, 2023",First Reading (House: 2023-10-31) -> Second Reading (House: 2024-06-11) -> Committee Assignment (House: 2024-06-11) -> Report (Not Started) -> Third Reading/Concurrence (Not Started) -> Harmonization (Not Started) -> Assent (Not Started),2023-10-31,2024-06-11,"Hon Paul Nnamchi (LP, Enugu, Constituency: Enugu East/Isi Uzo)",Hon Paul Nnamchi,"Labour, Employment and Productivity",Hon Paul Nnamchi
2cb95360-53bd-4bdd-b90e-6c2b0adf53af,"Trade Dispute Act (Amendment) Bill, 2023",First Reading (House: 2023-07-27) -> Second Reading (Not Started) -> Committee Assignment (Not Started) -> Report (Not Started) -> Third Reading/Concurrence (Not Started) -> Harmonization (Not Started) -> Assent (Not Started),2023-07-27,,"Hon Rabiu Yusuf (NNPP, Kano, Constituency: Sumaila/Takai)",Hon Rabiu Yusuf,Not Yet Referred,Hon Rabiu Yusuf
fa3e4574-6531-40d8-9058-d5c33d8ec8f9,"Trade Union Act (Amendment) Bill, 2023",First Reading (House: 2023-07-27) -> Second Reading (Not Started) -> Committee Assignment (Not Started) -> Report (Not Started) -> Third Reading/Concurrence (Not Started) -> Harmonization (Not Started) -> Assent (Not Started),2023-07-27,,"Hon Sesi Whingan (APC, Lagos, Constituency: Badagry)",Hon Sesi Whingan,Not Yet Referred,Hon Sesi Whingan
888e1a2c-d2ae-40a7-a475-4acb7607c7ef,"Traditional Complementary and Alternative Medicine Council of Nigeria (Establishment) Bill, 2023",First Reading (House: 2023-09-26) -> Second Reading (House: 2023-10-10) -> Committee Assignment (House: 2023-10-10) -> Report (House: 2024-03-20) -> Third Reading/Concurrence (House: 2024-03-20) -> Harmonization (Not Started) -> Assent (Not Started),2023-09-26,2023-10-10,"Hon Alex Egbona (PDP, Cross River, Constituency: Yakurr/Abi)",Hon Alex Egbona,the Whole,Hon Alex Egbona
d0cdcdf9-9245-4b25-9feb-8063e53b0483,"Trafficking in Persons (Prohibition) Law Enforcement and Administration Act (Amendment) Bill, 2023",First Reading (House: 2023-11-14) -> Second Reading (Not Started) -> Committee Assignment (Not Started) -> Report (Not Started) -> Third Reading/Concurrence (Not Started) -> Harmonization (Not Started) -> Assent (Not Started),2023-11-14,,"Hon Akanni Enitan Dolapo-badru (APC, Lagos, Constituency: Lagos Island I)",Hon Akanni Enitan Dolapo-badru,Not Yet Referred,Hon Akanni Enitan Dolapo-badru
a23d9f75-ce50-4f87-90c7-852382130dc7,"Transition and Assumption of Office Bill, 2023",First Reading (House: 2023-11-28) -> Second Reading (Not Started) -> Committee Assignment (Not Started) -> Report (Not Started) -> Third Reading/Concurrence (Not Started) -> Harmonization (Not Started) -> Assent (Not Started),2023-11-28,,"Hon Abdulraheem Olatunji Olawuyi (APC, Kwara, Constituency: Ekiti/Isin/Irepodun/Oke-Ero)",Hon Abdulraheem Olatunji Olawuyi,Not Yet Referred,Hon Abdulraheem Olatunji Olawuyi
30f75113-6ac1-4d19-a428-064f2161bf24,"Transparency and Accountability in Public Services Bill, 2025",First Reading (Not Started) -> Second Reading (Not Started) -> Committee Assignment (Not Started) -> Report (Not Started) -> Third Reading/Concurrence (Not Started) -> Harmonization (Not Started) -> Assent (Not Started),,,"Esosa Iyawe (LP, Edo, Constituency: Oredo)",Esosa Iyawe,Not Yet Referred,Esosa Iyawe
3388d298-4a95-4325-bf82-9f1430a157b9,"Treaty (Making Procedure, etc.) Act (Amendment) Bill, 2025",First Reading (Not Started) -> Second Reading (Not Started) -> Committee Assignment (Not Started) -> Report (Not Started) -> Third Reading/Concurrence (Not Started) -> Harmonization (Not Started) -> Assent (Not Started),,,"Hon Amobi Ogah (LP, Abia, Constituency: Isuikwuato/Umu-Nneochi); Hon Ahmadu Usman Jaha (APC, Borno, Constituency: Damboa/Gwoza/Chibok); Hon David Idris Zacharias (APC, Kogi, Constituency: Idah/Igalamela Odolu/Ibaji/ Ofu); Hon Julius Ihonvbere (APC, Edo, Constituency: Owan East/Owan West); Hon Kingsley Chinda (PDP, Rivers, Constituency: Obio/Akpor); Hon Muktar Tolani Shagaya (APC, Kwara, Constituency: Ilorin West/Asa); Hon Benjamin Kalu (APC, Abia, Constituency: Bende)",Hon Amobi Ogah; Hon Ahmadu Usman Jaha; Hon David Idris Zacharias; Hon Julius Ihonvbere; Hon Kingsley Chinda; Hon Muktar Tolani Shagaya; Hon Benjamin Kalu,Not Yet Referred,Hon Amobi Ogah
d6ab3ebd-a700-43d7-bdb1-058c5fb7ca60,"Tribunal of Inquiry Act (Amendment) Bill, 2023",First Reading (House: 2023-11-16) -> Second Reading (Not Started) -> Committee Assignment (Not Started) -> Report (Not Started) -> Third Reading/Concurrence (Not Started) -> Harmonization (Not Started) -> Assent (Not Started),2023-11-16,,"Hon Abubakar Hassan Nalaraba (APC, Nasarawa, Constituency: Awe/Doma/Keana)",Hon Abubakar Hassan Nalaraba,Not Yet Referred,Hon Abubakar Hassan Nalaraba
a4342222-c1c5-4cf5-8dec-f459a3858c15,"Tribunals of Inquiry Act (Amendment) Bill, 2023",First Reading (House: 2023-07-27) -> Second Reading (Not Started) -> Committee Assignment (Not Started) -> Report (Not Started) -> Third Reading/Concurrence (Not Started) -> Harmonization (Not Started) -> Assent (Not Started),2023-07-27,,"Hon Rabiu Yusuf (NNPP, Kano, Constituency: Sumaila/Takai)",Hon Rabiu Yusuf,Not Yet Referred,Hon Rabiu Yusuf
3c5473a3-62c2-443e-b912-c8b67e5e4198,"Ugwuta Sea Port (Establishment) Bill, 2025",First Reading (Not Started) -> Second Reading (Not Started) -> Committee Assignment (Not Started) -> Report (Not Started) -> Third Reading/Concurrence (Not Started) -> Harmonization (Not Started) -> Assent (Not Started),,,"Hon Paul Nnamchi (LP, Enugu, Constituency: Enugu East/Isi Uzo)",Hon Paul Nnamchi,Not Yet Referred,Hon Paul Nnamchi
ff5cba07-f6fc-4d86-97bc-35ca5bf6cefb,"Umar Ibn El-kanemi College of Education, Science and Technology Bama, Borno State (Establishment) Bill, 2024",First Reading (House: 2024-07-17) -> Second Reading (Not Started) -> Committee Assignment (Not Started) -> Report (Not Started) -> Third Reading/Concurrence (Not Started) -> Harmonization (Not Started) -> Assent (Not Started),2024-07-17,,"Hon Zainab Gimba (APC, Borno, Constituency: Bama/Ngala/Kala-Balge)",Hon Zainab Gimba,Not Yet Referred,Hon Zainab Gimba
478ef646-6ae6-4f9f-8550-d353ecfd9786,"Unclaimed Financial Assets Commission (Establishment) Bill, 2023",First Reading (House: 2023-07-18) -> Second Reading (Not Started) -> Committee Assignment (Not Started) -> Report (Not Started) -> Third Reading/Concurrence (Not Started) -> Harmonization (Not Started) -> Concurrence (Not Started) -> Assent (Not Started),2023-07-18,,"Hon Aliu Ademorin Kuye (APC, Lagos, Constituency: Shomolu)",Hon Aliu Ademorin Kuye,Not Yet Referred,Hon Aliu Ademorin Kuye
7733301d-a6f7-4662-b01e-21c7217b4905,"Unified and Special Operations Forces (Establishment) Bill, 2023",First Reading (House: 2023-12-20) -> Second Reading (Not Started) -> Committee Assignment (Not Started) -> Report (Not Started) -> Third Reading/Concurrence (Not Started) -> Harmonization (Not Started) -> Assent (Not Started),2023-12-20,,"Hon Sulaiman Gumi Abubakar (PDP, Zamfara, Constituency: Gummi/Bukkuyum)",Hon Sulaiman Gumi Abubakar,Not Yet Referred,Hon Sulaiman Gumi Abubakar
1f648519-05c7-46eb-a0a8-418488e07ed1,"Universal Basic Education Act (Amendment) Bill, 2023",First Reading (House: 2023-11-23) -> Second Reading (Not Started) -> Committee Assignment (Not Started) -> Report (Not Started) -> Third Reading/Concurrence (Not Started) -> Harmonization (Not Started) -> Assent (Not Started),2023-11-23,,"Hon Sunday Umeha (LP, Enugu, Constituency: Ezeagu/Udi)",Hon Sunday Umeha,Not Yet Referred,Hon Sunday Umeha
f934dd76-4f5d-4650-9acb-f6f3e4d8218f,University of Jos Act (Amendment) Bill 2024,First Reading (House: 2024-04-30) -> Second Reading (Not Started) -> Committee Assignment (Not Started) -> Report (Not Started) -> Third Reading/Concurrence (Not Started) -> Harmonization (Not Started) -> Assent (Not Started),2024-04-30,,"Daniel Asama Ago (APC, Plateau, Constituency: Jos North/Bassa)",Daniel Asama Ago,Not Yet Referred,Daniel Asama Ago
3c3de76f-d6cb-4f93-9848-4c958de5b528,"University of Nigeria Act (Amendment) Bill, 2023",First Reading (House: 2023-10-19) -> Second Reading (Not Started) -> Committee Assignment (Not Started) -> Report (Not Started) -> Third Reading/Concurrence (Not Started) -> Harmonization (Not Started) -> Assent (Not Started),2023-10-19,,"Hon Benjamin Kalu (APC, Abia, Constituency: Bende)",Hon Benjamin Kalu,Not Yet Referred,Hon Benjamin Kalu
025c0a8b-0947-4fdb-82c6-3df068e12fd3,"University Teaching Hospital (Reconstruction of Board, etc.) Act (Amendment) Bill, 2023","First Reading (House: 2023-11-22, Senate: 2025-11-11) -> Second Reading (House: 2024-02-15) -> Committee Assignment (House: 2024-02-15) -> Report (House: 2024-07-11) -> Third Reading/Concurrence (Not Started) -> Harmonization (Not Started) -> Assent (Not Started)",2023-11-22,2024-02-15,"Hon Jonathan Ajirioghene Ukodhiko (PDP, Delta, Constituency: Isoko North/Isoko South)",Hon Jonathan Ajirioghene Ukodhiko,Health Institutions,Hon Jonathan Ajirioghene Ukodhiko
b043db1b-6cfd-4b10-988f-fc42e6e97b3c,"University Teaching Hospitals (Reconstitution of Board, Etc.) Act (Amendment) Bill, 2024",First Reading (House: 2024-09-25) -> Second Reading (Not Started) -> Committee Assignment (Not Started) -> Report (Not Started) -> Third Reading/Concurrence (Not Started) -> Harmonization (Not Started) -> Assent (Not Started),2024-09-25,,"Mitema Obordor (PDP, Bayelsa, Constituency: Ogbia)",Mitema Obordor,Not Yet Referred,Mitema Obordor
8b39a594-8341-4518-9052-63d0e754a562,"University Teaching Hospitals (Reconstitution of Board) Act (Amendment) Bill, 2023",First Reading (House: 2023-11-02) -> Second Reading (Not Started) -> Committee Assignment (Not Started) -> Report (Not Started) -> Third Reading/Concurrence (Not Started) -> Harmonization (Not Started) -> Assent (Not Started),2023-11-02,,"Adedayo Samuel Adesola (APC, Lagos, Constituency: Apapa)",Adedayo Samuel Adesola,Not Yet Referred,Adedayo Samuel Adesola
fc0b989e-ffc5-4373-b824-743bc1628961,"University Teaching Hospitals (Reconstitution of Boards, Etc.) Act (Amendment) Bill, 2026",First Reading (House: 2026-03-11) -> Second Reading (Not Started) -> Committee Assignment (Not Started) -> Report (Not Started) -> Third Reading/Concurrence (Not Started) -> Harmonization (Not Started) -> Assent (Not Started),2026-03-11,,"Executive (APC, N/A, Constituency: .)",Executive,Not Yet Referred,Executive
3774276b-4aad-4bd4-9654-b208f161f777,"University Teaching Hospitals (Reconstruction of Board etc. Act (Amendment) Bill, 2023",First Reading (House: 2023-11-16) -> Second Reading (Not Started) -> Committee Assignment (Not Started) -> Report (Not Started) -> Third Reading/Concurrence (Not Started) -> Harmonization (Not Started) -> Assent (Not Started),2023-11-16,,"Hon Abdulmalik Zubairu (APC, Zamfara, Constituency: Bungudu/Maru)",Hon Abdulmalik Zubairu,Not Yet Referred,Hon Abdulmalik Zubairu
65e187e4-c21b-431a-b1c2-0dc9933db10d,"Upgrade Technical School Ile Ode, Ile Ife to federal College of Education (Technical) Ile-Ife, Osun State, 2023",First Reading (House: 2023-07-27) -> Second Reading (Not Started) -> Committee Assignment (Not Started) -> Report (Not Started) -> Third Reading/Concurrence (Not Started) -> Harmonization (Not Started) -> Assent (Not Started),2023-07-27,,"Hon Taofeek Abimbola Ajilesoro (APC, Osun, Constituency: Ife Central/Ife North/Ife South/Ife East)",Hon Taofeek Abimbola Ajilesoro,Not Yet Referred,Hon Taofeek Abimbola Ajilesoro
a64136c2-8dc6-448a-87e9-11a6c96e0164,"Venture Capital and Start up investment Bill, 2023",First Reading (House: 2023-10-15) -> Second Reading (House: 2024-10-15) -> Committee Assignment (Not Started) -> Report (Not Started) -> Third Reading/Concurrence (Not Started) -> Harmonization (Not Started) -> Assent (Not Started),2023-10-15,2024-10-15,"Hon Lanre Okunlola (APC, Lagos, Constituency: Surulere II)",Hon Lanre Okunlola,Not Yet Referred,Hon Lanre Okunlola
440b262a-9fef-4adb-b1e1-71c8a0da53df,"Violence Against Persons (Prohibition) Act (Amendment) Bill, 2023",First Reading (House: 2023-11-16) -> Second Reading (Not Started) -> Committee Assignment (Not Started) -> Report (Not Started) -> Third Reading/Concurrence (Not Started) -> Harmonization (Not Started) -> Assent (Not Started),2023-11-16,,"Hon Abubakar Hassan Nalaraba (APC, Nasarawa, Constituency: Awe/Doma/Keana)",Hon Abubakar Hassan Nalaraba,Not Yet Referred,Hon Abubakar Hassan Nalaraba
4b3fe714-9271-4510-919f-16e0fcfe2391,"Violence Against Persons (Prohibition) Act (Amendment) Bill, 2023",First Reading (House: 2023-11-14) -> Second Reading (Not Started) -> Committee Assignment (Not Started) -> Report (Not Started) -> Third Reading/Concurrence (Not Started) -> Harmonization (Not Started) -> Assent (Not Started),2023-11-14,,"Hon Hassan Shehu Hussain (NNPP, Kano, Constituency: Nassarawa)",Hon Hassan Shehu Hussain,Not Yet Referred,Hon Hassan Shehu Hussain
48a778cf-0df4-4724-bd08-de1b589e0d0e,"Violence Against Persons (Prohibition) Act (Repeal and Enactment) Bill, 2023",First Reading (House: 2023-10-19) -> Second Reading (Not Started) -> Committee Assignment (Not Started) -> Report (Not Started) -> Third Reading/Concurrence (Not Started) -> Harmonization (Not Started) -> Assent (Not Started),2023-10-19,,"Chris Nkwonta (PDP, Abia, Constituency: Ukwa East/Ukwa West)",Chris Nkwonta,Not Yet Referred,Chris Nkwonta
da366877-a2a2-4290-9bdf-048a5b4c5390,"Voting Rights of Nigerian citizens living outside Nigeria, Bill, 2023",First Reading (House: 2023-07-06) -> Second Reading (Not Started) -> Committee Assignment (Not Started) -> Report (Not Started) -> Third Reading/Concurrence (Not Started) -> Harmonization (Not Started) -> Assent (Not Started),2023-07-06,,"Hon Tajudeen Abbas (APC, Kaduna, Constituency: Zaria)",Hon Tajudeen Abbas,Not Yet Referred,Hon Tajudeen Abbas
4b4ebcad-0dcf-4885-a433-070af1c97fc7,"Weights and Measures Act (Amendment) Bill, 2023",First Reading (House: 2023-07-26) -> Second Reading (Not Started) -> Committee Assignment (Not Started) -> Report (Not Started) -> Third Reading/Concurrence (Not Started) -> Harmonization (Not Started) -> Concurrence (Not Started) -> Assent (Not Started),2023-07-26,,"Hon Osi Kama Nkemkanma (LP, Ebonyi, Constituency: Ivo-Ohaozara/Onicha)",Hon Osi Kama Nkemkanma,Not Yet Referred,Hon Osi Kama Nkemkanma
b4f9d0ae-17fc-435e-b56f-83585da75a0c,"Whistle Blowing Bill, 2024",First Reading (Not Started) -> Second Reading (Not Started) -> Committee Assignment (Not Started) -> Report (Not Started) -> Third Reading/Concurrence (Not Started) -> Harmonization (Not Started) -> Assent (Not Started),,,"Hon Akintunde Rotimi (APC, Ekiti, Constituency: Ikole/Oye)",Hon Akintunde Rotimi,Not Yet Referred,Hon Akintunde Rotimi
7c1ee010-92f8-42ba-9196-f0140b24a091,"Widowhood Leave Bill, 2023",First Reading (House: 2023-07-27) -> Second Reading (House: 2024-03-19) -> Committee Assignment (House: 2024-03-19) -> Report (Not Started) -> Third Reading/Concurrence (Not Started) -> Harmonization (Not Started) -> Assent (Not Started),2023-07-27,2024-03-19,"Hon Saidu Musa Abdullahi (APC, Niger, Constituency: Bida/Gbako/Katcha)",Hon Saidu Musa Abdullahi,Women Affairs and Social Development,Hon Saidu Musa Abdullahi
1a3e4d7c-6760-4b67-abd7-6e7beaa3e670,"Wildlife Conservation Research Institute, Pandam, Qua'an Pan LGA, Plateau State (Establishment) Bill, 2025",First Reading (House: 2025-07-03) -> Second Reading (Not Started) -> Committee Assignment (Not Started) -> Report (Not Started) -> Third Reading/Concurrence (Not Started) -> Harmonization (Not Started) -> Assent (Not Started),2025-07-03,,"John Moenwul Dafaan (APC, Plateau, Constituency: Mikang/Qua’an/Pan/Shedam)",John Moenwul Dafaan,Not Yet Referred,John Moenwul Dafaan
d8f5ecc4-c28f-4d12-8064-8f0f517d1d82,"Witness Protection and Management Bill, 2024",First Reading (House: 2024-06-05) -> Second Reading (Not Started) -> Committee Assignment (Not Started) -> Report (Not Started) -> Third Reading/Concurrence (Not Started) -> Harmonization (Not Started) -> Assent (Not Started),2024-06-05,,"Dalyop Chollom Fom (LP, Plateau, Constituency: Barkin Ladi/Riyom)",Dalyop Chollom Fom,Not Yet Referred,Dalyop Chollom Fom
df3d03a8-1ffb-4b97-a28e-0a5a8548a520,"Witness Protection and Management Bill, 2025",First Reading (Not Started) -> Second Reading (Not Started) -> Committee Assignment (Not Started) -> Report (Not Started) -> Third Reading/Concurrence (Not Started) -> Harmonization (Not Started) -> Assent (Not Started),,,"Hon Moshood Kayode Akiolu (APC, Lagos, Constituency: Lagos Island II)",Hon Moshood Kayode Akiolu,Not Yet Referred,Hon Moshood Kayode Akiolu
8a76749d-30f3-4dcc-8715-674348a9ba47,"Women's Health and Surrogacy Protection Bill, 2025",First Reading (House: 2025-05-21) -> Second Reading (Not Started) -> Committee Assignment (Not Started) -> Report (Not Started) -> Third Reading/Concurrence (Not Started) -> Harmonization (Not Started) -> Assent (Not Started),2025-05-21,,"Hon Uchenna Okonkwo (LP, Anambra, Constituency: Idemili North/Idemili South)",Hon Uchenna Okonkwo,Not Yet Referred,Hon Uchenna Okonkwo
c55515a7-958e-4dbb-be4f-2bca23022fe7,"Workplace Anti-Bribery and Integrity Bill, 2025",First Reading (Not Started) -> Second Reading (Not Started) -> Committee Assignment (Not Started) -> Report (Not Started) -> Third Reading/Concurrence (Not Started) -> Harmonization (Not Started) -> Assent (Not Started),,,"Hon Paul Nnamchi (LP, Enugu, Constituency: Enugu East/Isi Uzo)",Hon Paul Nnamchi,Not Yet Referred,Hon Paul Nnamchi
e49d59f9-b08c-4322-9b35-dc7cd5b88539,"Yusuf Maitama Sule Federal University of Education, Kano (Establishment) Bill, 2025",First Reading (Not Started) -> Second Reading (Not Started) -> Committee Assignment (Not Started) -> Report (Not Started) -> Third Reading/Concurrence (Not Started) -> Harmonization (Not Started) -> Assent (Not Started),,,"Hon Bello Ambarura Isah (APC, Sokoto, Constituency: Illela/Gwadabawa); Hon Tajudeen Abbas (APC, Kaduna, Constituency: Zaria)",Hon Bello Ambarura Isah; Hon Tajudeen Abbas,Not Yet Referred,Hon Bello Ambarura Isah
