bill_id,bill_number,sponsor_name,chamber_type,sponsor_party,sponsor_state,sponsor_constituency,is_primary
103db25f-aa68-4a1a-85dc-3f344aa5abd5,SB 247,Sen. Michael Opeyemi Bamidele,Senate,APC,Ekiti,,Yes
2e698c9b-f842-4aa8-8e18-0cc75a013bfe,SB 246,Sen. Michael Opeyemi Bamidele,Senate,APC,Ekiti,,Yes
a17ffb0a-8f87-4e41-90c1-97e2aa7183cb,SB 249,Sen. Buhari Abdulfatai Omotayo,Senate,APC,Oyo,,Yes
ff26dd66-e370-46de-a8f6-3af7b3b61509,HB 101,Executive,House,APC,N/A,.,Yes
46ca3498-341a-47b2-82fa-8149e9652fe8,SB 317,Sen. Michael Opeyemi Bamidele,Senate,APC,Ekiti,,Yes
4aa4bdd3-65f9-401b-bfb7-a0937eab0e7c,SB 538,Sen. Michael Opeyemi Bamidele,Senate,APC,Ekiti,,Yes
b6e672ad-d85e-4a7c-a499-f890d179ea4f,SB 680,Sen. Michael Opeyemi Bamidele,Senate,APC,Ekiti,,Yes
cc424eac-8a4e-40a2-b529-a27a60951b46,SB 854,Sen. Solomon Adeola Olamilekan,Senate,APC,Ogun,,Yes
6f76d5a1-a74f-486f-87af-4bba4b298ce9,HB 1027,Executive,House,APC,N/A,.,Yes
a37ca374-6025-4504-8fb5-1137aadfec97,SB 290,Sen. Michael Opeyemi Bamidele,Senate,APC,Ekiti,,Yes
5bd978ca-ec70-477e-90e6-7865cb2e85b8,SB 489,Sen. Michael Opeyemi Bamidele,Senate,APC,Ekiti,,Yes
5ceb50e4-5bbf-47b3-bbfa-5f0272880bae,SB 405,Sen. Michael Opeyemi Bamidele,Senate,APC,Ekiti,,Yes
a514398c-99ef-4524-b41e-5edf458143c9,SB 318,Sen. Michael Opeyemi Bamidele,Senate,APC,Ekiti,,Yes
87da4a49-cae6-4d58-a8de-1201171aa269,SB 399,Sen. Michael Opeyemi Bamidele,Senate,APC,Ekiti,,Yes
2919c9a5-cf8c-4e33-8f75-f237f2ddcc1f,SB 406,Sen. Michael Opeyemi Bamidele,Senate,APC,Ekiti,,Yes
743e99e9-59f1-487c-8aed-8521c2d8dabd,.,Sen. Mallam-madori Ahmed Abdulhamid,Senate,APC,Jigawa,,Yes
af295a3b-aaff-4c1d-a82b-2d85c82be414,SB 397,Sen. Michael Opeyemi Bamidele,Senate,APC,Ekiti,,Yes
1245fdd1-4997-4f02-85bf-122bad5346b4,SB 488,Sen. Michael Opeyemi Bamidele,Senate,APC,Ekiti,,Yes
17f873e9-6748-446f-8a42-bcaafac10809,-,Sen. Aliyu Magatakarda Wamakko,Senate,APC,Sokoto,,Yes
910ab15b-9430-4f33-9b0d-3829dae6e713,..,Sen. Michael Opeyemi Bamidele,Senate,APC,Ekiti,,Yes
12b05694-8f43-48a0-b9cf-d7525042ac5f,HB 205,Hon Ugochinyere Onyinye Ikeagwuonu,House,PDP,Imo,Ideato North/Ideato South,Yes
1f129608-5e93-4355-9877-61f22618b959,HB 260,Hon Nicholas Ebomo Mutu,House,PDP,Delta,Bomadi/Patani,Yes
9f5076d8-3c84-4e7d-a4c3-279b908a2b67,HB 273,Hon Dachung Musa Bagos,House,PDP,Plateau,Jos South/Jos East,Yes
b359c1c4-0339-4fd6-b962-6998a04c3fe4,HB 206,Hon Ugochinyere Onyinye Ikeagwuonu,House,PDP,Imo,Ideato North/Ideato South,Yes
f9abe3bd-9ef2-40b8-a59a-e7b522a53bdd,HB 210,Hon Sesi Whingan,House,APC,Lagos,Badagry,Yes
4067b949-7d4e-4853-823a-69b1995ba9ab,SB 1020,Executive,Senate,APC,N/A,,Yes
d4c23df9-41b3-42af-8472-62927b4e0655,HB 838,Hon Uchenna Clement nwachukwu,House,APGA,Anambra,Nnewi North/Nnewi South/ Ekwusigo,Yes
54ae0aff-088f-401b-a7bb-6117eac5def0,HB 212,Hon Benjamin Kalu,House,APC,Abia,Bende,Yes
425a7e89-542f-4cc6-8e6e-8eb6c2601a0e,HB 06,Hon Ahmadu Usman Jaha,House,APC,Borno,Damboa/Gwoza/Chibok,Yes
425a7e89-542f-4cc6-8e6e-8eb6c2601a0e,HB 06,Hon Ugochinyere Onyinye Ikeagwuonu,House,PDP,Imo,Ideato North/Ideato South,No
425a7e89-542f-4cc6-8e6e-8eb6c2601a0e,HB 06,Hon Tajudeen Abbas,House,APC,Kaduna,Zaria,No
425a7e89-542f-4cc6-8e6e-8eb6c2601a0e,HB 06,Hon Benjamin Kalu,House,APC,Abia,Bende,No
379d4801-f398-440f-8a2c-b3e28588a506,HB 343,Hon Miriam Onuoha,House,APC,Imo,Isiala Mbano/Okigwe/Onuimo,Yes
2083c18c-bf94-4dbf-b77d-6ab2feb3a433,HB 517,Hon Sulaiman Gumi Abubakar,House,PDP,Zamfara,Gummi/Bukkuyum,Yes
9030f7f1-c1db-4ff9-8d54-e5b84bce944e,HB 745,Hon Saidu Musa Abdullahi,House,APC,Niger,Bida/Gbako/Katcha,Yes
88b69bc6-ee84-4f4b-bc60-351ec92ae10b,SB 838,Sen. Ned Munir Nwoko,Senate,PDP,Delta,,Yes
3115e9e4-7ca7-45af-a4c3-75df5fae3921,SB 35,Sen. Mohammed Tahir Monguno,Senate,APC,Borno,,Yes
c66a8d69-74a7-4e79-932a-85b6125d1940,HB 1350,Hon Benjamin Kalu,House,APC,Abia,Bende,Yes
bd30c81e-3fb4-4b73-8eba-31b926d5067b,HB 293,Hon Pascal Agbodike,House,APGA,Anambra,Ihiala,Yes
e70f338b-b7b5-4c1c-8c88-e98efe0a6a79,HB 78,Hon Francis Ejiroghene Waive,House,APC,Delta,"Ughelli North, Ughelli South/Udu",Yes
32839f17-3522-4234-af71-9c1a700e975e,HB 2042,Hon Abdulmumin Ari Mohammed,House,APC,Nasarawa,Nassarawa/Toto,Yes
405d55b6-2895-4856-be53-3f1c97fdda15,HB 1813,Hon Akintunde Rotimi,House,APC,Ekiti,Ikole/Oye,Yes
faf6820a-aab2-4c66-824f-9ce6a5259291,HB 1099,Hon Akintunde Rotimi,House,APC,Ekiti,Ikole/Oye,Yes
96221866-6739-4bf4-bb16-963a5c340704,HB 988,Hon Sada Soli,House,APC,Katsina,Jibia/Kaita,Yes
4618622a-0723-46a1-9d47-db0d1eafc594,HB 2467,Mitema Obordor,House,PDP,Bayelsa,Ogbia,Yes
649a23ef-e2d5-4c63-90df-0c3f5b13811c,HB 2427,Hon. Akingbaso Festus Olanrewaju,House,APC,Ondo,Idanre/Ifedore,Yes
33ee9b83-2280-4002-aa73-f187b1193cd9,HB 214,Hon Benjamin Kalu,House,APC,Abia,Bende,Yes
255edaf5-caec-41a5-a20a-2e1f6e1034e8,HB 2044,Hon Abdulmumin Ari Mohammed,House,APC,Nasarawa,Nassarawa/Toto,Yes
82f21da2-e35f-43a6-99e4-1ab466a4096e,HB 272,Hon Julius Ihonvbere,House,APC,Edo,Owan East/Owan West,Yes
b9acbfb2-2455-4f7d-b48b-fef39f59ac04,HB 271,Hon Julius Ihonvbere,House,APC,Edo,Owan East/Owan West,Yes
1db3b9bc-d1e8-461c-b489-92369a993288,SB 413,Sen. Nasiru Sani Zangon Daura,Senate,APC,Katsina,,Yes
9472f9d7-f21e-41ba-8ed7-f0f9897b8b53,HB 116,Hon Jeremiah Umaru,House,APC,Nasarawa,Akwanga/Nassarawa Eggon/ Wamba,Yes
feade79c-cb70-4864-ad27-1d9d2657fed5,SB 850,Sen. Kaka Shehu Lawan,Senate,APC,Borno,,Yes
b956e875-7c19-438a-b386-9ae2b672710d,SB 411,Abba Moro,Senate,PDP,Benue,,Yes
c98f4579-4247-423c-b2ff-085de6daaa54,SB 367,Sen. Solomon Adeola Olamilekan,Senate,APC,Ogun,,Yes
1f46d932-940d-4b00-a898-c8f62f3c197f,SB 314,Sen. Izunaso Osita Bonaventure,Senate,APC,Imo,,Yes
c04f7eda-262a-4272-98d7-9fbc69155d8b,SB 212,Abba Moro,Senate,PDP,Benue,,Yes
c336eb70-fe4a-4d89-b1ae-f150387a246d,SB 208,Sen. Mohammed Ali Ndume,Senate,APC,Borno,,Yes
1102d028-0c64-423c-a428-f42e65e75417,HB 1398,Chinedu Tochukwu Okere,House,APC,Imo,Owerri Municipal/Owerri North/Owerri West,Yes
dac3ccb7-ecff-4ce4-a843-dc05a0b6b397,HB 2582,Akarachi Etinosa Tosan,House,APC,Imo,Ikeduru/Mbaitoli,Yes
e164db66-1415-4471-a99a-28ec316b2cc2,HB 608,Hon Lanre Okunlola,House,APC,Lagos,Surulere II,Yes
dfaf28ef-6d24-4f83-83f9-a5db0be3a4d1,SB 646,Sen. Saliu Mustapha,Senate,APC,Kwara,,Yes
bd2c0c36-a8be-4dc2-ba8c-146cc10d1783,HB 1680,Dalyop Chollom Fom,House,LP,Plateau,Barkin Ladi/Riyom,Yes
32417d54-2bc9-413b-951b-5da58cbd25da,HB 2116,Hon Tajudeen Abbas,House,APC,Kaduna,Zaria,Yes
ad1f03e2-d15a-455f-acdf-bbfb85ed5ae8,HB 2423,Shehu Dalhatu,House,APC,Katsina,Faskari/Kankara/Sabuwa,Yes
ea3d4d0a-255c-4596-be9b-e870695591ea,HB 2117,Hon Tajudeen Abbas,House,APC,Kaduna,Zaria,Yes
e4937ace-e7e3-4b28-9dd0-384ee2a782ff,HB 1173,Hon Marcus Onobun,House,PDP,Edo,Esan Central/Esan South/ Igueben,Yes
2d1d7e90-923e-4a68-8b6b-a876bb4a2334,HB 70,Hon Oluwole Oke,House,PDP,Osun,Obokun/Oriade,Yes
d97aef85-76c3-4aa0-b968-d5d85c95809f,SB 297,Sen. Anthony Siyako Yaro,Senate,APC,Gombe,,Yes
07175f03-bd37-4c4c-ab6f-a11e0831c994,SB 477,Sen. Barau Jibrin,Senate,APC,Kano,,Yes
a8a0c1e1-8247-4b5f-872b-29ec0b486f30,SB 338,"Sen. Etim, Bassey Aniekan",Senate,PDP,Akwa Ibom,,Yes
e66a5a70-d0c3-4b0b-b7d1-a7995fac36fc,SB 867,Sen. Saliu Mustapha,Senate,APC,Kwara,,Yes
5c25d7ae-a7bf-4fba-8a50-f160ad82358e,HB 1825,Prince Solomon Wombo,House,APC,Benue,Katsina-Ala/Ukum/Logo,Yes
30da598c-2cc2-4cb9-b883-2673d0c2f3c1,HB 1068,Hon Paul Nnamchi,House,LP,Enugu,Enugu East/Isi Uzo,Yes
3559f59b-ee0e-466f-abb9-07dc2399d72e,HB 51,Hon Balele Aminu,House,APC,Katsina,Dutsin-ma/Kurfi,Yes
392549ff-47fc-4ab1-98f4-67054cbb463a,SB 105,"Sen. Joel, Onowakpo Thomas",Senate,APC,Delta,,Yes
3e892bc2-9b6c-4f3a-8250-114950f64906,HB 52,Hon Ojuawo Rufus Adeniyi,House,APC,Ekiti,Ekiti South West/Ikere/Orun/ Ise,Yes
4286c3b9-2c37-4978-ba1b-0c16882b4189,SB 56,"Sen. Aliu, Wadada Ahmed",Senate,APC,Nasarawa,,Yes
4ffa89a2-d663-438e-87c9-21e2f29a5610,HB 661,Useni Mark Bako,House,APC,Taraba,Takum/Donga/Ussa,Yes
6e418499-5b56-499f-b5b1-77f80137cef1,HB 767,Hon Lawan Shettima Ali,House,APC,Yobe,Bursari/Geidam/Yunusari,Yes
70f4a53f-8b9e-4817-961a-fef9121a641f,HB 887,Hon Paul Nnamchi,House,LP,Enugu,Enugu East/Isi Uzo,Yes
72aad2fc-589f-432c-b274-c0019a4d1f7a,HB 646,Hon Uchenna Okonkwo,House,LP,Anambra,Idemili North/Idemili South,Yes
7ca1a5d3-c2b4-4907-a99f-fd32518a405f,HB 849,Hon Lukman Mudashiru,House,PDP,Osun,Ayedire/Iwo/Ola-Oluwa,Yes
7da0bf75-19b0-4d88-9685-815e2d8ab831,HB 971,Hon Unyime Josiah Idem,House,PDP,Akwa Ibom,Ukanafun/Oruk Anam,Yes
a9d43b8a-5b4c-4d64-ac63-d1b148087788,HB 641,Hon. Victor Obuzor,House,PDP,Rivers,Ahoada West/Ogba Egbema,Yes
b84c16da-6866-48e1-a13c-f4c937cdc111,HB 1019,Hon. Sesoo Ikpagher,House,APC,Benue,Konshisha/Vandeikya,Yes
b92cd5aa-153c-4426-b690-a12b32e13c3e,HB 959,Hon Sulaiman Gumi Abubakar,House,PDP,Zamfara,Gummi/Bukkuyum,Yes
c4fc675f-1c0e-41ac-81c1-9478e3e9aeb0,HB 905,Hon Sulaiman Gumi Abubakar,House,PDP,Zamfara,Gummi/Bukkuyum,Yes
e9a3955f-73fb-4e8b-b079-b1a4ea2f012e,HB 904,Hon Unyime Josiah Idem,House,PDP,Akwa Ibom,Ukanafun/Oruk Anam,Yes
01b9fcf1-0eaa-4d29-8a71-8c588850b06f,HB 1571,Ifeoluwa Ehindero,House,APC,Ondo,Akoko North East/Akoko North West,Yes
11f0a41c-1256-42b7-84b8-dd4ae060ed54,HB 1385,Hon Olaide Yusuf Mohammed,House,APC,Oyo,Irepo/Orelope/Olorunsogo,Yes
2af15178-7400-4793-bdab-8f4c34a6bd60,HB 1358,Hon Tajudeen Kareem,House,APC,Oyo,Saki East/Saki West/Atisbo,Yes
31f73c8a-9327-4a04-893b-552ea4208e38,HB 1222,Kelechi Nwogu,House,PDP,Rivers,Etche/Omuma,Yes
c95e6197-790d-46f0-ab90-2b61159bf219,HB 947,Hon Akintunde Rotimi,House,APC,Ekiti,Ikole/Oye,Yes
d2d11d3a-42cc-497e-ad52-c36dd804eacf,HB 1023,Hon Muhammed Buba Jajere,House,PDP,Yobe,Fika/Fune,Yes
d4423c38-5f1a-454e-8b5f-0f8e546e350f,HB 955,Hon Nnamdi Ezechi,House,PDP,Delta,Nkokwa East/Ndokwa West/ Ukwuani,Yes
d5e3f58b-c5c7-4579-ac55-5f81d9ed8f5e,HB 987,Lalu Ishaya David,House,APC,Plateau,Bokkos/Mangu,Yes
de3f5ca4-bc80-445c-ad47-c94bbacf07ea,HB 980,Lalu Ishaya David,House,APC,Plateau,Bokkos/Mangu,Yes
4242287f-b56c-470e-b9da-8636ac309954,HB 1675,Hon Ghali Tijjani Mustapha,House,NNPP,Kano,Alabasu/Gaya/Ajingi,Yes
4f838710-ad98-4873-a1c3-149053a66f60,HB 1312,Hon Nnamdi Ezechi,House,PDP,Delta,Nkokwa East/Ndokwa West/ Ukwuani,Yes
62abed81-b979-4051-8271-563ff75feeef,HB 1447,Salman Idris,House,APC,Kogi,Ijumu/Kabba-Bunu,Yes
6f6724a1-54e7-4cf3-963b-7b49bd2d4b84,HB 1226,Chike John Okafor,House,APC,Imo,Ehime Mbano/Ihite-Uboma/ Obowo,Yes
7af1efc2-3603-4c3c-a3b5-db7c730cf876,SB 464,Sen. Alli Sharafadeen Abiodun,Senate,APC,Oyo,,Yes
842d6a88-4aef-47c2-8879-70932a938ccd,HB 1368,Gabriel Saleh Zock,House,APC,Kaduna,Kachia/Kagarko,Yes
99e7e738-2ca2-48c2-b9ea-96b00286d62e,HB 1495,Harrison Anozie Nwadike,House,APC,Imo,Isu/Njaba/Nkwerre/Nwangele,Yes
a606b53a-9ed8-41eb-9a8c-f2316fb4d79c,HB 1474,Hon Mohammed Chiroma,House,NNPP,Kano,Gezawa/Gabasawa,Yes
bbccd298-cb7e-444d-b2a3-8a937f6b9a74,HB 1464,Dalyop Chollom Fom,House,LP,Plateau,Barkin Ladi/Riyom,Yes
c7c899b6-5b46-4312-aa20-f8d760aebaef,HB 1481,Hon Benjamin Kalu,House,APC,Abia,Bende,Yes
dcad08f7-15a8-421c-87b1-8c5cefebaa9c,SB 636,Sen. Victor Umeh,Senate,ADC,Anambra,,Yes
dd1af36d-d8cb-4244-9f89-8006e90b99c2,HB 1252,Abiodun Isiaq Akinlade,House,APC,Ogun,Egbado South/Ipokia,Yes
ddef6ed5-e96c-499e-ab52-c150eb9e49c9,HB 1344,Afam Ogene,House,LP,Anambra,Ogbaru,Yes
f7960586-5f78-40b9-b088-3cc751745241,HB 1159,Hon Adetunji Abidemi Olusoji,House,PDP,Osun,Odo-Otin/Ifelodun/Boripe,Yes
f8719a2f-e464-4f1a-8b2d-51c6df041534,SB 626,Osita Ngwu,Senate,APC,Enugu,,Yes
2d01e943-2816-404a-ba8c-9df10bce27d2,SB 864,Abba Moro,Senate,PDP,Benue,,Yes
5c685b41-5c6b-4f77-8de9-ed7fe3efd84d,HB 2653,Adesola Ayoola Elegbeji,House,APC,Ogun,Ikenne/Shagamu/Remo North,Yes
7f20cdbc-b677-4eca-a327-5dea0ff4cebd,SB 734,Sen. Alli Sharafadeen Abiodun,Senate,APC,Oyo,,Yes
93898d47-6daf-44f6-8bfc-86ec14a6f0b9,SB 756,Sen. David Jimkuta,Senate,APC,Taraba,,Yes
f59ca022-1333-41a3-823a-e3ac25088249,SB 767,Sen. Ned Munir Nwoko,Senate,PDP,Delta,,Yes
78bea3f0-42a3-4736-9a61-519f7b20ccfe,HB 2189,Hon Awaji-inombek Dagomie Abiante,House,PDP,Rivers,Opobo/Nkoro/Andoni,Yes
58de66e1-91d6-44f7-a760-7429e5f63c50,HB 2681,Hon Francis Ejiroghene Waive,House,APC,Delta,"Ughelli North, Ughelli South/Udu",Yes
36d6e06d-ee90-4de5-9523-389e00a4e9d6,HB 2035,Hon Olatunji Akinosi,House,APC,Ogun,Ado-Odo/Ota,Yes
a827caa9-09eb-46ab-808e-1deed4e782e1,HB 707,Hon Zakaria Dauda Nyampa,House,PDP,Adamawa,Madagali/Michika,Yes
a5eb2c68-3172-4f6f-8a72-c6937c7a0652,HB 1289,Hon Leke Joseph Abejide,House,PDP,Kogi,Yagba East/Yagba West/ Mopamuro,Yes
3c1b35f8-44dd-4e5e-8501-da75bd774355,HB 1057,Akanni Clement Ademola,House,PDP,Osun,Boluwaduro/Ifedayo/Ila,Yes
f9906392-a568-48ec-a375-5a2c7c533af8,SB 444,Sen. Alli Sharafadeen Abiodun,Senate,APC,Oyo,,Yes
449eaf91-5abf-4795-a054-78122c1c40f3,HB 334,Hon Sesi Whingan,House,APC,Lagos,Badagry,Yes
3fd71c54-fab8-4144-b803-cf69004c780d,HB 728,Kolawole Davidson Akinlayo,House,APC,Ekiti,"Ido/Osi, Moba/Ilejeme",Yes
ecf956b3-a682-4de6-a0ec-9f66b3ed0167,SB 410,Sen. Okechukwu Ezea,Senate,LP,Enugu,,Yes
55a3147d-9fd9-483c-8334-58804d691ccb,SB 184,Sen. Monday Okpebholo,Senate,APC,Edo,,Yes
5a911552-66c9-4d89-893c-b0b27f15539b,SB 179,Sen. Ibrahim Jimoh Folorunsho,Senate,APC,Ondo,,Yes
e79e0492-c980-4138-ada0-5b0cb9a9c63a,SB 203,Sen. Sani Abubakar Bello,Senate,APC,Niger,,Yes
b275dd55-4b15-4a95-978b-b3de0c943ab2,HB 219,Hon Gboyega Nasir Isiaka,House,APC,Ogun,Egbado North/Imeko-Afon,Yes
94d30fbb-c513-4742-ab26-1002d4a8da38,HB 1494,Harrison Anozie Nwadike,House,APC,Imo,Isu/Njaba/Nkwerre/Nwangele,Yes
f6ad0a52-9d40-419a-855c-70ef22c6c18b,HB 2483,Hon Abdussamad Ibrahim Dasuki,House,PDP,Sokoto,Kebbe/Tambuwal,Yes
9351605d-9a48-4f12-a297-36f946e7d389,HB 609,Hon Lanre Okunlola,House,APC,Lagos,Surulere II,Yes
a8ab6b06-858d-4fa9-ac4b-dc9bc8b3f54f,HB 672,Hon Iduma Enwo Igariwey,House,APC,Ebonyi,Afikpo North/Afikpo South,Yes
3596803f-76db-4ec1-842e-69a4edc7e7ec,HB 281,Hon Julius Ihonvbere,House,APC,Edo,Owan East/Owan West,Yes
28bd746e-4c7a-42bb-abb1-0224d6204952,HB 1153,Hon Mansur Manu Soro,House,APC,Bauchi,Darazo/Gunjuwa,Yes
e4da32f7-b357-403f-8cc7-365f28bf98c4,HB 147,Hon Francis Ejiroghene Waive,House,APC,Delta,"Ughelli North, Ughelli South/Udu",Yes
92e4209a-f812-45b3-a514-3e7aac55d1a5,SB 155,Sen. Ezenwa Francis Onyewuchi,Senate,LP,Imo,,Yes
844269bc-8177-4e62-985a-963ff8d46c85,HB 2233,Hon Ugochinyere Onyinye Ikeagwuonu,House,PDP,Imo,Ideato North/Ideato South,Yes
844269bc-8177-4e62-985a-963ff8d46c85,HB 2233,Hon Tajudeen Abbas,House,APC,Kaduna,Zaria,No
2cca7a0a-e6e6-4421-b6f6-ad9b6a694b5a,HB 1032,Hon Dennis Idahosa,House,APC,Edo,Ovia North East/Ovia South West,Yes
74aaa814-9240-4f87-9f2e-18052b44dadd,HB 885,Hon Ime Bassey Okon,House,PDP,Akwa Ibom,Itu/Ibiono Ibom,Yes
c958cde0-b315-4da1-8aea-7a756b687688,HB 1610,Executive,House,APC,N/A,.,Yes
2b082c53-ee14-4d0e-a0aa-0b3b0de81b0f,SB 681,Sen. Solomon Adeola Olamilekan,Senate,APC,Ogun,,Yes
2628c89b-6ca3-44e7-86c8-4069218d18ae,HB 1075,Executive,House,APC,N/A,.,Yes
2016ad55-38a2-4ca2-8f73-6f4c67f5ff71,HB 407,Hon Mohammed Bello El-Rufai,House,APC,Kaduna,Kaduna North,Yes
1fa5ae83-a5c8-49fc-bc7f-a194d9ff67b1,HB 1136,Hon Ayodeji Alao,House,APC,Oyo,Ogbomoso North/ Ogbomoso South/Orire,Yes
4365a033-f7e7-4c8b-a1d9-359c19fe1914,SB 466,Zam Titus Tartenger,Senate,APC,Benue,,Yes
53529afd-7162-40d0-b476-b4ccd723c235,HB 741,Hon Julius Ihonvbere,House,APC,Edo,Owan East/Owan West,Yes
e2d08342-a176-44fe-8667-250b844db23b,HB 444,Hon Miriam Onuoha,House,APC,Imo,Isiala Mbano/Okigwe/Onuimo,Yes
4b368cad-16de-4fb3-ad35-7bdc5079f0b3,SB 679,Sen. Tony Nwoye,Senate,ADC,Anambra,,Yes
2deb5728-e9dc-41f5-9d7a-6dee6cafe458,HB 1285,Executive,House,APC,N/A,.,Yes
1011f2de-c403-4767-8bb5-71bf1c9ad45f,HB 311,Hon Benjamin Kalu,House,APC,Abia,Bende,Yes
53b50b9e-d575-40c3-a09e-d77befd67241,HB 982,Hon Bukar Talba,House,APC,Borno,Monguno/Nganzai/Marte,Yes
8009b07a-9d6b-4e30-b450-8cb58b17c7fc,SB 30,Sen. Orji Uzor Kalu,Senate,APC,Abia,,Yes
8f51f99d-62e3-429a-beef-321ec98c9bea,HB 13,Gaza Jonathan Gbefwi,House,PDP,Nasarawa,Keffi/Karu/Kokona,Yes
9dfa1876-2eff-4357-8fec-ee314ad8c4a4,SB 81,"Sen. Asuquo, Ekpenyong",Senate,APC,Cross River,,Yes
b8a8fdef-65e8-4d11-9e14-a1d51b375ab6,HB 07,Hon Zakaria Dauda Nyampa,House,PDP,Adamawa,Madagali/Michika,Yes
b8a8fdef-65e8-4d11-9e14-a1d51b375ab6,HB 07,Hon Ugochinyere Onyinye Ikeagwuonu,House,PDP,Imo,Ideato North/Ideato South,No
b8a8fdef-65e8-4d11-9e14-a1d51b375ab6,HB 07,Hon Alhassan Ado Garba,House,APC,Kano,Doguwa/Tudun Wada,No
b8a8fdef-65e8-4d11-9e14-a1d51b375ab6,HB 07,Hon Benjamin Kalu,House,APC,Abia,Bende,No
b8a8fdef-65e8-4d11-9e14-a1d51b375ab6,HB 07,Hon Blessing Onyeche Onuh,House,APGA,Benue,Otukpo/Ohimini,No
b8a8fdef-65e8-4d11-9e14-a1d51b375ab6,HB 07,Hon Olusola Steve Fatoba,House,APC,Ekiti,Ado Ekiti/Irepodun/Ifelodun,No
d29a98e1-efe9-4e32-9b55-da9bdd8e7b7e,HB 168,Hon Abdussamad Ibrahim Dasuki,House,PDP,Sokoto,Kebbe/Tambuwal,Yes
de2950e5-948c-4188-860a-b30d0b49ee6a,HB 699,Hon Babajimi Adegoke Benson,House,APC,Lagos,Ikorodu,Yes
f8d997a5-2267-4d36-bbd4-ee3c93b3e0af,HB 295,Hon Kabiru Alhassan Usman Rurum,House,NNPP,Kano,Rano/Bunkure/Kibiya,Yes
46ace1ae-7a96-4ce6-a7ce-8ddfca6b4fb0,HB 1362,Hon Emmanuel Effiong Ukpong-udo,House,PDP,Akwa Ibom,Ikono/Ini,Yes
2e06d4f9-daf4-4dca-924f-f953c6d5b7dd,SB 695,Sen. Kaka Shehu Lawan,Senate,APC,Borno,,Yes
64f7b1e5-bdad-4763-a830-cb68fbf02796,SB 791,"Sen. Yar’adua, Abdulaziz Musa",Senate,APC,Katsina,,Yes
3513a66b-6a8e-483e-9612-f011c5ce9a5d,HB 735,Hon Amos Gwamna Magaji,House,APC,Kaduna,Zangon Kataf/Jaba,Yes
ef337a23-ccf1-4dda-b4df-4a5d1f0933de,SB 882,Sen. Barau Jibrin,Senate,APC,Kano,,Yes
6f817ba2-e2df-4e86-988d-af908d27efe4,HB 2628,Hon Babajimi Adegoke Benson,House,APC,Lagos,Ikorodu,Yes
78a9116e-88c7-4bd1-8eb2-fbd5410550e2,SB. 763,"Sen. Adaramodu, Adeyemi Raphael",Senate,APC,Ekiti,,Yes
5f197a4a-19e8-4352-9a5b-14e8d7accb64,HB 2063,Hon Usman Zannah,House,APC,Borno,Kaga/Gubio/Magumeri,Yes
79af3318-34e2-4496-b726-eb2f391c9eae,HB 712,Hon Bello Ambarura Isah,House,APC,Sokoto,Illela/Gwadabawa,Yes
1547de0e-7eac-457e-9470-344fdf23a7f8,HB 2080,Hon Abdulmalik Zubairu,House,APC,Zamfara,Bungudu/Maru,Yes
7438d73b-0e40-42e1-a65f-df1d1baf22b4,HB 1508,Hon Francis Ejiroghene Waive,House,APC,Delta,"Ughelli North, Ughelli South/Udu",Yes
ec647a51-ae4d-47c7-b2fe-876f02e6c695,HB 703,Hon Babajimi Adegoke Benson,House,APC,Lagos,Ikorodu,Yes
8fd24ec1-0e14-4efe-8cae-d274c21c3c96,HB 1111,Hon Abdussamad Ibrahim Dasuki,House,PDP,Sokoto,Kebbe/Tambuwal,Yes
225947a6-42d5-49ba-841d-97eb3a74ec37,SB 773,"Sen. Yar’adua, Abdulaziz Musa",Senate,APC,Katsina,,Yes
3dd4dc32-5954-4f00-9acf-2b57302b9ee1,HB 570,Hon Emmanuel Effiong Ukpong-udo,House,PDP,Akwa Ibom,Ikono/Ini,Yes
f2615548-116e-4cb8-8469-144979e7363a,HB 975,Uduak Alphonsus Odudoh,House,PDP,Akwa Ibom,Ikot Abasi/Mkpat Enin/Eastern Obolo,Yes
0a063e29-dfcd-4ad8-af6d-ba9d7c0e1156,SB 132,"Sen. Aliu, Wadada Ahmed",Senate,APC,Nasarawa,,Yes
4a192061-42ba-4ec0-8217-7eb1a42bbc83,HB 1168,Moses Oluwatoyin Fayinka,House,APC,Lagos,Mushin II,Yes
e9ec726b-4f2e-4005-bda6-d5fc7a7a778e,HB 209,Hon Francis Ejiroghene Waive,House,APC,Delta,"Ughelli North, Ughelli South/Udu",Yes
f443f8ac-f9be-4ec0-80ee-68da8cf798ca,HB 2045,Hon Abdulmumin Ari Mohammed,House,APC,Nasarawa,Nassarawa/Toto,Yes
a786bb26-b8db-4752-8caf-3d0a354a436a,HB 611,Hon Benjamin Kalu,House,APC,Abia,Bende,Yes
8ae4d690-636d-4c57-a816-e6dfcaa6e4f6,SB 383,Sen. Mohammed Sani Musa,Senate,APC,Niger,,Yes
b21aa268-d644-4d2e-9edc-2eb8c74e2c3c,SB 959,Sen. Adetokunbo Mukhail Abiru,Senate,APC,Lagos,,Yes
139ec639-7f03-4df9-ab35-ee87bae1fc11,HB 854,Hon Aliyu Bappa misau,House,PDP,Bauchi,Misau/Dambam,Yes
9c763b0e-f82d-4265-82db-9a1c2b74fa80,HB 448,Hon Miriam Onuoha,House,APC,Imo,Isiala Mbano/Okigwe/Onuimo,Yes
3a95fe01-eaa0-4ab3-8627-a87e01db0a82,HB 2128,Hon Jonathan Ajirioghene Ukodhiko,House,PDP,Delta,Isoko North/Isoko South,Yes
7e15bec9-63b1-491c-8fae-bf5e383faa7c,HB 2051,Jubrin Abdulmumin,House,APC,Kano,Bebeji/Kiru,Yes
d1cc3399-9045-4156-8777-c993955c1b74,HB 08,Hon Babajimi Adegoke Benson,House,APC,Lagos,Ikorodu,Yes
d1cc3399-9045-4156-8777-c993955c1b74,HB 08,Hon Leke Joseph Abejide,House,PDP,Kogi,Yagba East/Yagba West/ Mopamuro,No
d1cc3399-9045-4156-8777-c993955c1b74,HB 08,Hon Khadija Waziri Bukar abba ibrahim,House,APC,Yobe,Damaturu/Gujba/Gulani/ Tarmuwa,No
d1cc3399-9045-4156-8777-c993955c1b74,HB 08,Hon Benjamin Kalu,House,APC,Abia,Bende,No
d1cc3399-9045-4156-8777-c993955c1b74,HB 08,Hon Julius Ihonvbere,House,APC,Edo,Owan East/Owan West,No
d1cc3399-9045-4156-8777-c993955c1b74,HB 08,Hon Sununu Tanko Yusuf,House,APC,Kebbi,Ngaski/Shanga/Yauri,No
d1cc3399-9045-4156-8777-c993955c1b74,HB 08,Hon Amobi Ogah,House,LP,Abia,Isuikwuato/Umu-Nneochi,No
e29faa6f-ddd6-4046-b7a6-3336adf1977a,HB 2141,John Moenwul Dafaan,House,APC,Plateau,Mikang/Qua’an/Pan/Shedam,Yes
e29faa6f-ddd6-4046-b7a6-3336adf1977a,HB 2141,Chimaobi Sam Atu,House,LP,Enugu,Enugu North/Enugu South,No
e29faa6f-ddd6-4046-b7a6-3336adf1977a,HB 2141,Hon. Sadiq Ango Abdullahi,House,APC,Kaduna,Sabon Gari,No
e29faa6f-ddd6-4046-b7a6-3336adf1977a,HB 2141,Hon Julius Ihonvbere,House,APC,Edo,Owan East/Owan West,No
e29faa6f-ddd6-4046-b7a6-3336adf1977a,HB 2141,Dalyop Chollom Fom,House,LP,Plateau,Barkin Ladi/Riyom,No
e29faa6f-ddd6-4046-b7a6-3336adf1977a,HB 2141,Hon Ahmed Doro Yusuf,House,APC,Katsina,Bindawa/Mani,No
e29faa6f-ddd6-4046-b7a6-3336adf1977a,HB 2141,Hon Inuwa Garba,House,PDP,Gombe,Yamaltu/Deba,No
e29faa6f-ddd6-4046-b7a6-3336adf1977a,HB 2141,Garba Ibrahim Muhammad,House,NNPP,Kano,Gwale,No
e29faa6f-ddd6-4046-b7a6-3336adf1977a,HB 2141,Hon Nnolim John Nnaji,House,APC,Enugu,Nkanu East/Nkanu West,No
e29faa6f-ddd6-4046-b7a6-3336adf1977a,HB 2141,Hon. Alfred Ajang Iliya,House,APC,Plateau,Jos South/Jos East,No
e29faa6f-ddd6-4046-b7a6-3336adf1977a,HB 2141,Hon Paul Nnamchi,House,LP,Enugu,Enugu East/Isi Uzo,No
e29faa6f-ddd6-4046-b7a6-3336adf1977a,HB 2141,Hon Aminu Jaji,House,APC,Zamfara,Kaura-Namoda/Birnin Magaji,No
4d944467-97a5-4ada-b788-f5141e2d14bf,HB 372,Hon Austin Asema Achado,House,APC,Benue,Gwer East/Gwer West,Yes
1ba8ebcf-9c0f-4d60-ac2a-281cc5556d90,SB 715,"Sen. Adebule, Idiat Oluranti",Senate,APC,Lagos,,Yes
42b932cc-c060-4f0b-8c48-c5dc40d13193,HB 561,Hon Abiola Peter Makinde,House,APC,Ondo,Ondo East/Ondo West,Yes
1f76ab98-6816-4cf1-8ea9-6ef05d47a7a8,SB 07,Sen. Ibrahim Jimoh Folorunsho,Senate,APC,Ondo,,Yes
4fa994d1-5329-44ba-b644-f7860a9de12d,HB 2188,Hon Hassan Mohammed,House,NNPP,Kano,Dawakin Kudu/Warawa,Yes
616507a7-b024-4f35-b241-dbe2c865b99d,HB 917,Akarachi Etinosa Tosan,House,APC,Imo,Ikeduru/Mbaitoli,Yes
12e69271-52a7-42e1-84ed-b95122e0171d,HB 1621,Hon Kingsley Chinda,House,PDP,Rivers,Obio/Akpor,Yes
2b92304e-75dc-46c2-91db-095ba4ebcacf,HB 1232,Hon Saidu Musa Abdullahi,House,APC,Niger,Bida/Gbako/Katcha,Yes
8db5ed34-10a0-438c-9630-60bc7f6a2736,SB 478,Sen. Binos Dauda Yaroe,Senate,ADC,Adamawa,,Yes
9a4e4bf2-5b80-4065-97ef-e3f574fc4c10,SB 350,Sen. Justus Olugbenga Daniel,Senate,APC,Ogun,,Yes
0d7c0f2c-ecf0-48af-a5bd-a3cb3a8cb1ef,SB 958,Sen. Kaka Shehu Lawan,Senate,APC,Borno,,Yes
5637af48-11d7-4b26-ad47-880e10d411ef,HB 704,Hon Adewale Hameed,House,APC,Lagos,Agege,Yes
4d995179-57e9-40af-ad9d-6c6f759b9b30,HB 247,Hon Julius Ihonvbere,House,APC,Edo,Owan East/Owan West,Yes
3fc026c0-4ccc-443b-80d1-4e0735bc25c0,HB 1302,Hon Ibrahim Ayokunle Isiaka,House,APC,Ogun,Ifo/Ewekoro,Yes
4c5e4f51-75ae-49f8-a85e-cfb1c3767397,SB 447,Rufai Hanga,Senate,NNPP,Kano,,Yes
19fa6313-b1a4-4382-9b1b-a52b8ec6df82,SB 963,"Sen. Asuquo, Ekpenyong",Senate,APC,Cross River,,Yes
22595b73-c89a-4cbf-83b9-9f41745ae9cc,HB 338,Hon Sesi Whingan,House,APC,Lagos,Badagry,Yes
10bba689-9c36-4970-b63a-9701891674ce,HB 2605,Hon Ayodeji Alao,House,APC,Oyo,Ogbomoso North/ Ogbomoso South/Orire,Yes
6ddec872-eff3-4f81-9d0d-2a4e1ed71e8f,SB 970,Sen. Binos Dauda Yaroe,Senate,ADC,Adamawa,,Yes
b109107d-0940-420d-95eb-99fd723000ce,HB 452,Hon Dachung Musa Bagos,House,PDP,Plateau,Jos South/Jos East,Yes
79b5b359-02da-496e-826f-d01066166aca,SB 254,Sen. Saliu Mustapha,Senate,APC,Kwara,,Yes
3042c9f9-f8e0-4052-80dc-9e52f231d4ab,HB 16,Hon Francis Ejiroghene Waive,House,APC,Delta,"Ughelli North, Ughelli South/Udu",Yes
793a7772-1687-4293-8eae-9ff01377bf1b,HB 2646,Hon Jesse Okey-Joe Onuakachi,House,LP,Lagos,Oshodi/Isolo II,Yes
793a7772-1687-4293-8eae-9ff01377bf1b,HB 2646,Hon Julius Ihonvbere,House,APC,Edo,Owan East/Owan West,No
3daaa6c0-d2b6-412f-92e2-416c1b7822c4,SB 325,Sen. Adetokunbo Mukhail Abiru,Senate,APC,Lagos,,Yes
cab73e17-c2f6-43cb-a2b0-207e067589c8,SB 672,Sen. Ned Munir Nwoko,Senate,PDP,Delta,,Yes
ad71afc4-8edb-442d-96d7-ffecdc9b8182,HB 732,Hon Miriam Onuoha,House,APC,Imo,Isiala Mbano/Okigwe/Onuimo,Yes
f724476e-d5cb-4953-94be-9d0107b9e75f,HB 606,Hon Amos Gwamna Magaji,House,APC,Kaduna,Zangon Kataf/Jaba,Yes
05bebdbe-bc5b-4c6d-9f7a-d50f7fca973b,HB 830,Hon Aliyu Bappa misau,House,PDP,Bauchi,Misau/Dambam,Yes
313b2c17-55dd-4a81-92a6-25d20babbc56,HB 841,Hon Sada Soli,House,APC,Katsina,Jibia/Kaita,Yes
3fe3b593-a921-44da-8e97-3b9b83dc787f,HB 532,Hon Sesi Whingan,House,APC,Lagos,Badagry,Yes
4e649546-f600-4f56-9846-3185ad5155cf,HB 187,Hon Saidu Musa Abdullahi,House,APC,Niger,Bida/Gbako/Katcha,Yes
556dff57-dad8-4253-91b3-b2768e8e021e,SB 145,"Sen. Nwokocha, Darlington",Senate,LP,Abia,,Yes
65f04fc8-447c-40e7-b63c-0e8387bd0bce,HB 217,Hon Tasir Olawale Raji,House,APC,Lagos,Epe,Yes
78d4f2e1-e8ce-4158-b0b0-db5569c2e84a,HB 562,Hon Aliu Ademorin Kuye,House,APC,Lagos,Shomolu,Yes
8759c5e8-b771-4700-9a7b-0a27d8f553e2,HB 196,Hon Saidu Musa Abdullahi,House,APC,Niger,Bida/Gbako/Katcha,Yes
a995de23-037c-4723-9809-14a91436ca67,HB 576,Hon. Akingbaso Festus Olanrewaju,House,APC,Ondo,Idanre/Ifedore,Yes
b5f129f2-013c-45d0-8cc1-4e5c10459677,HB 998,Patrick Umoh,House,APC,Akwa Ibom,Ikot Ekpene/Essien Udim/ Obot Akara,Yes
c754b0f6-921b-4c02-9434-f6728e6a8d00,SB 14,Sen. Sunday Steve Karimi,Senate,APC,Kogi,,Yes
d31eeb20-44a4-4fc3-af2e-338013cbfe9f,HB 189,Hon Saidu Musa Abdullahi,House,APC,Niger,Bida/Gbako/Katcha,Yes
ec83b3a0-c364-4e30-bc1d-f26f79a4655b,HB 943,Hon Sada Soli,House,APC,Katsina,Jibia/Kaita,Yes
6fac5866-0a23-4739-8a33-c436bac59401,HB 1338,Patrick Umoh,House,APC,Akwa Ibom,Ikot Ekpene/Essien Udim/ Obot Akara,Yes
82ab27a8-c9d4-436f-9f4a-ab70669ad824,HB 1579,Hon Adewale Hameed,House,APC,Lagos,Agege,Yes
9806d393-bd49-49e1-8b78-72022a7c06c0,HB 1140,Hon Mansur Manu Soro,House,APC,Bauchi,Darazo/Gunjuwa,Yes
9bd045a4-1141-4041-a0e4-ddef12fc8de4,HB 342,Hon Sesi Whingan,House,APC,Lagos,Badagry,Yes
c6a1aaec-6e01-4e2b-b708-2cccdb92a3ab,HB 2062,Hon Joshua Gana,House,PDP,Niger,Lavun/Mokwa/Edati,Yes
c6a1aaec-6e01-4e2b-b708-2cccdb92a3ab,HB 2062,Hon Akinola Adekunle Alabi,House,APC,Oyo,Egbeda/Ona-Ara,No
c6a1aaec-6e01-4e2b-b708-2cccdb92a3ab,HB 2062,Hon Muktar Tolani Shagaya,House,APC,Kwara,Ilorin West/Asa,No
c6a1aaec-6e01-4e2b-b708-2cccdb92a3ab,HB 2062,Hon Uchenna Okonkwo,House,LP,Anambra,Idemili North/Idemili South,No
c6a1aaec-6e01-4e2b-b708-2cccdb92a3ab,HB 2062,Hon Benjamin Kalu,House,APC,Abia,Bende,No
c6a1aaec-6e01-4e2b-b708-2cccdb92a3ab,HB 2062,Hon Amobi Ogah,House,LP,Abia,Isuikwuato/Umu-Nneochi,No
c6a1aaec-6e01-4e2b-b708-2cccdb92a3ab,HB 2062,Hon Satomi Alhaji Ahmad,House,APC,Borno,Jere,No
8c4ab451-65de-47b1-804d-aef1c4b275ed,HB 763,Hon Paul Nnamchi,House,LP,Enugu,Enugu East/Isi Uzo,Yes
d7af22fe-aa8f-4cdb-b755-8d1e3b6bce60,HB 666,Hon Uchenna Okonkwo,House,LP,Anambra,Idemili North/Idemili South,Yes
e295a5eb-462c-4574-a3d4-5a2e25e60b81,SB 448,Sen. Enyinnaya Harcourt Abaribe,Senate,ADC,Abia,,Yes
724827f7-76c5-47c0-a866-a47a38010ee6,SB 66,Sen. Barinada Barry Mpigi,Senate,PDP,Rivers,,Yes
5124d270-6297-4a68-b38e-ab25f073461a,SB 89,Sen. Alli Sharafadeen Abiodun,Senate,APC,Oyo,,Yes
49f39abf-82fc-4630-bccf-4d90148bd4b6,HB 1124,Hon Abdulmalik Zubairu,House,APC,Zamfara,Bungudu/Maru,Yes
d4df9dbd-d110-4a5f-b651-0bdf324a8b2f,HB 2129,Hon Jonathan Ajirioghene Ukodhiko,House,PDP,Delta,Isoko North/Isoko South,Yes
534e5f43-10ee-4c1d-b265-c9aebd474432,HB 840,Hon El-Rasheed Abdullahi,House,PDP,Gombe,Dukku/Nafada,Yes
b30ee1b9-25ee-41a4-8b4c-130b7bf073dd,HB 138,Hon Adeyemi Taofeek Alli,House,APC,Lagos,Mushin I,Yes
27f0415d-c20f-495c-80ba-c48fca4a00f8,SB 186,Sen. Alli Sharafadeen Abiodun,Senate,APC,Oyo,,Yes
ca91d5cd-6e16-48d5-8e06-cb383c12989c,HB 1046,Hon Adeyemi Taofeek Alli,House,APC,Lagos,Mushin I,Yes
3215cd47-f492-41ab-83bc-db0696248873,HB 139,Hon Alex Egbona,House,PDP,Cross River,Yakurr/Abi,Yes
457e6ef1-0c42-462b-9b60-fa70ab66aa9e,HB 1112,Moshood Olanrewaju Oshun,House,APC,Lagos,Lagos Mainland,Yes
d4698056-d492-437b-a6de-30fecd93617f,HB 1460,Hon Adeyemi Taofeek Alli,House,APC,Lagos,Mushin I,Yes
402d6c27-70ce-4ca1-80bc-fa052d12b4d4,HB 09,Hon Eze Nwachukwu Eze,House,APC,Ebonyi,Ebonyi/Ohaukwu,Yes
402d6c27-70ce-4ca1-80bc-fa052d12b4d4,HB 09,Hon Yusuf Miga,House,APC,Jigawa,Jahun/Miga,No
402d6c27-70ce-4ca1-80bc-fa052d12b4d4,HB 09,Hon Benjamin Kalu,House,APC,Abia,Bende,No
402d6c27-70ce-4ca1-80bc-fa052d12b4d4,HB 09,Hon Moshood Kayode Akiolu,House,APC,Lagos,Lagos Island II,No
402d6c27-70ce-4ca1-80bc-fa052d12b4d4,HB 09,Hon Mansur Manu Soro,House,APC,Bauchi,Darazo/Gunjuwa,No
402d6c27-70ce-4ca1-80bc-fa052d12b4d4,HB 09,Hon Marie Enenimiete Ebikake,House,PDP,Bayelsa,Brass/Nembe,No
e67097bf-6180-4db6-8221-01bdc62c13ad,HB 602,Hon Adeyemi Taofeek Alli,House,APC,Lagos,Mushin I,Yes
e5b22cd2-7c80-468f-a356-ac1636b178e9,HB 413,Hon Agbedi Yeitiemone Frederick,House,PDP,Bayelsa,Sagbama/Ekeremor,Yes
0c983d53-d5b1-4973-9466-1478f41b697d,HB 140,Hon Julius Ihonvbere,House,APC,Edo,Owan East/Owan West,Yes
449947df-e16a-4ea4-bcc7-f4464acb1746,HB 208,Hon Akiba Bassey Ekpenyong,House,LP,Cross River,Calabar Municipal/Odukpani,Yes
bf53dd56-a38a-4ebc-bb89-093fc21b7141,HB 1626,Hon Adeyemi Taofeek Alli,House,APC,Lagos,Mushin I,Yes
a2c0c88e-494d-42ad-b1d7-5e61c7ec342a,HB 2181,Hon Olaide Yusuf Mohammed,House,APC,Oyo,Irepo/Orelope/Olorunsogo,Yes
90608ebe-31a4-4af3-8d4e-0c9107d3b430,HB 1262,Hon Benjamin Kalu,House,APC,Abia,Bende,Yes
9d483c00-1d9c-4451-90a1-ffa93cd9e88f,HB 629,Hon Ozurigbo Ugonna,House,APC,Imo,Isu/Njaba/Nkwerre/Nwangele,Yes
8b76676a-5209-4716-a0dc-e1730471d9a2,HB 1559,Hon Adeyemi Taofeek Alli,House,APC,Lagos,Mushin I,Yes
4be430bb-db1b-4bc5-bf09-9e2d7e64491b,HB 753,Hon Alex Egbona,House,PDP,Cross River,Yakurr/Abi,Yes
1797cc26-df76-4759-b1d0-39b60208d85b,HB 899,Hon Hassan Shehu Hussain,House,NNPP,Kano,Nassarawa,Yes
7bc3be60-195c-4716-8d67-8ec0a65bd075,HB 784,Hon Pascal Agbodike,House,APGA,Anambra,Ihiala,Yes
eee1d729-913e-4872-b75b-12cf7cac222f,HB 41,Hon Gagdi Adamu Yusuf,House,APC,Plateau,Kanke/Pankshin/Kanam,Yes
f1a19f91-3774-4703-b181-91183ab45d1d,HB 713,Hon Alex Egbona,House,PDP,Cross River,Yakurr/Abi,Yes
bd890d9d-adc8-4fc8-8c13-e6f238e5f8d8,HB 336,Hon Sesi Whingan,House,APC,Lagos,Badagry,Yes
2bc2b9db-536e-4da3-913c-42679ba0a061,HB 1260,Hon Benjamin Kalu,House,APC,Abia,Bende,Yes
0273560e-8adc-4eab-9d0a-b1b0539a079c,HB 1261,Hon Benjamin Kalu,House,APC,Abia,Bende,Yes
69db1bbb-65b0-4828-8881-413f565e8462,HB 938,Hon Jeremiah Umaru,House,APC,Nasarawa,Akwanga/Nassarawa Eggon/ Wamba,Yes
bc610acd-643e-457d-a54b-60e74fe14933,HB 756,Hon Pascal Agbodike,House,APGA,Anambra,Ihiala,Yes
401f6fe8-61b7-40a1-b415-eafc2efce9ed,HB 277,Hon Mathew Nwogu,House,LP,Imo,Aboh Mbaise/Ngor Okpala,Yes
179dadfc-e608-438e-ab57-2e8c3710a813,SB 359,Sen. Williams Eteng Jonah,Senate,APC,Cross River,,Yes
e894edc4-63e4-4f8f-8abc-032ccd490744,SB 846,Sen. Omueya Dafinone Edeh,Senate,APC,Delta,,Yes
b1a5291f-5a03-4e43-aba2-483e6756684d,HB 574,Hon Chinedu Ogah,House,APC,Ebonyi,Ezza South/Ikwo,Yes
3453f4c2-9516-4ffe-b3b4-a2e660392034,HB 1476,Hon Benjamin Kalu,House,APC,Abia,Bende,Yes
8f2ab91d-9d1f-45d4-8406-8154c50ab86e,HB 1036,Hon Abdulmalik Zubairu,House,APC,Zamfara,Bungudu/Maru,Yes
87d4f55c-1338-4c6c-8d82-02a120c4328c,HB 2079,Chimaobi Sam Atu,House,LP,Enugu,Enugu North/Enugu South,Yes
f9faef2f-70df-43f1-8ada-57e0318654fd,HB 161,Hon Adeyemi Taofeek Alli,House,APC,Lagos,Mushin I,Yes
523a4cc0-41c1-458a-ae78-36e8ee33d510,HB 1041,Shehu Saleh Rijau,House,APC,Niger,Magama/Rijau,Yes
a1174b09-1850-4584-8264-8c49f3148a64,HB 984,Hon Alex Egbona,House,PDP,Cross River,Yakurr/Abi,Yes
a57ccfec-a25d-431e-b9b5-d5d60d904344,HB 933,Hon Abdulmalik Zubairu,House,APC,Zamfara,Bungudu/Maru,Yes
c44b8ac5-15f1-48da-9493-cf1fd720e388,HB 346,Aliyu Sani Madaki,House,NNPP,Kano,Dala,Yes
a80aecd2-57a8-4575-9c8e-b579622806f3,SB 614,Sen. Mohammad Adamu Mainasara Aliero,Senate,PDP,Kebbi,,Yes
65683418-5b4d-494d-ac9e-508299f0e3b0,SB 625,Sen. Wasiu Sanni Eshilokun,Senate,APC,Lagos,,Yes
ccbd863d-d40e-422e-910c-5411a1fd5bf9,HB 416,Hon Julius Ihonvbere,House,APC,Edo,Owan East/Owan West,Yes
c9c57ff4-47bc-4b1c-b940-0b1291783803,SB 268,Sen. Mohammed Ali Ndume,Senate,APC,Borno,,Yes
1ede7d80-1d4f-47d0-867c-ce92c42b6717,HB 1550,Dalyop Chollom Fom,House,LP,Plateau,Barkin Ladi/Riyom,Yes
f3151abe-dfea-400a-a12a-ca6c36bf9bb3,HB 505,Hon Boniface Sunday Emerengwa,House,PDP,Rivers,Ikwerre/Umohua,Yes
731700ae-8527-471f-911b-17732bd34be0,HB 2678,Hon Moshood Kayode Akiolu,House,APC,Lagos,Lagos Island II,Yes
f6cc265e-db9e-4c33-a919-2999a4465882,HB 2662,Hon Moshood Kayode Akiolu,House,APC,Lagos,Lagos Island II,Yes
3a812710-0a1d-4e01-82a6-bf22d235c1c9,HB 244,Hon Olumide Babatunde Osoba,House,APC,Ogun,Abeokuta North/ Obafemi- Owode/Odeda,Yes
477caac5-2558-4bd1-b4c0-52d4bf57772e,SB 652,"Sen. Adebule, Idiat Oluranti",Senate,APC,Lagos,,Yes
909e69d6-4435-4bd8-a6d8-2c056fc3705b,SB 337,Sen. Yau Sahabi Alhaji,Senate,APC,Zamfara,,Yes
92a7b196-5a7a-49b9-a169-161893b40ec8,HB 944,Hon Sada Soli,House,APC,Katsina,Jibia/Kaita,Yes
722970fb-7535-4d49-bd21-d67e4d446c42,HB 1294,Hon Bamidele Salam,House,PDP,Osun,Ede North/Ede South/ Egbedore/Ejigbo,Yes
c4573c1a-261b-41d1-9058-ff7537ddc0de,SB 714,"Sen, Ekong Sampson",Senate,PDP,Akwa Ibom,,Yes
efc7d48f-e98a-4ba8-a3f2-23c98055f5ee,HB 558,Hon Jesse Okey-Joe Onuakachi,House,LP,Lagos,Oshodi/Isolo II,Yes
ff36bf6a-9f2e-4fba-b791-f079ae863892,HB 2049,Jubrin Abdulmumin,House,APC,Kano,Bebeji/Kiru,Yes
b025a094-2ab7-4de9-8e88-e0b35338c06b,HB 929,Hon Alex Egbona,House,PDP,Cross River,Yakurr/Abi,Yes
db3147cd-9b39-48bc-8a1f-034e87ae24f5,HB 408,Hon Mohammed Bello El-Rufai,House,APC,Kaduna,Kaduna North,Yes
1ef901ac-6298-4232-9f32-445c051ab62b,SB 964,Sen. Kaka Shehu Lawan,Senate,APC,Borno,,Yes
18055ced-4d9f-4991-94e7-2237e5d58bb1,HB 1541,Hon Martins Etim Esin,House,PDP,Akwa Ibom,Oron/Mbo/Okobo/Udung Uko/Urue Offong/Oruko,Yes
0569fa73-80f8-40ae-821f-5396ca3293a9,HB 1518,Hon Emeka Martins Chinedu,House,PDP,Imo,Ahiazu Mbaise/Ezinihitte,Yes
8f3ca418-22b6-427c-bc05-2976f580db44,HB 1070,Hon Miriam Onuoha,House,APC,Imo,Isiala Mbano/Okigwe/Onuimo,Yes
013a6533-06c1-439c-9853-f91e5cd8e3aa,HB 296,Hon Obinna Aguocha,House,LP,Abia,Umuahia North/ Umuahia South/ Ikwuano,Yes
1c19095a-d61f-429a-ac3d-4be25d8002ce,HB 405,Mukhtar Umar Zakari,House,NNPP,Kano,Tarauni,Yes
8c4945ca-a5b0-43f0-8db3-992c0aab4a3e,HB 236,Hon Dachung Musa Bagos,House,PDP,Plateau,Jos South/Jos East,Yes
58d38477-31bd-437e-a018-a52670d27e12,HB 514,Hon Muhammed Bello Shehu,House,NNPP,Kano,Fagge,Yes
4264b509-5c73-483d-abb8-7ddae73411e2,HB 2206,Hon Ahmed Munir,House,APC,Kaduna,Lere,Yes
c39bf67c-a476-436a-9e8b-bbeff6ac9b53,HB 177,Hon Awaji-inombek Dagomie Abiante,House,PDP,Rivers,Opobo/Nkoro/Andoni,Yes
0b745311-c785-4e77-9dca-d3da372c0124,SB 03,Sen. Orji Uzor Kalu,Senate,APC,Abia,,Yes
91ecf545-271e-48c6-bcb5-45e87859710a,HB 43,Hon Gagdi Adamu Yusuf,House,APC,Plateau,Kanke/Pankshin/Kanam,Yes
3321cb49-e6b7-4d4a-868d-a40e068e470a,HB 1593,Hon Francis Ejiroghene Waive,House,APC,Delta,"Ughelli North, Ughelli South/Udu",Yes
3fa94eee-810c-495f-8727-7db074030f04,SB 213,Sen. Wasiu Sanni Eshilokun,Senate,APC,Lagos,,Yes
93a7f2e7-f9b8-4969-bc78-29f1f80a7c9a,SB 860,Sen. Izunaso Osita Bonaventure,Senate,APC,Imo,,Yes
a680fe3b-1ea7-46a6-90c2-81430163c740,HB 2428,Hon. Akingbaso Festus Olanrewaju,House,APC,Ondo,Idanre/Ifedore,Yes
60d499a7-a811-41c0-b128-be74b8851bc9,SB 148,Sen. Kaka Shehu Lawan,Senate,APC,Borno,,Yes
86502f1e-6b91-40c1-97c5-50e6c8fd9684,HB 1178,Hon Solomon T Bob,House,PDP,Rivers,Ahoada West/Ogba Egbema,Yes
4556d937-44b2-4111-8391-649d625d3d8c,HB 275,Hon Akintunde Rotimi,House,APC,Ekiti,Ikole/Oye,Yes
55412dda-35ac-4f38-a3a3-6750b948bc73,HB 945,Hon Sada Soli,House,APC,Katsina,Jibia/Kaita,Yes
960c3b25-140f-49d1-8293-07010c45521e,HB 769,Hon Tasir Olawale Raji,House,APC,Lagos,Epe,Yes
ca44b7b9-2c94-4268-9c3c-f60b34405a35,HB 660,Hon Joshua Gana,House,PDP,Niger,Lavun/Mokwa/Edati,Yes
fd74ebd5-c1d2-467d-923c-4435fa0e82dc,HB 76,Hon Francis Ejiroghene Waive,House,APC,Delta,"Ughelli North, Ughelli South/Udu",Yes
40e0b086-19a9-4085-9351-0a3e3bd8fee8,HB 1373,Terseer Ugbor,House,APC,Benue,Kwande/Ushongo,Yes
a74af071-9a48-4b80-8a80-732f1df82f58,SB 67,Sen. Akintunde Yunus Abiodun,Senate,APC,Oyo,,Yes
e3ff032e-7734-46fe-b7ae-01d505e6b816,HB 1165,Hon Obinna Ginger Onwusibe,House,LP,Abia,Isiala Ngwa North /Isiala Ngwa South,Yes
886f8e19-06a0-4703-8e5b-7cfd83c814fc,HB 2085,Hon Julius Ihonvbere,House,APC,Edo,Owan East/Owan West,Yes
8bc7119d-9edf-4f13-8721-62b286324322,HB 232,Hon Offiono Godwin,House,PDP,Cross River,Ogoja/Yala,Yes
8b4db9fb-48b3-4396-b141-a2613372a130,HB 220,Hon Julius Ihonvbere,House,APC,Edo,Owan East/Owan West,Yes
af42e6cf-9aa8-46b6-be12-d413b5c56703,SB 655,Sen. Babangida Hussaini,Senate,APC,Jigawa,,Yes
7bfda9cb-82b2-44e0-95d6-db609ad76449,HB 389,Hon Gagdi Adamu Yusuf,House,APC,Plateau,Kanke/Pankshin/Kanam,Yes
85ada18a-eac7-42a1-b3ed-e3de4659f480,HB 625,Hon Benjamin Kalu,House,APC,Abia,Bende,Yes
2009cc8b-713e-49b1-8c36-9da6bc5ad6ca,HB 2702,Executive,House,APC,N/A,.,Yes
0d9737da-e461-479f-9eed-019d05151274,SB 51,Sen. Adetokunbo Mukhail Abiru,Senate,APC,Lagos,,Yes
22b73d64-4fee-439a-ba60-d65eb06d5878,HB 924,Hon Ayodeji Alao,House,APC,Oyo,Ogbomoso North/ Ogbomoso South/Orire,Yes
30c15feb-07e6-4d10-a7ea-68f06dfd45f5,HB 303,Hon Ozurigbo Ugonna,House,APC,Imo,Isu/Njaba/Nkwerre/Nwangele,Yes
38993369-f279-4276-b1e2-b31b75f4016d,HB 884,Hon Ime Bassey Okon,House,PDP,Akwa Ibom,Itu/Ibiono Ibom,Yes
4abd5eb2-14c6-4bf8-9776-3de005bb7db4,HB 77,Hon Francis Ejiroghene Waive,House,APC,Delta,"Ughelli North, Ughelli South/Udu",Yes
9e88085b-8f60-46dd-8df9-4c8a6bea53bc,HB 429,Hon Ozurigbo Ugonna,House,APC,Imo,Isu/Njaba/Nkwerre/Nwangele,Yes
cff13812-8f55-4891-b2c4-b6a3d21f6ea3,HB 659,Hon Ozurigbo Ugonna,House,APC,Imo,Isu/Njaba/Nkwerre/Nwangele,Yes
9dc621b1-4a4f-464b-84ad-a8dc0136266c,SB 979,"Sen. Etim, Bassey Aniekan",Senate,PDP,Akwa Ibom,,Yes
070c1833-8ccf-4595-9ac5-7f2069bce207,SB 31,Sen. Orji Uzor Kalu,Senate,APC,Abia,,Yes
727d0fa2-34e6-408a-a66d-b460846499c1,SB 259,"Sen. Adebule, Idiat Oluranti",Senate,APC,Lagos,,Yes
7b0996e8-4ba5-4aac-ac55-06938e07dab8,HB 1001,Hon Muktar Tolani Shagaya,House,APC,Kwara,Ilorin West/Asa,Yes
a46c37d0-d1c5-4cc3-a444-226cfa0d767e,HB 594,Hon Muktar Tolani Shagaya,House,APC,Kwara,Ilorin West/Asa,Yes
43a4d433-3885-4667-bea1-f0ecdf33e752,SB 55,Sen. Adetokunbo Mukhail Abiru,Senate,APC,Lagos,,Yes
d95da8dc-52df-4cba-bfc2-128d425f92b0,HB 977,Garba Ibrahim Muhammad,House,NNPP,Kano,Gwale,Yes
772abf3f-1e07-40a6-b750-460c3698bb52,HB 152,Hon Francis Ejiroghene Waive,House,APC,Delta,"Ughelli North, Ughelli South/Udu",Yes
d6599b44-c73f-4acd-83ff-b964adaea896,HB 1056,Hon Tasir Olawale Raji,House,APC,Lagos,Epe,Yes
9f40d7d1-2034-4bf1-8e23-432582073581,SB 279.,"Sen. Banigo, Ipalibo Harry",Senate,PDP,Rivers,,Yes
1a87c65b-3ef0-42bd-8a5c-11f93bb601f2,SB 362.,"Sen. Adebule, Idiat Oluranti",Senate,APC,Lagos,,Yes
942b8b48-e544-472f-a166-a1c00b95a50c,HB 2046,Hon Abdulmumin Ari Mohammed,House,APC,Nasarawa,Nassarawa/Toto,Yes
209b0bc8-da19-4694-98d4-b2140c5257a1,HB 663,Hon Alex Egbona,House,PDP,Cross River,Yakurr/Abi,Yes
6dfa9952-530a-46cf-9dcd-a5826591f8e3,HB 427,Hon Ozurigbo Ugonna,House,APC,Imo,Isu/Njaba/Nkwerre/Nwangele,Yes
9c42a309-8075-427f-af52-2a7125a51d29,HB 149,Hon Francis Ejiroghene Waive,House,APC,Delta,"Ughelli North, Ughelli South/Udu",Yes
b0b68fa8-34bc-4720-b757-d090bd3156b2,HB 301,Hon Ozurigbo Ugonna,House,APC,Imo,Isu/Njaba/Nkwerre/Nwangele,Yes
3766bd7b-0eb4-45ab-a865-438404fb6344,HB 1472,Hon Kabir Tukura Ibrahim,House,APC,Kebbi,Fakai/Sakaba/Wasagu/Danko/ Zuru,Yes
434bc132-de46-4820-88e2-59c88609d8d0,HB 1156,Hon Mansur Manu Soro,House,APC,Bauchi,Darazo/Gunjuwa,Yes
49f880a8-f65f-42b1-8655-9eecd790c5ea,HB 1860,Hon Ghali Tijjani Mustapha,House,NNPP,Kano,Alabasu/Gaya/Ajingi,Yes
a00684a7-ec74-4875-b792-af7635e5a2be,SB 547,Sen. Lawal Adamu Usman,Senate,ADC,Kaduna,,Yes
dfdf2c2a-8650-4c9a-8251-d11f900e7c16,HB 1662,Hon Tajudeen Abbas,House,APC,Kaduna,Zaria,Yes
dd420bfe-0a3a-4058-a490-e3515a2905a2,HB 1928,Hon Eze Nwachukwu Eze,House,APC,Ebonyi,Ebonyi/Ohaukwu,Yes
45e6b3e2-a142-40c8-ac2d-6064f055201b,HB 2578,Akarachi Etinosa Tosan,House,APC,Imo,Ikeduru/Mbaitoli,Yes
be9d3429-0317-473c-9fd6-07ebb7f1d0f3,HB 1280,Ali Isa,House,PDP,Gombe,Balanga/Billiri,Yes
a0c432d1-44af-4d4b-9a60-bd22bec683b2,SB 08,Sen. Babangida Hussaini,Senate,APC,Jigawa,,Yes
0d0ba5e0-a687-4e48-9496-a1760982499d,HB 2208,Hon Chinedu Ogah,House,APC,Ebonyi,Ezza South/Ikwo,Yes
5b63c287-b5a0-46c5-a853-4e39f1874095,HB 2238,Hon Bello Shinkafi Hassan,House,PDP,Zamfara,Shinkafi/Zurmi,Yes
8547d0e1-bddd-46ef-8a5f-717c9ff2108a,HB 2170,Hon Adebayo Olusegun Balogun,House,APC,Lagos,Ibeju Lekki,Yes
1c21f0a6-9adb-4f4d-88f3-156ac583a591,SB 453,"Sen. Khalid, Ibrahim Mustapha",Senate,PDP,Kaduna,,Yes
f13a4642-996a-4e7f-a5ba-e2b735c991f4,HB 1808,Hon Akintunde Rotimi,House,APC,Ekiti,Ikole/Oye,Yes
00099b56-d64e-44ee-adeb-dcbe2891012c,SB 580,Sen. Izunaso Osita Bonaventure,Senate,APC,Imo,,Yes
74847d2a-0efe-4b40-a277-a4f6da2e5887,HB 115,Hon Muktar Tolani Shagaya,House,APC,Kwara,Ilorin West/Asa,Yes
dfcc5e92-63ac-44ea-839b-090385cd0018,HB 110,Hon Adewunmi Oriyomi Onanuga,House,APC,Ogun,Ikenne/Sagamu/Remo North,Yes
00ebb4ce-5bad-4f75-b2fe-ae69ac27a6bc,HB 69,Hon Oluwole Oke,House,PDP,Osun,Obokun/Oriade,Yes
925fb82c-8f15-4aa6-baad-780a4494e17f,HB 79,Hon Francis Ejiroghene Waive,House,APC,Delta,"Ughelli North, Ughelli South/Udu",Yes
422fa846-bcc7-4c3d-9485-7f57202c90d8,HB 535,Hon Ugochinyere Onyinye Ikeagwuonu,House,PDP,Imo,Ideato North/Ideato South,Yes
60028b9f-f35b-447a-8c1c-8d686839a958,HB 536,Hon Ugochinyere Onyinye Ikeagwuonu,House,PDP,Imo,Ideato North/Ideato South,Yes
87751285-c33e-485b-9777-92c9cb690694,HB 582,Hon. Sagir Koki,House,APC,Kano,Municipal,Yes
4b06f928-9e9b-41e0-bbb7-db3fa54af86e,HB 1482,Hon Benjamin Kalu,House,APC,Abia,Bende,Yes
c7ea4af1-8928-4f60-b448-f7c5464e082c,HB 1817,Hon Iduma Enwo Igariwey,House,APC,Ebonyi,Afikpo North/Afikpo South,Yes
4551baf9-00b3-46c0-9ce2-8f44b9ff1cab,HB 2135,Hon Adebayo Olusegun Balogun,House,APC,Lagos,Ibeju Lekki,Yes
54cd7181-5362-4431-96c3-1b04e2deb079,HB 2134,Hon Adebayo Olusegun Balogun,House,APC,Lagos,Ibeju Lekki,Yes
8eeadc6e-fe2d-4814-8e49-c1bb1ba22140,HB 2136,Hon Benedict Etanabene,House,LP,Delta,Okpe/Sapele/Uvwie,Yes
b30fd993-13a5-4946-80a3-69ce78560dbf,HB 2176,Hon Ahmed Idris Wase,House,APC,Plateau,Wase,Yes
b76e229d-5f99-4ee8-8774-49c780a49727,HB 2169,Hon Adebayo Olusegun Balogun,House,APC,Lagos,Ibeju Lekki,Yes
cb2b32c6-bfa5-4958-89fd-cd97008a4893,SB 938,Osita Ngwu,Senate,APC,Enugu,,Yes
d870f6fd-eeb9-4611-8b43-796903fa6dba,HB 2183,Hon Adebayo Olusegun Balogun,House,APC,Lagos,Ibeju Lekki,Yes
54202048-5f49-4e1e-8ee2-82146c56998a,HB 2167,Hon Adebayo Olusegun Balogun,House,APC,Lagos,Ibeju Lekki,Yes
17d0ab1c-fed0-49b2-9747-4cab424bca6a,HB 2166,Hon Adebayo Olusegun Balogun,House,APC,Lagos,Ibeju Lekki,Yes
1baf7d1e-d28d-44d1-919c-0e8d8e6fbdcb,HB 2239,Hon Oluwole Oke,House,PDP,Osun,Obokun/Oriade,Yes
4d435e4d-a6f0-4afd-8972-93041feef080,HB 2248,Hon Francis Ejiroghene Waive,House,APC,Delta,"Ughelli North, Ughelli South/Udu",Yes
66387f30-0789-4aa6-a166-4343d8d1b5a2,HB 2249,Hon Francis Ejiroghene Waive,House,APC,Delta,"Ughelli North, Ughelli South/Udu",Yes
a0ec86f5-e5f0-49ca-9418-5a34cc38eaa2,HB 2168,Hon Adebayo Olusegun Balogun,House,APC,Lagos,Ibeju Lekki,Yes
a2d256f4-1d9e-44ec-b187-c36119ccbee9,HB 2173,Hon Adebayo Olusegun Balogun,House,APC,Lagos,Ibeju Lekki,Yes
424d0678-2cb0-4008-94ff-1d77158b37a5,HB 2084,Patrick Umoh,House,APC,Akwa Ibom,Ikot Ekpene/Essien Udim/ Obot Akara,Yes
faa32b67-0177-4a2a-a3a6-6ed6b5d6018c,HB 1523,Hon Okpolupm Etteh,House,PDP,Akwa Ibom,Eket/Onna/Esit Eket/Ibeno,Yes
2dc69c18-c16f-41df-bfe2-8d298578e685,HB 1581,Hon Solomon T Bob,House,PDP,Rivers,Ahoada West/Ogba Egbema,Yes
32e92625-3d6f-4006-9cc0-eefd83a4ae25,HB 1444,Hon Eze Nwachukwu Eze,House,APC,Ebonyi,Ebonyi/Ohaukwu,Yes
a0b262f7-8034-48ae-b888-65690ddc839a,HB 1555,Hon Offiono Godwin,House,PDP,Cross River,Ogoja/Yala,Yes
a729a5d7-9d4a-46de-8a0c-842266a822a5,HB 1498,Hon Jesse Okey-Joe Onuakachi,House,LP,Lagos,Oshodi/Isolo II,Yes
b5761e11-225f-4d8d-800f-26bee4ca0979,HB 1524,Hon Amobi Ogah,House,LP,Abia,Isuikwuato/Umu-Nneochi,Yes
c0022879-ede0-4799-ac3b-e6394b8a1afe,HB 1570,Hon Mansur Manu Soro,House,APC,Bauchi,Darazo/Gunjuwa,Yes
c362c1d1-b175-49da-80f5-6326e52f3052,HB 1568,Abdullahi Ibrahim Ali,House,APC,Kogi,Ankpa/Omala/Olamaboro,Yes
ddd117a4-29c9-426c-889a-a34c2934c606,HB 1525,Hon Amobi Ogah,House,LP,Abia,Isuikwuato/Umu-Nneochi,Yes
e7f942f8-82de-469e-be89-412dfe766d8a,HB 1569,Hon Mansur Manu Soro,House,APC,Bauchi,Darazo/Gunjuwa,Yes
e7f942f8-82de-469e-be89-412dfe766d8a,HB 1569,Hon Oluwole Oke,House,PDP,Osun,Obokun/Oriade,No
0238b7b6-ecfb-4ffd-bc25-3ed793e027cb,HB 2059,Hon Benjamin Kalu,House,APC,Abia,Bende,Yes
27c73f06-1ac6-4767-b46e-4a1634618cb3,HB 2175,Hon Ahmed Idris Wase,House,APC,Plateau,Wase,Yes
299c54f0-060e-43e1-828a-254911e8c2e4,HB 2121,Gaza Jonathan Gbefwi,House,PDP,Nasarawa,Keffi/Karu/Kokona,Yes
299c54f0-060e-43e1-828a-254911e8c2e4,HB 2121,Hon Amobi Ogah,House,LP,Abia,Isuikwuato/Umu-Nneochi,No
299c54f0-060e-43e1-828a-254911e8c2e4,HB 2121,Hon Joshua Gana,House,PDP,Niger,Lavun/Mokwa/Edati,No
299c54f0-060e-43e1-828a-254911e8c2e4,HB 2121,Hon Mansur Manu Soro,House,APC,Bauchi,Darazo/Gunjuwa,No
299c54f0-060e-43e1-828a-254911e8c2e4,HB 2121,Nasiru Shehu,House,APC,Sokoto,Dange-Shuni/Bodinga/Tureta,No
299c54f0-060e-43e1-828a-254911e8c2e4,HB 2121,Hon Julius Ihonvbere,House,APC,Edo,Owan East/Owan West,No
299c54f0-060e-43e1-828a-254911e8c2e4,HB 2121,Kelechi Nwogu,House,PDP,Rivers,Etche/Omuma,No
299c54f0-060e-43e1-828a-254911e8c2e4,HB 2121,Hon Babajimi Adegoke Benson,House,APC,Lagos,Ikorodu,No
299c54f0-060e-43e1-828a-254911e8c2e4,HB 2121,Hon Benjamin Kalu,House,APC,Abia,Bende,No
4dff098e-57aa-433c-8705-bcd6219d4f4c,HB 2083,Patrick Umoh,House,APC,Akwa Ibom,Ikot Ekpene/Essien Udim/ Obot Akara,Yes
ce3a7f86-8a0f-4e3e-8776-647784ff74b4,HB 2122,Hon Osi Kama Nkemkanma,House,LP,Ebonyi,Ivo-Ohaozara/Onicha,Yes
ce3a7f86-8a0f-4e3e-8776-647784ff74b4,HB 2122,Joshua Chinedu Obika,House,LP,Federal Capital Territory (Fct),Municipal/Bwari,No
ce3a7f86-8a0f-4e3e-8776-647784ff74b4,HB 2122,Hon Benjamin Kalu,House,APC,Abia,Bende,No
ce3a7f86-8a0f-4e3e-8776-647784ff74b4,HB 2122,Hon Muktar Tolani Shagaya,House,APC,Kwara,Ilorin West/Asa,No
ce3a7f86-8a0f-4e3e-8776-647784ff74b4,HB 2122,Hon Billy Famous Osawaru,House,APC,Edo,Orhionmwon/Uhunmwonde,No
ce3a7f86-8a0f-4e3e-8776-647784ff74b4,HB 2122,Hon David Idris Zacharias,House,APC,Kogi,Idah/Igalamela Odolu/Ibaji/ Ofu,No
ce3a7f86-8a0f-4e3e-8776-647784ff74b4,HB 2122,Hon Abdussamad Ibrahim Dasuki,House,PDP,Sokoto,Kebbe/Tambuwal,No
ce3a7f86-8a0f-4e3e-8776-647784ff74b4,HB 2122,Hon Ahmadu Usman Jaha,House,APC,Borno,Damboa/Gwoza/Chibok,No
ce3a7f86-8a0f-4e3e-8776-647784ff74b4,HB 2122,Hon Moshood Kayode Akiolu,House,APC,Lagos,Lagos Island II,No
48efb4ee-d4d7-402b-a9b5-1738f5c9c2df,HB 2231,Hon Benjamin Kalu,House,APC,Abia,Bende,Yes
04a44edc-00ba-4019-9414-a1f820620da1,SB 262,Sen. Barau Jibrin,Senate,APC,Kano,,Yes
0c547537-0f08-4452-9e15-d109ac283c54,SB 231,Sen. Wasiu Sanni Eshilokun,Senate,APC,Lagos,,Yes
29bea4ee-355f-492b-919f-08c64a3d060a,SB 281,Sen. Barau Jibrin,Senate,APC,Kano,,Yes
356f24e9-7fa0-4f45-9a22-3916cdecb57a,SB 182,Abba Moro,Senate,PDP,Benue,,Yes
36150a2a-8201-4b3b-8fca-2abeaf906b9f,SB 189,Sen. Godswill Akpabio,Senate,APC,Akwa Ibom,,Yes
446a307a-4253-4a60-85c5-1e5cc5df3234,SB 288,Sen. Barau Jibrin,Senate,APC,Kano,,Yes
9704ad25-1760-463c-871b-35d8a2bdf024,SB 280,Sen. Mohammed Sani Musa,Senate,APC,Niger,,Yes
b1456c13-344a-43d5-ab54-a4552e48dd98,SB 249.,Sen. Ned Munir Nwoko,Senate,PDP,Delta,,Yes
018e1221-1a86-415d-85a1-0a3ea9b2194f,SB 192,Sen. Kaka Shehu Lawan,Senate,APC,Borno,,Yes
2e87e3b3-5c43-4b6f-85e8-4fca5b4b23f2,SB 400,Sen. Olalere Oyewumi,Senate,PDP,Osun,,Yes
64770371-5ea2-424e-b9a9-1165ed761060,SB 403,Sen. Barau Jibrin,Senate,APC,Kano,,Yes
790f67e2-cf26-4d52-bb33-7f71a1874216,SB 307,"Sen. Khalid, Ibrahim Mustapha",Senate,PDP,Kaduna,,Yes
7f68ce98-aedf-4a25-8e5d-1da5100f4c0b,SB 387,Sen. Babangida Hussaini,Senate,APC,Jigawa,,Yes
8776cc8a-cf8c-40a9-8f65-b54aa9f02c7e,SB 462,Sen. Orji Uzor Kalu,Senate,APC,Abia,,Yes
a8eeae43-1c55-40e7-9fa0-1709c30a62b3,SB 389,Abba Moro,Senate,PDP,Benue,,Yes
e59b568f-f4e2-4019-be12-9e80fe389dc2,SB 388,Abba Moro,Senate,PDP,Benue,,Yes
f4469836-d063-4fe9-8ddc-26d4a2f8f6ee,SB 292,Sen. Buhari Abdulfatai Omotayo,Senate,APC,Oyo,,Yes
68e1207d-d665-4b96-922b-be433904026d,HB 2187,Hon Ayodele Adefiranye,House,APC,Ondo,Ileoluji/Okeigbo/Odigbo,Yes
9e538f50-71d5-454c-9787-32994b01f0a3,HB 2236,Akarachi Etinosa Tosan,House,APC,Imo,Ikeduru/Mbaitoli,Yes
3860456d-b713-4906-97f6-ff2938a90c86,HB 2242,Mukhtar Umar Zakari,House,NNPP,Kano,Tarauni,Yes
31e2c716-c5ef-4d0c-98e6-84290311b8fd,SB 697,Sen. Orji Uzor Kalu,Senate,APC,Abia,,Yes
8940483a-7c32-47b1-a2f1-e68cabbf151e,SB 700,Sen. Izunaso Osita Bonaventure,Senate,APC,Imo,,Yes
fcd508bc-2829-43c5-99b3-b42b7315e3b5,SB 694,Sen. Oluwole Fadeyi Olubiyi,Senate,PDP,Osun,,Yes
8b06d3ba-9f8d-461f-b1c2-5ae05d8f93de,HB 1811,Hon Akintunde Rotimi,House,APC,Ekiti,Ikole/Oye,Yes
10fc18e3-b754-4d6d-a148-1773d8b3d6f6,HB 1502,Hon Aliyu Bappa misau,House,PDP,Bauchi,Misau/Dambam,Yes
6470677f-1b21-4661-974f-9129034226e4,HB 2165,Hon Bamidele Salam,House,PDP,Osun,Ede North/Ede South/ Egbedore/Ejigbo,Yes
799671bf-0309-44da-889d-8a53e3552152,HB 2608,Hon Akintunde Rotimi,House,APC,Ekiti,Ikole/Oye,Yes
df9cd455-da04-4d9e-9779-4d7c7007844b,HB 2626,Hon Adelegbe Emmanuel Oluwatimehin,House,APC,Ondo,Owo/Ose,Yes
3cfcd128-5047-4872-b31c-90d683cc937c,SB 414,Sen. Olalere Oyewumi,Senate,PDP,Osun,,Yes
11080387-ac7b-43cd-918c-d880fe37414a,HB 618,Hon Benjamin Kalu,House,APC,Abia,Bende,Yes
1389543b-ae7f-45d2-b1b4-9ab86fcfde18,HB 619,Hon Benjamin Kalu,House,APC,Abia,Bende,Yes
1fc030f0-3a5b-4b34-93fc-f1238712f149,HB 617,Hon Benjamin Kalu,House,APC,Abia,Bende,Yes
df570752-9111-4d3e-909f-187e138fa63f,SB 61,Sen. Justus Olugbenga Daniel,Senate,APC,Ogun,,Yes
24396045-457d-41b8-86e5-3731d4da66c8,HB 1177,Hon Solomon T Bob,House,PDP,Rivers,Ahoada West/Ogba Egbema,Yes
244f2fae-dfc6-4037-ad74-852dd184b639,HB 1195,Daniel Asama Ago,House,APC,Plateau,Jos North/Bassa,Yes
4077e3f5-6338-4a5a-a103-23005edcb13b,HB 1194,Daniel Asama Ago,House,APC,Plateau,Jos North/Bassa,Yes
4387a4b1-f2ae-453d-a372-090a3c4bd767,HB 1292,Hon Bamidele Salam,House,PDP,Osun,Ede North/Ede South/ Egbedore/Ejigbo,Yes
56351032-a4eb-4b03-a79a-2e9eca89ffe9,HB 1290,Hon Bamidele Salam,House,PDP,Osun,Ede North/Ede South/ Egbedore/Ejigbo,Yes
c5aa9a66-2d1a-49ae-b6b3-6edf23566bac,HB 1291,Hon Bamidele Salam,House,PDP,Osun,Ede North/Ede South/ Egbedore/Ejigbo,Yes
d2334622-6ebc-498e-b53e-76447a037624,SB 494,Sen. Enyinnaya Harcourt Abaribe,Senate,ADC,Abia,,Yes
f1eac958-73c4-4ab5-902c-049bb797bb49,HB 1521,Hon Paul Nnamchi,House,LP,Enugu,Enugu East/Isi Uzo,Yes
e58ccb6c-acec-434c-aa0a-d5925f0d40d7,SB 795,Sen. Mohammed Sani Musa,Senate,APC,Niger,,Yes
04734684-d4d6-4601-9f9b-a5558d7ddaf9,HB 780,Hon Sesi Whingan,House,APC,Lagos,Badagry,Yes
1a04e672-dd2d-45bf-b06f-e712333bd51b,HB 871,Hon Mohammed Bello El-Rufai,House,APC,Kaduna,Kaduna North,Yes
22b30f9c-eecf-458d-87b3-f27699788b44,HB 877,Hon Awaji-inombek Dagomie Abiante,House,PDP,Rivers,Opobo/Nkoro/Andoni,Yes
29872892-07db-4a9a-bf4f-5a170f735e9b,HB 197,Hon Ugochinyere Onyinye Ikeagwuonu,House,PDP,Imo,Ideato North/Ideato South,Yes
30afbf20-d91e-44d7-b5e2-4be1180ce200,HB 190,Hon Saidu Musa Abdullahi,House,APC,Niger,Bida/Gbako/Katcha,Yes
3664926a-44d8-4abc-acf2-5fdab6c4f303,HB 202,Hon Ugochinyere Onyinye Ikeagwuonu,House,PDP,Imo,Ideato North/Ideato South,Yes
3871a2c7-b3cd-4760-b335-65653e34f1b9,HB 869,Akpatason Ohiozojeh Peter,House,APC,Edo,Akoko-Edo,Yes
3edb61ae-bb17-4498-b007-16e749774834,HB 397,Hon Saidu Musa Abdullahi,House,APC,Niger,Bida/Gbako/Katcha,Yes
3f2442a4-111e-436b-be9e-52bd9b19b9d5,HB 200,Hon Ugochinyere Onyinye Ikeagwuonu,House,PDP,Imo,Ideato North/Ideato South,Yes
57a5b75e-219a-42c9-b669-6f29d1f1093f,HB 203,Hon Ugochinyere Onyinye Ikeagwuonu,House,PDP,Imo,Ideato North/Ideato South,Yes
730222ff-cfd7-415d-94ac-51ae9fe8b34e,HB 188,Hon Saidu Musa Abdullahi,House,APC,Niger,Bida/Gbako/Katcha,Yes
8ecaca5b-339a-418b-be1e-d4f6f3cd6838,HB 994,Hon Sada Soli,House,APC,Katsina,Jibia/Kaita,Yes
92bcf07a-ae10-4407-9310-57dac97413c7,HB 32,Hon Mohammed Bello El-Rufai,House,APC,Kaduna,Kaduna North,Yes
97abc2d3-2ecf-44c7-a9ce-844e35977513,HB 766,Hon Adewunmi Oriyomi Onanuga,House,APC,Ogun,Ikenne/Sagamu/Remo North,Yes
9afdcf9e-8927-42b1-87df-c62547b33064,HB 1024,Hon Abdulraheem Olatunji Olawuyi,House,APC,Kwara,Ekiti/Isin/Irepodun/Oke-Ero,Yes
a77c72ea-3272-4e68-b4e4-c772e1c5a65f,HB 770,Hon Tasir Olawale Raji,House,APC,Lagos,Epe,Yes
d3f1f13a-7873-46d3-a57b-4372b0a4f789,HB 204,Hon Ugochinyere Onyinye Ikeagwuonu,House,PDP,Imo,Ideato North/Ideato South,Yes
d4e69b3f-e939-42d7-b944-cee0b23897a5,HB 199,Hon Ugochinyere Onyinye Ikeagwuonu,House,PDP,Imo,Ideato North/Ideato South,Yes
ec6d1737-3cd7-43ed-8655-41073767e7a8,HB 201,Hon Ugochinyere Onyinye Ikeagwuonu,House,PDP,Imo,Ideato North/Ideato South,Yes
ef7b1c46-9bae-4599-89a2-61801a972ca0,HB 33,Hon Francis Ejiroghene Waive,House,APC,Delta,"Ughelli North, Ughelli South/Udu",Yes
098c7d5d-c487-4800-b15d-b238f4e13f3d,SB 562,Sen. Binos Dauda Yaroe,Senate,ADC,Adamawa,,Yes
0a46d672-b837-4af1-bc4b-432bbab7f6d1,HB 1517,Hon Obinna Aguocha,House,LP,Abia,Umuahia North/ Umuahia South/ Ikwuano,Yes
100f4583-a6d7-45fb-8cd0-7b02d0e94b35,SB 532,Simon Bako Lalong,Senate,APC,Plateau,,Yes
148e3422-9257-4d69-b36b-3b2ceb2be19f,HB 1217,Hon Aminu Jamo Daura,House,APC,Katsina,Daura/Sandamu/Mai’adua,Yes
212db5e0-d203-46fd-b8cf-7bb26eb658a6,HB 1147,Hon Mansur Manu Soro,House,APC,Bauchi,Darazo/Gunjuwa,Yes
275d8235-46b4-49f2-91c1-44d8842fd6bc,HB 1227,Hon Yusuf Shitu Galambi,House,NNPP,Jigawa,Gwaram,Yes
27e03666-7db1-4798-9053-1fd512837fd3,HB 1141,Hon Mansur Manu Soro,House,APC,Bauchi,Darazo/Gunjuwa,Yes
2bc8b841-4d30-4b0b-af57-71e59dc2bfbb,HB 1145,Hon Mansur Manu Soro,House,APC,Bauchi,Darazo/Gunjuwa,Yes
2d152f1b-b333-4ec8-b4d2-e5cf98b59fc5,HB 1672,Dibiagwu Eugene Okechukwu,House,APC,Imo,Ideato North/Ideato South,Yes
2e7dd287-5848-40df-87ed-99d06c511622,HB 1155,Hon Benjamin Kalu,House,APC,Abia,Bende,Yes
2e7dd287-5848-40df-87ed-99d06c511622,HB 1155,Hon Mansur Manu Soro,House,APC,Bauchi,Darazo/Gunjuwa,No
32058063-a812-4ccb-a597-329c9a0385df,SB 670,"Sen. Etim, Bassey Aniekan",Senate,PDP,Akwa Ibom,,Yes
32a67780-4cea-42a2-8505-001ef994a3c3,SB 305,"Sen. Khalid, Ibrahim Mustapha",Senate,PDP,Kaduna,,Yes
36c153bc-3496-41b1-8e9d-f812ae19de13,HB 1152,Hon Mansur Manu Soro,House,APC,Bauchi,Darazo/Gunjuwa,Yes
3bce6edc-2a3b-47cc-b04a-4482c11b65e2,HB 1255,Hon Nnamdi Ezechi,House,PDP,Delta,Nkokwa East/Ndokwa West/ Ukwuani,Yes
3cb16823-6dbc-4ddf-8d47-334049c4aac8,HB 1308,Hon Ghali Tijjani Mustapha,House,NNPP,Kano,Alabasu/Gaya/Ajingi,Yes
4178bd1d-5dc0-4193-a508-906bb733eb54,HB 1345,Patrick Umoh,House,APC,Akwa Ibom,Ikot Ekpene/Essien Udim/ Obot Akara,Yes
4601a236-b7fa-4993-aed3-6e0d68fb8d8f,HB 1580,Hon Adewale Hameed,House,APC,Lagos,Agege,Yes
4aa004cb-0605-4f9c-85cd-87139877dc93,SB 556,Sen. Orji Uzor Kalu,Senate,APC,Abia,,Yes
4ccb6595-9e6d-4503-a848-15684d153779,HB 1223,Chike John Okafor,House,APC,Imo,Ehime Mbano/Ihite-Uboma/ Obowo,Yes
4fc6c260-e9e9-4a0f-a4ae-3202e7664b29,SB 654,Sen. Justus Olugbenga Daniel,Senate,APC,Ogun,,Yes
5603cc9b-7d57-4c3b-8a65-a4528aeb50e7,HB 1205,Daniel Asama Ago,House,APC,Plateau,Jos North/Bassa,Yes
5ba80bea-dbfd-433f-990a-a85af03f68e8,HB 1275,Ali Isa,House,PDP,Gombe,Balanga/Billiri,Yes
5f751411-989a-413a-8525-bff2e3e62247,HB 1671,Dibiagwu Eugene Okechukwu,House,APC,Imo,Ideato North/Ideato South,Yes
63b81fe0-56c7-4bba-a0da-8b98f2b80bcc,HB 1306,Hon Francis Ejiroghene Waive,House,APC,Delta,"Ughelli North, Ughelli South/Udu",Yes
64cf9f37-5c8e-4e32-a181-8c4f43b55a4b,HB 1212,Hon Nnamdi Ezechi,House,PDP,Delta,Nkokwa East/Ndokwa West/ Ukwuani,Yes
65cf6bda-580e-4db5-8fa6-da793e3049a0,HB 1144,Hon Mansur Manu Soro,House,APC,Bauchi,Darazo/Gunjuwa,Yes
6661d6f7-d66f-461f-b881-ff7890acea0e,SB 548,Sen. Sunday Steve Karimi,Senate,APC,Kogi,,Yes
66beaa46-178f-4026-b00f-bb1086422d34,HB 1310,Gaza Jonathan Gbefwi,House,PDP,Nasarawa,Keffi/Karu/Kokona,Yes
6ba69d79-bb59-4615-a0d7-657a8a9f0472,HB 1230,Hon Kwamoti Bitrus Laori,House,PDP,Adamawa,Demsa/Numan/Lamurde,Yes
6f885eee-1634-45ca-b008-0929390af205,HB 1115,Hon Kingsley Chinda,House,PDP,Rivers,Obio/Akpor,Yes
70c39d52-bb03-4c35-87a0-ab970c92a894,HB 1116,Hon Kingsley Chinda,House,PDP,Rivers,Obio/Akpor,Yes
72056b41-e2fa-4e52-a991-3f7a298a8c42,HB 1316,Hon Jeremiah Umaru,House,APC,Nasarawa,Akwanga/Nassarawa Eggon/ Wamba,Yes
75b84bbd-9ea8-408b-aa21-756ae5f6072c,HB 1660,Hon Kingsley Chinda,House,PDP,Rivers,Obio/Akpor,Yes
79ca3e83-26d4-4832-8013-1abc4bac7377,HB 1341,Patrick Umoh,House,APC,Akwa Ibom,Ikot Ekpene/Essien Udim/ Obot Akara,Yes
7a8edcd5-b9ff-4223-a875-194156e2007b,HB 1142,Hon Mansur Manu Soro,House,APC,Bauchi,Darazo/Gunjuwa,Yes
7c44f480-938b-411d-b1af-8ca3ec1ab4f8,HB 1138,Hon Ayodeji Alao,House,APC,Oyo,Ogbomoso North/ Ogbomoso South/Orire,Yes
7c8a7488-596a-4078-8634-e2eaf24d53d2,HB 1189,Daniel Asama Ago,House,APC,Plateau,Jos North/Bassa,Yes
7ccb8153-e4d4-4839-ba37-f5404826aed4,SB 469,Sen. Izunaso Osita Bonaventure,Senate,APC,Imo,,Yes
872927f7-aa26-43ca-b887-7d6a257c41f5,HB 1219,Hon Aminu Jamo Daura,House,APC,Katsina,Daura/Sandamu/Mai’adua,Yes
889ed02b-5f11-4ccd-8368-e27153ca56e1,HB 1148,Hon Mansur Manu Soro,House,APC,Bauchi,Darazo/Gunjuwa,Yes
8bf5c6a9-3e55-4f55-8490-0fb90dc2748b,HB 1585,Harrison Anozie Nwadike,House,APC,Imo,Isu/Njaba/Nkwerre/Nwangele,Yes
8ed14890-6129-4a23-9f89-702db29445db,HB 1084,Hon Adewale Hameed,House,APC,Lagos,Agege,Yes
95fe20c4-be3f-47de-824a-7514b3226343,HB 1278,Ali Isa,House,PDP,Gombe,Balanga/Billiri,Yes
a3d1ca44-e908-43da-aa89-1afe1080097d,HB 1346,Patrick Umoh,House,APC,Akwa Ibom,Ikot Ekpene/Essien Udim/ Obot Akara,Yes
a4f6cc69-b47c-4e53-9a78-c6b1d6974a09,HB 1215,Hon Solomon T Bob,House,PDP,Rivers,Ahoada West/Ogba Egbema,Yes
a63b6c9b-96dd-497a-976a-297c8937fcd6,HB 1098,Hon Oluwole Oke,House,PDP,Osun,Obokun/Oriade,Yes
a9e2fedc-2150-4ce2-ba94-0204d09495b2,HB 1258,Hon Tajudeen Kareem,House,APC,Oyo,Saki East/Saki West/Atisbo,Yes
ab78cbd6-e751-4967-bd73-0fcd1dc656b5,HB 1352,Patrick Umoh,House,APC,Akwa Ibom,Ikot Ekpene/Essien Udim/ Obot Akara,Yes
ac350559-753c-42b3-bb8d-faa8bb77003e,HB 1878,Hon Adetola Kafilat Ogbara,House,APC,Lagos,Kosofe,Yes
ac350559-753c-42b3-bb8d-faa8bb77003e,HB 1878,Hon Aliu Ademorin Kuye,House,APC,Lagos,Shomolu,No
ac350559-753c-42b3-bb8d-faa8bb77003e,HB 1878,Hon Adeyemi Taofeek Alli,House,APC,Lagos,Mushin I,No
ac350559-753c-42b3-bb8d-faa8bb77003e,HB 1878,Hon Adewale Hameed,House,APC,Lagos,Agege,No
ac350559-753c-42b3-bb8d-faa8bb77003e,HB 1878,Adedayo Samuel Adesola,House,APC,Lagos,Apapa,No
ac350559-753c-42b3-bb8d-faa8bb77003e,HB 1878,Moshood Olanrewaju Oshun,House,APC,Lagos,Lagos Mainland,No
ac350559-753c-42b3-bb8d-faa8bb77003e,HB 1878,Hon Lanre Okunlola,House,APC,Lagos,Surulere II,No
ac350559-753c-42b3-bb8d-faa8bb77003e,HB 1878,Fuad Kayode Laguda,House,APC,Lagos,Surulere I,No
ac350559-753c-42b3-bb8d-faa8bb77003e,HB 1878,Hon George Olawande,House,LP,Lagos,Amuwo-Odofin,No
ac350559-753c-42b3-bb8d-faa8bb77003e,HB 1878,Hon Adeboye Paul Kalejaiye,House,APC,Lagos,Ajeromi/Ifelodun,No
ac350559-753c-42b3-bb8d-faa8bb77003e,HB 1878,Hon Tasir Olawale Raji,House,APC,Lagos,Epe,No
ac350559-753c-42b3-bb8d-faa8bb77003e,HB 1878,Hon Jesse Okey-Joe Onuakachi,House,LP,Lagos,Oshodi/Isolo II,No
ac350559-753c-42b3-bb8d-faa8bb77003e,HB 1878,Hon Sesi Whingan,House,APC,Lagos,Badagry,No
ac350559-753c-42b3-bb8d-faa8bb77003e,HB 1878,Hon Oluwaseyi Sowumi,House,LP,Lagos,Ojo,No
ac350559-753c-42b3-bb8d-faa8bb77003e,HB 1878,Hon Adeyemi Benjamin Olabinjo,House,APC,Lagos,Ifako/Ijaiye,No
ac350559-753c-42b3-bb8d-faa8bb77003e,HB 1878,Hon Babajimi Adegoke Benson,House,APC,Lagos,Ikorodu,No
ac350559-753c-42b3-bb8d-faa8bb77003e,HB 1878,Hon Thaddeus Atta,House,LP,Lagos,Eti-Osa,No
ac350559-753c-42b3-bb8d-faa8bb77003e,HB 1878,Hon Adebayo Olusegun Balogun,House,APC,Lagos,Ibeju Lekki,No
ac350559-753c-42b3-bb8d-faa8bb77003e,HB 1878,Hon Ganiyu Ayuba,House,APC,Lagos,Alimosho,No
ac350559-753c-42b3-bb8d-faa8bb77003e,HB 1878,Hon Abiodun James Faleke,House,APC,Lagos,Ikeja,No
ac350559-753c-42b3-bb8d-faa8bb77003e,HB 1878,Hon Moshood Kayode Akiolu,House,APC,Lagos,Lagos Island II,No
ac350559-753c-42b3-bb8d-faa8bb77003e,HB 1878,Hon Akanni Enitan Dolapo-badru,House,APC,Lagos,Lagos Island I,No
ac350559-753c-42b3-bb8d-faa8bb77003e,HB 1878,Hon Bashiru Ayinla Dawodu,House,PDP,Lagos,Oshodi/Isolo I,No
b2bf85ff-79f6-4ac0-8623-f218ad26e1c9,HB 1596,Hon Mansur Manu Soro,House,APC,Bauchi,Darazo/Gunjuwa,Yes
b3af983f-c3ca-433e-9326-a4adfadd162d,HB 1117,Hon Kingsley Chinda,House,PDP,Rivers,Obio/Akpor,Yes
b416a162-2b62-4c28-ab76-c29351a0e650,HB 1578,Hon Obinna Ginger Onwusibe,House,LP,Abia,Isiala Ngwa North /Isiala Ngwa South,Yes
c1736784-01cd-493d-806f-eef6c17056b1,HB 1272,Ali Isa,House,PDP,Gombe,Balanga/Billiri,Yes
c72f969a-abd3-4a6b-a8bb-09de5c9fc998,HB 1154,Hon Mansur Manu Soro,House,APC,Bauchi,Darazo/Gunjuwa,Yes
c8cd1441-36e9-44ba-8f07-4d7d4f98a055,HB 1305,Hon Francis Ejiroghene Waive,House,APC,Delta,"Ughelli North, Ughelli South/Udu",Yes
d50bacab-9fe0-45ae-a741-7a2b0a2bce24,HB 1431,Hon Ugochinyere Onyinye Ikeagwuonu,House,PDP,Imo,Ideato North/Ideato South,Yes
d53eda9b-8cd4-406f-9681-837041b361b5,HB 1309,Hon Ghali Tijjani Mustapha,House,NNPP,Kano,Alabasu/Gaya/Ajingi,Yes
d964c35c-4b37-4476-b5ba-dab09dc35185,HB 1320,Hon Sada Soli,House,APC,Katsina,Jibia/Kaita,Yes
dca7a20e-da94-4538-be2d-538c385a52b9,SB 490,"Sen. Diket, Satso Plang",Senate,APC,Plateau,,Yes
de379450-ca2b-4582-8af5-3f39b7283912,HB 1314,Hon Benedict Etanabene,House,LP,Delta,Okpe/Sapele/Uvwie,Yes
e251b857-a075-4459-9009-48ae0f25be47,HB 1807,Hon Akintunde Rotimi,House,APC,Ekiti,Ikole/Oye,Yes
ec6b50df-f6f8-4871-9c1b-ce81d5070fe3,HB 1206,Daniel Asama Ago,House,APC,Plateau,Jos North/Bassa,Yes
f194da8e-cc41-41fd-a592-573c8771b63b,SB 667,Sen. Ibrahim Jimoh Folorunsho,Senate,APC,Ondo,,Yes
f3fb3d11-7da6-41af-82a6-29802f5790ce,HB 1214,Hon Solomon T Bob,House,PDP,Rivers,Ahoada West/Ogba Egbema,Yes
f4c99b99-e48b-4a00-a202-20f8c44734b0,HB 1229,Hon Kwamoti Bitrus Laori,House,PDP,Adamawa,Demsa/Numan/Lamurde,Yes
3c5638ad-0986-4f79-a3d4-21d9c3e1ffbd,HB 1349,Hon Muktar Tolani Shagaya,House,APC,Kwara,Ilorin West/Asa,Yes
3c5638ad-0986-4f79-a3d4-21d9c3e1ffbd,HB 1349,Hon Khadija Waziri Bukar abba ibrahim,House,APC,Yobe,Damaturu/Gujba/Gulani/ Tarmuwa,No
3c5638ad-0986-4f79-a3d4-21d9c3e1ffbd,HB 1349,Hon Osi Kama Nkemkanma,House,LP,Ebonyi,Ivo-Ohaozara/Onicha,No
3c5638ad-0986-4f79-a3d4-21d9c3e1ffbd,HB 1349,Hon Chinwe Clara Nnabuife,House,YPP,Anambra,Orumba North/Orumba South,No
3c5638ad-0986-4f79-a3d4-21d9c3e1ffbd,HB 1349,Hon Hassan Mohammed,House,NNPP,Kano,Dawakin Kudu/Warawa,No
3c5638ad-0986-4f79-a3d4-21d9c3e1ffbd,HB 1349,Hon Amobi Ogah,House,LP,Abia,Isuikwuato/Umu-Nneochi,No
3c5638ad-0986-4f79-a3d4-21d9c3e1ffbd,HB 1349,Hon Francis Ejiroghene Waive,House,APC,Delta,"Ughelli North, Ughelli South/Udu",No
3c5638ad-0986-4f79-a3d4-21d9c3e1ffbd,HB 1349,Hon Blessing Onyeche Onuh,House,APGA,Benue,Otukpo/Ohimini,No
3c5638ad-0986-4f79-a3d4-21d9c3e1ffbd,HB 1349,Hon Adewunmi Oriyomi Onanuga,House,APC,Ogun,Ikenne/Sagamu/Remo North,No
3c5638ad-0986-4f79-a3d4-21d9c3e1ffbd,HB 1349,Hon Benjamin Kalu,House,APC,Abia,Bende,No
3c5638ad-0986-4f79-a3d4-21d9c3e1ffbd,HB 1349,Gaza Jonathan Gbefwi,House,PDP,Nasarawa,Keffi/Karu/Kokona,No
3c5638ad-0986-4f79-a3d4-21d9c3e1ffbd,HB 1349,Hon Joshua Gana,House,PDP,Niger,Lavun/Mokwa/Edati,No
3c5638ad-0986-4f79-a3d4-21d9c3e1ffbd,HB 1349,Hon Jafaru Gambe Leko,House,APC,Bauchi,Bogoro/Dass/Tafawa Balewa,No
6f5f6cee-c7b1-455e-b5c7-7e7657c047dd,SB 523,"Sen. Abdulrahman, Kawu Suleiman",Senate,NNPP,Kano,,Yes
e2f53edf-54fc-429d-baed-b61278a0b854,HB 1501,Auwalu Abdu Gwalabe,House,PDP,Bauchi,Katagum,Yes
108fdf26-9b87-4b12-a9b6-62f92539c0b2,SB 785,Sen. Barau Jibrin,Senate,APC,Kano,,Yes
17016c62-fc77-4cae-8f2a-f5af6cae47c8,SB 793,Sen. Barau Jibrin,Senate,APC,Kano,,Yes
1b774054-2a3f-4bce-a4a7-8617b9c00329,HB 2196,Useni Mark Bako,House,APC,Taraba,Takum/Donga/Ussa,Yes
1b774054-2a3f-4bce-a4a7-8617b9c00329,HB 2196,Hon Olusola Steve Fatoba,House,APC,Ekiti,Ado Ekiti/Irepodun/Ifelodun,No
1b774054-2a3f-4bce-a4a7-8617b9c00329,HB 2196,Hon Mohammed Bello El-Rufai,House,APC,Kaduna,Kaduna North,No
1b774054-2a3f-4bce-a4a7-8617b9c00329,HB 2196,Hon Miriam Onuoha,House,APC,Imo,Isiala Mbano/Okigwe/Onuimo,No
1b774054-2a3f-4bce-a4a7-8617b9c00329,HB 2196,Hon Moshood Kayode Akiolu,House,APC,Lagos,Lagos Island II,No
1b774054-2a3f-4bce-a4a7-8617b9c00329,HB 2196,Hon Benjamin Kalu,House,APC,Abia,Bende,No
1b774054-2a3f-4bce-a4a7-8617b9c00329,HB 2196,Hon Francis Ejiroghene Waive,House,APC,Delta,"Ughelli North, Ughelli South/Udu",No
264063b5-ac46-4df2-b77e-252a3d392abb,SB 794,Sen. Michael Opeyemi Bamidele,Senate,APC,Ekiti,,Yes
2cb2923c-be7c-4296-9576-ab43809c72c7,SB 805,"Sen. Abdulrahman, Kawu Suleiman",Senate,NNPP,Kano,,Yes
304a4d60-3c25-4d6c-b95b-ce37232bdef8,SB 786,Sen. Barau Jibrin,Senate,APC,Kano,,Yes
3202d2be-0bf0-4803-a838-f24b4b7287a5,HB 2058,Hon Benjamin Kalu,House,APC,Abia,Bende,Yes
3de242da-b4b0-4e5c-aaa3-80c1ef5ab3b2,SB 775,Sen. Enyinnaya Harcourt Abaribe,Senate,ADC,Abia,,Yes
41b31411-5274-4d4a-9e22-5d2943aa2b1b,SB 821,Sen. Sunday Steve Karimi,Senate,APC,Kogi,,Yes
43d8102f-e7e6-47a3-911f-8dd1511ab47f,HB 2618,Abdulrahman Ajiya,House,APC,Federal Capital Territory (Fct),Abaji/Gwagwalada/Kwali/Kuje,Yes
4cc7643d-19c0-4991-a4f9-42e38cf4362b,HB 2203,Hon Tajudeen Abbas,House,APC,Kaduna,Zaria,Yes
503bb6f6-9c75-4089-ab03-6f57b9efde69,SB 878,Sen. Adetokunbo Mukhail Abiru,Senate,APC,Lagos,,Yes
541f150b-bcbe-4561-9df8-99aefa719ec1,HB 2226,Mohammed Saidu Bargaja,House,PDP,Sokoto,Isa/Sabon Birni,Yes
541f150b-bcbe-4561-9df8-99aefa719ec1,HB 2226,Hon Bello Ambarura Isah,House,APC,Sokoto,Illela/Gwadabawa,No
553adb7f-eb1a-4048-b644-8a77928d9fb6,SB 875,Sen. Sunday Steve Karimi,Senate,APC,Kogi,,Yes
5f8a2198-19a3-48b3-b27e-679f4c92b033,HB 2217,Hon Nnolim John Nnaji,House,APC,Enugu,Nkanu East/Nkanu West,Yes
5f8a2198-19a3-48b3-b27e-679f4c92b033,HB 2217,Chimaobi Sam Atu,House,LP,Enugu,Enugu North/Enugu South,No
5f8a2198-19a3-48b3-b27e-679f4c92b033,HB 2217,Hon Paul Nnamchi,House,LP,Enugu,Enugu East/Isi Uzo,No
7280609c-fa42-47e2-a55e-f0dfd9d25b48,HB 2462,Hon Zakaria Dauda Nyampa,House,PDP,Adamawa,Madagali/Michika,Yes
a3e519b4-2325-4416-9195-8964a01fa8ce,SB 784,Sen. Barau Jibrin,Senate,APC,Kano,,Yes
a6af60b5-66fa-45ee-b5c4-d87f22d4ba0f,SB 823,"Sen. Etim, Bassey Aniekan",Senate,PDP,Akwa Ibom,,Yes
a810b0e5-fa24-4601-9fe4-c79031633e1b,HB 2133,Hon Abdulraheem Abdulmaleek,House,PDP,Kogi,Adavi/Okehi,Yes
aa71308a-52d5-447d-b291-c6b1e77df71d,HB 2061,Gaza Jonathan Gbefwi,House,PDP,Nasarawa,Keffi/Karu/Kokona,Yes
aa71308a-52d5-447d-b291-c6b1e77df71d,HB 2061,Nasiru Shehu,House,APC,Sokoto,Dange-Shuni/Bodinga/Tureta,No
aa71308a-52d5-447d-b291-c6b1e77df71d,HB 2061,Hon Oluwole Oke,House,PDP,Osun,Obokun/Oriade,No
aa71308a-52d5-447d-b291-c6b1e77df71d,HB 2061,Hon Jafaru Gambe Leko,House,APC,Bauchi,Bogoro/Dass/Tafawa Balewa,No
aa71308a-52d5-447d-b291-c6b1e77df71d,HB 2061,Hon Benjamin Kalu,House,APC,Abia,Bende,No
aa71308a-52d5-447d-b291-c6b1e77df71d,HB 2061,Nwaeke Felix Uche,House,PDP,Rivers,Eleme/Tai/Oyigbo,No
aa71308a-52d5-447d-b291-c6b1e77df71d,HB 2061,Chris Nkwonta,House,PDP,Abia,Ukwa East/Ukwa West,No
ad4a1454-5418-4a88-a6c2-cac547b6d483,SB 890,Konbowel Benson Friday,Senate,PDP,Bayelsa,,Yes
bc2edebf-e277-493e-a9a6-03614381aaf2,SB 868,"Sen. Emmanuel, Udende Menga",Senate,APC,Benue,,Yes
bcd3554d-268b-4e32-9ca5-703e80220ddb,HB 2100,Harrison Anozie Nwadike,House,APC,Imo,Isu/Njaba/Nkwerre/Nwangele,Yes
bd622754-1aa0-4fbf-b3a4-a0c40d3d1d1b,HB 2057,Hon Benjamin Kalu,House,APC,Abia,Bende,Yes
c2f5e29a-ac4c-4dcf-9236-645f23d517f7,SB 729,Sen. Mallam-madori Ahmed Abdulhamid,Senate,APC,Jigawa,,Yes
cb2ca8c6-5c1c-40a8-8c8b-90f09aa382d9,SB 806,Sen. Buhari Abdulfatai Omotayo,Senate,APC,Oyo,,Yes
cd1b81eb-f373-48db-a25f-506b2f102b1a,HB 2180,Hon Jeremiah Umaru,House,APC,Nasarawa,Akwanga/Nassarawa Eggon/ Wamba,Yes
cda0af31-5e25-448e-b6f0-57335a58c8b6,SB 804,Sen. Barau Jibrin,Senate,APC,Kano,,Yes
d4ee3572-bd19-4f21-91f5-c40dce84023a,SB 811,"Sen. Abdulrahman, Kawu Suleiman",Senate,NNPP,Kano,,Yes
e2db1bc0-822e-4b1d-ade0-2d21458aa01b,SB 855,Sen. Sunday Steve Karimi,Senate,APC,Kogi,,Yes
f09c6829-bdb1-4677-a8d9-54cfe659a1ba,SB 799,Simon Bako Lalong,Senate,APC,Plateau,,Yes
f88fb0cf-ece5-49f7-92ae-612bc20f5206,HB 2060,Hon Benjamin Kalu,House,APC,Abia,Bende,Yes
f88fb0cf-ece5-49f7-92ae-612bc20f5206,HB 2060,Muhammed Mukhtar,House,APC,Jigawa,Kazaure/Roni/Gwiwa/Yankwashi,No
a3b705bd-3594-473e-aacc-4144bc2495b2,SB 1016,Sen. Sunday Steve Karimi,Senate,APC,Kogi,,Yes
c4e1e663-272c-48d0-a7cf-158191f2023a,SB 1022,Sen. Izunaso Osita Bonaventure,Senate,APC,Imo,,Yes
aeb9fa1c-e115-4f0a-931d-7d9b7330adfa,HB 2237,Akarachi Etinosa Tosan,House,APC,Imo,Ikeduru/Mbaitoli,Yes
7f75e0fd-6829-4a2b-b2b2-6c5e212ade09,HB 2028,Hon Olufemi Richard Bamisile,House,APC,Ekiti,Emure/Gbonyin/Ekiti East,Yes
1c6b460d-42dc-4bfe-ac87-9eead4cb5767,HB 2228,Hon Billy Famous Osawaru,House,APC,Edo,Orhionmwon/Uhunmwonde,Yes
70ea1e55-80cf-46b8-8452-9819fc715bc8,HB 1522.,Hon Okpolupm Etteh,House,PDP,Akwa Ibom,Eket/Onna/Esit Eket/Ibeno,Yes
0453afb4-a872-4970-a67b-71473c130d5d,HB 1630,Hon Akintunde Rotimi,House,APC,Ekiti,Ikole/Oye,Yes
0c0ce2da-1b32-4eca-b956-7e3707799e5a,HB 1511,Hon Ugochinyere Onyinye Ikeagwuonu,House,PDP,Imo,Ideato North/Ideato South,Yes
0d982766-cbc1-48ab-b152-bba4fa10be2c,HB 1746,Hon Chinedu Ogah,House,APC,Ebonyi,Ezza South/Ikwo,Yes
0ed9bf80-2dc0-4fbf-a05b-b0009062896a,HB 1664,Hon Solomon T Bob,House,PDP,Rivers,Ahoada West/Ogba Egbema,Yes
103aece7-d035-4353-bb21-894f9a08596a,HB 1406,Hon Babajimi Adegoke Benson,House,APC,Lagos,Ikorodu,Yes
1cd4b631-5614-4667-97dd-4a2bbc1df4c0,HB 1442,Hon Tajudeen Abbas,House,APC,Kaduna,Zaria,Yes
1dbc8f82-fb52-492a-9f16-bf05262e7bd3,HB 1544,Hon Tajudeen Abbas,House,APC,Kaduna,Zaria,Yes
1ff96ccf-6379-45ea-a8c7-ad46b9d8e1b6,HB 1690,Obed Paul Shehu,House,PDP,Gombe,Kaltungo/Shongom,Yes
1ff96ccf-6379-45ea-a8c7-ad46b9d8e1b6,HB 1690,Hon Mansur Manu Soro,House,APC,Bauchi,Darazo/Gunjuwa,No
22cf7fe7-7b20-4317-81fb-6fa9711377bc,HB 1553,Hon Akintunde Rotimi,House,APC,Ekiti,Ikole/Oye,Yes
26f72770-7bd1-49ab-b697-13a0324af45c,HB 1529,Hon Tajudeen Abbas,House,APC,Kaduna,Zaria,Yes
34e04e80-db0d-4804-a3b7-7f3094558675,HB 1421,Hon Adetola Kafilat Ogbara,House,APC,Lagos,Kosofe,Yes
38132edd-875d-41a9-85a3-489c6a484f11,HB 1403,Hon Babajimi Adegoke Benson,House,APC,Lagos,Ikorodu,Yes
427c1676-8255-4f39-b414-84b7aa6499d4,HB 1530,Hon Tajudeen Abbas,House,APC,Kaduna,Zaria,Yes
4dced5cd-f267-47a4-abc2-17714cfb959e,HB 1552,Dibiagwu Eugene Okechukwu,House,APC,Imo,Ideato North/Ideato South,Yes
5a07f6ea-e884-4f6d-929f-457ffd2cdf84,HB 1405,Hon Babajimi Adegoke Benson,House,APC,Lagos,Ikorodu,Yes
5d829d31-5b93-410e-81c2-3465ed18b31a,HB 1419,Hon Adetola Kafilat Ogbara,House,APC,Lagos,Kosofe,Yes
607de175-3803-403a-989e-c41307018527,HB 1545,Hon Tajudeen Abbas,House,APC,Kaduna,Zaria,Yes
60dd4982-9eb3-4976-8d22-bac551ff05b2,HB 1546,Hon Tajudeen Abbas,House,APC,Kaduna,Zaria,Yes
681af575-4471-41c5-9b21-b7c4549364ec,HB 1543,Hon Tajudeen Abbas,House,APC,Kaduna,Zaria,Yes
6a01482f-f7aa-4df7-b8ce-ced392ede1c0,HB 1383,Hon Adetola Kafilat Ogbara,House,APC,Lagos,Kosofe,Yes
6eefb006-cd25-4f60-a86e-a008eac02020,HB 1410,Hon Babajimi Adegoke Benson,House,APC,Lagos,Ikorodu,Yes
72c755ac-a82d-41c3-a04d-230cbce74415,HB 1588,Patrick Umoh,House,APC,Akwa Ibom,Ikot Ekpene/Essien Udim/ Obot Akara,Yes
74590636-00ea-49be-8292-13652180ad13,HB 1507,Hon Ugochinyere Onyinye Ikeagwuonu,House,PDP,Imo,Ideato North/Ideato South,Yes
7589d5a4-62f5-4463-9e1b-62438767c17c,HB 1514,Hon Ugochinyere Onyinye Ikeagwuonu,House,PDP,Imo,Ideato North/Ideato South,Yes
789dd110-4e7c-412d-9a55-8c4c2f3940d4,HB 1583,Hon Iduma Enwo Igariwey,House,APC,Ebonyi,Afikpo North/Afikpo South,Yes
7bbda311-ba4a-4918-9e5f-c12f49a6228a,HB 1661,Hon Tajudeen Abbas,House,APC,Kaduna,Zaria,Yes
7e20980f-2e31-4893-a18f-04fba9c3b7c2,HB 1293,Hon Bamidele Salam,House,PDP,Osun,Ede North/Ede South/ Egbedore/Ejigbo,Yes
83aa4469-17c5-46c1-a72d-19cba1e8a386,HB 1691,Gaza Jonathan Gbefwi,House,PDP,Nasarawa,Keffi/Karu/Kokona,Yes
83aa4469-17c5-46c1-a72d-19cba1e8a386,HB 1691,Hon Mansur Manu Soro,House,APC,Bauchi,Darazo/Gunjuwa,No
8454d214-cba8-40d7-ad08-e3f3f797e40f,HB 1443,Hon Kingsley Chinda,House,PDP,Rivers,Obio/Akpor,Yes
929fc9fc-e689-4e88-8b79-4254680386e1,HB 1528,Hon Paul Asuquo Ekpo,House,PDP,Akwa Ibom,Etinan/Nsit Ibom/Nsit ubium,Yes
95f293d1-79f2-4714-b4de-183b3ba64e7b,HB 1512,Hon Ugochinyere Onyinye Ikeagwuonu,House,PDP,Imo,Ideato North/Ideato South,Yes
9651245f-3825-4453-bf18-6eea57ca0a3d,HB 1430,Hon Ugochinyere Onyinye Ikeagwuonu,House,PDP,Imo,Ideato North/Ideato South,Yes
a493fe93-0ffb-404f-a9ae-05a70f12158e,HB 1617,Hon Kingsley Chinda,House,PDP,Rivers,Obio/Akpor,Yes
aa6d56e3-af95-44da-8731-9728a6cac5d9,HB 1589,Murphy Osaro Omoruyi,House,LP,Edo,Egor/Ikpoba-Okha,Yes
ae2c170b-4390-4da7-93e5-bfd32cf36490,HB 1473,Hon Kabir Tukura Ibrahim,House,APC,Kebbi,Fakai/Sakaba/Wasagu/Danko/ Zuru,Yes
b3436168-8083-4ee6-8c5c-f0a413836018,HB 1411,Hon Babajimi Adegoke Benson,House,APC,Lagos,Ikorodu,Yes
bb01b060-a141-4763-a1fe-1145da36de92,HB 1396,Chinedu Tochukwu Okere,House,APC,Imo,Owerri Municipal/Owerri North/Owerri West,Yes
c9ca77e2-5ae5-4b9d-a379-e84e314a38e4,HB 1409,Hon Babajimi Adegoke Benson,House,APC,Lagos,Ikorodu,Yes
cc1992f0-cc82-4e74-ae67-619438e35079,HB 1412,Hon Babajimi Adegoke Benson,House,APC,Lagos,Ikorodu,Yes
cd9b6d87-c13b-4225-aeaa-bfe1de1d2159,HB 1745,Hon Chinedu Ogah,House,APC,Ebonyi,Ezza South/Ikwo,Yes
ceecdbb4-de2a-42c3-ad19-33802597bd8b,HB 1692,Hon Mansur Manu Soro,House,APC,Bauchi,Darazo/Gunjuwa,Yes
d12aa3b9-28fa-4577-a810-6b98167d92ba,HB 1381,Hon Mansur Manu Soro,House,APC,Bauchi,Darazo/Gunjuwa,Yes
df726e90-9417-4702-a0bf-a886234737e0,HB 1614,Hon Amos Gwamna Magaji,House,APC,Kaduna,Zangon Kataf/Jaba,Yes
e0ad7f1f-7c52-4051-be22-2647af856c8b,HB 1422,Hon Adetola Kafilat Ogbara,House,APC,Lagos,Kosofe,Yes
e57d5572-f837-4a2d-b020-19e732ab6d90,HB 1408,Hon Babajimi Adegoke Benson,House,APC,Lagos,Ikorodu,Yes
f18d4817-627e-44b5-9650-b361d97482ef,HB 1402,Hon Babajimi Adegoke Benson,House,APC,Lagos,Ikorodu,Yes
f43cb444-6f1a-44da-9256-2b11eb5d2db0,HB 1663,Hon Tajudeen Abbas,House,APC,Kaduna,Zaria,Yes
f6be2306-7d66-4d49-ac97-c607d0d65742,HB 1404,Hon Babajimi Adegoke Benson,House,APC,Lagos,Ikorodu,Yes
f75311e9-b814-4f93-abdd-3474fd54cd09,HB 1407,Hon Babajimi Adegoke Benson,House,APC,Lagos,Ikorodu,Yes
fe8669cf-c3b5-46a9-b7e9-5806f6401da8,HB 1586,Mark Udo Esset,House,PDP,Akwa Ibom,Uyo/Uruan/Nsit Atai/ Ibesikpo Asutan,Yes
ff4e1332-40b1-45ff-9b98-fcaa2523344d,HB 1490,Hon Sulaiman Gumi Abubakar,House,PDP,Zamfara,Gummi/Bukkuyum,Yes
06cb3266-67dc-4a81-8663-91ca03639ba9,HB 2672,Hon Usman Ibrahim Auyo,House,APC,Jigawa,Hadejia/Kafin Hausa,Yes
0c6daeb3-3f3b-446c-ad8c-95cc47629741,HB 2604,Hon Benedict Etanabene,House,LP,Delta,Okpe/Sapele/Uvwie,Yes
18d82678-6885-4cf7-949f-bc03614cbcf3,HB 2602,Hon Dumnamene Robinson Dekor,House,PDP,Rivers,Khana/Gokana,Yes
18d82678-6885-4cf7-949f-bc03614cbcf3,HB 2602,Hon Awaji-inombek Dagomie Abiante,House,PDP,Rivers,Opobo/Nkoro/Andoni,No
34943be3-23de-459e-b83b-38b75272ec9f,HB 2647,Hon Blessing Onyeche Onuh,House,APGA,Benue,Otukpo/Ohimini,Yes
37caf98c-02f6-4f1d-b3d0-86c7d048d007,HB 2606,Hon Rodney Ebikebina Ambiowei,House,PDP,Bayelsa,Southern Ijaw,Yes
5579bcd2-266f-4cbe-a828-0a7d2e6f0216,HB 2095,Esosa Iyawe,House,LP,Edo,Oredo,Yes
65ef5f37-d2a2-4794-92e9-9573840d7027,HB 2661,Adesola Ayoola Elegbeji,House,APC,Ogun,Ikenne/Shagamu/Remo North,Yes
71ceab20-ab7b-4bec-ab4e-26bcb5b7097c,HB 2603,Morufu Adewale Adebayo,House,PDP,Osun,Irepodun/Olorunda/Osogbo/Orolu,Yes
7be8aa3c-63a3-47c0-a333-7a2e5c876820,HB 2235,Hon Martins Etim Esin,House,PDP,Akwa Ibom,Oron/Mbo/Okobo/Udung Uko/Urue Offong/Oruko,Yes
9b2efd64-b765-41fb-a60d-a87f06e66756,HB 2601,Hon Ayodeji Alao,House,APC,Oyo,Ogbomoso North/ Ogbomoso South/Orire,Yes
9fa34c67-55ec-4772-9b38-51a8534bfd1f,HB 2120,Hon Aminu Jamo Daura,House,APC,Katsina,Daura/Sandamu/Mai’adua,Yes
9fa34c67-55ec-4772-9b38-51a8534bfd1f,HB 2120,Nasiru Shehu,House,APC,Sokoto,Dange-Shuni/Bodinga/Tureta,No
9fa34c67-55ec-4772-9b38-51a8534bfd1f,HB 2120,Hon Jonathan Ajirioghene Ukodhiko,House,PDP,Delta,Isoko North/Isoko South,No
9fa34c67-55ec-4772-9b38-51a8534bfd1f,HB 2120,Hon Benjamin Kalu,House,APC,Abia,Bende,No
9fa34c67-55ec-4772-9b38-51a8534bfd1f,HB 2120,Hon Ibe Okwara Osonwa,House,LP,Abia,Arochukwu/Ohafia,No
9fa34c67-55ec-4772-9b38-51a8534bfd1f,HB 2120,Hon Babajimi Adegoke Benson,House,APC,Lagos,Ikorodu,No
9fa34c67-55ec-4772-9b38-51a8534bfd1f,HB 2120,Kelechi Nwogu,House,PDP,Rivers,Etche/Omuma,No
b0d50a28-f70d-49dc-a562-bcc04c08c850,HB 2660,Adesola Ayoola Elegbeji,House,APC,Ogun,Ikenne/Shagamu/Remo North,Yes
cfd604b3-7bc2-428c-bc48-f60eee913615,HB 2430,Hon Aminu Jamo Daura,House,APC,Katsina,Daura/Sandamu/Mai’adua,Yes
28e15334-6182-4dbc-91ca-b0d59667a80f,HB 2635,Hon Abdulraheem Olatunji Olawuyi,House,APC,Kwara,Ekiti/Isin/Irepodun/Oke-Ero,Yes
99d3bcb2-ee79-4a46-9793-a2df71c72cdb,HB 2439,Hon Abass Adekunle Adeogun,House,PDP,Oyo,Ibadan North East/Ibadan South East,Yes
e979c8f9-8b7f-463e-9c96-d1ef024d18a1,HB 2448,Ifeoluwa Ehindero,House,APC,Ondo,Akoko North East/Akoko North West,Yes
96f09f74-c958-4c9e-bea7-118835575702,HB 2600,Hon Midala Usman Balami,House,PDP,Borno,Askira-Uba/Hawul,Yes
64b97b8b-f4c1-4b2c-8a32-47180676c400,HB 2069,Hon Osi Kama Nkemkanma,House,LP,Ebonyi,Ivo-Ohaozara/Onicha,Yes
3979ad2a-a4d7-4f48-9d5b-29443fb0304d,HB 2683,Chinedu Tochukwu Okere,House,APC,Imo,Owerri Municipal/Owerri North/Owerri West,Yes
5b4ffda2-cab7-4668-948f-b1ccfcf83837,HB 2732,Murphy Osaro Omoruyi,House,LP,Edo,Egor/Ikpoba-Okha,Yes
8fb02d67-6d4b-4175-98e6-91ed6fc35602,HB 2684,Chinedu Tochukwu Okere,House,APC,Imo,Owerri Municipal/Owerri North/Owerri West,Yes
0bf05e0a-fddb-45fc-aa7e-aed0a580a662,HB 462,Hon Dachung Musa Bagos,House,PDP,Plateau,Jos South/Jos East,Yes
3a16543b-1cba-4f1e-a5fa-5430e0bf59af,HB 455,Hon Dachung Musa Bagos,House,PDP,Plateau,Jos South/Jos East,Yes
4fc5c121-a11f-48d2-89b8-bc2890016404,HB 848,Hon Awaji-inombek Dagomie Abiante,House,PDP,Rivers,Opobo/Nkoro/Andoni,Yes
53251603-624c-4787-bee1-c4abfefa903c,HB 918,Hon Ojema Ojotu,House,PDP,Benue,Apa/Agatu,Yes
5b4504ac-659b-43d2-a1ac-fff850e3c68a,HB 964.,Hon Mansur Manu Soro,House,APC,Bauchi,Darazo/Gunjuwa,Yes
5ec650f1-9c9d-4a06-91eb-35e73b070a15,HB 965.,Hon Mansur Manu Soro,House,APC,Bauchi,Darazo/Gunjuwa,Yes
61ae559f-0e0f-4b23-b6d3-2572a3a28d01,HB 907,Hon Sulaiman Gumi Abubakar,House,PDP,Zamfara,Gummi/Bukkuyum,Yes
67eabb5e-535b-4521-9800-87e76fa97260,HB 928,Hon Alex Egbona,House,PDP,Cross River,Yakurr/Abi,Yes
808b2e88-12a9-4333-9181-74174135043a,HB 459,Hon Dachung Musa Bagos,House,PDP,Plateau,Jos South/Jos East,Yes
a2f1acd4-ffc3-4564-9f0d-122dcaa7400c,HB 456,Hon Dachung Musa Bagos,House,PDP,Plateau,Jos South/Jos East,Yes
ac41231f-3833-47e3-b1d9-d2d3b2befcff,HB 963,Hon Mansur Manu Soro,House,APC,Bauchi,Darazo/Gunjuwa,Yes
b17fe937-3bd0-4ca9-912a-ea361042ef9c,HB 461,Hon Dachung Musa Bagos,House,PDP,Plateau,Jos South/Jos East,Yes
bf6d049c-d1da-4fdb-9630-df60e82acb3a,HB 683,Hon Awaji-inombek Dagomie Abiante,House,PDP,Rivers,Opobo/Nkoro/Andoni,Yes
cb6efa1d-02bc-4c84-9a21-b6084bfe56fc,HB 460,Hon Dachung Musa Bagos,House,PDP,Plateau,Jos South/Jos East,Yes
f3d756a6-91d5-4001-9fee-8cdf7d38500c,HB 682,Hon Awaji-inombek Dagomie Abiante,House,PDP,Rivers,Opobo/Nkoro/Andoni,Yes
e094cab5-f66d-4f45-8ca4-b2e7f6ea05b1,HB 719,Hon Ibrahim Almustapha Aliyu,House,APC,Sokoto,Wurno/Rabah,Yes
6b182822-1168-4af2-bb40-d63248fc9eeb,HB 1475,Jaafaru Yakubu,House,PDP,Taraba,Bali/Gassol,Yes
a9819a2a-2c78-46fa-96ff-9003aff5cc86,HB 2227,Hon Tajudeen Abbas,House,APC,Kaduna,Zaria,Yes
074b2b69-6511-4102-b9ea-3eef6cc18b8a,HB 439,Hon Taofeek Abimbola Ajilesoro,House,APC,Osun,Ife Central/Ife North/Ife South/Ife East,Yes
0570ba78-581f-48c0-b9e5-ee0ae737a5d1,HB 207,Hon Ahmadu Usman Jaha,House,APC,Borno,Damboa/Gwoza/Chibok,Yes
3588e7a6-296d-4a1f-bdf8-8227f35b18af,HB 942,Hon Sada Soli,House,APC,Katsina,Jibia/Kaita,Yes
3115566e-5123-4edd-999f-79a17cd8ba26,SB 707,Sen. Kaka Shehu Lawan,Senate,APC,Borno,,Yes
c6496002-d69a-49a5-84c0-ecc2197c7579,HB 526,Hon Olumide Babatunde Osoba,House,APC,Ogun,Abeokuta North/ Obafemi- Owode/Odeda,Yes
0d99d487-dda7-4403-b211-97afa0ba1755,SB 72,"Sen. Asuquo, Ekpenyong",Senate,APC,Cross River,,Yes
824bbfa7-d76b-4832-9264-2df9bc1b03fe,HB 265,Hon Osi Kama Nkemkanma,House,LP,Ebonyi,Ivo-Ohaozara/Onicha,Yes
eceed687-caf3-4d65-a4cb-e4f5e9554384,HB 242,Hon Olumide Babatunde Osoba,House,APC,Ogun,Abeokuta North/ Obafemi- Owode/Odeda,Yes
cb2a6aa4-f2ff-4a35-a5e4-e04a29f3f125,HB 859,Hon Saidu Musa Abdullahi,House,APC,Niger,Bida/Gbako/Katcha,Yes
da7be8c6-8d69-4aae-9823-9fa9aac5029b,HB 819,Hon Jesse Okey-Joe Onuakachi,House,LP,Lagos,Oshodi/Isolo II,Yes
360b0747-828f-4704-a256-cde041582113,HB 316,Hon Benjamin Kalu,House,APC,Abia,Bende,Yes
42098f27-fa50-4cd8-a056-a9f80e3263de,SB 100,"Sen. Asuquo, Ekpenyong",Senate,APC,Cross River,,Yes
4fc31871-4743-406b-a560-ad809b32c76f,SB 98,Sen. Barinada Barry Mpigi,Senate,PDP,Rivers,,Yes
8f64314c-776a-4460-99d4-107b125d273e,HB 454,Hon Dachung Musa Bagos,House,PDP,Plateau,Jos South/Jos East,Yes
34c0f3a3-1546-44f4-92f3-b1bb7a3b114b,SB 23,Sen. Sunday Steve Karimi,Senate,APC,Kogi,,Yes
ce35a1da-d91d-44ab-9063-24dd6ef65b70,HB 61,Hon Kingsley Chinda,House,PDP,Rivers,Obio/Akpor,Yes
f713ef9f-87df-46a3-b1b4-141c58ff9e1f,HB 1184,Hon Oluwole Oke,House,PDP,Osun,Obokun/Oriade,Yes
5f8e00bc-3b47-4c7d-a9da-6cb8d1f01f96,HB 1653,Hon Tajudeen Abbas,House,APC,Kaduna,Zaria,Yes
f6c9e5a1-3998-47af-ba29-f3a1f2f15e29,HB 1651,Hon Tajudeen Abbas,House,APC,Kaduna,Zaria,Yes
73b3a425-63e3-4510-963b-d6287adcb4fd,HB 1652,Hon Tajudeen Abbas,House,APC,Kaduna,Zaria,Yes
dba6a6e1-4738-47d0-b9a3-79dfc1f202b9,SB 617,Sen. Ezenwa Francis Onyewuchi,Senate,LP,Imo,,Yes
4676bbe5-8397-4eb4-a511-2140c35faeb0,SB 951,Sen. Sadiq Suleiman Umar,Senate,APC,Kwara,,Yes
f46ceeaa-ea14-4c21-9678-795f9faf2d58,HB 382,Hon Rabiu Yusuf,House,NNPP,Kano,Sumaila/Takai,Yes
d91a3c78-b627-415b-a2aa-14cd41f55cff,HB 1033,Hon Dennis Idahosa,House,APC,Edo,Ovia North East/Ovia South West,Yes
0b42f120-2df0-4853-9e61-d5d95352f090,HB 856,Hon Aliyu Bappa misau,House,PDP,Bauchi,Misau/Dambam,Yes
d91adcca-9ee5-456a-9fb5-eb24ffb75969,HB 2426,Hon. Akingbaso Festus Olanrewaju,House,APC,Ondo,Idanre/Ifedore,Yes
c5207af6-c4ce-4650-bf8d-cab239321425,HB 2153,Hon Sada Soli,House,APC,Katsina,Jibia/Kaita,Yes
85c80ffd-efc4-42a2-8e5c-0aa547980d7c,HB 855,Hon Aliyu Bappa misau,House,PDP,Bauchi,Misau/Dambam,Yes
d924bb37-21a5-44f6-9735-c844271db916,HB 580,Hon Adewale Hameed,House,APC,Lagos,Agege,Yes
9c2e1066-e524-4d85-b803-865c6f1f0c60,SB 205,Sen. Sadiq Suleiman Umar,Senate,APC,Kwara,,Yes
e2b7fc33-7224-4d22-85f8-f6b12433e792,SB 37,Sen. Orji Uzor Kalu,Senate,APC,Abia,,Yes
397cc9b2-8985-4092-91a9-2b49be398006,HB 999,Patrick Umoh,House,APC,Akwa Ibom,Ikot Ekpene/Essien Udim/ Obot Akara,Yes
e773a3ed-8bf9-481e-b958-28a534004489,HB 319,Hon Babajimi Adegoke Benson,House,APC,Lagos,Ikorodu,Yes
d15626de-e4ed-4056-a2a9-73813b95dc2c,HB 1339,Patrick Umoh,House,APC,Akwa Ibom,Ikot Ekpene/Essien Udim/ Obot Akara,Yes
bd98cd4f-a992-4710-9109-6d9dbe903439,SB 991,Executive,Senate,APC,N/A,,Yes
e2c09cbe-d6fc-47d7-a6e9-76330c5cd588,HB 2686,Executive,House,APC,N/A,.,Yes
5a1d9116-822c-47f4-9387-97a0cdcdd7f5,SB 124,Sen. Ishaku Elisha cliff Abbo,Senate,APC,Adamawa,,Yes
6aa6026c-d84b-429b-848f-a9c45ab7393f,SB 579,Sen. Izunaso Osita Bonaventure,Senate,APC,Imo,,Yes
1eb0cc43-3af5-4299-be3f-c7bed2ee716b,HB 2609,Hon Akintunde Rotimi,House,APC,Ekiti,Ikole/Oye,Yes
03c5e7c2-3d49-4a09-a7f2-7f7dde7a597c,HB 559,Hon Jesse Okey-Joe Onuakachi,House,LP,Lagos,Oshodi/Isolo II,Yes
2c30c547-2876-4737-ba39-c03a65e1b7ce,HB 762,Hon Mohammed Bello El-Rufai,House,APC,Kaduna,Kaduna North,Yes
7c68420e-14b2-46ed-bfc4-6611bcd4ae19,HB 983,Hon Bukar Talba,House,APC,Borno,Monguno/Nganzai/Marte,Yes
c888c467-1a3f-44c6-9b77-039d9f902472,HB 151,Hon Francis Ejiroghene Waive,House,APC,Delta,"Ughelli North, Ughelli South/Udu",Yes
013e61fc-f812-458b-aa13-5996274ce27c,HB 2151,Hon Abiola Peter Makinde,House,APC,Ondo,Ondo East/Ondo West,Yes
4a9a9044-35e4-4b20-9a82-acef6b5d8981,HB 2149,Hon Abiola Peter Makinde,House,APC,Ondo,Ondo East/Ondo West,Yes
5fae6bc6-0045-45d3-9cbd-4b31b1304ebd,SB 723,Sen. Ezenwa Francis Onyewuchi,Senate,LP,Imo,,Yes
0226402a-286d-48bf-8697-94b7ecea1a17,HB 2038,Hon Abdulmumin Ari Mohammed,House,APC,Nasarawa,Nassarawa/Toto,Yes
a9e1df88-ed51-4598-9755-2238e26cf19f,HB 176,Hon Mathew Nwogu,House,LP,Imo,Aboh Mbaise/Ngor Okpala,Yes
0dbd5e30-4318-4b88-9440-befa87984829,HB 888,Hon Paul Nnamchi,House,LP,Enugu,Enugu East/Isi Uzo,Yes
bc282fa6-76b8-432e-8fec-09890c9de2da,SB 101,Sen. Mohammed Sani Musa,Senate,APC,Niger,,Yes
9bcb4203-0f4f-4262-acec-4eb5dbfcb97c,HB 2468,Hon Alhassan Ado Garba,House,APC,Kano,Doguwa/Tudun Wada,Yes
6bdd9774-67f8-4ccd-877a-15f8a38c8c84,SB 751,Sen. Enyinnaya Harcourt Abaribe,Senate,ADC,Abia,,Yes
7828e681-10ca-4305-951c-e96999cca63e,SB 895,Sen. Onawo Mohammed Ogoshi,Senate,ADC,Nasarawa,,Yes
8d8c23af-d628-4204-a5c8-a7495571695b,SB 631,Sen. Godswill Akpabio,Senate,APC,Akwa Ibom,,Yes
9cf7b43f-e661-4aa5-8461-6e538347cdb1,HB 250,Hon Gboyega Nasir Isiaka,House,APC,Ogun,Egbado North/Imeko-Afon,Yes
9cf7b43f-e661-4aa5-8461-6e538347cdb1,HB 250,Hon Joshua Gana,House,PDP,Niger,Lavun/Mokwa/Edati,No
9cf7b43f-e661-4aa5-8461-6e538347cdb1,HB 250,Hon Benjamin Kalu,House,APC,Abia,Bende,No
9cf7b43f-e661-4aa5-8461-6e538347cdb1,HB 250,Hon Osi Kama Nkemkanma,House,LP,Ebonyi,Ivo-Ohaozara/Onicha,No
9cf7b43f-e661-4aa5-8461-6e538347cdb1,HB 250,Hon Jafaru Gambe Leko,House,APC,Bauchi,Bogoro/Dass/Tafawa Balewa,No
9cf7b43f-e661-4aa5-8461-6e538347cdb1,HB 250,Nwaeke Felix Uche,House,PDP,Rivers,Eleme/Tai/Oyigbo,No
9cf7b43f-e661-4aa5-8461-6e538347cdb1,HB 250,Hon Oluwole Oke,House,PDP,Osun,Obokun/Oriade,No
e4a5a7ae-0af7-4dc4-a8a8-4a405871e897,HB 847,Hon Awaji-inombek Dagomie Abiante,House,PDP,Rivers,Opobo/Nkoro/Andoni,Yes
a8df69a4-04ec-4586-9c10-612fd0a30799,SB 704,"Sen. Banigo, Ipalibo Harry",Senate,PDP,Rivers,,Yes
3a3513ee-7908-42a7-8265-8b15cc62eace,SB 834,Sen. Jibrin Isah,Senate,APC,Kogi,,Yes
e12aca91-7371-401f-9f20-32ea78da2b2b,SB 713,"Sen. Banigo, Ipalibo Harry",Senate,PDP,Rivers,,Yes
c854a41c-cd2b-42a1-8cf7-965fd0ef2700,SB 64,Sen. Barau Jibrin,Senate,APC,Kano,,Yes
36ba6132-b06c-469c-93ce-a17312d81c34,SB 188,Sen. Umar Shehu Buba,Senate,APC,Bauchi,,Yes
6a849935-efbe-4d35-8275-0235383d2ff4,SB 876,"Sen. Banigo, Ipalibo Harry",Senate,PDP,Rivers,,Yes
aa743778-d20e-4eb1-8aac-de5321f8a5ce,HB 130,Hon Benjamin Kalu,House,APC,Abia,Bende,Yes
cae8ad3f-8a21-47b8-90d1-20c5167a4952,HB 710,Hon Satomi Alhaji Ahmad,House,APC,Borno,Jere,Yes
1adb46b9-eca1-4468-a1bc-76505549a77b,HB 919,Hon Abubakar Hassan Nalaraba,House,APC,Nasarawa,Awe/Doma/Keana,Yes
72b138f4-a662-4776-ab20-0e803adc43df,HB 662,Hon Alex Egbona,House,PDP,Cross River,Yakurr/Abi,Yes
4460182a-d63d-4bb3-be69-abc84343df85,SB 82,"Sen. Asuquo, Ekpenyong",Senate,APC,Cross River,,Yes
ac5eb50d-82c1-404b-b99a-eaf0f423d0ea,HB 2050,Jubrin Abdulmumin,House,APC,Kano,Bebeji/Kiru,Yes
55cab4b5-1c3a-4241-b554-b8920a4ec515,HB 347,Hon Chinedu Ogah,House,APC,Ebonyi,Ezza South/Ikwo,Yes
a5ff1208-3cc5-40fa-89e6-5bb7284231aa,SB 365,Onyekachi Nwaebonyi,Senate,APC,Ebonyi,,Yes
5f5ead0e-b990-48e3-b801-a5717d75617d,SB 279,Onyekachi Nwaebonyi,Senate,APC,Ebonyi,,Yes
fba8cabd-dfc8-485f-bcd0-3efad6c3308e,HB 731,Hon Miriam Onuoha,House,APC,Imo,Isiala Mbano/Okigwe/Onuimo,Yes
b763b08d-c9e2-440d-a373-b3064a9e38b8,HB 1146,Hon Mansur Manu Soro,House,APC,Bauchi,Darazo/Gunjuwa,Yes
9e25957b-1cb0-4e64-9da1-9202194b819f,HB 67,Hon Oluwole Oke,House,PDP,Osun,Obokun/Oriade,Yes
f3594ef2-f467-45df-8473-74b9d3734f16,HB 99,Hon Julius Ihonvbere,House,APC,Edo,Owan East/Owan West,Yes
6144f170-6f77-44d7-abfb-9ef9a26cb31d,SB 06,Sen. Michael Opeyemi Bamidele,Senate,APC,Ekiti,,Yes
902e6ab1-746e-40bb-b365-8166f6ec390c,HB 2704,Executive,House,APC,N/A,.,Yes
e3644342-0374-4eeb-ba6e-a4f7e07c7382,HB 2706,Executive,House,APC,N/A,.,Yes
be6381c2-c254-4739-a3a5-30f3aabad15e,HB 2716,Hon Tajudeen Abbas,House,APC,Kaduna,Zaria,Yes
79fa0e78-f086-4703-acf9-83955a44f8e3,HB 2178,Hon Gagdi Adamu Yusuf,House,APC,Plateau,Kanke/Pankshin/Kanam,Yes
960861a1-91f0-4d48-b2a7-5f9a0b82fdd6,SB 05,Sen. Barau Jibrin,Senate,APC,Kano,,Yes
1ac310f2-9ff9-4cc5-aff7-96d3e58a18a6,HB 1114,Hon Francis Ejiroghene Waive,House,APC,Delta,"Ughelli North, Ughelli South/Udu",Yes
924868b2-d41a-4093-95c9-199086d1cec4,SB 971,Sen. Mohammed Sani Musa,Senate,APC,Niger,,Yes
2f1daa50-2285-4129-b9ad-bb2313015e13,SB 972,"Sen. Banigo, Ipalibo Harry",Senate,PDP,Rivers,,Yes
c052c47a-0294-4052-a470-263d1a07bd2b,HB 2198,Esosa Iyawe,House,LP,Edo,Oredo,Yes
b126e9e7-af33-4f17-ab3e-15a515706f0a,HB 1435,Esosa Iyawe,House,LP,Edo,Oredo,Yes
3438892a-d87d-471d-823b-db7fd9c72368,HB 1739,Chris Nkwonta,House,PDP,Abia,Ukwa East/Ukwa West,Yes
8e92a97c-b932-4b8e-94e4-53880bee8e11,HB 981,Hon Bukar Talba,House,APC,Borno,Monguno/Nganzai/Marte,Yes
ef7c978d-262b-4051-9e6e-de949f9cc8c4,HB 922,Hon Kingsley Chinda,House,PDP,Rivers,Obio/Akpor,Yes
b71c5798-c5c2-48a2-b4e7-9763e9e8bac4,HB 635,Hon Akintunde Rotimi,House,APC,Ekiti,Ikole/Oye,Yes
2f05af8f-00e0-4fed-a8d9-72e262f3e64a,SB 95,Sen. Izunaso Osita Bonaventure,Senate,APC,Imo,,Yes
6da935df-fef8-4993-adad-b60212ab1599,HB 2673,Hon Blessing Onyeche Onuh,House,APGA,Benue,Otukpo/Ohimini,Yes
f12a4224-7b11-4c7c-9161-7b9dce0f6abf,HB 577,Hon. Akingbaso Festus Olanrewaju,House,APC,Ondo,Idanre/Ifedore,Yes
368040be-548f-4eb9-97e6-19c8c96373e4,HB 1326,Hon Anthony Adebayo Adepoju,House,PDP,Oyo,Ibarapa Central/Ibarapa North,Yes
2103cab7-3dfe-4d6a-977c-495b4eeb2f23,SB 10,Sen. Sunday Steve Karimi,Senate,APC,Kogi,,Yes
424a4ea6-7653-488a-ab63-99587c7b3cd8,SB 272,Sen. Babangida Hussaini,Senate,APC,Jigawa,,Yes
061d3d91-1f7f-4c0a-ab42-78d6fdfea9bd,HB 2731,Murphy Osaro Omoruyi,House,LP,Edo,Egor/Ikpoba-Okha,Yes
5f1740c1-eb8b-4707-a158-935306482559,SB 209,Sen. Saliu Mustapha,Senate,APC,Kwara,,Yes
b8f0653a-7e00-41c4-a146-04510b8a9818,SB 758,Sen. Barau Jibrin,Senate,APC,Kano,,Yes
4ae84145-d1fd-4d89-af74-23d1b9fe73bb,SB 512,Sen. Seriake Henry Dickson,Senate,PDP,Bayelsa,,Yes
a15acb5b-3f63-48a1-8fa4-e7edae88c7a4,HB 108,Hon Adewunmi Oriyomi Onanuga,House,APC,Ogun,Ikenne/Sagamu/Remo North,Yes
42d0603a-23e9-4294-bd45-6b544de21da3,HB 1000,Patrick Umoh,House,APC,Akwa Ibom,Ikot Ekpene/Essien Udim/ Obot Akara,Yes
1c657f5b-2502-4c8b-add4-51921b768712,SB 87,Sen. Barinada Barry Mpigi,Senate,PDP,Rivers,,Yes
25ab817e-8fd9-428c-a520-19ba1019e459,SB 88,"Sen. Asuquo, Ekpenyong",Senate,APC,Cross River,,Yes
5486ee4e-08b4-4da9-9393-898f977c5932,HB 658,Hon Ozurigbo Ugonna,House,APC,Imo,Isu/Njaba/Nkwerre/Nwangele,Yes
e2f4e826-5a57-4401-be3a-410abe195bf9,HB 315,Hon Benjamin Kalu,House,APC,Abia,Bende,Yes
b117d2dc-e0aa-41b9-80ec-a26c8203eab5,HB 1342,Patrick Umoh,House,APC,Akwa Ibom,Ikot Ekpene/Essien Udim/ Obot Akara,Yes
d305775c-78ce-4ca4-93ae-d86d1acf9e9f,HB 2725,Hon Abdussamad Ibrahim Dasuki,House,PDP,Sokoto,Kebbe/Tambuwal,Yes
47d009e8-e586-4fa0-afb7-3cf1203764ca,SB 236,Sen. Tony Nwoye,Senate,ADC,Anambra,,Yes
60747110-4942-421c-939c-276169405835,HB 2396,Hon Gagdi Adamu Yusuf,House,APC,Plateau,Kanke/Pankshin/Kanam,Yes
b522199f-54d4-429d-a286-c1e2ae42eff5,HB 314,Hon Benjamin Kalu,House,APC,Abia,Bende,Yes
1f50c072-ac74-48d8-9502-ce002a4ce6cc,HB 466,Hon Dachung Musa Bagos,House,PDP,Plateau,Jos South/Jos East,Yes
12ffe930-78ee-4e2d-a37d-cd6917f4fcf9,HB 2091,Isa Mohammed Anka,House,APC,Katsina,Anka/Talata Mafara,Yes
1dce667d-d52c-49cb-8123-158f0dac9521,HB 2161,Hon Sada Soli,House,APC,Katsina,Jibia/Kaita,Yes
0a59d151-9eaa-4d80-808b-6e7a7ee44cc7,HB 302,Hon Ozurigbo Ugonna,House,APC,Imo,Isu/Njaba/Nkwerre/Nwangele,Yes
8738d6a0-871c-4395-84d2-a00f153986f7,HB 428,Hon Ozurigbo Ugonna,House,APC,Imo,Isu/Njaba/Nkwerre/Nwangele,Yes
3bec2b99-c696-41f4-a128-cfed8c782e86,HB 2145,Hon Adebayo Olusegun Balogun,House,APC,Lagos,Ibeju Lekki,Yes
9c704375-c0d3-4023-8064-51e9658ff280,HB 2171,Hon Adebayo Olusegun Balogun,House,APC,Lagos,Ibeju Lekki,Yes
83c56934-51bf-4f49-b3c4-ce4598d1620c,HB 2728,Hon Julius Ihonvbere,House,APC,Edo,Owan East/Owan West,Yes
04650e5d-65b5-45b9-aa4a-8a7b3e322055,SB 328,Sen. Orji Uzor Kalu,Senate,APC,Abia,,Yes
d712bc1e-d1cb-49b0-82ec-542d6d8e977b,HB 1290.,Hon Bamidele Salam,House,PDP,Osun,Ede North/Ede South/ Egbedore/Ejigbo,Yes
0317c87d-cfa5-4c05-bcef-7873bb0469c4,HB 995,Hon Sada Soli,House,APC,Katsina,Jibia/Kaita,Yes
599b2e08-4fe6-44a3-b2f0-b2f1096c426f,SB 119,Sen. Sunday Steve Karimi,Senate,APC,Kogi,,Yes
78245a05-46a5-45cb-b4c0-cb128dccc558,HB 37,Hon Francis Ejiroghene Waive,House,APC,Delta,"Ughelli North, Ughelli South/Udu",Yes
8ebc5bec-10ea-4156-8a81-53519ad0f36e,HB 218,Hon Tasir Olawale Raji,House,APC,Lagos,Epe,Yes
9af22dec-bad9-491e-af52-446d00c365f8,HB 637,Useni Mark Bako,House,APC,Taraba,Takum/Donga/Ussa,Yes
d3a42751-1482-4128-8af0-1a6716876938,HB 757,Hon Emmanuel Effiong Ukpong-udo,House,PDP,Akwa Ibom,Ikono/Ini,Yes
23625421-9b9a-48f5-8211-87d4f73580d6,HB 1597,Hon Ahmed Idris Wase,House,APC,Plateau,Wase,Yes
2a022a0f-93a6-4974-ab2e-d912d39dbdc3,SB 341,Sen. Mohammed Sani Musa,Senate,APC,Niger,,Yes
39c139ab-0eac-4141-9306-66dffbdb5172,HB 1591,Murphy Osaro Omoruyi,House,LP,Edo,Egor/Ikpoba-Okha,Yes
5122817e-f5f7-4fc0-95d0-15cbee719c9f,HB 1462,Hon Abubakar Hassan Fulata,House,APC,Jigawa,Birniwa Guri/Kirikasamma,Yes
5cc65c62-d1df-4959-9a81-4617a119a1b4,HB 1134,Hon Abiodun James Faleke,House,APC,Lagos,Ikeja,Yes
5d604ce5-d734-436d-a678-86b627716867,SB 380,Sen. Jibrin Isah,Senate,APC,Kogi,,Yes
8b811a15-2f62-4559-b2b0-92f2250e65b6,HB 1169,Hon Benedict Etanabene,House,LP,Delta,Okpe/Sapele/Uvwie,Yes
8d380cf7-9e5b-49a1-ad2c-20183ca23e79,HB 1315,Hon Benedict Etanabene,House,LP,Delta,Okpe/Sapele/Uvwie,Yes
96e80f2a-7037-4f4f-972e-76789136dc21,HB 1133,Hon Abiodun James Faleke,House,APC,Lagos,Ikeja,Yes
b0546e9f-11f4-468b-9edd-78b37cfaee46,HB 1273,Ali Isa,House,PDP,Gombe,Balanga/Billiri,Yes
bbe08115-a538-41dc-a672-b5ffa4bdd886,SB 630,Sen. Binos Dauda Yaroe,Senate,ADC,Adamawa,,Yes
cb1ed8e4-ec44-4da4-a00a-c50518ef9c29,SB 588,Sen. Orji Uzor Kalu,Senate,APC,Abia,,Yes
cc66fd46-423f-4924-a57d-7e1373755d9d,SB 576,Konbowel Benson Friday,Senate,PDP,Bayelsa,,Yes
020589f0-acd6-4b46-bee6-516e1f09a5d7,SB 701,Sen. Saliu Mustapha,Senate,APC,Kwara,,Yes
efb8c143-675e-4a51-8a67-2e5af0e2967d,HB 2126,Clement Jimbo,House,APC,Akwa Ibom,Abak/Etim Ekpo/Ika,Yes
f0678456-a559-407a-a18d-3da55d1714e2,HB 2607,Hon Benedict Etanabene,House,LP,Delta,Okpe/Sapele/Uvwie,Yes
10756106-f7ec-488b-8248-aa41f1e175f8,HB 1513,Hon Ugochinyere Onyinye Ikeagwuonu,House,PDP,Imo,Ideato North/Ideato South,Yes
a5a75e6d-87fa-4e02-a4fe-f1fa24c5ca76,SB 412,"Sen. Yar’adua, Abdulaziz Musa",Senate,APC,Katsina,,Yes
dac45c0c-38d8-4941-aaf6-3dec3cbf9d61,SB 458,"Sen. Emmanuel, Udende Menga",Senate,APC,Benue,,Yes
06f5b883-640e-401a-b2ce-2d1e591907cb,HB 1510,Hon Ugochinyere Onyinye Ikeagwuonu,House,PDP,Imo,Ideato North/Ideato South,Yes
fbc7a09f-cecb-4485-b288-b19775de63de,HB 2479,Hon Adebayo Olusegun Balogun,House,APC,Lagos,Ibeju Lekki,Yes
98c4c776-9590-458d-9659-9bf80ff4d208,HB 2070,Hon Kwamoti Bitrus Laori,House,PDP,Adamawa,Demsa/Numan/Lamurde,Yes
b406176a-4759-4fdb-9a41-56ed29831b13,SB 903,Simon Bako Lalong,Senate,APC,Plateau,,Yes
ba04c3e1-7cd9-4db1-b0ec-f582b42b0f31,SB 740,Sen. Saliu Mustapha,Senate,APC,Kwara,,Yes
2c8dc78b-0099-4d2d-9f76-9471e2dae91f,HB 923,Hon Kingsley Chinda,House,PDP,Rivers,Obio/Akpor,Yes
197f421a-30b0-4414-a4da-d1f9b3789462,HB 38,Hon Babajimi Adegoke Benson,House,APC,Lagos,Ikorodu,Yes
f8b582e0-f3b6-4107-bf7b-c5db808e7e55,SB 856,Sen. Orji Uzor Kalu,Senate,APC,Abia,,Yes
6d767717-dad6-4294-8406-9170eddd9fca,HB 445,Hon Miriam Onuoha,House,APC,Imo,Isiala Mbano/Okigwe/Onuimo,Yes
89cc49a2-812d-495a-9d06-e2788dd102a8,SB 228,"Sen. Banigo, Ipalibo Harry",Senate,PDP,Rivers,,Yes
52980e4e-2936-4943-8c5e-e8469bfd1ad1,HB 1485,Hon Anthony Adebayo Adepoju,House,PDP,Oyo,Ibarapa Central/Ibarapa North,Yes
39314afc-1569-4d9b-a7e7-dc5fc7e0c34b,HB 2138,Hon. Victor Obuzor,House,PDP,Rivers,Ahoada West/Ogba Egbema,Yes
9c683e32-26cd-4592-abbd-f21d442dbcd3,SB 862,Sen. Enyinnaya Harcourt Abaribe,Senate,ADC,Abia,,Yes
2ecf12c3-1a93-4b26-afa5-55f290da5455,SB 94,Sen. Saliu Mustapha,Senate,APC,Kwara,,Yes
be91185f-3ca7-490a-8e26-761e994355bf,SB 73,Sen. Mohammed Ali Ndume,Senate,APC,Borno,,Yes
64d65925-846a-45da-b5f0-744b37926259,HB 976,Hon Victor Abang,House,APC,Cross River,Boki/Ikom,Yes
47d9cafd-7ef7-4826-8d53-f15609dd7dd8,HB 2139,Hon Nnolim John Nnaji,House,APC,Enugu,Nkanu East/Nkanu West,Yes
47d9cafd-7ef7-4826-8d53-f15609dd7dd8,HB 2139,Hon Abdulmalik Zubairu,House,APC,Zamfara,Bungudu/Maru,No
47d9cafd-7ef7-4826-8d53-f15609dd7dd8,HB 2139,Garba Ibrahim Muhammad,House,NNPP,Kano,Gwale,No
47d9cafd-7ef7-4826-8d53-f15609dd7dd8,HB 2139,Hon Julius Ihonvbere,House,APC,Edo,Owan East/Owan West,No
47d9cafd-7ef7-4826-8d53-f15609dd7dd8,HB 2139,Dalyop Chollom Fom,House,LP,Plateau,Barkin Ladi/Riyom,No
47d9cafd-7ef7-4826-8d53-f15609dd7dd8,HB 2139,Hon Aminu Jaji,House,APC,Zamfara,Kaura-Namoda/Birnin Magaji,No
47d9cafd-7ef7-4826-8d53-f15609dd7dd8,HB 2139,Chimaobi Sam Atu,House,LP,Enugu,Enugu North/Enugu South,No
47d9cafd-7ef7-4826-8d53-f15609dd7dd8,HB 2139,Hon Ahmed Doro Yusuf,House,APC,Katsina,Bindawa/Mani,No
47d9cafd-7ef7-4826-8d53-f15609dd7dd8,HB 2139,John Moenwul Dafaan,House,APC,Plateau,Mikang/Qua’an/Pan/Shedam,No
47d9cafd-7ef7-4826-8d53-f15609dd7dd8,HB 2139,Hon Paul Nnamchi,House,LP,Enugu,Enugu East/Isi Uzo,No
47d9cafd-7ef7-4826-8d53-f15609dd7dd8,HB 2139,Hon. Alfred Ajang Iliya,House,APC,Plateau,Jos South/Jos East,No
47d9cafd-7ef7-4826-8d53-f15609dd7dd8,HB 2139,Hon Inuwa Garba,House,PDP,Gombe,Yamaltu/Deba,No
47d9cafd-7ef7-4826-8d53-f15609dd7dd8,HB 2139,Hon. Sadiq Ango Abdullahi,House,APC,Kaduna,Sabon Gari,No
eefd1bb9-9a2f-41bc-8797-b236d7880549,HB 393,Hon Gagdi Adamu Yusuf,House,APC,Plateau,Kanke/Pankshin/Kanam,Yes
a64ebc6f-16f0-458d-87df-830a3a94f027,HB 166,Hon Adewale Hameed,House,APC,Lagos,Agege,Yes
0e4997a2-9b2b-48d9-b386-4daf0a3e95c5,HB 83,Hon Obinna Aguocha,House,LP,Abia,Umuahia North/ Umuahia South/ Ikwuano,Yes
ff4e860b-4289-49d4-a2e2-442c574d87a0,SB 557,"Oluwole, Fasuyi Cyril",Senate,APC,Ekiti,,Yes
2352a843-03e9-4296-a522-4def248e34e9,HB 1085,Terseer Ugbor,House,APC,Benue,Kwande/Ushongo,Yes
f55d394a-d758-4c3e-9670-517d87f174c8,HB 2655,Hon Adelegbe Emmanuel Oluwatimehin,House,APC,Ondo,Owo/Ose,Yes
befaf6b5-186b-4c54-9ae8-66c687c15d37,HB 1048,Moshood Olanrewaju Oshun,House,APC,Lagos,Lagos Mainland,Yes
ddc16571-c4c1-450a-828c-c474356f1865,SB 574,Simon Bako Lalong,Senate,APC,Plateau,,Yes
39a54fef-5caf-4f18-846d-19fca183594b,HB 2490,Hon Abdussamad Ibrahim Dasuki,House,PDP,Sokoto,Kebbe/Tambuwal,Yes
eccab6b3-5e66-49c4-a14b-71ff0a2b5b76,HB 1265,Hon Benjamin Kalu,House,APC,Abia,Bende,Yes
db510bb7-2ed4-430e-8ea9-0d6920db1e28,HB 20,Hon Tajudeen Abbas,House,APC,Kaduna,Zaria,Yes
66d272cc-4f91-42d1-aa41-81ab688810c9,HB 340,Hon Sesi Whingan,House,APC,Lagos,Badagry,Yes
67a357c1-bea7-46d0-8cd8-cd400da52f60,SB 04,Sen. Mohammed Tahir Monguno,Senate,APC,Borno,,Yes
b8a9d2bf-74b2-460d-8366-d210fe3f6e35,HB 386,Hon Gagdi Adamu Yusuf,House,APC,Plateau,Kanke/Pankshin/Kanam,Yes
ce54e977-ef02-4bd1-b0df-010c92f406c7,HB 266,Hon Osi Kama Nkemkanma,House,LP,Ebonyi,Ivo-Ohaozara/Onicha,Yes
2abeb4b2-b6c7-466b-8128-d213dde3c071,SB 99,"Sen. Asuquo, Ekpenyong",Senate,APC,Cross River,,Yes
8bb6acca-8906-4e43-a9fd-7bffb62a2c09,HB 2162,Hon Julius Gbabojor Pondi,House,PDP,Delta,Burutu,Yes
8bb6acca-8906-4e43-a9fd-7bffb62a2c09,HB 2162,Terseer Ugbor,House,APC,Benue,Kwande/Ushongo,No
4d773123-5f80-42f0-885a-74872243e675,HB 248,Hon Benjamin Kalu,House,APC,Abia,Bende,Yes
b58da77a-cba2-47df-960b-e9b195ed740e,SB 216,Sen. Ifeanyi Patrick Ubah,Senate,YPP,Anambra,,Yes
c3f31c98-9d11-44dc-aab7-ab3cb15b3cf1,HB 668,Chimaobi Sam Atu,House,LP,Enugu,Enugu North/Enugu South,Yes
72e2ae6a-432f-4b51-b3ff-acac91250ab7,HB 1654,Hon Tajudeen Abbas,House,APC,Kaduna,Zaria,Yes
b871e1e4-a4db-4e27-9d58-4371633b1741,HB 339,Hon Sesi Whingan,House,APC,Lagos,Badagry,Yes
85e7e568-6c3d-4630-823c-71818138a3fd,HB 320,Hon Akintunde Rotimi,House,APC,Ekiti,Ikole/Oye,Yes
e13e09ca-5b96-4acc-8687-3c8694ad2322,HB 2097,Esosa Iyawe,House,LP,Edo,Oredo,Yes
1870f1cc-fc77-4237-83e4-534fa9f664a6,HB 989,Hon Sada Soli,House,APC,Katsina,Jibia/Kaita,Yes
699ad071-5e98-4ba9-9157-62a1b7df34cf,HB 568,Hon Amos Gwamna Magaji,House,APC,Kaduna,Zangon Kataf/Jaba,Yes
9a21ff9a-42ea-4e26-a4d4-592a67b71605,HB 1400,Chinedu Tochukwu Okere,House,APC,Imo,Owerri Municipal/Owerri North/Owerri West,Yes
f4f6f1aa-7247-40bd-97dc-de2a89f8b27f,SB 1023,Osita Ngwu,Senate,APC,Enugu,,Yes
284dcc3f-c132-457c-a7ab-c7dadb82cbff,HB 2466,Hon Sani Umar Bala,House,APC,Kano,Tsanyawa/Kunchi,Yes
31397735-ef07-4c29-a4da-0d8ab5415ca2,SB 610,Sen. Tony Nwoye,Senate,ADC,Anambra,,Yes
a4b95a37-fe04-4fe7-b53e-79d73cc5d12a,SB 70,Sen. Barau Jibrin,Senate,APC,Kano,,Yes
730ebe5a-4592-42ba-9a83-9d2b7e7d8df7,HB 940,Hon Sada Soli,House,APC,Katsina,Jibia/Kaita,Yes
cc55a063-cc1d-4daa-aaaf-9311d2d0e881,HB 1477,Hon Benjamin Kalu,House,APC,Abia,Bende,Yes
07e0d807-a976-4eb9-a888-ed38b5146ec0,SB 533,"Sen. Aliu, Wadada Ahmed",Senate,APC,Nasarawa,,Yes
97b8193d-ea3e-4c05-a79e-797b5caf0096,HB 1479,Hon Benjamin Kalu,House,APC,Abia,Bende,Yes
beb60146-3973-43bc-b7f4-5a9b0434a9da,SB 559,Sen. Michael Opeyemi Bamidele,Senate,APC,Ekiti,,Yes
9de1ab46-b2fb-4ae6-8f8e-a7bf280d9e8a,SB 377,Sen. Michael Opeyemi Bamidele,Senate,APC,Ekiti,,Yes
ff685609-44fc-4b51-af19-90badb6737b1,HB 516,Hon Muhammed Bello Shehu,House,NNPP,Kano,Fagge,Yes
a34fbed1-fd8d-430a-8848-1a4683a66c4e,SB 474,"Sen. Asuquo, Ekpenyong",Senate,APC,Cross River,,Yes
06f5dffc-147a-432d-a147-20a54c43c823,SB 59,Sen. Adetokunbo Mukhail Abiru,Senate,APC,Lagos,,Yes
ed081a91-4faa-4548-b42b-3330d73f338d,SB 982,Sen. Mohammed Sani Musa,Senate,APC,Niger,,Yes
03b1a75e-8c6a-4e32-ac64-3a2d5c4e6de5,HB 331,Hon Sesi Whingan,House,APC,Lagos,Badagry,Yes
715aa162-665b-483b-84f5-b16945faef5f,HB 29,Hon Pascal Agbodike,House,APGA,Anambra,Ihiala,Yes
aa1c43c1-b639-475a-a86f-cce6a440d11e,SB 33,Sen. Mohammed Tahir Monguno,Senate,APC,Borno,,Yes
91231ed1-36fe-44e0-aef7-2c30c716d19d,HB 2460,Hon Francis Ejiroghene Waive,House,APC,Delta,"Ughelli North, Ughelli South/Udu",Yes
125e74ab-1e20-4e60-888e-43bd2c4c8a0b,SB 719,"Mohammed, Dandutse Muntari",Senate,APC,Katsina,,Yes
2cd94c3d-535a-4842-abe9-aba2191761d3,HB 252,Hon Dachung Musa Bagos,House,PDP,Plateau,Jos South/Jos East,Yes
cd7fedb5-6ac7-4eb9-95ba-e56cc3215482,HB 701,Hon Babajimi Adegoke Benson,House,APC,Lagos,Ikorodu,Yes
580cac68-e175-4593-b8b3-2e15131eb92c,HB 1882,Afam Ogene,House,LP,Anambra,Ogbaru,Yes
ed4c6943-8fe8-44d1-9ecf-2bb3cd21d850,HB 377,Hon Austin Asema Achado,House,APC,Benue,Gwer East/Gwer West,Yes
3df59c90-ac23-49d5-b780-e4a559d5ae5c,HB 98,Hon Julius Ihonvbere,House,APC,Edo,Owan East/Owan West,Yes
d3b07409-b451-431d-b051-bb39c36c559b,SB 456,Sen. Michael Opeyemi Bamidele,Senate,APC,Ekiti,,Yes
a960e190-8767-4e92-be3b-56fe7d770327,HB 1726,Executive,House,APC,N/A,.,Yes
f5d14347-f65e-4ee6-8afd-db4103faddf0,HB 2623,Murphy Osaro Omoruyi,House,LP,Edo,Egor/Ikpoba-Okha,Yes
b5f4b295-40a2-4704-830d-97caa472e19d,HB 390,Hon Gagdi Adamu Yusuf,House,APC,Plateau,Kanke/Pankshin/Kanam,Yes
c9e232ac-a586-43e0-b3a8-8763d123a301,SB 366.,"Sen. Aliu, Wadada Ahmed",Senate,APC,Nasarawa,,Yes
7b12d203-1f66-4f4e-98c1-dd040288d50a,HB 893,Hon Muktar Tolani Shagaya,House,APC,Kwara,Ilorin West/Asa,Yes
cf44c5d7-cf86-42fe-ba69-33ff7b40553a,HB 553,Hon Muktar Tolani Shagaya,House,APC,Kwara,Ilorin West/Asa,Yes
5a5e1474-df54-40af-aac1-9279f97298ff,HB 970,Hon Muktar Tolani Shagaya,House,APC,Kwara,Ilorin West/Asa,Yes
19e496f6-edcc-4a84-af07-6b76de9b8b99,HB 892,Hon Muktar Tolani Shagaya,House,APC,Kwara,Ilorin West/Asa,Yes
f01eaf69-9a30-4db8-a62a-afa24986ef32,HB 908,Hon Muktar Tolani Shagaya,House,APC,Kwara,Ilorin West/Asa,Yes
00778ca3-63e3-4452-a2e6-397720ac3bee,HB 909,Hon Muktar Tolani Shagaya,House,APC,Kwara,Ilorin West/Asa,Yes
e608af39-cc1f-45b9-ba3d-3ab4ae41f370,SB 787,Sen. Michael Opeyemi Bamidele,Senate,APC,Ekiti,,Yes
11eb3810-3603-43f3-b429-67315ee02401,HB 417,Hon Julius Ihonvbere,House,APC,Edo,Owan East/Owan West,Yes
5231ae52-acf3-44d2-848d-43c34653ad0d,SB 287,Sen. Ireti Heebah Kingibe,Senate,ADC,Federal Capital Territory (Fct),,Yes
21e09d4b-1178-4cc0-82d7-0c7fa1605d8c,SB 295,Sen. Ibrahim Mohammed Bomai,Senate,APC,Yobe,,Yes
db98c69e-d705-462e-8421-9a5d0da62e78,HB 378,Hon Balele Aminu,House,APC,Katsina,Dutsin-ma/Kurfi,Yes
61b090df-bf70-480b-acec-76c7b0e66709,HB 493,Hon Miriam Onuoha,House,APC,Imo,Isiala Mbano/Okigwe/Onuimo,Yes
b3ce4f1e-d4b2-43ea-9a4c-5cef2c47bdb4,HB 2053,Hon Agbedi Yeitiemone Frederick,House,PDP,Bayelsa,Sagbama/Ekeremor,Yes
fa27d8d8-897a-4b42-a15d-706668afc0af,HB 64,Hon Julius Ihonvbere,House,APC,Edo,Owan East/Owan West,Yes
325cb35d-376f-4e8f-93ad-ed7ae057e4da,HB 2054,Hon Agbedi Yeitiemone Frederick,House,PDP,Bayelsa,Sagbama/Ekeremor,Yes
2d0dcbde-a23d-4935-81d4-4adbf6e37698,HB 860,Hon Saidu Musa Abdullahi,House,APC,Niger,Bida/Gbako/Katcha,Yes
491d890d-db42-48d9-aed2-6d37abf73578,HB 2407,Joshua Chinedu Obika,House,LP,Federal Capital Territory (Fct),Municipal/Bwari,Yes
a146105d-b275-420b-9765-dc8fb8c25f76,HB 361,Hon Balele Aminu,House,APC,Katsina,Dutsin-ma/Kurfi,Yes
66cfa60c-3354-4984-aa16-ffce109e0fb6,HB 10,Hon Adewale Hameed,House,APC,Lagos,Agege,Yes
66cfa60c-3354-4984-aa16-ffce109e0fb6,HB 10,Hon Ahmed Adamu Saba,House,APC,Kwara,Edu/Moro/Pategi,No
66cfa60c-3354-4984-aa16-ffce109e0fb6,HB 10,Hon Aliyu Wakili Boya,House,APC,Adamawa,Furore/Song,No
66cfa60c-3354-4984-aa16-ffce109e0fb6,HB 10,Hon Abubakar Hassan Fulata,House,APC,Jigawa,Birniwa Guri/Kirikasamma,No
66cfa60c-3354-4984-aa16-ffce109e0fb6,HB 10,Hon Osi Kama Nkemkanma,House,LP,Ebonyi,Ivo-Ohaozara/Onicha,No
66cfa60c-3354-4984-aa16-ffce109e0fb6,HB 10,Hon Benjamin Kalu,House,APC,Abia,Bende,No
66cfa60c-3354-4984-aa16-ffce109e0fb6,HB 10,Hon Rodney Ebikebina Ambiowei,House,PDP,Bayelsa,Southern Ijaw,No
4ce106fc-64af-40d1-8b04-9aa89bfd0154,HB 418,Hon Julius Ihonvbere,House,APC,Edo,Owan East/Owan West,Yes
b5c76e0e-14b6-4608-a28e-1fc9673dd486,HB 1010,Hon Jesse Okey-Joe Onuakachi,House,LP,Lagos,Oshodi/Isolo II,Yes
b158ef8e-c03e-4118-8def-00a2c3e956bf,HB 2027,Joshua Chinedu Obika,House,LP,Federal Capital Territory (Fct),Municipal/Bwari,Yes
e9fdf7ab-c673-48fb-a960-c5e8a77d6c08,HB 997,Executive,House,APC,N/A,.,Yes
4e594303-1b36-4d04-bff3-5526a89f184f,HB 2729,Executive,House,APC,N/A,.,Yes
afc0f713-e66a-4027-9070-ffb3fd2de09b,HB 1267,Executive,House,APC,N/A,.,Yes
02a1550c-6046-4b9e-99d0-45fed8b9309b,HB 1440,Executive,House,APC,N/A,.,Yes
655e3715-c83d-4aec-97ae-2c914d661d8c,HB 1551,Hon Benjamin Kalu,House,APC,Abia,Bende,Yes
ea8f9f18-8385-4d31-a2c9-3ef4dd75e83a,HB 1503,Abdulrahman Ajiya,House,APC,Federal Capital Territory (Fct),Abaji/Gwagwalada/Kwali/Kuje,Yes
7253bd56-d0b3-4bfa-803c-615c3aa90f74,SB 519,"Sen. Emmanuel, Udende Menga",Senate,APC,Benue,,Yes
5ed390ea-2b6c-44b8-b4eb-1503b7dd480f,HB 721,Hon. Victor Obuzor,House,PDP,Rivers,Ahoada West/Ogba Egbema,Yes
dd6807e9-8a01-4a6d-b767-506809ba0749,HB 24,Hon Yusuf Ahmad Badau,House,APC,Kano,Shanono/Bagwai,Yes
dd6807e9-8a01-4a6d-b767-506809ba0749,HB 24,Hon Afolabi Moruf Afuape,House,APC,Ogun,Abeokuta South,No
dd6807e9-8a01-4a6d-b767-506809ba0749,HB 24,Hon Ugochinyere Onyinye Ikeagwuonu,House,PDP,Imo,Ideato North/Ideato South,No
dd6807e9-8a01-4a6d-b767-506809ba0749,HB 24,Hon Usman Bello Kumo,House,APC,Gombe,Akko,No
dd6807e9-8a01-4a6d-b767-506809ba0749,HB 24,Hon Joseph Bassey,House,APC,Cross River,Calabar South/Akpabuyo/ Bakassi,No
dd6807e9-8a01-4a6d-b767-506809ba0749,HB 24,Hon Benjamin Kalu,House,APC,Abia,Bende,No
23b5c9bd-92eb-4483-9630-efae02d57d74,SB 752,Sen. Allwell Heacho Onyesoh,Senate,PDP,Rivers,,Yes
51433bdf-543c-4564-9269-4cab2f2f61f2,SB 760,Sen. Enyinnaya Harcourt Abaribe,Senate,ADC,Abia,,Yes
8df4d067-7945-4f34-9c1a-1dc21fc13233,HB 1334,Hon Nnamdi Ezechi,House,PDP,Delta,Nkokwa East/Ndokwa West/ Ukwuani,Yes
4ac50ac2-c627-4387-a3c6-16abe3918f48,HB 915,Hon Abdulmalik Zubairu,House,APC,Zamfara,Bungudu/Maru,Yes
abb18db1-312f-45e2-b7ab-104d275279d5,HB 996,Clement Jimbo,House,APC,Akwa Ibom,Abak/Etim Ekpo/Ika,Yes
25e201d2-2c37-468a-8d9f-14cbc774e9bb,HB 875,Hon Francis Ejiroghene Waive,House,APC,Delta,"Ughelli North, Ughelli South/Udu",Yes
ef19fca7-009e-4bdb-894b-ac7afb845e41,HB 572,Sekav Dzua Iyortyom,House,APC,Benue,Buruku,Yes
7658b9c3-fa6b-4a9e-b6be-bf10c73a5f72,HB 50,Hon Ghali Tijjani Mustapha,House,NNPP,Kano,Alabasu/Gaya/Ajingi,Yes
de740fd7-b008-40fb-9f67-bbe1f44b8132,SB 297.,Sen. Anthony Siyako Yaro,Senate,APC,Gombe,,Yes
1a076364-72ba-4e43-9220-f99539435067,SB 888,Sen. Solomon Adeola Olamilekan,Senate,APC,Ogun,,Yes
c0eaa050-5e2c-474f-ba57-d6a359aff7cb,HB 365,Lemke Emil Inyang,House,PDP,Cross River,Akamkpa/Biase,Yes
e26ebe82-2b5b-4598-b942-b83662d23eea,HB 146,Hon Victor Abang,House,APC,Cross River,Boki/Ikom,Yes
41fc02e4-e3d4-4f0e-a1e1-bbd43a7f63a1,SB 144,Sen. Michael Opeyemi Bamidele,Senate,APC,Ekiti,,Yes
d838d388-de50-4ca1-accb-3988d0d66ef1,SB 581,"Oluwole, Fasuyi Cyril",Senate,APC,Ekiti,,Yes
be2d26d8-635c-44be-a312-47421eacc4b4,HB 1192,Mitema Obordor,House,PDP,Bayelsa,Ogbia,Yes
47004552-133e-4af9-8fbf-5a7c328e430e,SB 25,Sen. Orji Uzor Kalu,Senate,APC,Abia,,Yes
ebb8d3cf-aa0d-478a-bf25-80791a105a7f,HB 403,Hon Saidu Musa Abdullahi,House,APC,Niger,Bida/Gbako/Katcha,Yes
0fe10bcd-f126-49b2-a984-e1d164ce2a90,HB 436,Hon Rabiu Yusuf,House,NNPP,Kano,Sumaila/Takai,Yes
fdd45f6f-e32b-4f1e-bc8a-192da8605279,SB 829,Sen. Mohammed Ali Ndume,Senate,APC,Borno,,Yes
af1256d3-2a45-4ba7-8d4a-cb2e957878ae,HB 330,Hon Alex Egbona,House,PDP,Cross River,Yakurr/Abi,Yes
12dbd5eb-8304-48a7-8a61-68e1ecd08891,HB 11,Hon Philip Agbese,House,APC,Benue,Ado/Obadigbo/Okpokwu,Yes
6e677004-b6d5-4899-a54c-22b045afe9e9,HB 215,Hon Benjamin Kalu,House,APC,Abia,Bende,Yes
5dbd5257-c8f7-44be-ad6c-3a6fc77606e1,HB 545,Hon Mallam Bukar Gana,House,APC,Borno,Kukawa/Mobbar/Abadam/ Guzamali,Yes
75341caa-feda-456b-987f-adbf75d0386c,HB 486,Hon Aliyu Bappa misau,House,PDP,Bauchi,Misau/Dambam,Yes
954ca95a-f8f4-46f0-89c0-f0d935bf8e17,SB 404,Sen. Jibrin Isah,Senate,APC,Kogi,,Yes
b3412386-9b87-48ff-8d27-db78085d842c,HB 323,Hon Billy Famous Osawaru,House,APC,Edo,Orhionmwon/Uhunmwonde,Yes
7650bd52-b3a1-4636-9f9f-8d7428fea5b7,HB 141,Hon Kabiru Amadu,House,PDP,Zamfara,Gusau/Tsafe,Yes
b14001a3-c9a0-4731-af66-4cfb19632458,HB 474,Hon Billy Famous Osawaru,House,APC,Edo,Orhionmwon/Uhunmwonde,Yes
82a8cb56-fba9-4546-8cb4-d159d5e8f320,HB 2216,Hon Ahmed Doro Yusuf,House,APC,Katsina,Bindawa/Mani,Yes
a842ce9c-1bf6-49b4-8c95-0350f307ba98,SB 52,Sen. Justus Olugbenga Daniel,Senate,APC,Ogun,,Yes
012bc83e-41c8-4fde-96dd-a3334e4ed9fd,HB 328,Hon Pascal Agbodike,House,APGA,Anambra,Ihiala,Yes
b3acef77-7947-4ba6-a846-7ee195c7ddcf,HB 2107,Hon Adewale Hameed,House,APC,Lagos,Agege,Yes
3dcdf4e0-bf18-4ddf-b579-597fccb2b1ce,HB 2710,Executive,House,APC,N/A,.,Yes
b329903b-5eeb-4997-b935-d8f8eec68df8,HB 2113,Hon Billy Famous Osawaru,House,APC,Edo,Orhionmwon/Uhunmwonde,Yes
28788d00-73ab-4298-8cfd-88e2f79a6052,SB 214,"Sen. Khalid, Ibrahim Mustapha",Senate,PDP,Kaduna,,Yes
ca59b225-16d3-401d-b048-da4a7e89a001,HB 946,Hon Benjamin Kalu,House,APC,Abia,Bende,Yes
6d3c8e8a-03c2-4267-8d81-6106c0ada0c1,HB 95,Hon Muhammed Bello Shehu,House,NNPP,Kano,Fagge,Yes
22fea484-c0eb-4f7b-ad9e-a499afc4caac,HB 1624,Hon Ibrahim Mohammed Bukar,House,APC,Borno,Dikwa/Mafa/Konduga,Yes
a98cec78-d8c0-4830-b9cc-cc757e5965e4,HB 739,Hon. Sagir Koki,House,APC,Kano,Municipal,Yes
9f493458-2fcc-40a2-992d-7eb333eddb10,HB 1417,Abubakar Yahaya Kusada,House,APC,Katsina,Ingawa/Kankia/Kusada,Yes
bef4af87-7d51-43f6-8164-1e410084dc06,HB 1655,Mohammed Dan Abba Shehu,House,PDP,Bauchi,Zaki,Yes
fc91b0b8-9058-4a37-aa32-a93d5a154dd2,SB 609,Imasuen Neda Bernards,Senate,LP,Edo,,Yes
b834c3aa-e45b-452d-bac1-8e3ecb49dfc8,SB 187,"Sen. Abdulrahman, Kawu Suleiman",Senate,NNPP,Kano,,Yes
9d44e212-f23e-4dfd-ab2f-5a15e9932d3f,HB 259,Hon Nicholas Ebomo Mutu,House,PDP,Delta,Bomadi/Patani,Yes
0888bf74-aa78-4f36-92b2-8d970d6edf4b,HB 364,Lemke Emil Inyang,House,PDP,Cross River,Akamkpa/Biase,Yes
7487bf21-ceb1-4005-988b-4031ee653cce,HB 255,Hon Ibe Okwara Osonwa,House,LP,Abia,Arochukwu/Ohafia,Yes
909760f3-e69d-40bd-a22b-59fe377fa1d2,SB 170,"Sen. Khalid, Ibrahim Mustapha",Senate,PDP,Kaduna,,Yes
308b6fbe-a6b0-4cdd-b817-87deacd16de8,HB 1006,Hon Sunday Anamero Dekeri,House,APC,Edo,Etsako East/Etsako West/ Etsako Central,Yes
15a89f4f-76a5-4afb-836d-01431eb89886,HB 1600,Ifeoluwa Ehindero,House,APC,Ondo,Akoko North East/Akoko North West,Yes
7203f361-7d73-4a70-bc92-f5176b3d97ad,HB 1612,Hon Agbedi Yeitiemone Frederick,House,PDP,Bayelsa,Sagbama/Ekeremor,Yes
1e279c52-03d9-40a4-9596-2d8a087df246,SB 427,Sen. Seriake Henry Dickson,Senate,PDP,Bayelsa,,Yes
7fea832d-cb9a-4ae4-9ab8-975f3cfd7cb2,SB 381,Sen. Mohammed Ali Ndume,Senate,APC,Borno,,Yes
c1e67a62-f457-423d-bb5b-998578d460a5,SB 149,Sen. Yahaya Abubakar Abdullahi,Senate,PDP,Kebbi,,Yes
8ce82126-5f86-41ef-9127-451e3b75a22b,SB 127,Sen. Barau Jibrin,Senate,APC,Kano,,Yes
3a95c6fe-a2df-48fe-9306-a9c10bdb9ea9,HB 494,Jaafaru Yakubu,House,PDP,Taraba,Bali/Gassol,Yes
b43eaa4d-19ff-490f-9d22-1f9cc7c96ada,HB 300,Hon Ozurigbo Ugonna,House,APC,Imo,Isu/Njaba/Nkwerre/Nwangele,Yes
afb183d3-83b7-4ace-8967-f28fb0d971c8,HB 426,Hon Ozurigbo Ugonna,House,APC,Imo,Isu/Njaba/Nkwerre/Nwangele,Yes
2ba4f5d7-f75c-48f0-858b-d9cd429745d6,HB 125,Hon Julius Ihonvbere,House,APC,Edo,Owan East/Owan West,Yes
7e4c68c5-1e71-419d-8604-dbc61a813baf,HB 35,Hon Julius Ihonvbere,House,APC,Edo,Owan East/Owan West,Yes
21dede30-4f78-4392-b894-198f23b8c5c2,HB 355,Hon Lanre Okunlola,House,APC,Lagos,Surulere II,Yes
4197fb79-f61e-4078-a112-5a891564ed5f,HB 549,Rabiu Garba Kamba,House,APC,Kebbi,Arewa/Dandi,Yes
07c8c426-fe28-4c3e-b4af-38b884a97ffe,SB 468,Sen. Shuaibu Isa Lau,Senate,PDP,Taraba,,Yes
f6f9e835-947a-42f6-9b25-6f29c9480781,SB 201,Sen. Tony Nwoye,Senate,ADC,Anambra,,Yes
70fdf3fc-41a4-416b-a3be-fe87f6b24ad5,HB 185,Hon Julius Ihonvbere,House,APC,Edo,Owan East/Owan West,Yes
313337b2-0c6c-4523-811b-df6b4a2d82b4,HB 522,Henry Odianosen Okojie,House,APC,Edo,Esan North East/Esan South East,Yes
c0df2d29-d6e1-433b-81c2-d922616afc75,HB 1425,Hon Ugochinyere Onyinye Ikeagwuonu,House,PDP,Imo,Ideato North/Ideato South,Yes
81ab47c7-fd32-4fde-aa2e-b6c489d69e1d,HB 491,Hon Paul Nnamchi,House,LP,Enugu,Enugu East/Isi Uzo,Yes
139b9043-d314-4661-b5b5-e55ce9e6c3fa,HB 174,Hon Mathew Nwogu,House,LP,Imo,Aboh Mbaise/Ngor Okpala,Yes
14d478ab-6151-425d-a65e-8d294eb4b44c,HB 676,Hon. Sagir Koki,House,APC,Kano,Municipal,Yes
1a520a11-65a4-4d99-9947-02ca7e8900d2,HB 911,Hon. Sagir Koki,House,APC,Kano,Municipal,Yes
1511c194-4a1b-42d2-84fc-8db6e00f271f,HB 1623,Hon Ibrahim Mohammed Bukar,House,APC,Borno,Dikwa/Mafa/Konduga,Yes
f5f9afab-ccaa-418e-ae25-31eead83aa70,HB 832,Hon Muhammed Bello Shehu,House,NNPP,Kano,Fagge,Yes
708be392-15d2-4b28-855e-9091da0d5bab,HB 927,Bello Isa Ambarura,House,APC,Sokoto,Illela/Gwadabawa,Yes
df0ab3bf-f54e-4429-bc63-0e5de8798b7b,HB 554,Hon Muktar Tolani Shagaya,House,APC,Kwara,Ilorin West/Asa,Yes
18e91383-ba1d-4460-b7ce-99200a4d082c,HB 651,Hon. Sagir Koki,House,APC,Kano,Municipal,Yes
9f1d28df-40ed-4e21-a303-211a671fc351,HB 1658,Hon Inuwa Garba,House,PDP,Gombe,Yamaltu/Deba,Yes
b9e9db04-237a-4095-8764-0c3b4927c523,HB 542,Akarachi Etinosa Tosan,House,APC,Imo,Ikeduru/Mbaitoli,Yes
adc3e218-09ba-404c-ac67-7ef6003f1912,HB 595,Hon. Sagir Koki,House,APC,Kano,Municipal,Yes
8a494cf7-fa9a-48c3-b762-d421ae89fe28,HB 1534,Hon Paul Asuquo Ekpo,House,PDP,Akwa Ibom,Etinan/Nsit Ibom/Nsit ubium,Yes
cd54553f-ec20-4a2f-97e5-dd06a14961b0,HB 496,Hon Ereyitomi Thomas,House,PDP,Delta,Warri North/Warri South/ Warri South West,Yes
4661d0b5-db92-4ccc-a6ce-1fdc88010d37,HB 665,Hon Uchenna Okonkwo,House,LP,Anambra,Idemili North/Idemili South,Yes
9886d45a-2aa1-4982-965e-97242e3a3934,HB 540,Hon Jonathan Ajirioghene Ukodhiko,House,PDP,Delta,Isoko North/Isoko South,Yes
3a940e04-1d9e-4a73-a05e-ea605768e6ad,HB 845,Hon. Sagir Koki,House,APC,Kano,Municipal,Yes
bb4025f1-521a-4bf6-a817-5e0e8e7de80f,HB 910,Hon. Sagir Koki,House,APC,Kano,Municipal,Yes
d8442a37-eec1-45be-8a1a-97bdd62da5bc,HB 538,Chimaobi Sam Atu,House,LP,Enugu,Enugu North/Enugu South,Yes
80b51e42-2c06-495a-b6c1-a39e7ba80d0c,HB 952,Hon Mansur Musa,House,PDP,Kebbi,Aleiro/Gwandu/Jega,Yes
3bbc3f1e-8a98-480a-a1d0-9e02d441b0ce,HB 2026,Ja’afar Abubakar Magaji,House,APC,Adamawa,Maiha/Mubi North/Mubi South,Yes
cc8bf794-1e0f-485e-bf1d-778323cb758f,HB 1031,Akanni Clement Ademola,House,PDP,Osun,Boluwaduro/Ifedayo/Ila,Yes
c096e766-ee83-48b8-8cc6-7cea659b3572,HB 1416,Abubakar Yahaya Kusada,House,APC,Katsina,Ingawa/Kankia/Kusada,Yes
fb2b6662-6998-4e8c-b02e-8c337c277a7c,HB 1824,Prince Solomon Wombo,House,APC,Benue,Katsina-Ala/Ukum/Logo,Yes
135690c1-cde0-405c-bcd6-81ca15d095b4,HB 1322,Obiageli Lillian Orogbu,House,LP,Anambra,Awka North/Awka South,Yes
fed8933a-230c-47cd-b7e6-121a9d27e5f6,HB 475,Hon Joseph Bassey,House,APC,Cross River,Calabar South/Akpabuyo/ Bakassi,Yes
11a9dfa5-e554-4092-b301-8980d7d64bc0,SB 39,Sen. Garba Musa Maidoki,Senate,PDP,Kebbi,,Yes
dac2ede9-2d5d-44d3-b62a-b4aafeb808ea,SB 222,Sen. Ibrahim Dankwambo,Senate,PDP,Gombe,,Yes
17fc265c-88bd-4eeb-86a2-0737d5080af8,SB 109,Sen. Solomon Adeola Olamilekan,Senate,APC,Ogun,,Yes
8f8b429b-4c1e-4609-a816-d978bac7e597,HB 2429,Hon. Akingbaso Festus Olanrewaju,House,APC,Ondo,Idanre/Ifedore,Yes
c3f9b843-7d78-4b74-a54b-d78deabcfb8b,HB 2102,Sekav Dzua Iyortyom,House,APC,Benue,Buruku,Yes
6edb89bd-a59a-4e34-ad63-38697434870d,HB 960,Hon Sulaiman Gumi Abubakar,House,PDP,Zamfara,Gummi/Bukkuyum,Yes
ee5ec434-656e-40a7-8959-2c871570ec35,HB 906,Hon Sulaiman Gumi Abubakar,House,PDP,Zamfara,Gummi/Bukkuyum,Yes
5c48270c-ceec-4d73-96b4-63975e31b690,HB 31,Hon Ghali Tijjani Mustapha,House,NNPP,Kano,Alabasu/Gaya/Ajingi,Yes
e423fd07-a342-4c41-ad5e-b7a953aee16b,SB 392,Sen. Augustine Okwudiri Akobundu,Senate,ADC,Abia,,Yes
64f1e8f4-11a9-41d5-83b2-7d47352644e9,SB 275,Sen. Aminu Iya Abbas,Senate,PDP,Adamawa,,Yes
57a94fcc-09ef-4b0d-8479-f76f07219e87,HB 133,Hon Joseph Bassey,House,APC,Cross River,Calabar South/Akpabuyo/ Bakassi,Yes
e8f8cf66-21e3-461a-9507-31eb476bd2f7,HB 234,Hon Usman Zannah,House,APC,Borno,Kaga/Gubio/Magumeri,Yes
eb4a7fdf-1c6c-46eb-813e-b0617fd49045,HB 2649,Murphy Osaro Omoruyi,House,LP,Edo,Egor/Ikpoba-Okha,Yes
79960594-d770-4c60-afcb-f0d9fbdc3d60,HB 949,Hon Mansur Musa,House,PDP,Kebbi,Aleiro/Gwandu/Jega,Yes
c2a5007d-ad74-4643-bbcf-bcf1db783c59,HB 1017,Hon Aliyu Wakili Boya,House,APC,Adamawa,Furore/Song,Yes
03f4eb1e-ca0b-48f0-8672-d701e1f4cbfb,HB 171,Hon Julius Ihonvbere,House,APC,Edo,Owan East/Owan West,Yes
e2baa60d-9f94-4b3a-a97a-0a61a62145ff,HB 159,Hon Kabiru Alhassan Usman Rurum,House,NNPP,Kano,Rano/Bunkure/Kibiya,Yes
84b52a42-fad7-4be9-b185-e518bef8dbc6,HB 156,Hon Kabiru Alhassan Usman Rurum,House,NNPP,Kano,Rano/Bunkure/Kibiya,Yes
f1560cfd-051c-4329-98dd-91d5ca656f52,HB 237,Hon Kabiru Alhassan Usman Rurum,House,NNPP,Kano,Rano/Bunkure/Kibiya,Yes
3a660a14-1786-492d-b6d9-52a949885e11,HB 158,Hon Kabiru Alhassan Usman Rurum,House,NNPP,Kano,Rano/Bunkure/Kibiya,Yes
aa978b6b-4f99-4892-9978-f5ac4f18bc71,HB 155,Morufu Adewale Adebayo,House,PDP,Osun,Irepodun/Olorunda/Osogbo/Orolu,Yes
aa978b6b-4f99-4892-9978-f5ac4f18bc71,HB 155,Hon Kabiru Alhassan Usman Rurum,House,NNPP,Kano,Rano/Bunkure/Kibiya,No
91183111-6c79-4534-b98b-30bc20386eee,HB 157,Hon Kabiru Alhassan Usman Rurum,House,NNPP,Kano,Rano/Bunkure/Kibiya,Yes
44dc9e1b-b067-4ed0-aa28-28be3842b9e8,HB 2627,Hon Adelegbe Emmanuel Oluwatimehin,House,APC,Ondo,Owo/Ose,Yes
7461506d-421a-454f-a055-87f526184f04,HB 1025,Hon Abdulraheem Olatunji Olawuyi,House,APC,Kwara,Ekiti/Isin/Irepodun/Oke-Ero,Yes
2a802135-20a1-4081-889c-a4edbd1cfb22,HB 465,Hon Dachung Musa Bagos,House,PDP,Plateau,Jos South/Jos East,Yes
a5680cda-6a4a-498f-88be-7d9fbbaac382,HB 717,Hon Ibrahim Almustapha Aliyu,House,APC,Sokoto,Wurno/Rabah,Yes
1f5e177c-c0cd-46bd-be0b-a89b4951fbee,HB 2724,Hon Fatima Talba,House,APC,Yobe,Nangere/Potiskm,Yes
907a0463-3fcd-4dac-ade4-fcfb43bef8be,HB 2220,Abubakar Yahaya Kusada,House,APC,Katsina,Ingawa/Kankia/Kusada,Yes
99c61414-6f48-4333-b511-97379281ed96,HB 1157,Clement Jimbo,House,APC,Akwa Ibom,Abak/Etim Ekpo/Ika,Yes
0de0116d-092c-43a8-8159-7190fb361f5e,HB 706,Hon Zakaria Dauda Nyampa,House,PDP,Adamawa,Madagali/Michika,Yes
8cc379c8-bcec-47fe-b588-d2b57b1267bb,SB 384,Sen. Anthony Siyako Yaro,Senate,APC,Gombe,,Yes
e2c2b423-1f33-4dc2-9aa4-49ab9693c1ff,HB 2112,Akanni Clement Ademola,House,PDP,Osun,Boluwaduro/Ifedayo/Ila,Yes
24742f5b-0992-4e00-972d-c81bad8efbd8,HB 585,Hon Olusola Steve Fatoba,House,APC,Ekiti,Ado Ekiti/Irepodun/Ifelodun,Yes
31bdd602-2fc9-4c3b-82d0-b46ab841c128,HB 366,Lemke Emil Inyang,House,PDP,Cross River,Akamkpa/Biase,Yes
2efebcab-bca0-4a51-97a9-b165363a363a,HB 524,Hon Paul Nnamchi,House,LP,Enugu,Enugu East/Isi Uzo,Yes
61a07db6-12ca-4eff-8b9f-725ba71c98e8,HB 1022,Hon Muhammed Buba Jajere,House,PDP,Yobe,Fika/Fune,Yes
002a5ef9-f377-4fdc-bbbd-2ade831d7d27,HB 1317,Hon Bamidele Salam,House,PDP,Osun,Ede North/Ede South/ Egbedore/Ejigbo,Yes
9f04673f-7e31-44ed-913e-7fe518286385,HB 1395,Chinedu Tochukwu Okere,House,APC,Imo,Owerri Municipal/Owerri North/Owerri West,Yes
401c520b-fb99-4859-82fd-544b90ee13a1,HB 363,Hon Okpolupm Etteh,House,PDP,Akwa Ibom,Eket/Onna/Esit Eket/Ibeno,Yes
31e8d5f0-9ade-4aa8-9547-f5b86a39a8b9,HB 1554,Hon Salisu Yusuf,House,PDP,Katsina,Mashi/Dutsi,Yes
545a1d5d-3987-41f0-946c-eb7443369960,SB 754,Sen. Ibrahim Jimoh Folorunsho,Senate,APC,Ondo,,Yes
d45a3a49-24f8-4236-8dd7-d8db4a35eed2,HB 221,Hon Julius Ihonvbere,House,APC,Edo,Owan East/Owan West,Yes
27e3b978-67b9-4ece-9e44-1730e03eddaa,HB 1307,Hon Ereyitomi Thomas,House,PDP,Delta,Warri North/Warri South/ Warri South West,Yes
341d57d4-f0b7-4d88-b407-8290f8ededfa,HB 820,Hon Ereyitomi Thomas,House,PDP,Delta,Warri North/Warri South/ Warri South West,Yes
51350f61-9872-4f8b-832d-a22450d7097f,HB 1118,Hon Rodney Ebikebina Ambiowei,House,PDP,Bayelsa,Southern Ijaw,Yes
55b4897a-b076-4286-9fb3-5baa05ebde5d,HB 552,Joseph Folorunsho Adegbesan,House,APC,Ogun,Ijebu North/Ijebu East/Ogun Waterside,Yes
1b338d59-11ec-403a-978e-9100ab23903c,HB 723,Adedayo Samuel Adesola,House,APC,Lagos,Apapa,Yes
b0eac41a-2596-4fba-85f4-998b0d05c769,HB 1676,Hon Ghali Tijjani Mustapha,House,NNPP,Kano,Alabasu/Gaya/Ajingi,Yes
f8b57686-3bbb-48e5-a44e-ea57168c1323,HB 280,Hon Midala Usman Balami,House,PDP,Borno,Askira-Uba/Hawul,Yes
c651647e-e1cc-40c8-8ec3-dff5af54017a,HB 2639,Fola Oyekunle,House,PDP,Oyo,Ibadan North,Yes
ab0d7300-ca74-4c5f-b581-fd894902a886,HB 782,Kolawole Davidson Akinlayo,House,APC,Ekiti,"Ido/Osi, Moba/Ilejeme",Yes
148cb9dd-891a-44e4-a059-7053f25d6189,HB 846,Hon. Sagir Koki,House,APC,Kano,Municipal,Yes
84038e79-5853-40a3-91e4-1a132eb13d3e,HB 708,Hon Zakaria Dauda Nyampa,House,PDP,Adamawa,Madagali/Michika,Yes
9f6c4ced-a69c-4e6c-af6e-853a035e5ae6,HB 1548,Ja’afar Abubakar Magaji,House,APC,Adamawa,Maiha/Mubi North/Mubi South,Yes
1bede455-a84e-4a03-b568-5b61645d0188,HB 327,Hon Pascal Agbodike,House,APGA,Anambra,Ihiala,Yes
9a570988-0290-4b5e-ae26-699227dce0c7,HB 1011,Hon Zakaria Dauda Nyampa,House,PDP,Adamawa,Madagali/Michika,Yes
6455e510-3c61-4507-a43b-c3284f65a846,HB 671,Hon Nnolim John Nnaji,House,APC,Enugu,Nkanu East/Nkanu West,Yes
d2bcf3b7-c35a-4f10-a1eb-33daa1fe2b5e,HB 2337,Hon Uchenna Okonkwo,House,LP,Anambra,Idemili North/Idemili South,Yes
d1e414ae-863e-4088-b485-65bdc68ccb28,HB 744,Hon Ayodele Adefiranye,House,APC,Ondo,Ileoluji/Okeigbo/Odigbo,Yes
3b012ac3-482f-4e82-a540-87758f6881e8,HB 2424,Hon Olufemi Richard Bamisile,House,APC,Ekiti,Emure/Gbonyin/Ekiti East,Yes
58d0bac7-537e-4c22-a0e3-1cd7a8216c59,HB 541,Hon Jonathan Ajirioghene Ukodhiko,House,PDP,Delta,Isoko North/Isoko South,Yes
8b0eeb65-0b91-4275-b15d-af444b21c5da,HB 1466,Shehu Dalhatu,House,APC,Katsina,Faskari/Kankara/Sabuwa,Yes
fa2e5c9d-e0de-401b-bb62-fb199ce80277,HB 954,Hon Ahmed Adamu Saba,House,APC,Kwara,Edu/Moro/Pategi,Yes
07e1d214-64dd-4e40-bfd4-f6b40db2aacd,HB 853,Chimaobi Sam Atu,House,LP,Enugu,Enugu North/Enugu South,Yes
93ff946f-1cfd-42d6-944e-6e60d1dc3c56,HB 360,Hon Sani Adamu,House,NNPP,Kano,Minjibir/Ungogo,Yes
ad52251a-e175-4bbd-9f68-c64a4421787a,HB 2115,Hon Tajudeen Abbas,House,APC,Kaduna,Zaria,Yes
c757d4a6-e970-43e4-8d86-9830b85f3b50,SB 692,Sen. Francis Adenigba Fadahunsi,Senate,PDP,Osun,,Yes
7ae3058e-dac8-4dab-aa71-139c4f79ee9b,HB 173,Hon Julius Ihonvbere,House,APC,Edo,Owan East/Owan West,Yes
8f7efa9a-02d5-4685-be7a-680f6bbdd520,HB 2191,Harrison Anozie Nwadike,House,APC,Imo,Isu/Njaba/Nkwerre/Nwangele,Yes
44f41289-6eb7-4a86-9de2-803b5ac3e915,HB 587,Hon. Victor Obuzor,House,PDP,Rivers,Ahoada West/Ogba Egbema,Yes
52c5da4d-f54c-4d41-858b-97c67ad60b70,HB 279,Hon Midala Usman Balami,House,PDP,Borno,Askira-Uba/Hawul,Yes
834b93d0-0526-491b-a287-e898209efeb4,HB 589,Hon Paul Nnamchi,House,LP,Enugu,Enugu East/Isi Uzo,Yes
9cefd15d-5699-4f45-82db-e880bfffe770,SB 493,Sen. Victor Umeh,Senate,ADC,Anambra,,Yes
ec128bf4-0365-4f43-be62-9c2403e7a501,HB 2666,Ja’afar Abubakar Magaji,House,APC,Adamawa,Maiha/Mubi North/Mubi South,Yes
574ea6a3-d345-4ba0-93f4-b62eec6801e3,HB 2335,Hon Uchenna Okonkwo,House,LP,Anambra,Idemili North/Idemili South,Yes
3598bd35-1c83-455a-b3ce-bcf397cfa1a2,SB 666,Sen. Olalere Oyewumi,Senate,PDP,Osun,,Yes
9d051a47-5b60-4c57-a10f-5979dbf74718,SB 693,Sen. Adeniyi Adegbonmire,Senate,APC,Ondo,,Yes
d57d7192-d5bc-4b4e-8f69-99a07cd454c1,SB 665,Zam Titus Tartenger,Senate,APC,Benue,,Yes
bbe87d63-2428-4140-a072-a360d6823e36,SB 742,Onyekachi Nwaebonyi,Senate,APC,Ebonyi,,Yes
153ced47-edda-420c-98fd-08e1b92b34a0,HB 961,Hon Jonathan Ajirioghene Ukodhiko,House,PDP,Delta,Isoko North/Isoko South,Yes
2184b2ea-1d29-4c9b-a365-3ae668c5d97a,HB 1045,Shehu Saleh Rijau,House,APC,Niger,Magama/Rijau,Yes
46095872-6639-4973-ae42-6f2c63d90ef9,HB 835,Blessing Chigeru Amadi,House,PDP,Rivers,Port Harcourt II,Yes
532d6e7e-ff31-4d30-896f-72d5fb6167a2,HB 796,Isa Dogonyaro,House,APC,Jigawa,Babura/Garki,Yes
7ee24440-1bc0-4cfb-9e9b-e3ca202ffe35,HB 972,Uduak Alphonsus Odudoh,House,PDP,Akwa Ibom,Ikot Abasi/Mkpat Enin/Eastern Obolo,Yes
8087e295-d0ef-4c25-828d-83c434e97b5c,HB 1018,Hon Aliyu Wakili Boya,House,APC,Adamawa,Furore/Song,Yes
a57b4e46-90c3-41b5-96e8-2788764e7a91,HB 833,Ahmed Yinka Aluko,House,APC,Kwara,Ilorin East/Ilorin South,Yes
abb04cb4-d0bd-42d1-b2fd-6b9390947978,HB 1072,Akanni Clement Ademola,House,PDP,Osun,Boluwaduro/Ifedayo/Ila,Yes
d1dd7e30-edf0-4a03-8d2a-669fe0041e71,HB 734,Hon Abdulmalik Zubairu,House,APC,Zamfara,Bungudu/Maru,Yes
d5bb25b1-79bf-47c6-8b25-b9010b88d2e4,HB 953,Hon Ahmed Adamu Saba,House,APC,Kwara,Edu/Moro/Pategi,Yes
d7f5ffa2-8511-4b7d-99d3-7c838a34bb45,HB 912,Hon Sunday Anamero Dekeri,House,APC,Edo,Etsako East/Etsako West/ Etsako Central,Yes
d8dbf4db-6d62-484a-a0f7-8d149186f75e,HB 593,Hon Muktar Tolani Shagaya,House,APC,Kwara,Ilorin West/Asa,Yes
da143d21-48b8-4011-a4e1-dd9531b62c29,HB 828,Hon Okunjimi John Odimayo,House,APC,Ondo,Okitipupa/Irele,Yes
ed44a18f-94c2-4683-92ca-56ca617da29e,HB 634,Hon Sunday Anamero Dekeri,House,APC,Edo,Etsako East/Etsako West/ Etsako Central,Yes
ee85ac41-15e3-4aae-99fd-34f65055b0fd,HB 630,Hon Ozurigbo Ugonna,House,APC,Imo,Isu/Njaba/Nkwerre/Nwangele,Yes
f977dfd9-8bea-483b-8097-13717d02621d,HB 889,Hon Adamu Hashimu,House,PDP,Bauchi,Ningi/Warji,Yes
ff77863e-c98b-49b0-a95b-654f573287e8,HB 645,Hon Alhassan Ado Garba,House,APC,Kano,Doguwa/Tudun Wada,Yes
33b4a871-cfb3-4ec3-9ac0-b6227405a3ef,HB 1620,Hon Kingsley Chinda,House,PDP,Rivers,Obio/Akpor,Yes
5118d9d7-1209-40a1-b8e3-8de63e57055d,HB 1376,Hon Yusuf Shitu Galambi,House,NNPP,Jigawa,Gwaram,Yes
5bb43176-5d5d-48ed-bef8-05f82bc05947,HB 1433,Hon Canice Moore Nwachukwu,House,APC,Imo,Oru East/Orsu/Orlu,Yes
5bb43176-5d5d-48ed-bef8-05f82bc05947,HB 1433,Hon Miriam Onuoha,House,APC,Imo,Isiala Mbano/Okigwe/Onuimo,No
61908d41-80ed-4a39-bf26-ced0a65d8670,HB 1188,Daniel Asama Ago,House,APC,Plateau,Jos North/Bassa,Yes
6287dd86-b63e-427e-ad3f-6aa555e9f494,SB 526,Sen. Ibrahim Dankwambo,Senate,PDP,Gombe,,Yes
649c9d92-4d51-43e4-a4e3-c12499a2332b,HB 1299,Abdullahi Mamudu,House,APC,Niger,Agaie/Lapai,Yes
67c1eb3c-1179-46e6-a17e-e9739f515217,HB 1228,Chike John Okafor,House,APC,Imo,Ehime Mbano/Ihite-Uboma/ Obowo,Yes
84c56bca-8324-44d4-b491-901536003a09,HB 1158,Hon Anthony Adebayo Adepoju,House,PDP,Oyo,Ibarapa Central/Ibarapa North,Yes
8d26d60c-76b1-4366-98f4-8ed418517df7,HB 1103,Hon Rodney Ebikebina Ambiowei,House,PDP,Bayelsa,Southern Ijaw,Yes
d48f6f3f-e002-4985-98ae-e22957140b3c,SB 678,Sen. Izunaso Osita Bonaventure,Senate,APC,Imo,,Yes
eb8cf844-e01f-4332-b5df-d19341805f60,HB 1418,Shehu Dalhatu,House,APC,Katsina,Faskari/Kankara/Sabuwa,Yes
f99e8843-f6e0-4667-ab60-9dd2ae52c9b3,HB 1371,Hon El-Rasheed Abdullahi,House,PDP,Gombe,Dukku/Nafada,Yes
37fb23bb-7421-4be6-b891-a6362356f0f9,HB 1852,Hon Julius Ihonvbere,House,APC,Edo,Owan East/Owan West,Yes
555805c0-36d5-4deb-81f3-a2acb3275561,HB 2118,Hon Tajudeen Abbas,House,APC,Kaduna,Zaria,Yes
98da9060-e4d1-4965-99cd-01412a8dbf24,HB 2025,Hon Ayuba Dampar,House,APC,Taraba,Ibi/Wukari,Yes
bc1be7e8-8982-4a56-8d2a-fe2d9d5ff221,SB 881,Sen. Ipinsagba Emmanuel Olajide,Senate,APC,Ondo,,Yes
aded8f96-1ab1-4f4a-bf2e-2ba75c6806e0,HB 520,Hon Sunday Umeha,House,LP,Enugu,Ezeagu/Udi,Yes
70454f74-0a98-4b82-a836-197e12b56bb5,HB 216,Hon Benjamin Kalu,House,APC,Abia,Bende,Yes
4b6df31d-49e5-4c13-acf9-872c27b74391,HB 245,Hon Benjamin Kalu,House,APC,Abia,Bende,Yes
9fdba7af-9843-4d75-9301-a241b5d02f9f,HB 246,Hon Benjamin Kalu,House,APC,Abia,Bende,Yes
e5d2cb79-de30-4560-994d-4facc2693830,HB 1014,Hon Abdulmalik Zubairu,House,APC,Zamfara,Bungudu/Maru,Yes
ba9ca424-9f74-427f-a2c8-41c43f82f408,SB 263,Sen. Ibrahim Jimoh Folorunsho,Senate,APC,Ondo,,Yes
56782a9e-6c6c-4e40-a159-fa2d9f45b6ab,HB 2214,Hon Paul Nnamchi,House,LP,Enugu,Enugu East/Isi Uzo,Yes
bfbc7639-279f-4a8e-bdd7-4a37594655d7,HB 211,Hon Benjamin Kalu,House,APC,Abia,Bende,Yes
a5350d79-5fda-4294-8826-4cf2e9886584,SB 46,Sen. Michael Opeyemi Bamidele,Senate,APC,Ekiti,,Yes
167ffd14-2e7a-4f7a-aad7-05da9f2181f6,HB 1004,Hon Peter Gyendeng,House,PDP,Plateau,Barkin Ladi/Riyom,Yes
62ed30a8-40f9-479a-8fb9-458225e70def,HB 2588,Hon Ali Ibrahim Abdullahi,House,APC,Kogi,Ankpa/Omala/Olamaboro,Yes
4902fe83-ad67-44b5-bbda-ea97bb97aaef,SB 53,Sen. Adetokunbo Mukhail Abiru,Senate,APC,Lagos,,Yes
4902fe83-ad67-44b5-bbda-ea97bb97aaef,SB 53,Sen. Michael Opeyemi Bamidele,Senate,APC,Ekiti,,No
dcfc9864-da6e-4f24-bc96-6f1c0312c06f,HB 1634,Hon Benjamin Kalu,House,APC,Abia,Bende,Yes
354b0df5-a3af-477d-9e69-e9042de661e1,SB 990,Executive,Senate,APC,N/A,,Yes
449b92b8-aa48-42e3-a3d7-e518b02b9c1b,HB 2685,Executive,House,APC,N/A,.,Yes
9de7a816-5fac-498e-8b1a-2387b92201e1,SB 118,Sen. Sunday Steve Karimi,Senate,APC,Kogi,,Yes
d16636eb-95c8-420a-967e-f0f406651013,HB 779,Hon Sesi Whingan,House,APC,Lagos,Badagry,Yes
bfe03e93-0997-418c-aaad-fc9efff8348e,HB 2066,Hon Ugochinyere Onyinye Ikeagwuonu,House,PDP,Imo,Ideato North/Ideato South,Yes
f4c55622-c7bf-4f84-9707-560e4c92bc6c,SB 825,"Sen. Adebule, Idiat Oluranti",Senate,APC,Lagos,,Yes
3b3f0441-942a-400e-92f0-9876c31dc22f,SB 300,"Sen. Tambuwal, Waziri Aminu",Senate,ADC,Sokoto,,Yes
02c43182-4745-49d3-8794-df719f6b45f7,HB 1005,Hon Mathew Nwogu,House,LP,Imo,Aboh Mbaise/Ngor Okpala,Yes
b43e1b04-7d14-492e-988b-ff9bfd565131,HB 1459,Hon Balele Aminu,House,APC,Katsina,Dutsin-ma/Kurfi,Yes
325cdbc7-b7f0-4d1d-9523-174b353bad7a,SB 830,"Sen. Adebule, Idiat Oluranti",Senate,APC,Lagos,,Yes
45c0e0b3-48e2-43ff-94ec-71f6a905f8ea,HB 1071,Hon Miriam Onuoha,House,APC,Imo,Isiala Mbano/Okigwe/Onuimo,Yes
d0462575-14d3-4602-a335-057a5db61dcd,SB 252,Sen. Yahaya Abubakar Abdullahi,Senate,PDP,Kebbi,,Yes
8bb01ad6-86d3-42c7-b83f-55eb641f0a4b,HB 112,Hon Adebayo Olusegun Balogun,House,APC,Lagos,Ibeju Lekki,Yes
ba145cad-5f76-4069-9469-fa489434b7b4,SB 465,Sen. Oluwole Fadeyi Olubiyi,Senate,PDP,Osun,,Yes
3f88194c-4da5-42c2-a19f-74d71e56e477,SB 370,Sen. Aminu Iya Abbas,Senate,PDP,Adamawa,,Yes
abc22d4a-2834-4b81-bba7-703b99204182,HB 2664,Aliyu Sani Madaki,House,NNPP,Kano,Dala,Yes
ee46eb89-b78a-48c6-ac05-0516acd06841,HB 437,Hon Rabiu Yusuf,House,NNPP,Kano,Sumaila/Takai,Yes
5e343522-9c7f-4f6a-b3f4-b22f257a28a7,HB 821,Hon Ereyitomi Thomas,House,PDP,Delta,Warri North/Warri South/ Warri South West,Yes
7bab2c53-7e94-4f66-9d62-dde40b8fdab6,HB 822,Hon Ereyitomi Thomas,House,PDP,Delta,Warri North/Warri South/ Warri South West,Yes
624cee61-3d2a-447f-b795-6c8857fc8bb5,HB 285,Hon Jafaru Gambe Leko,House,APC,Bauchi,Bogoro/Dass/Tafawa Balewa,Yes
f9d91814-ff89-4cc9-96a0-3edc883f5d0c,HB 1823,Moses Oluwatoyin Fayinka,House,APC,Lagos,Mushin II,Yes
bb97d4e5-68bb-47c7-b802-af038b535fce,HB 783,Hon. Akingbaso Festus Olanrewaju,House,APC,Ondo,Idanre/Ifedore,Yes
ee3eee6b-7610-4633-83ac-f79ca57b5760,SB 757,Abba Moro,Senate,PDP,Benue,,Yes
b703c019-f6fd-4e30-b375-8a569b7aa87a,HB 506,Hon Gboyega Nasir Isiaka,House,APC,Ogun,Egbado North/Imeko-Afon,Yes
0ab5623d-ccb0-4e98-ad44-4e899e12170b,HB 2342,Hon Emeka Martins Chinedu,House,PDP,Imo,Ahiazu Mbaise/Ezinihitte,Yes
57a4c41b-1494-4a34-809a-0fd3057d72e6,HB 497,Hon Abdulmalik Zubairu,House,APC,Zamfara,Bungudu/Maru,Yes
4b3fe161-1708-43bc-9a89-ff80915a1e73,HB 636,Murphy Osaro Omoruyi,House,LP,Edo,Egor/Ikpoba-Okha,Yes
699af096-12de-47fc-8e46-23a9a8093ec4,HB 586,Hon. Victor Obuzor,House,PDP,Rivers,Ahoada West/Ogba Egbema,Yes
54c8053b-8cba-4376-86ba-e40a4c8c5796,HB 410,Hon Joseph Bassey,House,APC,Cross River,Calabar South/Akpabuyo/ Bakassi,Yes
3bcd0943-28e9-45bc-a138-3316bf75aac0,HB 826,Hon Nnamdi Ezechi,House,PDP,Delta,Nkokwa East/Ndokwa West/ Ukwuani,Yes
fd2a7e24-5da3-4884-955c-b49e773a76ab,SB 178,"Sen. Aliu, Wadada Ahmed",Senate,APC,Nasarawa,,Yes
02c2e9ea-d835-43ac-9bba-1e03f26ff4f4,HB 82,Hon Obinna Aguocha,House,LP,Abia,Umuahia North/ Umuahia South/ Ikwuano,Yes
82a30a1f-a48d-46c7-a40f-df4d34844342,HB. 102,Hon Jallo Hussaini Mohammed,House,PDP,Kaduna,Igabi,Yes
ca32a258-a4a9-4499-bf84-2417e32bf968,HB 92.,Hon Kabiru Alhassan Usman Rurum,House,NNPP,Kano,Rano/Bunkure/Kibiya,Yes
cca464aa-5bc2-4bb3-bb77-3152d255767c,HB 107,Hon Yusuf Datti,House,NNPP,Kano,Kura/Madobi/Garun Mallam,Yes
ea6e16cf-02ba-45e1-ae74-34c376c76795,HB 103,Hon Philip Agbese,House,APC,Benue,Ado/Obadigbo/Okpokwu,Yes
1f7d73eb-e413-4e77-a33d-ea53e079ea17,HB 2199,Esosa Iyawe,House,LP,Edo,Oredo,Yes
039329be-27cb-4762-aded-45240b6933dc,HB 957,Hon Unyime Josiah Idem,House,PDP,Akwa Ibom,Ukanafun/Oruk Anam,Yes
16587fa0-3bdf-435a-a98d-b6fa6bfa9480,SB 278,Sen. Mallam-madori Ahmed Abdulhamid,Senate,APC,Jigawa,,Yes
19fd2a92-bf66-4863-88c9-2cea5c1a27d9,SB 211,Sen. Ohere Abubakar,Senate,APC,Kogi,,Yes
2388aea2-46c0-489c-9ef7-8dcf6a47282d,SB 198,Sen. Buhari Abdulfatai Omotayo,Senate,APC,Oyo,,Yes
7968892c-69ec-4f49-b49c-adbaee992a40,SB 285,Sen. Ibrahim Mohammed Bomai,Senate,APC,Yobe,,Yes
934ab264-e438-46db-9bfe-ce8fc602143f,SB 197,"Sen. Joel, Onowakpo Thomas",Senate,APC,Delta,,Yes
a1ad891e-fe41-4357-81e7-e437b69fe849,SB 176,Sen. Sani Abubakar Bello,Senate,APC,Niger,,Yes
b464ee30-b10e-4816-9eda-f3aa6ea4cde7,SB 199,Sen. Umar Shehu Buba,Senate,APC,Bauchi,,Yes
caefe4d0-c3e6-4992-9a6a-60fbb8b376f2,SB 146,Sen. Kaka Shehu Lawan,Senate,APC,Borno,,Yes
cf7cd9a8-6cc5-452a-8641-b2e5a21e82d0,SB 283,Sen. Danjuma Goje Mohammed,Senate,APC,Gombe,,Yes
1390a3ce-a16b-4ff1-9d64-e2736041a360,SB 659,"Sen. Banigo, Ipalibo Harry",Senate,PDP,Rivers,,Yes
3e81f3a0-4036-46c8-9f20-1c5ad2f74398,SB 355,Sen. Sunday Katung,Senate,PDP,Kaduna,,Yes
a2c985f2-c757-49fa-a739-69767bc62fcc,SB 543,"Sen. Tambuwal, Waziri Aminu",Senate,ADC,Sokoto,,Yes
b70c349c-c776-44da-a2ef-04482f3c3b66,HB 1139,Hon Ismail Modibo Musa,House,APC,Niger,Shiroro/Rafi/Munya,Yes
df901ce5-2f91-4b99-b753-15f62f50ca96,HB 1423,Hon Abdulhakeem Kamilu Ado,House,NNPP,Kano,Wudil/Garko,Yes
20a0815a-ad41-479c-812b-d164f1ab1045,HB 282,Hon Chinedu Ogah,House,APC,Ebonyi,Ezza South/Ikwo,Yes
e7aef1df-14b5-4b14-8d8d-bf6a193b12b0,SB 514,Sen. Justus Olugbenga Daniel,Senate,APC,Ogun,,Yes
d3f74f28-3d56-4ca1-923b-5c549c139424,SB 511,Sen. Olalere Oyewumi,Senate,PDP,Osun,,Yes
f7089a8f-3380-4ccf-b6a8-e5a457eb0c76,SB 167,Sen. Yau Sahabi Alhaji,Senate,APC,Zamfara,,Yes
39eb6ab7-7d5a-4400-b19f-f91ca2359232,HB 348,Hon. Mark Chidi Obetta,House,APC,Enugu,Nsukka/Igbo-Eze South,Yes
657e5005-0b10-46d4-ac6b-70f7ac18bdfc,SB 142,Sen. Jarigbe Agom Jarigbe,Senate,PDP,Cross River,,Yes
6ab40c56-77fe-4f19-aaa5-34af12e71b76,HB 257,Hon Ibe Okwara Osonwa,House,LP,Abia,Arochukwu/Ohafia,Yes
3963980e-d7f5-414a-b2a8-4cdffcc90c11,SB 507,Sen. Seriake Henry Dickson,Senate,PDP,Bayelsa,,Yes
c9b9988b-d596-4f01-bd0d-c5fc9d1b536e,SB 689,Osita Ngwu,Senate,APC,Enugu,,Yes
6fd85fe5-98d1-48c2-b1b1-26c278766015,HB 223,Hon Chinedu Ogah,House,APC,Ebonyi,Ezza South/Ikwo,Yes
2b97fdbf-cdcb-40cd-8965-1f540b8f79d3,HB 53,Hon Ganiyu Ayuba,House,APC,Lagos,Alimosho,Yes
2b97fdbf-cdcb-40cd-8965-1f540b8f79d3,HB 53,Hon Aliu Ademorin Kuye,House,APC,Lagos,Shomolu,No
2585d456-3da6-4830-a413-185ebf98ce81,HB 349,Hon Olatunji Akinosi,House,APC,Ogun,Ado-Odo/Ota,Yes
2f609705-034e-454b-8b0e-267fde70f0b1,HB 544,Hon Mallam Bukar Gana,House,APC,Borno,Kukawa/Mobbar/Abadam/ Guzamali,Yes
33c9bf0e-d497-4e78-a1fc-2eefa897f3a4,SB 545,Sen. Barau Jibrin,Senate,APC,Kano,,Yes
57541531-2794-4dec-995b-bad6b5f934db,SB 525,Sen. Barau Jibrin,Senate,APC,Kano,,Yes
d8a62f5f-bc02-4891-9185-f389f0bcdf5d,SB 518,Sen. Ibrahim Jimoh Folorunsho,Senate,APC,Ondo,,Yes
933fc78b-2c1c-4bc4-ad3e-18bcee42ffa9,SB 521,Sen. Akpoti-Uduaghan Natasha,Senate,SDP,Kogi,,Yes
90d98be2-ecbf-4f6a-8611-a46c1a0b20da,HB 485,Hon Ereyitomi Thomas,House,PDP,Delta,Warri North/Warri South/ Warri South West,Yes
4f314820-2ebe-44ab-99f5-3b3ca8dca1ac,HB 54,Hon Adetola Kafilat Ogbara,House,APC,Lagos,Kosofe,Yes
4f314820-2ebe-44ab-99f5-3b3ca8dca1ac,HB 54,Hon Aliu Ademorin Kuye,House,APC,Lagos,Shomolu,No
61730eb2-3c83-43a2-b9fd-dff3edb123bd,HB 507,Hon Amos Gwamna Magaji,House,APC,Kaduna,Zangon Kataf/Jaba,Yes
6f8e5408-8eca-4818-a774-0d06af2e04b2,HB 513,Hon Muhammed Bello Shehu,House,NNPP,Kano,Fagge,Yes
5c25ef61-29fd-47c0-8b74-62d13131c06d,HB 163,Hon David Agada Ogewu,House,APC,Benue,Oju/Obi,Yes
7dc5c092-2c1d-4eca-975e-4ea5428baf98,HB 539,Hon Okunjimi John Odimayo,House,APC,Ondo,Okitipupa/Irele,Yes
5be3ca30-0d0c-4678-b036-f709feac1321,HB 291,Hon Lanre Okunlola,House,APC,Lagos,Surulere II,Yes
0926898e-f74b-48d6-9dfc-27e3862981f8,HB 222,Hon Francis Ejiroghene Waive,House,APC,Delta,"Ughelli North, Ughelli South/Udu",Yes
ffc27091-eff8-4a3b-a792-6e9f07b2bc3d,HB 499,Blessing Chigeru Amadi,House,PDP,Rivers,Port Harcourt II,Yes
6e500a1c-985b-43fc-a32e-11ce7adad1f9,HB 478,Hon Julius Ihonvbere,House,APC,Edo,Owan East/Owan West,Yes
4920ef91-8267-4859-8e25-8accf8cd6ddd,HB 278,Hon Rabiu Yusuf,House,NNPP,Kano,Sumaila/Takai,Yes
fccd3d94-0a39-4422-bedf-4a86b952d920,HB 2068,Hon Osi Kama Nkemkanma,House,LP,Ebonyi,Ivo-Ohaozara/Onicha,Yes
47d55335-e01e-4844-8a97-8c22e919e12b,HB 1174,Hon Boniface Sunday Emerengwa,House,PDP,Rivers,Ikwerre/Umohua,Yes
03e6baba-6632-41be-a2d2-49f2b4a5b04a,HB 487,Morufu Adewale Adebayo,House,PDP,Osun,Irepodun/Olorunda/Osogbo/Orolu,Yes
09b5e36f-3762-4287-bb65-6b0364a29e11,HB 664,Hon Uchenna Okonkwo,House,LP,Anambra,Idemili North/Idemili South,Yes
09d8619e-0d4d-48b5-82b0-4072547d2911,HB 746,Dabo Ismaila Haruna,House,APC,Bauchi,Toro,Yes
13131551-030d-44e0-a9c1-76a84d982e04,HB 588,Hon Victor Abang,House,APC,Cross River,Boki/Ikom,Yes
184cb6e5-edb3-4c8e-bf06-d77c1f8a7f89,HB 718,Hon Ibrahim Almustapha Aliyu,House,APC,Sokoto,Wurno/Rabah,Yes
1d023dc2-ad8d-4041-a35d-9aced28998b3,HB 776,Hon Abdulraheem Abdulmaleek,House,PDP,Kogi,Adavi/Okehi,Yes
1d83ab00-d2da-4721-a089-725ab1ea042a,HB 1073,Hon Akintunde Rotimi,House,APC,Ekiti,Ikole/Oye,Yes
2b307252-fef1-4935-afc7-65c5cb64a0ea,HB 1499,Hon Tasir Olawale Raji,House,APC,Lagos,Epe,Yes
362628a9-316a-4ae3-a0a7-f1976f5db2d4,SB 315,"Sen. Ndubueze, Patrick Chiwuba",Senate,APC,Imo,,Yes
39536e30-3450-451a-a693-02632db730fb,HB 709,Hon Jeremiah Umaru,House,APC,Nasarawa,Akwanga/Nassarawa Eggon/ Wamba,Yes
396deda3-ca8f-4c75-ac6a-a165b5263b18,HB 56,Hon Aliu Ademorin Kuye,House,APC,Lagos,Shomolu,Yes
43f7ac23-ffb1-4c92-b752-380cfe158fc6,HB 172,Hon Miriam Onuoha,House,APC,Imo,Isiala Mbano/Okigwe/Onuimo,Yes
4c2ff63a-1a15-491e-a3fc-68c6750796a0,HB 495,Ibrahim Hamisu,House,APC,Kano,Dambatta/Makoda,Yes
500af5a5-4a17-495e-a7c3-ac373dda05d4,HB 724,Adedayo Samuel Adesola,House,APC,Lagos,Apapa,Yes
53564c02-f6f6-4577-acf2-a2ef8fdbd4f6,HB 798,Isa Dogonyaro,House,APC,Jigawa,Babura/Garki,Yes
5c3f5f04-cf24-46fc-a54b-9beea1205ddf,SB 303,Sen. Barinada Barry Mpigi,Senate,PDP,Rivers,,Yes
60c2712d-c4a9-46db-b728-ad06ecc7bc45,HB 633,Hon Sunday Anamero Dekeri,House,APC,Edo,Etsako East/Etsako West/ Etsako Central,Yes
65e4f876-505c-4c9b-8f88-6cc6c05705fc,HB 670,Hon Nnolim John Nnaji,House,APC,Enugu,Nkanu East/Nkanu West,Yes
71a63996-5b91-4cd6-828d-fc854687a8da,HB 160,Hon Julius Ihonvbere,House,APC,Edo,Owan East/Owan West,Yes
8819f00e-77b0-430a-8777-039447ef3af5,HB 799,Hon Anthony Adebayo Adepoju,House,PDP,Oyo,Ibarapa Central/Ibarapa North,Yes
899a6170-cf54-41c0-8cab-067298afef5d,HB 861,Henry Odianosen Okojie,House,APC,Edo,Esan North East/Esan South East,Yes
9220bed9-a934-4261-acd3-045663ff8eb1,HB 834,Ahmed Yinka Aluko,House,APC,Kwara,Ilorin East/Ilorin South,Yes
93b83f4b-28c5-43bb-abca-99298eb36272,HB 644,Hon Alhassan Ado Garba,House,APC,Kano,Doguwa/Tudun Wada,Yes
a15e318b-024a-437d-8288-479e77666ff0,HB 649,Hon Jonathan Ajirioghene Ukodhiko,House,PDP,Delta,Isoko North/Isoko South,Yes
a31f99f7-10ce-4dbc-a39f-26fca0816fbd,HB 648,Hon Muktar Tolani Shagaya,House,APC,Kwara,Ilorin West/Asa,Yes
b2b67c26-2b12-4450-9010-eb4039b92d48,HB 823,Hon Amos Gwamna Magaji,House,APC,Kaduna,Zangon Kataf/Jaba,Yes
b619b020-556b-43c2-a330-2ed0a7eb3c56,HB 94,Hon Muhammed Bello Shehu,House,NNPP,Kano,Fagge,Yes
bddaf3df-f0ad-4f44-ad75-a2e0383a1970,HB 490,Hon Paul Nnamchi,House,LP,Enugu,Enugu East/Isi Uzo,Yes
beb27761-9b5a-418d-beb8-bc80d00f2aed,HB 800,Hon Aliyu Bappa misau,House,PDP,Bauchi,Misau/Dambam,Yes
c2bfb7ee-f2d3-44c1-bfa4-5ef753e14401,HB 1021,Hon Adeyemi Taofeek Alli,House,APC,Lagos,Mushin I,Yes
cc12e709-017c-41a5-a1c1-80c6ed678e17,HB 680,Hon Nnamdi Ezechi,House,PDP,Delta,Nkokwa East/Ndokwa West/ Ukwuani,Yes
db28501c-d4ba-4ed9-b7de-03d19e4a0c7d,HB 815,Hon Etaba Michael Irom,House,PDP,Cross River,Obubra/Etung,Yes
e12700e7-ec38-4b45-8f86-1b0a0e18a63b,HB 1074,Hon Obinna Ginger Onwusibe,House,LP,Abia,Isiala Ngwa North /Isiala Ngwa South,Yes
fc76fb55-401c-4e61-8271-4c474d79c51c,HB 49,Hon Ghali Tijjani Mustapha,House,NNPP,Kano,Alabasu/Gaya/Ajingi,Yes
08eec69c-335d-4c6c-b0a1-826303147eac,HB 1356,Hon Tajudeen Kareem,House,APC,Oyo,Saki East/Saki West/Atisbo,Yes
1bb00635-5ebc-44ec-ae87-62ce3ec5c0e0,HB 1414,Hon Oluwaseyi Sowumi,House,LP,Lagos,Ojo,Yes
1e09cf19-a39e-4c56-b9e2-b20f9731d0cf,HB 1171,Hon Adetunji Abidemi Olusoji,House,PDP,Osun,Odo-Otin/Ifelodun/Boripe,Yes
20c833a5-26a2-4cda-bd32-93d2de7ffad0,SB 327,Sen. Tony Nwoye,Senate,ADC,Anambra,,Yes
2b3fe249-1085-43a7-9249-f7b901cfca14,HB 1220,Hon Anayo Edwin Nwonu,House,PDP,Ebonyi,Ezza North/Ishielu,Yes
300c007a-9375-4606-8258-3763ea60a1f8,HB 1218,Abiodun Isiaq Akinlade,House,APC,Ogun,Egbado South/Ipokia,Yes
3069cd50-b8a4-4211-9a51-23bcf1863392,SB 528,"Sen. Khalid, Ibrahim Mustapha",Senate,PDP,Kaduna,,Yes
35940305-0e8c-4c68-98c4-8edaa13dc23d,SB 595,Sen. Abdul Ningi,Senate,PDP,Bauchi,,Yes
64969f85-8a09-43fe-8963-3c0d73609db5,HB 1504,Hon Makki Yalleman Abubakar,House,APC,Jigawa,Mallam Madori/Kaugama,Yes
6bd1eddd-1dde-49f6-9d7e-1706f36f5f51,SB 525.,Sen. Williams Eteng Jonah,Senate,APC,Cross River,,Yes
76bd97e3-4af0-44ac-9163-29806b524cd7,HB 1471,Hon Kabir Tukura Ibrahim,House,APC,Kebbi,Fakai/Sakaba/Wasagu/Danko/ Zuru,Yes
8a42e8d3-865a-4162-a91a-fb7176698c49,SB 535,Sen. Eze Kenneth Emeka,Senate,APC,Ebonyi,,Yes
8a54c615-3a4c-4000-9837-e1e4a6b894eb,SB 530,"Sen, Ekong Sampson",Senate,PDP,Akwa Ibom,,Yes
a9d7a804-e8d2-4e5f-8f10-562565434e14,HB 1605,Hon Obinna Aguocha,House,LP,Abia,Umuahia North/ Umuahia South/ Ikwuano,Yes
ba824215-60ff-4e83-9547-411452fbf6f1,HB 1191,Nwaeke Felix Uche,House,PDP,Rivers,Eleme/Tai/Oyigbo,Yes
beff0731-eccd-4d83-9751-5c01ee5576eb,HB 1113,Hon Adewunmi Oriyomi Onanuga,House,APC,Ogun,Ikenne/Sagamu/Remo North,Yes
c02e5561-0ee7-49bd-bf96-cc35eb150979,HB 1386,Hon Olaide Yusuf Mohammed,House,APC,Oyo,Irepo/Orelope/Olorunsogo,Yes
c4ae59fd-b2e7-409f-9dd0-49d39c7e207e,HB 1271,Hon Abubakar Hassan Fulata,House,APC,Jigawa,Birniwa Guri/Kirikasamma,Yes
c600b4a8-7619-400e-8450-0421a40c7539,SB 536,Sen. Allwell Heacho Onyesoh,Senate,PDP,Rivers,,Yes
e456713c-d7ae-42c7-b042-ade895d2f138,HB 1506,Adedayo Samuel Adesola,House,APC,Lagos,Apapa,Yes
ee777e36-d97d-41e9-8f4e-e1b008f5a9c8,HB 1365,Gabriel Saleh Zock,House,APC,Kaduna,Kachia/Kagarko,Yes
3111f9cd-fd7d-4df3-9e9c-8b1ae65e3657,HB 1818,Mohammed Saidu Bargaja,House,PDP,Sokoto,Isa/Sabon Birni,Yes
fa22e004-f22d-4a4f-a6fb-f38ec7734c16,HB 1855,Abdullahi Ibrahim Ali,House,APC,Kogi,Ankpa/Omala/Olamaboro,Yes
23a6e147-8d87-4881-bccd-2995daff065e,SB 717,Oshiomhole Adams Aliyu,Senate,APC,Edo,,Yes
2a3ed0f3-d1bb-4bea-8a29-90e5bb6072b6,HB 2158,Hon Ayodele Adefiranye,House,APC,Ondo,Ileoluji/Okeigbo/Odigbo,Yes
2e83480e-ed34-45b0-9c42-06984dafaeb2,SB 339,Sen. Michael Opeyemi Bamidele,Senate,APC,Ekiti,,Yes
3267c7d4-9cf4-4b66-b0ed-2c33e9e3e244,HB 2636,Fidelis Joseph Bagudu,House,APC,Kaduna,Chikun/Kajuru,Yes
33f57480-30bb-464e-ac7d-e6420b6a400a,HB 2177,Hon Tajudeen Abbas,House,APC,Kaduna,Zaria,Yes
33f57480-30bb-464e-ac7d-e6420b6a400a,HB 2177,Hon Usman Bello Kumo,House,APC,Gombe,Akko,No
350a8a59-c024-4e29-94b7-ef7cd03a0c33,SB 430,Sen. Michael Opeyemi Bamidele,Senate,APC,Ekiti,,Yes
35c33414-0f01-41ff-8d0a-6659e924e29d,HB 2656,Hon Babajimi Adegoke Benson,House,APC,Lagos,Ikorodu,Yes
3c87e07d-b9eb-420c-8360-d36ad60fa00f,HB 2667,Hon Mohammed Audu,House,PDP,Taraba,Karim Lamido/Lau/Ardo-Kola,Yes
54ee8ca6-f4fb-4e9f-a183-5a496e7720b8,SB 726.,Sen. Orji Uzor Kalu,Senate,APC,Abia,,Yes
6676b5e7-4e0c-4d58-af62-0fb2b4a05677,SB 866,Sen. Anthony Siyako Yaro,Senate,APC,Gombe,,Yes
6bc386ee-5b77-43de-834c-5fa7d9adfb98,SB 949,Sen. Lawal Adamu Usman,Senate,ADC,Kaduna,,Yes
6bfbda26-88fe-4dd0-9144-b76bacabe18e,HB 2082,Patrick Umoh,House,APC,Akwa Ibom,Ikot Ekpene/Essien Udim/ Obot Akara,Yes
7060dae8-f6a5-4f0b-bc0f-4f4ccefcf7dd,SB 724,Sen. Godswill Akpabio,Senate,APC,Akwa Ibom,,Yes
73e6303e-8bc9-4831-9544-4dda613fab41,SB 509,Sen. Michael Opeyemi Bamidele,Senate,APC,Ekiti,,Yes
78cce825-12c2-4edc-93e9-9550994fd8e4,SB 728,"Sen. Diket, Satso Plang",Senate,APC,Plateau,,Yes
88132a3e-0dd0-453b-b337-2865a5b334e6,HB 2637,Fidelis Joseph Bagudu,House,APC,Kaduna,Chikun/Kajuru,Yes
9bd02531-df1d-46fe-9480-07e3fbe65fac,HB 2185,Garba Umar Uba,House,APC,Kebbi,Ngaski/Shanga/Yauri,Yes
a42cb555-682d-4c3f-8895-22d4f401b5bd,HB 2186,Daniel Asama Ago,House,APC,Plateau,Jos North/Bassa,Yes
ac25a839-5928-4516-957a-762090e349c2,SB 853,Sen. Mohammed Ali Ndume,Senate,APC,Borno,,Yes
b16e0ab7-26b6-4176-b8a9-b2c865c87db7,SB 696,"Mohammed, Dandutse Muntari",Senate,APC,Katsina,,Yes
bb1f25f4-2560-4fd9-8dd8-5aa0e19983fc,HB 2071,Hon Billy Famous Osawaru,House,APC,Edo,Orhionmwon/Uhunmwonde,Yes
bca2b6fc-0003-4300-b34f-6c286dd99a7f,SB 702,Imasuen Neda Bernards,Senate,LP,Edo,,Yes
c0a59afa-ae8b-4fcb-bfcb-e95d845ca94e,SB 960,Sen. Babangida Hussaini,Senate,APC,Jigawa,,Yes
cf345af0-7438-44f6-929e-6f6ee2e0560c,HB 2625,Hon Abiola Peter Makinde,House,APC,Ondo,Ondo East/Ondo West,Yes
db7d1a64-8a8e-4805-b197-fcd7c540f0a6,HB 2156,Sekav Dzua Iyortyom,House,APC,Benue,Buruku,Yes
e07f28bd-593d-4580-b2c4-e6b1c6c759bb,SB 311,Sen. Michael Opeyemi Bamidele,Senate,APC,Ekiti,,Yes
f07cee5c-8ab6-48c8-a908-4c1e84c01c43,SB 274,Sen. Michael Opeyemi Bamidele,Senate,APC,Ekiti,,Yes
9b6265ad-bde9-4b4c-b40f-4cdd94970cab,SB 1017,Sen. Akintunde Yunus Abiodun,Senate,APC,Oyo,,Yes
afbfc389-16d0-44c8-8757-bceca1e28f8f,HB 2689,Executive,House,APC,N/A,.,Yes
c43662ae-f021-4859-9723-aa91df342cd0,HB 1706,Hon Aderemi Abasi Oseni,House,APC,Oyo,Ibarapa East/Ido,Yes
f355cb66-21af-419e-a72e-60024ef49bfd,SB 994,Executive,Senate,APC,N/A,,Yes
7ec3b342-1f05-46b2-b2b9-a5dbe7665dce,HB 2024,Hon Leke Joseph Abejide,House,PDP,Kogi,Yagba East/Yagba West/ Mopamuro,Yes
50f87366-8830-4186-bff8-29994d27a08a,SB 520,Manu Haruna,Senate,PDP,Taraba,,Yes
9cdc125a-49be-4896-af86-e744687b8e62,HB 642,Hon Alex Egbona,House,PDP,Cross River,Yakurr/Abi,Yes
fa0ff0c6-6e76-4fd5-b956-c90ec9871b16,HB 550,Hon Yusuf Alhaji Kabiru,House,APC,Bauchi,Alkaleri/Kirfi,Yes
09555b47-b4b9-4a9e-82cd-6314eb784236,HB 72,Hon Oluwole Oke,House,PDP,Osun,Obokun/Oriade,Yes
429c33ac-32c2-4c26-a623-47b560152afc,SB 847,"Sen. Joel, Onowakpo Thomas",Senate,APC,Delta,,Yes
3b59b90c-dcee-4dc7-b003-044019e7085b,SB 364,Sen. Umar Shehu Buba,Senate,APC,Bauchi,,Yes
309f567d-82ab-4868-a92e-4c7c9019cb69,SB 638,Sen. Mallam-madori Ahmed Abdulhamid,Senate,APC,Jigawa,,Yes
8170648f-a9ac-4406-9c2b-28eedb5a9409,SB 582,Sen. Francis Adenigba Fadahunsi,Senate,PDP,Osun,,Yes
de62ecd5-f3a3-4b38-a86c-f7d9516113d9,SB 152,Sen. Francis Adenigba Fadahunsi,Senate,PDP,Osun,,Yes
8470d24e-7a53-4246-8d37-868525604304,SB 473,Sen. Ifeanyi Patrick Ubah,Senate,YPP,Anambra,,Yes
6276909f-c01c-4633-ae86-f3d97319a5fd,SB 219,Sen. Francis Adenigba Fadahunsi,Senate,PDP,Osun,,Yes
1cbfd260-6c0c-4916-8875-b132f0b70e60,SB 147,Sen. Kaka Shehu Lawan,Senate,APC,Borno,,Yes
167353c2-18b3-4368-8b93-f520aca86b3e,HB 2658,Hon Moshood Kayode Akiolu,House,APC,Lagos,Lagos Island II,Yes
9710e194-8763-4682-bcb9-b430b8b65c79,HB 1815,Hon Saidu Musa Abdullahi,House,APC,Niger,Bida/Gbako/Katcha,Yes
b8fc52e6-c1a6-4533-9303-05cb0d9e7423,HB 1119,Hon Rodney Ebikebina Ambiowei,House,PDP,Bayelsa,Southern Ijaw,Yes
f6de64bc-3493-4346-a1bc-4396ccceb9d3,SB 542,"Sen. Tambuwal, Waziri Aminu",Senate,ADC,Sokoto,,Yes
3e091b49-592b-4987-ad95-b007e7f8e387,SB 683,Abba Moro,Senate,PDP,Benue,,Yes
5c0b26f1-a40a-43c3-be86-2c58d64a6da5,SB 169,Sen. Ibrahim Jimoh Folorunsho,Senate,APC,Ondo,,Yes
b1dcf14e-0e65-437b-a238-f21b6965161f,SB 125,Sen. Barau Jibrin,Senate,APC,Kano,,Yes
96e60d9a-862e-4f87-bc54-6d7b3d03f586,HB 45,Hon Julius Ihonvbere,House,APC,Edo,Owan East/Owan West,Yes
a48b2e4e-1730-430e-9e40-0827bf2a4a0d,SB 534,Sen. Allwell Heacho Onyesoh,Senate,PDP,Rivers,,Yes
87f8efa3-2a70-4894-bddf-c712542bb795,SB 71,Sen. Eze Kenneth Emeka,Senate,APC,Ebonyi,,Yes
59f24090-c77b-4043-a858-03a63074411e,HB 91,Hon Kabiru Alhassan Usman Rurum,House,NNPP,Kano,Rano/Bunkure/Kibiya,Yes
b6a0d029-15c6-445f-bc73-b2daf749a7db,HB 254,Hon Dachung Musa Bagos,House,PDP,Plateau,Jos South/Jos East,Yes
fbc19652-dd4d-4c2b-b022-b822e58dc1b9,HB 261,Hon Nicholas Ebomo Mutu,House,PDP,Delta,Bomadi/Patani,Yes
9e45f8dc-bdab-440f-b8a9-7ab07d547c21,HB 170,Hon Isaac Kwallu,House,PDP,Plateau,Mikang/Qua’an/Pan/Shedam,Yes
65f56606-4e07-43aa-a7e4-c925c3dd5eb9,HB 2114,Hon Tajudeen Abbas,House,APC,Kaduna,Zaria,Yes
4421be94-c5a0-4471-8307-addaaa985816,HB 647,Hon Uchenna Okonkwo,House,LP,Anambra,Idemili North/Idemili South,Yes
4d4e13ef-f854-4dda-8fe5-c6bdbc1fafc1,HB 1674,Hon Philip Agbese,House,APC,Benue,Ado/Obadigbo/Okpokwu,Yes
532164af-48bf-4948-a821-fbeec7f8b428,HB 1616,Hon Kingsley Chinda,House,PDP,Rivers,Obio/Akpor,Yes
559de98b-451c-4bbd-b676-b6f810c7f095,HB 1295,Hon Bamidele Salam,House,PDP,Osun,Ede North/Ede South/ Egbedore/Ejigbo,Yes
62b51223-5fa5-4cb7-8230-d854283266fa,HB 1372,Terseer Ugbor,House,APC,Benue,Kwande/Ushongo,Yes
6faa6199-dc11-46cb-afe1-83cce3b98916,HB 1413,Hon Dominic Okafor,House,APGA,Anambra,Aguata,Yes
fe2e25e2-cfc2-4e35-940d-4989de4937fa,SB 540,"Sen. Joel, Onowakpo Thomas",Senate,APC,Delta,,Yes
72e43fe8-a644-4584-9692-332bde8002e1,SB 789,Ashiru Oyelola Yisa,Senate,APC,Kwara,,Yes
782508c9-7aaa-4474-ba4e-721ec90db398,HB 2610,Hon Akintunde Rotimi,House,APC,Ekiti,Ikole/Oye,Yes
adb733b6-af0d-44a3-831a-eef22d8c4813,SB 790,Sen. Aminu Iya Abbas,Senate,PDP,Adamawa,,Yes
f8f0ff4b-5c12-43b7-80b4-f317b96eb519,SB 859,Sen. Akintunde Yunus Abiodun,Senate,APC,Oyo,,Yes
59a229f1-0c56-4faf-b910-229c76aae6c6,HB 616,Hon Benjamin Kalu,House,APC,Abia,Bende,Yes
16383988-03c7-49bd-9449-3ca11a9406c2,HB 469,Hon Dachung Musa Bagos,House,PDP,Plateau,Jos South/Jos East,Yes
ff665a2e-19c8-40d6-bdfc-b2ebfa48c3b8,HB 2067,Hon Ugochinyere Onyinye Ikeagwuonu,House,PDP,Imo,Ideato North/Ideato South,Yes
46c604ed-7de7-4472-9fbf-014ffa9740b2,HB 831,Adedayo Samuel Adesola,House,APC,Lagos,Apapa,Yes
8e8cbea4-99c4-43cf-959f-5f9a903d3f1a,HB 720,Hon Ayodeji Alao,House,APC,Oyo,Ogbomoso North/ Ogbomoso South/Orire,Yes
2526bba8-7774-402a-acd7-0caad9f590fb,HB 1604,Hon Cornelius Abidun Aderin,House,APC,Ondo,Akure North/Akure South,Yes
8b920324-3242-4ca7-b9b0-d6cf0d3c8f5b,HB 1401,Hon Olaide Yusuf Mohammed,House,APC,Oyo,Irepo/Orelope/Olorunsogo,Yes
c3f7af0a-c22c-48c1-aa4a-c3b7c391d0e8,SB 698,Sen. Ned Munir Nwoko,Senate,PDP,Delta,,Yes
37d95381-d02c-4505-a57c-b7c8095e271b,SB 863,Sen. Ezenwa Francis Onyewuchi,Senate,LP,Imo,,Yes
e404211d-c928-4d81-a0d5-95d222342fe2,HB 288.,Hon Benjamin Kalu,House,APC,Abia,Bende,Yes
dafab60d-fba3-4124-ac32-153c7d3df90f,HB 2575,Akarachi Etinosa Tosan,House,APC,Imo,Ikeduru/Mbaitoli,Yes
1db99b8d-a1f6-4ec9-b5ed-c72fc3d46e53,SB 635.,"Sen. Joel, Onowakpo Thomas",Senate,APC,Delta,,Yes
7a384666-4213-4907-b0fe-1d67b8b500bd,HB 477,Hon Julius Ihonvbere,House,APC,Edo,Owan East/Owan West,Yes
162fb31f-254e-404a-afe1-9f76eef9ace6,HB 2006,Hon Amobi Ogah,House,LP,Abia,Isuikwuato/Umu-Nneochi,Yes
082f4b62-94a3-4613-aafe-e259a3fe5a20,HB 677,Hon. Sagir Koki,House,APC,Kano,Municipal,Yes
5ad34f36-b73f-4f33-a38c-276f4df34df9,HB 678,Hon. Sagir Koki,House,APC,Kano,Municipal,Yes
43e2390e-7526-43c4-837a-50dad2b2f62c,HB 2733,Murphy Osaro Omoruyi,House,LP,Edo,Egor/Ikpoba-Okha,Yes
88e64898-b93a-4504-9a20-bd1acc27918d,HB 1615,Hon Amos Gwamna Magaji,House,APC,Kaduna,Zangon Kataf/Jaba,Yes
dc9082e5-04ca-4cb4-89b5-14bdb9c4173b,HB 681,Hon Bello A Kaoje,House,APC,Kebbi,Bagudo/Suru,Yes
c096afb6-18bf-4007-ae47-17793d77e186,HB 2336,Hon Uchenna Okonkwo,House,LP,Anambra,Idemili North/Idemili South,Yes
edf6f72a-1c67-44fe-a58e-9a7dd3ea1d2c,SB 639,"Sen. Diket, Satso Plang",Senate,APC,Plateau,,Yes
ae0340cb-9028-460b-9c13-cdbb5a3624f4,HB 1328,Alexander Mascot Ikwechegh,House,LP,Abia,Aba North/Aba South,Yes
8a571fde-153f-4794-a6cb-adf08031cd1f,HB 772,Hon Ibrahim Almustapha Aliyu,House,APC,Sokoto,Wurno/Rabah,Yes
c1bc2389-7c01-4869-8cc0-ddd307344645,SB 831,Osita Ngwu,Senate,APC,Enugu,,Yes
d68cab79-09eb-42f9-94b2-5b33d5dd26d9,HB 1049,Hon Sulaiman Gumi Abubakar,House,PDP,Zamfara,Gummi/Bukkuyum,Yes
c79b4ae7-0b5a-464a-8411-4751f0873144,SB 789.,Ashiru Oyelola Yisa,Senate,APC,Kwara,,Yes
142dff8c-3e66-426e-a9bf-f9b097982521,HB 1172,Hon Anthony Adebayo Adepoju,House,PDP,Oyo,Ibarapa Central/Ibarapa North,Yes
256e2ce9-9512-46d1-9d43-b993979c80d4,HB 656,Kelechi Nwogu,House,PDP,Rivers,Etche/Omuma,Yes
4404b304-4c51-4077-9b4a-faba86301683,HB 850,Hon Lukman Mudashiru,House,PDP,Osun,Ayedire/Iwo/Ola-Oluwa,Yes
a971f899-14dd-4ab0-b53f-03d38d1aad89,HB 512,Hon Okunjimi John Odimayo,House,APC,Ondo,Okitipupa/Irele,Yes
60e9259b-10e8-4b0d-aaef-ad6b295ab6b2,HB 1375,Adesida Abiodun,House,APC,Ondo,Akure North/Akure South,Yes
13bb27d9-3d54-48a8-ae70-5c52fc378e46,SB 745,Onyekachi Nwaebonyi,Senate,APC,Ebonyi,,Yes
92e2263c-5cac-4841-a1f3-28649ea775e2,SB. 768,Simon Bako Lalong,Senate,APC,Plateau,,Yes
995aa53e-e419-429f-bf21-17405f357248,SB 899,Sen. Omueya Dafinone Edeh,Senate,APC,Delta,,Yes
ec30f0b6-a747-4fbb-a37a-fb9cbcfec79a,HB 2106,Hon Mathew Nwogu,House,LP,Imo,Aboh Mbaise/Ngor Okpala,Yes
c4b70b1c-7949-4639-9428-82cc885e76b7,HB 657,Kelechi Nwogu,House,PDP,Rivers,Etche/Omuma,Yes
e6680dd3-dd6f-4c1f-8a8c-47663555dfc9,HB 702,Hon Babajimi Adegoke Benson,House,APC,Lagos,Ikorodu,Yes
0a811f48-455e-4301-a4f5-911b83012171,HB 1684,Hon Julius Ihonvbere,House,APC,Edo,Owan East/Owan West,Yes
1f77d496-28cb-4752-9a36-3da38b380638,SB 661,"Sen. Banigo, Ipalibo Harry",Senate,PDP,Rivers,,Yes
59d5bd8d-9b89-4c56-9fe7-62f63e272f89,HB 1313,Hon Benedict Etanabene,House,LP,Delta,Okpe/Sapele/Uvwie,Yes
880d15b7-b87d-408f-ab69-fb70b0e6a5bc,SB 570,Sen. Ned Munir Nwoko,Senate,PDP,Delta,,Yes
f4eb2887-a491-4968-836a-46d0f11c50bc,SB 635,Sen. Babangida Hussaini,Senate,APC,Jigawa,,Yes
47c29035-738d-4a45-9669-49277f7c9d53,SB 872,"Sen. Banigo, Ipalibo Harry",Senate,PDP,Rivers,,Yes
62038c78-d2f1-4816-8d8c-531703395c9d,HB 2620,Hon Adelegbe Emmanuel Oluwatimehin,House,APC,Ondo,Owo/Ose,Yes
7942cdd8-4da9-4b3b-a028-37340cbb334b,HB 2096,Esosa Iyawe,House,LP,Edo,Oredo,Yes
d2bc0e15-0bf8-4a1d-a143-ccea859408da,SB 870,Oshiomhole Adams Aliyu,Senate,APC,Edo,,Yes
ab5c5e13-ae5a-4314-875a-cb4dc455e7d9,SB 649,"Mohammed, Dandutse Muntari",Senate,APC,Katsina,,Yes
2045a8e1-f91a-44a8-9a41-31fd9bd93e18,SB 836,"Sen. Asuquo, Ekpenyong",Senate,APC,Cross River,,Yes
a0ae8afa-df30-41dc-bbe1-120b3af02499,HB 2197,Hon Oluwole Oke,House,PDP,Osun,Obokun/Oriade,Yes
6d594f36-2a3e-49d3-9f0e-7b56b21a3298,SB 224,Sen. Mohammad Adamu Mainasara Aliero,Senate,PDP,Kebbi,,Yes
413d52e0-1238-4001-87a9-b9cc696180de,HB 2081,Hon Abdulmalik Zubairu,House,APC,Zamfara,Bungudu/Maru,Yes
79f00a31-7b85-48e4-8959-3823ab930cf0,SB 501,Sen. Yau Sahabi Alhaji,Senate,APC,Zamfara,,Yes
5cca1400-6c54-444c-a58b-3ab8ea32545a,SB 282,Sen. Danjuma Goje Mohammed,Senate,APC,Gombe,,Yes
46f897c8-ba0f-4375-8367-6502b3ab5f68,HB 1387,Hon Olaide Yusuf Mohammed,House,APC,Oyo,Irepo/Orelope/Olorunsogo,Yes
5a8418cf-3553-4c1c-be43-d72f450c8d05,HB 191,Hon Saidu Musa Abdullahi,House,APC,Niger,Bida/Gbako/Katcha,Yes
1552c672-5a79-4628-a34c-3314adcdcd72,HB 1542,Hon Martins Etim Esin,House,PDP,Akwa Ibom,Oron/Mbo/Okobo/Udung Uko/Urue Offong/Oruko,Yes
9f88a441-6549-42c9-90bf-8cc3d7e712d0,SB 720,Sen. Michael Opeyemi Bamidele,Senate,APC,Ekiti,,Yes
026d7f01-4330-4566-bd8d-de441bdb5eca,SB 675,Sen. Michael Opeyemi Bamidele,Senate,APC,Ekiti,,Yes
46ab220f-2dc8-4f63-8daa-1c0b8f00d2e2,SB 436,Sen. Adeniyi Adegbonmire,Senate,APC,Ondo,,Yes
ad18cb6b-cc6f-40ce-addc-6b84cbf8aea3,HB 2052,Hon Osi Kama Nkemkanma,House,LP,Ebonyi,Ivo-Ohaozara/Onicha,Yes
98b9d3f7-b174-4dc9-94a3-44b5583ab532,SB 185,Sen. Kaka Shehu Lawan,Senate,APC,Borno,,Yes
6678ca6e-37ca-4591-bea3-edf44bcb19c5,HB 628,Hon Francis Ejiroghene Waive,House,APC,Delta,"Ughelli North, Ughelli South/Udu",Yes
fa7e5779-3a70-4693-96ba-1177e0d3fc6c,HB 2064,Sadiq Abbas Tafida,House,PDP,Taraba,Jalingo/Yorro/Zing,Yes
c2ff3d70-626a-403d-94b1-1c44434c84f9,SB 605,Sen. Buhari Abdulfatai Omotayo,Senate,APC,Oyo,,Yes
d9c25098-b7c0-48d5-b0c0-237c183c461b,SB 569,Sen. Michael Opeyemi Bamidele,Senate,APC,Ekiti,,Yes
6239e5fc-7aff-41ed-9609-c12008bd8b85,SB 177,Sen. Barau Jibrin,Senate,APC,Kano,,Yes
cf1a57be-5c2e-42b2-b53e-c9e439c14bec,SB 596,Sen. Abdul Ningi,Senate,PDP,Bauchi,,Yes
355313e3-8179-40fb-8bbe-650de1b1420d,SB 624,Rufai Hanga,Senate,NNPP,Kano,,Yes
f410a5b4-aeef-4bb1-b257-b3f45cc58dcb,HB 530,Hon Paul Nnamchi,House,LP,Enugu,Enugu East/Isi Uzo,Yes
96546f80-a4e2-4663-94e7-b5733a21007f,HB 134,Hon Joseph Bassey,House,APC,Cross River,Calabar South/Akpabuyo/ Bakassi,Yes
8cb2fb2b-6abe-49fc-9ac6-8bebacb937f8,HB 650,Hon Jonathan Ajirioghene Ukodhiko,House,PDP,Delta,Isoko North/Isoko South,Yes
3d1f8b4f-25af-4a4b-be3a-5c83a9d29e09,HB 368.,Hon Adedeji Stanley Olajide,House,PDP,Oyo,Ibadan South West/Ibadan North West,Yes
edc2dfb0-9158-4a8a-be0d-784f5fd8fb8c,HB 369,Hon Adedeji Stanley Olajide,House,PDP,Oyo,Ibadan South West/Ibadan North West,Yes
4c0b4e34-9774-40a9-96e9-bcf6e9f6f2e2,SB 603,Sen. Sunday Steve Karimi,Senate,APC,Kogi,,Yes
376f2523-ac8f-4aee-a9a6-f995e25ce06d,HB 1520,Salman Idris,House,APC,Kogi,Ijumu/Kabba-Bunu,Yes
ec9b6c6f-ce76-473a-b054-e3cb84faf34c,HB 631,Hon Joshua Gana,House,PDP,Niger,Lavun/Mokwa/Edati,Yes
800fdc1a-55aa-444b-811a-64fa706e72d2,HB 308,Hon Benjamin Kalu,House,APC,Abia,Bende,Yes
78220137-2fe6-435a-adbe-c5364fb3bc26,HB 890,Hon Adamu Hashimu,House,PDP,Bauchi,Ningi/Warji,Yes
27da5f71-fcd1-479a-ac16-4095be40fcaa,HB 1515,Hon Paul Asuquo Ekpo,House,PDP,Akwa Ibom,Etinan/Nsit Ibom/Nsit ubium,Yes
258d2ee0-f443-4b20-8a63-80be30fd357e,HB 1257,Obiageli Lillian Orogbu,House,LP,Anambra,Awka North/Awka South,Yes
edb677ce-6456-4d76-ae3e-06409a8da47c,HB 669,Hon Nnolim John Nnaji,House,APC,Enugu,Nkanu East/Nkanu West,Yes
80b80758-6a8a-4b26-b9ce-26b6ceb87a9c,HB 105,Hon Philip Agbese,House,APC,Benue,Ado/Obadigbo/Okpokwu,Yes
8d398091-40f5-4439-8769-a709df967ac5,SB 13,Sen. Sunday Katung,Senate,PDP,Kaduna,,Yes
c076afac-02d0-444d-9843-f3b53d4e3090,SB 467,Sen. Adeniyi Adegbonmire,Senate,APC,Ondo,,Yes
30e3d773-84f6-451f-a6d7-1ab7c3f0eab9,HB 590,Hon Paul Nnamchi,House,LP,Enugu,Enugu East/Isi Uzo,Yes
58aeb020-4394-48c7-850f-5a6988e6960b,HB 162,Hon David Agada Ogewu,House,APC,Benue,Oju/Obi,Yes
3f217c82-3547-4be7-8ce9-a057568138ee,HB 249,Hon Benjamin Kalu,House,APC,Abia,Bende,Yes
77db5b03-f0e5-4387-ae36-5f94342a152d,HB 722,Hon. Victor Obuzor,House,PDP,Rivers,Ahoada West/Ogba Egbema,Yes
ed4dcd50-e884-46d9-9163-7034dcc9d469,SB 221,Sen. Ibrahim Dankwambo,Senate,PDP,Gombe,,Yes
ecfdfde6-32a4-4772-a894-33ca09851d7a,SB 356,Sen. Aminu Iya Abbas,Senate,PDP,Adamawa,,Yes
bed7c47c-d504-47f1-bd8d-d0f4d9932a47,SB 244,Sen. Ibrahim Mohammed Bomai,Senate,APC,Yobe,,Yes
ad647a74-970e-4625-9e20-ff20428dbe6c,HB 839,Hon El-Rasheed Abdullahi,House,PDP,Gombe,Dukku/Nafada,Yes
c4df9315-8e0f-4b1f-ae4a-48d4123e6852,HB 117,Hon Jeremiah Umaru,House,APC,Nasarawa,Akwanga/Nassarawa Eggon/ Wamba,Yes
59096efb-76ea-4115-a859-f197822fecc9,SB 715.,Sen. Jibrin Isah,Senate,APC,Kogi,,Yes
6a470e9d-e4b1-4f50-9fcc-52c7bf1937b2,SB 716,Sen. Jibrin Isah,Senate,APC,Kogi,,Yes
98ca2b2d-7746-46d9-8788-0a0ce8a3b4dd,SB 126,Sen. Barau Jibrin,Senate,APC,Kano,,Yes
223c089e-4592-42e7-b78d-d2c61fc4e386,SB 239,Sen. Babangida Hussaini,Senate,APC,Jigawa,,Yes
91a8d984-9871-44b8-971a-93294fe50325,HB 2092,Isa Mohammed Anka,House,APC,Katsina,Anka/Talata Mafara,Yes
bfcf1f00-b526-44fc-ad59-7435095ea9bc,SB 108,Sen. Aminu Iya Abbas,Senate,PDP,Adamawa,,Yes
6713d0e2-ba92-4f15-bc95-01e088cd9112,SB 207,Sen. Oluwole Fadeyi Olubiyi,Senate,PDP,Osun,,Yes
81ce4b4a-b9f1-42c7-847e-c87ae2909c53,SB 269,Sen. Omueya Dafinone Edeh,Senate,APC,Delta,,Yes
12242336-69ce-4954-afdc-6a4bd5a38af2,SB 270,Sen. Binos Dauda Yaroe,Senate,ADC,Adamawa,,Yes
041db069-d37c-417c-81dc-768e715d36ff,HB 1826,Prince Solomon Wombo,House,APC,Benue,Katsina-Ala/Ukum/Logo,Yes
0436dff5-4ebe-4216-b259-f6ef0ce97b52,HB 936,Hon Kwamoti Bitrus Laori,House,PDP,Adamawa,Demsa/Numan/Lamurde,Yes
c0be5d55-3254-4f7d-a471-cb9e986acb3c,HB 2449,Hon Ojuawo Rufus Adeniyi,House,APC,Ekiti,Ekiti South West/Ikere/Orun/ Ise,Yes
259f5318-38f7-4864-a208-70ee18342b42,HB 2229,Hon Gagdi Adamu Yusuf,House,APC,Plateau,Kanke/Pankshin/Kanam,Yes
259f5318-38f7-4864-a208-70ee18342b42,HB 2229,Hon Tajudeen Abbas,House,APC,Kaduna,Zaria,No
5b453404-3f7e-4cf9-845c-298ee6d6579e,HB 2088,Hon Abiodun James Faleke,House,APC,Lagos,Ikeja,Yes
cfb55fca-26d4-4b21-8196-ec15d7f9ec19,HB 1040,Hon Awaji-inombek Dagomie Abiante,House,PDP,Rivers,Opobo/Nkoro/Andoni,Yes
746017ab-0264-47dd-a553-8b6d8aaf6d48,HB 284,Hon Eze Nwachukwu Eze,House,APC,Ebonyi,Ebonyi/Ohaukwu,Yes
8d44ba0b-a263-4c33-b450-470b759870a6,HB 792,Hon Paul Nnamchi,House,LP,Enugu,Enugu East/Isi Uzo,Yes
ee683837-24f7-4fd9-972b-c00818a14ef1,SB 885,Osita Ngwu,Senate,APC,Enugu,,Yes
293c8081-8035-4b68-8d65-98673f1ef944,SB 496,Sen. Akintunde Yunus Abiodun,Senate,APC,Oyo,,Yes
4f8cbf07-5d37-4dfb-b833-962d23742b05,HB 1582,Abubakar Yahaya Kusada,House,APC,Katsina,Ingawa/Kankia/Kusada,Yes
5a9b5999-da16-4498-8705-98d3cc30f9a8,HB 801,Hon Aliyu Bappa misau,House,PDP,Bauchi,Misau/Dambam,Yes
3654977a-e355-4ebc-a815-74e4486f4c50,HB 106,Hon Yusuf Datti,House,NNPP,Kano,Kura/Madobi/Garun Mallam,Yes
3a2ed609-e15a-40b0-96a6-761567d745af,SB 161,Sen. Ikra Aliyu Bilbis,Senate,APC,Zamfara,,Yes
35351eeb-6c38-444e-b7a8-3f188053d41f,SB 690,"Mohammed, Dandutse Muntari",Senate,APC,Katsina,,Yes
75b9a438-bfef-4943-9c24-7cfd1043ce63,HB 738,Auwalu Abdu Gwalabe,House,PDP,Bauchi,Katagum,Yes
6a81ae52-05b5-46b8-905d-b0b59d4c71aa,HB 287,Hon Jafaru Gambe Leko,House,APC,Bauchi,Bogoro/Dass/Tafawa Balewa,Yes
092b8349-5991-412a-ad06-85d240d96409,HB 2086,Hon Tijjani Abdulkadir Jobe,House,NNPP,Kano,Dawakin Tofa/Tofa/Rimin Gado,Yes
5d1a28ec-a823-410c-8280-f09b091214b2,HB 1516,Hon Paul Asuquo Ekpo,House,PDP,Akwa Ibom,Etinan/Nsit Ibom/Nsit ubium,Yes
ba2caef0-8d61-43ef-b205-e8e46d4cdb17,HB 596,Hon. Sagir Koki,House,APC,Kano,Municipal,Yes
972f28e3-2f11-46f2-8efd-9fec75d40fcb,SB 141,Ashiru Oyelola Yisa,Senate,APC,Kwara,,Yes
a5e3cffe-0b24-4171-bfd0-db01a4bd398c,SB. 769,Ashiru Oyelola Yisa,Senate,APC,Kwara,,Yes
704063ed-2fd8-4c74-abcf-fa24b6b9db7b,SB 85,Sen. Ipinsagba Emmanuel Olajide,Senate,APC,Ondo,,Yes
e4323ff7-7626-4548-81bb-e40901bf158d,SB 289,Sen. Ipinsagba Emmanuel Olajide,Senate,APC,Ondo,,Yes
8c7c907c-a081-4752-8003-7024c2f4a74b,HB 104,Hon Philip Agbese,House,APC,Benue,Ado/Obadigbo/Okpokwu,Yes
91fa4e5d-d1db-4338-8529-6479d08a79de,HB 422,Hon Ibrahim Almustapha Aliyu,House,APC,Sokoto,Wurno/Rabah,Yes
066ca625-5cc7-495b-8730-3863946c62bb,HB 2087,Hon Tijjani Abdulkadir Jobe,House,NNPP,Kano,Dawakin Tofa/Tofa/Rimin Gado,Yes
fbda1a00-1854-4940-8724-492785175a30,HB 2463,Aliyu Mustapha Abdullahi,House,APC,Kaduna,Ikara/Kubau,Yes
89669b0f-f442-497e-9367-79c693566fc2,HB 25,Hon Aminu Jamo Daura,House,APC,Katsina,Daura/Sandamu/Mai’adua,Yes
89669b0f-f442-497e-9367-79c693566fc2,HB 25,Hon Nicholas Ebomo Mutu,House,PDP,Delta,Bomadi/Patani,No
89669b0f-f442-497e-9367-79c693566fc2,HB 25,Hon Benjamin Kalu,House,APC,Abia,Bende,No
89669b0f-f442-497e-9367-79c693566fc2,HB 25,Hon Nnolim John Nnaji,House,APC,Enugu,Nkanu East/Nkanu West,No
89669b0f-f442-497e-9367-79c693566fc2,HB 25,Hon Oluwole Oke,House,PDP,Osun,Obokun/Oriade,No
89669b0f-f442-497e-9367-79c693566fc2,HB 25,Hon Mallam Bukar Gana,House,APC,Borno,Kukawa/Mobbar/Abadam/ Guzamali,No
fddb8ed7-5b87-495e-99a2-a307d086d1ed,HB 867,Hon Nnamdi Ezechi,House,PDP,Delta,Nkokwa East/Ndokwa West/ Ukwuani,Yes
87c664e2-4f47-4693-af30-f6450ed5180b,HB 548,Hon Abiola Peter Makinde,House,APC,Ondo,Ondo East/Ondo West,Yes
8a086e47-a2ab-4f05-adca-a3be2830be68,HB 2089,Daniel Asama Ago,House,APC,Plateau,Jos North/Bassa,Yes
c2024b0a-f560-4076-9f23-2add6331421b,SB 32,Sen. Orji Uzor Kalu,Senate,APC,Abia,,Yes
f0e9efe5-7dcd-4276-ba83-272feb4c5656,SB 486,"Sen, Ekong Sampson",Senate,PDP,Akwa Ibom,,Yes
c9bd0e9e-5e82-48da-9cc6-ba70b9ad5f14,HB 771,Hon Saidu Musa Abdullahi,House,APC,Niger,Bida/Gbako/Katcha,Yes
1cccebea-3a39-4268-878e-84fc8c2bb9b7,HB 880,Hon Saidu Musa Abdullahi,House,APC,Niger,Bida/Gbako/Katcha,Yes
ed8f0cfc-2513-4387-9df3-62e8b876328e,SB 299,Sen. Sunday Steve Karimi,Senate,APC,Kogi,,Yes
ddb65421-af23-45df-b176-210507dc1316,SB 441,Sen. Tony Nwoye,Senate,ADC,Anambra,,Yes
44e4c85c-da17-4d84-8dce-c2333df9ac4b,SB 615,Sen. Mohammed Sani Musa,Senate,APC,Niger,,Yes
10603079-edb1-4845-a55d-1a51923d54b4,SB 237,Sen. Lawal Adamu Usman,Senate,ADC,Kaduna,,Yes
e91dd1d5-3314-4c9f-b323-97b85d72a7bd,SB 12,"Sen. Diket, Satso Plang",Senate,APC,Plateau,,Yes
197a2ab9-78c5-44fe-a8ca-f792740deaf8,SB 647,"Sen. Aliu, Wadada Ahmed",Senate,APC,Nasarawa,,Yes
8c5cc317-9dbe-49e9-94b3-7de04ec877f1,HB 2032,Hon Donald Ojogo,House,APC,Ondo,Eseodo/Ilaje,Yes
bb9d468b-194d-45f5-a1b3-4d0a935b6485,HB 2474,Aliyu Mustapha Abdullahi,House,APC,Kaduna,Ikara/Kubau,Yes
330c25c4-2560-48f7-9f02-c24bfb9889f2,HB 132,Hon Nnamdi Ezechi,House,PDP,Delta,Nkokwa East/Ndokwa West/ Ukwuani,Yes
b6caf8fe-8cab-466b-b03b-74fef91a7a74,HB 640,Hon. Victor Obuzor,House,PDP,Rivers,Ahoada West/Ogba Egbema,Yes
e908649b-8e6a-45af-8157-1e02d18897b1,SB 737,Pam Dachungyang,Senate,ADP,Plateau,,Yes
999e87b7-5a91-4a21-9475-c3ae984b6002,SB 739,Sen. Michael Opeyemi Bamidele,Senate,APC,Ekiti,,Yes
5f5953e2-d25d-4077-a8bd-f377381d1bde,SB 691,Sen. Barau Jibrin,Senate,APC,Kano,,Yes
9bf82582-bbee-468c-9e8b-65d6fec89958,SB 894,Sen. Yau Sahabi Alhaji,Senate,APC,Zamfara,,Yes
d62e1592-35bf-447e-9d2f-42ee187aad23,SB 385,Sen. Shuaibu Isa Lau,Senate,PDP,Taraba,,Yes
6afab68d-2a3e-42a9-8b8a-82541ad3bad7,HB 111,Hon Adewunmi Oriyomi Onanuga,House,APC,Ogun,Ikenne/Sagamu/Remo North,Yes
c78fd4da-df55-404b-80d4-a3e065c79e13,HB 858,Hon Ghali Tijjani Mustapha,House,NNPP,Kano,Alabasu/Gaya/Ajingi,Yes
4756751e-d761-4a9d-b8d0-e5147ee126eb,SB 483,Konbowel Benson Friday,Senate,PDP,Bayelsa,,Yes
d1d65719-8e98-41ab-811b-1e12be939228,SB 874,Sen. Danjuma Goje Mohammed,Senate,APC,Gombe,,Yes
e25a4a25-773d-481d-a4f6-9aebca06c7c8,SB 242,Sen. Nasiru Sani Zangon Daura,Senate,APC,Katsina,,Yes
362fd998-ae51-4979-9b93-4cc055c3c417,HB 705,Hon Zakaria Dauda Nyampa,House,PDP,Adamawa,Madagali/Michika,Yes
a46f4d55-e763-4269-889a-971258f73706,SB 608,Sen. Augustine Okwudiri Akobundu,Senate,ADC,Abia,,Yes
c930ed9d-ae75-40bb-bfd3-100a5ea2854d,HB 476,Hon Julius Ihonvbere,House,APC,Edo,Owan East/Owan West,Yes
606c8a7e-41d2-40d6-9d1d-a8c53d5b9854,HB 93,Hon Muhammed Bello Shehu,House,NNPP,Kano,Fagge,Yes
42d29bb8-9d2d-440f-aa4f-f94a728152df,SB 889,Sen. Orji Uzor Kalu,Senate,APC,Abia,,Yes
d4aaa7fe-0458-44e8-8339-a607bb6ffa3c,HB 1619,Hon Kingsley Chinda,House,PDP,Rivers,Obio/Akpor,Yes
0ea5d890-485b-444f-8555-09694b66bd99,SB 460,Sen. Adeniyi Adegbonmire,Senate,APC,Ondo,,Yes
4965c5ba-1057-4749-95a3-97a3be9c6532,SB 174,Sen. Michael Opeyemi Bamidele,Senate,APC,Ekiti,,Yes
2de990f9-9c95-4845-beed-913c7911f0ee,SB 884,Sen. Yahaya Abubakar Abdullahi,Senate,PDP,Kebbi,,Yes
2826f812-097b-44a5-94d9-461ae8bda169,SB 345,Sen. Solomon Adeola Olamilekan,Senate,APC,Ogun,,Yes
99da28b2-0d0a-4953-9b42-a865d3736bbe,HB 903,Ngozi Okolie,House,APC,Delta,Aniocha North/Aniocha South/ Oshimili North & South,Yes
204188ec-deec-4d71-a069-e7533c8a211b,HB 350,Hon Olatunji Akinosi,House,APC,Ogun,Ado-Odo/Ota,Yes
60a2358e-26a1-4695-9722-e50d88191b49,HB 1500,Hon Abiodun James Faleke,House,APC,Lagos,Ikeja,Yes
47696022-dfb2-4bde-8c56-075018ac8ba1,HB 233,Hon Peter Akpanke,House,PDP,Cross River,Obanliku/Obudu/Bekwarra,Yes
6e8e48dd-5e2c-4e82-b461-91edc1a623c8,SB 395,"Sen, Ekong Sampson",Senate,PDP,Akwa Ibom,,Yes
4099192f-74c8-4832-a303-6135f2043b65,HB 18,Hon Tajudeen Abbas,House,APC,Kaduna,Zaria,Yes
45955c54-d6e2-4051-ab15-2eceaf915799,HB 1080,Hon Tajudeen Abbas,House,APC,Kaduna,Zaria,Yes
09225ee5-1d75-4726-a000-7b62845f3f48,HB 1081,Hon Tajudeen Abbas,House,APC,Kaduna,Zaria,Yes
3de60ec1-82e2-41ec-a4e5-3f998d36ee34,HB 1685,Hon Aliyu Iliyasu,House,APC,Katsina,Batsari/Safana/Danmusa,Yes
eb1dcfc6-f429-4c50-a67e-d56cbcc7c36e,HB 1058,Morufu Adewale Adebayo,House,PDP,Osun,Irepodun/Olorunda/Osogbo/Orolu,Yes
d2eddb79-f2f7-4eed-83c5-35d932bf0847,HB 1432,Hon Miriam Onuoha,House,APC,Imo,Isiala Mbano/Okigwe/Onuimo,Yes
58653892-2896-47bb-8d98-33977493fc72,HB 1607,Hon Paul Nnamchi,House,LP,Enugu,Enugu East/Isi Uzo,Yes
e83b3e29-9440-4f0a-8029-72680bac5bd8,SB 160,Sen. Nasiru Sani Zangon Daura,Senate,APC,Katsina,,Yes
4b655ba0-c263-4228-a5d9-189cbbedbc0a,SB 718,Pam Dachungyang,Senate,ADP,Plateau,,Yes
395a9218-e6d1-44e4-926b-82e9b953b92e,SB 69,Sen. Oluwole Fadeyi Olubiyi,Senate,PDP,Osun,,Yes
eab72e73-5bd1-4150-b8c5-ca3bfae539a0,HB 142,Hon Kabiru Amadu,House,PDP,Zamfara,Gusau/Tsafe,Yes
78891834-559a-4e5b-8042-ef135631442a,HB 638,Useni Mark Bako,House,APC,Taraba,Takum/Donga/Ussa,Yes
b207e123-e212-4fe6-aab5-d3dc76964b8d,HB 1437,Hon Kabiru Amadu,House,PDP,Zamfara,Gusau/Tsafe,Yes
5c29a48f-7bc8-43d8-a8fe-8660b522c860,HB 882,Hon Abdulmalik Zubairu,House,APC,Zamfara,Bungudu/Maru,Yes
5bcda8ca-cab7-42bb-b875-07b176c81ded,HB 639,Hon Babajimi Adegoke Benson,House,APC,Lagos,Ikorodu,Yes
5bcda8ca-cab7-42bb-b875-07b176c81ded,HB 639,Hon Adeboye Paul Kalejaiye,House,APC,Lagos,Ajeromi/Ifelodun,No
6552472b-e7dd-4035-99ea-c1ecc1642c9c,SB 264,Sen. Godiya Akwashiki,Senate,SDP,Nasarawa,,Yes
395382bd-19e8-415c-8564-57b44abcd62a,SB 396,"Sen. Ndubueze, Patrick Chiwuba",Senate,APC,Imo,,Yes
bfb85ab3-0636-42a2-80ba-fd1859f0f179,HB 1382,Useni Mark Bako,House,APC,Taraba,Takum/Donga/Ussa,Yes
fdce6c0b-7791-49f3-babc-1db8adb7b7f5,SB 452,Sen. David Jimkuta,Senate,APC,Taraba,,Yes
b4035aef-f5f1-4b05-9c3b-d69708f7e470,HB 226,Hon Jesse Okey-Joe Onuakachi,House,LP,Lagos,Oshodi/Isolo II,Yes
ddc689f5-8e9c-4843-ab73-755b185a596f,HB 2339,Hon Uchenna Okonkwo,House,LP,Anambra,Idemili North/Idemili South,Yes
aab4ebdf-109a-4b5e-a17c-9b4c7e82a70b,HB 2077,Lemke Emil Inyang,House,PDP,Cross River,Akamkpa/Biase,Yes
7e281223-0c23-4c65-ab56-3a02bfdc7246,HB 2638,Fola Oyekunle,House,PDP,Oyo,Ibadan North,Yes
c1a25ce5-3c1d-4a7b-8c2d-f6f8e4976058,HB 1493,Hon. Mark Chidi Obetta,House,APC,Enugu,Nsukka/Igbo-Eze South,Yes
5ba79504-4f66-4519-98fa-9ceaa24b233a,HB 592,Hon Hassan Shehu Hussain,House,NNPP,Kano,Nassarawa,Yes
f61cd20b-9dec-4e11-ad84-8960ab534884,HB 1288,Dalyop Chollom Fom,House,LP,Plateau,Barkin Ladi/Riyom,Yes
2fa08904-6b0e-4d45-9c88-5e50ff7c907f,HB 2488,Hon Amobi Ogah,House,LP,Abia,Isuikwuato/Umu-Nneochi,Yes
00379bdc-e21a-4155-b929-969ab5f09e51,HB 818,Adedayo Samuel Adesola,House,APC,Lagos,Apapa,Yes
204e231b-b852-4d21-8c48-198c7944f0fd,HB 874,Hon Marcus Onobun,House,PDP,Edo,Esan Central/Esan South/ Igueben,Yes
9efd5856-6341-4441-9189-f95a3d8bfbd1,SB 539,Sen. Michael Opeyemi Bamidele,Senate,APC,Ekiti,,Yes
adb7cc92-118a-473d-9ab2-54adbb330ed1,HB 1611,Executive,House,APC,N/A,.,Yes
b5cac014-7c13-4ea0-92d5-40281c50cf24,SB 668,Sen. Mohammed Sani Musa,Senate,APC,Niger,,Yes
7bf6055b-984f-4f8a-95bb-60d3a304dce5,HB 228,Hon Dachung Musa Bagos,House,PDP,Plateau,Jos South/Jos East,Yes
f91255fc-10d2-423b-a6de-805c41f8317f,HB 1486,Hon Okpolupm Etteh,House,PDP,Akwa Ibom,Eket/Onna/Esit Eket/Ibeno,Yes
065a8cf4-a7b9-4657-a30c-14a0392a0aac,SB 620,Sen. Izunaso Osita Bonaventure,Senate,APC,Imo,,Yes
2b1cad8d-c7c8-4928-8925-9be896f2ef1a,SB 346,Sen. Ned Munir Nwoko,Senate,PDP,Delta,,Yes
614ecece-ae37-4f50-b826-2825141b9315,HB 2144,Joseph Folorunsho Adegbesan,House,APC,Ogun,Ijebu North/Ijebu East/Ogun Waterside,Yes
69ef4590-8187-4bdf-a699-dff0291286ab,SB 978,"Sen. Adebule, Idiat Oluranti",Senate,APC,Lagos,,Yes
9cf7ba2b-2b05-4893-a30a-76c435f45196,HB 2150,Murphy Osaro Omoruyi,House,LP,Edo,Egor/Ikpoba-Okha,Yes
c9cc7573-b5e6-4d21-b5d7-21ecec62cbae,HB 2182,Murphy Osaro Omoruyi,House,LP,Edo,Egor/Ikpoba-Okha,Yes
6b73feb3-9375-47f0-b077-1b18fd589084,HB 371,Hon Austin Asema Achado,House,APC,Benue,Gwer East/Gwer West,Yes
6d0d8efb-8ccb-43e0-b096-f9d3d1c80014,HB 873,Hon Marcus Onobun,House,PDP,Edo,Esan Central/Esan South/ Igueben,Yes
b6f38116-5d41-464c-9f8a-0314b11f1a9d,SB 41,"Sen. Emmanuel, Udende Menga",Senate,APC,Benue,,Yes
ee7006f5-1370-4e34-96a9-d4c98779900f,HB 71,Hon Oluwole Oke,House,PDP,Osun,Obokun/Oriade,Yes
519a623d-3db2-4941-87fa-60f064b3055b,HB 1097,Hon Oluwole Oke,House,PDP,Osun,Obokun/Oriade,Yes
84b8db4b-c521-4b32-9ad1-242a04a6d7e0,HB 1388,Chinedu Tochukwu Okere,House,APC,Imo,Owerri Municipal/Owerri North/Owerri West,Yes
9c2d6dd8-09d6-486e-a6f9-6285eb0c42bc,HB 1304,Hon Marcus Onobun,House,PDP,Edo,Esan Central/Esan South/ Igueben,Yes
ec4f81b3-f75c-4a05-99ff-1348b5484171,HB 2078,Hon Mohammed Chiroma,House,NNPP,Kano,Gezawa/Gabasawa,Yes
e4fffcd3-3ae0-422e-8d94-16fba56faf43,HB 1478,Hon Benjamin Kalu,House,APC,Abia,Bende,Yes
8b93ccbf-c313-4a98-a098-79862e19a909,HB 1150,Hon Mansur Manu Soro,House,APC,Bauchi,Darazo/Gunjuwa,Yes
6a3822e5-6809-45d1-ad88-34cf176d4fd0,SB 622,Sen. Godswill Akpabio,Senate,APC,Akwa Ibom,,Yes
d3e4741d-a9bb-40f4-bf35-327808e978a5,HB 991,Hon Sada Soli,House,APC,Katsina,Jibia/Kaita,Yes
da70d0fa-cdb2-4e3e-8e59-c4d64d63d601,HB 186,Hon Abdulraheem Olatunji Olawuyi,House,APC,Kwara,Ekiti/Isin/Irepodun/Oke-Ero,Yes
947c72e6-4bac-4054-a058-b468734cb714,HB 326,Hon Pascal Agbodike,House,APGA,Anambra,Ihiala,Yes
e8b14175-79c8-412e-9edf-729dd09ff2ee,SB 1034,Sen. Ibrahim Dankwambo,Senate,PDP,Gombe,,Yes
c85f7f79-ae59-462e-a169-fe1ac781d7ad,SB 353,Sen. Mohammed Sani Musa,Senate,APC,Niger,,Yes
dcc6e041-2f56-4dc1-a3fd-4666efa79528,HB 1853,Clement Jimbo,House,APC,Akwa Ibom,Abak/Etim Ekpo/Ika,Yes
6a82f3c0-cd65-429a-ad45-7b8909f9f69d,HB 26,Hon Tolulope Tiwalola Akande-Sadipe,House,APC,Oyo,Oluyole,Yes
6a82f3c0-cd65-429a-ad45-7b8909f9f69d,HB 26,Hon Boma Goodhead,House,PDP,Rivers,Akuku-Toru/Asari-Toru,No
6a82f3c0-cd65-429a-ad45-7b8909f9f69d,HB 26,Hon Ahmad Abdullahi Kalambaina,House,APC,Sokoto,Kware/Wamakko,No
6a82f3c0-cd65-429a-ad45-7b8909f9f69d,HB 26,Hon Khadija Waziri Bukar abba ibrahim,House,APC,Yobe,Damaturu/Gujba/Gulani/ Tarmuwa,No
6a82f3c0-cd65-429a-ad45-7b8909f9f69d,HB 26,Hon Benjamin Kalu,House,APC,Abia,Bende,No
6a82f3c0-cd65-429a-ad45-7b8909f9f69d,HB 26,Hon Ibe Okwara Osonwa,House,LP,Abia,Arochukwu/Ohafia,No
81364250-7f4b-427f-93b2-632467269453,HB 1298,Kelechi Nwogu,House,PDP,Rivers,Etche/Omuma,Yes
565e32ee-b6e2-4767-acf8-2d24d0e38d73,SB 42,Sen. Adetokunbo Mukhail Abiru,Senate,APC,Lagos,,Yes
3a98267a-c67a-49c6-a589-eb6ed4a96661,HB 2048,Jubrin Abdulmumin,House,APC,Kano,Bebeji/Kiru,Yes
b740645a-6f4d-40b7-a4be-8315e6e41560,HB 256,Hon Ibe Okwara Osonwa,House,LP,Abia,Arochukwu/Ohafia,Yes
50cfaf71-9cae-4f81-acf7-13fca656bc95,SB 842,Ani Anthony Okorie,Senate,APC,Ebonyi,,Yes
6377b810-842b-47e3-b1cb-bf0f916b00aa,SB 437,Zam Titus Tartenger,Senate,APC,Benue,,Yes
cadbc82b-491f-4ba0-983a-a8df87b01115,HB 2644,Hon Sani Muhammad Ahmad,House,APC,Zamfara,Bakura/Maradun,Yes
53cf5df0-fb14-4382-84c0-b38e9ddae085,SB 91,Sen. Michael Opeyemi Bamidele,Senate,APC,Ekiti,,Yes
dabe011e-b3d4-4333-9627-8eec5745fd53,SB 401,"Sen. Adebule, Idiat Oluranti",Senate,APC,Lagos,,Yes
e2d144a0-0d23-4321-88d9-830c2e34bd21,SB 743,Sen. Ireti Heebah Kingibe,Senate,ADC,Federal Capital Territory (Fct),,Yes
b319c6cf-7fe0-4758-ab28-92c25f43aacf,HB 958,Ngozi Okolie,House,APC,Delta,Aniocha North/Aniocha South/ Oshimili North & South,Yes
3952afc4-37e2-46df-8067-6d408c94d347,HB 931,Hon Benjamin Kalu,House,APC,Abia,Bende,Yes
3952afc4-37e2-46df-8067-6d408c94d347,HB 931,Hon Akintunde Rotimi,House,APC,Ekiti,Ikole/Oye,No
cc70d058-d4f4-432a-adb7-113a1111eee5,HB 1086,Hon Paul Nnamchi,House,LP,Enugu,Enugu East/Isi Uzo,Yes
cae20ff4-bfe8-4e74-9e75-a254a3cd394b,HB 508,Hon Amos Gwamna Magaji,House,APC,Kaduna,Zangon Kataf/Jaba,Yes
ed308413-22eb-4bb0-b7f1-c1cfeefa92d7,SB 360,Sen. Barau Jibrin,Senate,APC,Kano,,Yes
06822e80-5b38-4fcc-a4fe-6dcda4ce8a9b,HB 1143,Hon Mansur Manu Soro,House,APC,Bauchi,Darazo/Gunjuwa,Yes
d3670c42-4541-4a24-8c1a-1094370ac0f7,HB 2663,Aliyu Sani Madaki,House,NNPP,Kano,Dala,Yes
a46cdb99-08b1-4891-a195-f968d5911015,HB 1044,Hon Jafaru Mohammed,House,APC,Niger,Agwara/Borgu,Yes
e7f13403-16e6-4b00-af37-dd40f2608614,SB 604,Sen. Sani Abubakar Bello,Senate,APC,Niger,,Yes
81e3cef4-b582-4819-a84b-e9cb8b3c23c5,HB 2074,Hon Nicholas Ebomo Mutu,House,PDP,Delta,Bomadi/Patani,Yes
01ca6c44-a2ea-4d73-9cc8-cecf2ffe9d14,HB 432,Hon Zakaria Dauda Nyampa,House,PDP,Adamawa,Madagali/Michika,Yes
df926506-79bc-43d5-a039-d976a5d6f697,HB 1083,Hon Adewale Hameed,House,APC,Lagos,Agege,Yes
69b25c26-47ac-401a-a083-f7b4d18cacff,HB 529,Aliyu Sani Madaki,House,NNPP,Kano,Dala,Yes
59c39cbe-0d20-4178-bebf-5592596d2678,HB 1879,Hon Alex Egbona,House,PDP,Cross River,Yakurr/Abi,Yes
1326d3a9-6fc7-4061-a3ad-ee99f4e3eb9a,HB 891,Hon Muktar Tolani Shagaya,House,APC,Kwara,Ilorin West/Asa,Yes
c737bd25-dfef-46d0-8ce0-fd8eaacde3b5,HB 865,Chimaobi Sam Atu,House,LP,Enugu,Enugu North/Enugu South,Yes
131e04b1-5a7d-4de1-9b76-7cb13b948ae3,SB 135,Osita Ngwu,Senate,APC,Enugu,,Yes
4c8fee3d-4bdb-4b86-ad31-732e9f177c08,HB 1635,Hon Benjamin Kalu,House,APC,Abia,Bende,Yes
199aefb9-bf0b-4898-9449-18973849bc60,HB 777,Mark Udo Esset,House,PDP,Akwa Ibom,Uyo/Uruan/Nsit Atai/ Ibesikpo Asutan,Yes
d18c022b-b0c8-439f-a0c5-72eaeef5eea2,HB 1434,Fuad Kayode Laguda,House,APC,Lagos,Surulere I,Yes
29246c56-948c-462d-ab69-afb9cb5ecece,HB 974,Uduak Alphonsus Odudoh,House,PDP,Akwa Ibom,Ikot Abasi/Mkpat Enin/Eastern Obolo,Yes
dba85913-4c1c-4f17-b969-356203828c0a,HB 100,Hon Inuwa Garba,House,PDP,Gombe,Yamaltu/Deba,Yes
75076d7e-83a0-42c5-9d86-c0d509e66a8a,HB 463,Hon Dachung Musa Bagos,House,PDP,Plateau,Jos South/Jos East,Yes
91c2830b-d664-4a87-b1db-c0dcd758caa6,HB 175,Hon Mathew Nwogu,House,LP,Imo,Aboh Mbaise/Ngor Okpala,Yes
176335f1-ac0e-42a5-b0df-ea3fa5263e6d,HB 755,Hon Pascal Agbodike,House,APGA,Anambra,Ihiala,Yes
41e4041f-fddf-4394-9467-9c2a33d61b35,SB 47,Sen. Barau Jibrin,Senate,APC,Kano,,Yes
15632d8c-ba8a-49b5-9db2-d8c80e0e64fe,SB 736,Abba Moro,Senate,PDP,Benue,,Yes
86e86b2c-47ff-4b0d-a61c-befe503465e1,SB 497,"Sen. Joel, Onowakpo Thomas",Senate,APC,Delta,,Yes
e761b7a5-c7ab-4669-ad41-7ed4bb818257,SB 44,Sen. Adetokunbo Mukhail Abiru,Senate,APC,Lagos,,Yes
b8eff008-be75-4d5b-8f76-880e79a2e336,HB 1532,Hon Paul Asuquo Ekpo,House,PDP,Akwa Ibom,Etinan/Nsit Ibom/Nsit ubium,Yes
040cc510-2782-4fc8-8381-9e68caed20ab,HB 442,Hon Taofeek Abimbola Ajilesoro,House,APC,Osun,Ife Central/Ife North/Ife South/Ife East,Yes
d168a064-62f3-46bc-9876-de1d3255dc3f,HB 883,Hon Ime Bassey Okon,House,PDP,Akwa Ibom,Itu/Ibiono Ibom,Yes
0e84f1f5-52a4-49cb-8790-2ad207a6a565,HB 1519,Hon Akanni Enitan Dolapo-badru,House,APC,Lagos,Lagos Island I,Yes
23b4adde-318e-44d4-b5dd-13302f329dd8,HB 844,Hon Amos Gwamna Magaji,House,APC,Kaduna,Zangon Kataf/Jaba,Yes
08af4a96-fe08-423d-b7bf-f94feb9cdce6,SB 336,Sen. Adetokunbo Mukhail Abiru,Senate,APC,Lagos,,Yes
22ba32b3-f7b4-4c66-9577-feca7c106f0a,SB 629,Sen. Mohammed Sani Musa,Senate,APC,Niger,,Yes
abd60932-e628-45ac-990b-54d9e1732b23,SB 206,Sen. Mohammed Sani Musa,Senate,APC,Niger,,Yes
debf1887-6f6f-426f-95ac-44a8d5a29457,HB 1360,Hon Tajudeen Kareem,House,APC,Oyo,Saki East/Saki West/Atisbo,Yes
7e92ce7b-a6b8-4770-b485-be4e3347d790,HB 240,Hon Philip Agbese,House,APC,Benue,Ado/Obadigbo/Okpokwu,Yes
218945ff-07ad-4d23-9aeb-d0e2011f8a13,HB 2580,Akarachi Etinosa Tosan,House,APC,Imo,Ikeduru/Mbaitoli,Yes
ed30e82c-42a3-4d31-94ca-7a9a56d4ff24,SB 746,Sen. Sadiq Suleiman Umar,Senate,APC,Kwara,,Yes
5273149a-6926-4c81-927e-cc1c149f42b3,SB 265,Sen. Solomon Adeola Olamilekan,Senate,APC,Ogun,,Yes
5863f3b4-4451-42c5-85d5-24491917fa93,HB 434,Hon Zakaria Dauda Nyampa,House,PDP,Adamawa,Madagali/Michika,Yes
2a1fe675-6fc7-4b28-9bc2-ac416e921d70,HB 2698,Executive,House,APC,N/A,.,Yes
e25a639c-611c-4853-aac4-fd7d6e5ce015,HB 480,Hon Julius Ihonvbere,House,APC,Edo,Owan East/Owan West,Yes
6fcef105-3b6a-403c-ad01-85955b69336b,HB 714,Bello Isa Ambarura,House,APC,Sokoto,Illela/Gwadabawa,Yes
15cfeb63-1f75-4e8e-b475-b007529c8f48,HB 1587,Patrick Umoh,House,APC,Akwa Ibom,Ikot Ekpene/Essien Udim/ Obot Akara,Yes
c7f53851-5f65-4b0e-bf54-e7f92dd1f6d3,SB 673,Sen. David Jimkuta,Senate,APC,Taraba,,Yes
a3942387-d8cb-42c7-b728-023ac00aba2d,HB 96,Hon Adelegbe Emmanuel Oluwatimehin,House,APC,Ondo,Owo/Ose,Yes
8682357c-909c-4e22-a343-536d9cde4b0f,HB 224,Hon Anthony Adebayo Adepoju,House,PDP,Oyo,Ibarapa Central/Ibarapa North,Yes
c150972e-a23d-470d-a8d8-afb8bf299617,SB 660,Sen. Augustine Okwudiri Akobundu,Senate,ADC,Abia,,Yes
ea9b2b7a-396f-4056-9b7b-24a22eb43013,HB 935,Hon Akiba Bassey Ekpenyong,House,LP,Cross River,Calabar Municipal/Odukpani,Yes
a3d2137c-a617-452c-913c-a42c78b0ce1b,SB 623,Sen. Mohammed Ali Ndume,Senate,APC,Borno,,Yes
cef39918-1f26-4172-8595-1952c1ea189c,HB 1324,Hon Lukman Mudashiru,House,PDP,Osun,Ayedire/Iwo/Ola-Oluwa,Yes
100d566d-88d3-40a6-87f4-07c71c5c45c5,SB 643,Sen. Kelvin Chukwu,Senate,LP,Enugu,,Yes
1ffa56fb-977e-44fb-b0b4-2381fa654c8f,SB 117,"Sen. Joel, Onowakpo Thomas",Senate,APC,Delta,,Yes
f8712544-cb81-49cf-b74e-6ad380e4adcd,SB 619,Sen. Mohammed Sani Musa,Senate,APC,Niger,,Yes
2bbd52f5-f4a7-4291-b6ea-706b937ebc29,SB 321,Sen. Augustine Okwudiri Akobundu,Senate,ADC,Abia,,Yes
d176819e-a08c-4fce-8c3d-3f5ea3234ad2,SB 175,Sen. Sani Abubakar Bello,Senate,APC,Niger,,Yes
27bd7190-e307-455a-8564-3dc83dd473aa,HB 966,Hon Benjamin Kalu,House,APC,Abia,Bende,Yes
394df8f1-d222-47d5-a248-43573e685a77,HB 1681,Hon Francis Ejiroghene Waive,House,APC,Delta,"Ughelli North, Ughelli South/Udu",Yes
6afccf95-d62a-40ac-ab76-500d5b1f2271,HB 1034,Hon Dennis Idahosa,House,APC,Edo,Ovia North East/Ovia South West,Yes
7e637d65-76f3-4c0f-b3fe-b908568b64ac,HB 2700,Executive,House,APC,N/A,.,Yes
08cce663-018b-4782-a8ff-c440212a5714,HB 435,Hon Zakaria Dauda Nyampa,House,PDP,Adamawa,Madagali/Michika,Yes
74936315-4f22-49dc-945b-011c672b3145,SB 1015,Sen. Mohammed Sani Musa,Senate,APC,Niger,,Yes
242b997c-8dcc-4ca3-8453-bed5bd36241b,SB 304,"Sen. Banigo, Ipalibo Harry",Senate,PDP,Rivers,,Yes
1338387d-80c0-470a-9bf3-05ea0be1086f,HB 446,Hon Miriam Onuoha,House,APC,Imo,Isiala Mbano/Okigwe/Onuimo,Yes
4cba4726-164c-4c11-8ade-f783eece47db,SB 15,Sen. Ibrahim Jimoh Folorunsho,Senate,APC,Ondo,,Yes
454f55dd-5fc1-4fd2-b71d-ceddee4fefc3,HB 1391,Chinedu Tochukwu Okere,House,APC,Imo,Owerri Municipal/Owerri North/Owerri West,Yes
5e1a3454-5acf-4dc5-816f-09841e834e5c,HB 1221,Hon Dominic Okafor,House,APGA,Anambra,Aguata,Yes
171b911b-433e-43b2-9c11-dc07497fe7b1,HB 97,Hon Julius Ihonvbere,House,APC,Edo,Owan East/Owan West,Yes
80f9cd99-dcde-4a83-911f-b8621acf7cbe,HB 1397,Chinedu Tochukwu Okere,House,APC,Imo,Owerri Municipal/Owerri North/Owerri West,Yes
699042b5-e7ed-4e93-b468-b143f95f0816,HB 120,Hon Jeremiah Umaru,House,APC,Nasarawa,Akwanga/Nassarawa Eggon/ Wamba,Yes
cf1dbc04-14d3-475f-8165-a64e7407acaf,HB 518,Abdullahi Ibrahim Ali,House,APC,Kogi,Ankpa/Omala/Olamaboro,Yes
408bfb23-2dde-44c8-bec9-74b95233d2e5,SB 342,Sen. Saliu Mustapha,Senate,APC,Kwara,,Yes
2c703e98-8c64-4710-9935-611fc4aabb18,SB 115,Sen. Ibrahim Mohammed Bomai,Senate,APC,Yobe,,Yes
93328863-e827-4e15-b409-bee5f84124ef,HB 1263,Hon Benjamin Kalu,House,APC,Abia,Bende,Yes
a55b6bee-8df3-49b3-a060-88d9713b756a,HB 332,Hon Sesi Whingan,House,APC,Lagos,Badagry,Yes
096494a4-e180-494e-978e-87c780929de8,HB 27,Hon Peter Akpanke,House,PDP,Cross River,Obanliku/Obudu/Bekwarra,Yes
096494a4-e180-494e-978e-87c780929de8,HB 27,Hon Adewunmi Oriyomi Onanuga,House,APC,Ogun,Ikenne/Sagamu/Remo North,No
096494a4-e180-494e-978e-87c780929de8,HB 27,Hon Mohammed Bello El-Rufai,House,APC,Kaduna,Kaduna North,No
096494a4-e180-494e-978e-87c780929de8,HB 27,Hon Fatima Talba,House,APC,Yobe,Nangere/Potiskm,No
096494a4-e180-494e-978e-87c780929de8,HB 27,Hon Abubakar Hassan Nalaraba,House,APC,Nasarawa,Awe/Doma/Keana,No
096494a4-e180-494e-978e-87c780929de8,HB 27,Hon Benjamin Kalu,House,APC,Abia,Bende,No
096494a4-e180-494e-978e-87c780929de8,HB 27,Hon Ugochinyere Onyinye Ikeagwuonu,House,PDP,Imo,Ideato North/Ideato South,No
c1089d90-780a-4dbc-b6d3-4116fcb4beec,HB 571,Hon Emmanuel Effiong Ukpong-udo,House,PDP,Akwa Ibom,Ikono/Ini,Yes
346c0bd8-33da-418d-9ea8-60ed0fc99193,SB 128,Sen. Michael Opeyemi Bamidele,Senate,APC,Ekiti,,Yes
e94afb8a-1d0c-4d71-9f1f-678a50d33a80,SB 711,"Sen. Etim, Bassey Aniekan",Senate,PDP,Akwa Ibom,,Yes
2cd085ff-ca13-49f0-b995-4f0ec9ff114c,HB 137,Hon Julius Ihonvbere,House,APC,Edo,Owan East/Owan West,Yes
e9f56f22-67e0-4f7f-aeaa-006ad71ab67a,SB 133,Sen. Babangida Hussaini,Senate,APC,Jigawa,,Yes
c1f0f923-b791-41c0-9401-d7cccc26eb82,HB 145,Hon Tolulope Tiwalola Akande-Sadipe,House,APC,Oyo,Oluyole,Yes
d425558e-8de9-43f2-b5a6-5be8d4d4665b,HB 368,Hon Mathew Nwogu,House,LP,Imo,Aboh Mbaise/Ngor Okpala,Yes
dec45fff-076e-4b2d-a055-e2b8b6298fb3,HB 321,Hon Akintunde Rotimi,House,APC,Ekiti,Ikole/Oye,Yes
89f1e140-7495-4d8c-874a-34588465b001,HB 1207,Hon Abdulmalik Zubairu,House,APC,Zamfara,Bungudu/Maru,Yes
06b3f91b-bade-4665-aade-6978def4d94a,HB 2574,Akarachi Etinosa Tosan,House,APC,Imo,Ikeduru/Mbaitoli,Yes
03e848da-3199-4164-9c8a-9d566e0582ee,HB 1565,Hon Ibrahim Mohammed Bukar,House,APC,Borno,Dikwa/Mafa/Konduga,Yes
6f78601f-704f-4123-9d95-116402a23076,HB 198,Hon Ugochinyere Onyinye Ikeagwuonu,House,PDP,Imo,Ideato North/Ideato South,Yes
4505aec7-aa54-41f3-9eba-a06fc666ce98,SB 583,Sen. Michael Opeyemi Bamidele,Senate,APC,Ekiti,,Yes
722712bc-9320-491f-8261-73a783848de3,HB 1758,Executive,House,APC,N/A,.,Yes
a26998a2-6e1c-44e4-8ea0-7455a1ee5e2e,SB 419,Sen. Michael Opeyemi Bamidele,Senate,APC,Ekiti,,Yes
b17f9034-6080-401c-9678-8d670e563dfa,HB 1282,Executive,House,APC,N/A,.,Yes
1dc4d108-5e22-4c00-a840-0631f81f56bb,HB 773,Hon Ibrahim Almustapha Aliyu,House,APC,Sokoto,Wurno/Rabah,Yes
a77523f4-d41c-429e-8fe8-49a1f2ecbe59,HB 165,Hon Adewale Hameed,House,APC,Lagos,Agege,Yes
bd1f41cb-b8b0-4669-b2aa-58403a8bea06,HB 557,Hon. Sesoo Ikpagher,House,APC,Benue,Konshisha/Vandeikya,Yes
cea2826d-16aa-418e-bbc5-43ec53d2247e,HB 758,Hon Sesi Whingan,House,APC,Lagos,Badagry,Yes
8a579433-4386-4034-b661-f29a97130a43,HB 1389,Chinedu Tochukwu Okere,House,APC,Imo,Owerri Municipal/Owerri North/Owerri West,Yes
df2de147-b5de-406a-aa6b-1089288ea102,SB 233,"Sen. Banigo, Ipalibo Harry",Senate,PDP,Rivers,,Yes
9c22b217-e8ef-44e0-9b7e-f0f6414bd314,HB 2105,Chike John Okafor,House,APC,Imo,Ehime Mbano/Ihite-Uboma/ Obowo,Yes
f741763c-17cf-4fa3-9015-025cf7d37399,HB 2334,Hon Uchenna Okonkwo,House,LP,Anambra,Idemili North/Idemili South,Yes
03f0b2cf-059a-4f71-9b7e-34d2f1980fdb,HB 789,Hon Aliu Ademorin Kuye,House,APC,Lagos,Shomolu,Yes
9b7f17c7-5b0a-4ef0-a4bc-9989ab95043b,HB 164,Hon Adewale Hameed,House,APC,Lagos,Agege,Yes
aff5775f-45dc-4bb7-899e-7de457c9f562,SB 587,"Sen. Adebule, Idiat Oluranti",Senate,APC,Lagos,,Yes
d7829aab-09bb-4cc8-a6f6-b87fc0f6d632,HB 1429,Hon Ugochinyere Onyinye Ikeagwuonu,House,PDP,Imo,Ideato North/Ideato South,Yes
be61aad6-2858-413f-b88d-1eb9b7af75d6,HB 965,Hon Benjamin Kalu,House,APC,Abia,Bende,Yes
71e36889-a3a9-4228-89c7-2d822b2ef682,HB 695,Hon Ahmadu Usman Jaha,House,APC,Borno,Damboa/Gwoza/Chibok,Yes
71e36889-a3a9-4228-89c7-2d822b2ef682,HB 695,Chris Nkwonta,House,PDP,Abia,Ukwa East/Ukwa West,No
71e36889-a3a9-4228-89c7-2d822b2ef682,HB 695,Hon Olusola Steve Fatoba,House,APC,Ekiti,Ado Ekiti/Irepodun/Ifelodun,No
71e36889-a3a9-4228-89c7-2d822b2ef682,HB 695,Patrick Umoh,House,APC,Akwa Ibom,Ikot Ekpene/Essien Udim/ Obot Akara,No
71e36889-a3a9-4228-89c7-2d822b2ef682,HB 695,Hon Abubakar Hassan Nalaraba,House,APC,Nasarawa,Awe/Doma/Keana,No
71e36889-a3a9-4228-89c7-2d822b2ef682,HB 695,Hon Mohammed Bello El-Rufai,House,APC,Kaduna,Kaduna North,No
71e36889-a3a9-4228-89c7-2d822b2ef682,HB 695,Hon Osi Kama Nkemkanma,House,LP,Ebonyi,Ivo-Ohaozara/Onicha,No
71e36889-a3a9-4228-89c7-2d822b2ef682,HB 695,Hon Joseph Bassey,House,APC,Cross River,Calabar South/Akpabuyo/ Bakassi,No
71e36889-a3a9-4228-89c7-2d822b2ef682,HB 695,Hon Benjamin Kalu,House,APC,Abia,Bende,No
0b9aa276-9120-42cf-ad67-566d42aae1d9,HB 126,Hon Benjamin Kalu,House,APC,Abia,Bende,Yes
fa75ea6a-9031-4f06-9fed-594445a6ba9f,HB 569,Hon Ime Bassey Okon,House,PDP,Akwa Ibom,Itu/Ibiono Ibom,Yes
a01d0731-823b-48e8-9b77-70636c656e77,HB 1814,Hon Akintunde Rotimi,House,APC,Ekiti,Ikole/Oye,Yes
3693fcee-1d74-4dd2-b27d-5ccb83e8feaf,HB 2041,Hon Abdulmumin Ari Mohammed,House,APC,Nasarawa,Nassarawa/Toto,Yes
df345c94-448e-42cb-a594-204c31d6cc55,HB 148.,Hon Francis Ejiroghene Waive,House,APC,Delta,"Ughelli North, Ughelli South/Udu",Yes
5fdefbd5-d4a6-4600-9438-526c6b8ee37c,SB 965,Sen. Michael Opeyemi Bamidele,Senate,APC,Ekiti,,Yes
b006cd9e-d1ff-48fa-a817-ca5fbc7c9670,HB 2648,Executive,House,APC,N/A,.,Yes
84831361-fdfb-4a05-bc0a-8520e239ba18,HB 615,Hon Benjamin Kalu,House,APC,Abia,Bende,Yes
2a0ff66d-b32d-4287-ba92-0050844a1611,SB 408,"Oluwole, Fasuyi Cyril",Senate,APC,Ekiti,,Yes
98855f4e-ac7f-4d7c-b1d6-bdab87aa7059,HB 2431,Hon Aminu Jamo Daura,House,APC,Katsina,Daura/Sandamu/Mai’adua,Yes
55655631-069a-45fe-8960-ca123d775a9e,HB 747,Hon Dennis Idahosa,House,APC,Edo,Ovia North East/Ovia South West,Yes
44f8581f-a850-4dd2-b5d8-5485c983884e,HB 2137,Hon. Victor Obuzor,House,PDP,Rivers,Ahoada West/Ogba Egbema,Yes
8b4306ee-5a24-42ab-9f26-112fa2b86629,SB 613,"Sen. Ndubueze, Patrick Chiwuba",Senate,APC,Imo,,Yes
4e7d182c-33bf-4101-b3c7-57296c6eb9f8,SB 636.,Sen. Binos Dauda Yaroe,Senate,ADC,Adamawa,,Yes
412d09cf-a484-49b8-9dc1-b5cb090c4fee,SB 549,Sen. Saliu Mustapha,Senate,APC,Kwara,,Yes
b0ec82d6-2b93-4c13-9ec8-cf6a137f7c45,SB 531,Sen. Mohammed Sani Musa,Senate,APC,Niger,,Yes
3fef7933-7b1f-48a2-b97d-11eb830945ae,HB 85,Hon Obinna Aguocha,House,LP,Abia,Umuahia North/ Umuahia South/ Ikwuano,Yes
ae3c51da-854e-49fd-a884-e4b5ae3d64f8,HB 1007,Hon Nnamdi Ezechi,House,PDP,Delta,Nkokwa East/Ndokwa West/ Ukwuani,Yes
ffe13c43-7b86-488d-9cde-9d1773bd847e,HB 1330,Hon Jesse Okey-Joe Onuakachi,House,LP,Lagos,Oshodi/Isolo II,Yes
b78383e4-f71a-4458-b06e-44d3fbcf702e,HB 1509,Hon Babajimi Adegoke Benson,House,APC,Lagos,Ikorodu,Yes
33750ce9-4031-4539-ae79-e7868c375c81,HB 502,Hon Julius Ihonvbere,House,APC,Edo,Owan East/Owan West,Yes
84849dc5-3465-4df9-8fc2-c081249a4153,HB 501,Hon Julius Ihonvbere,House,APC,Edo,Owan East/Owan West,Yes
f7f6c153-4096-40f6-b3f3-d3aaa249d369,HB 2075,Hon Nicholas Ebomo Mutu,House,PDP,Delta,Bomadi/Patani,Yes
82692400-ecfd-4798-b494-5dfd5ceddb07,SB 947,Sen. Akintunde Yunus Abiodun,Senate,APC,Oyo,,Yes
2bb3052b-bd83-4745-a0ce-99873d0312db,SB 438,Osita Ngwu,Senate,APC,Enugu,,Yes
8c9c2a16-a14c-4b28-af01-5f9047bd47c5,HB 754,Hon Pascal Agbodike,House,APGA,Anambra,Ihiala,Yes
32deecc6-8400-4429-8677-5252a6940b01,HB 42,Hon Gagdi Adamu Yusuf,House,APC,Plateau,Kanke/Pankshin/Kanam,Yes
a06a2ef0-fdd6-48ad-9c1e-8a733536dd70,SB 942,Sen. Sadiq Suleiman Umar,Senate,APC,Kwara,,Yes
1b7cd5e0-6aef-4275-85cf-9de80f288660,HB 1438,Abubakar Yahaya Kusada,House,APC,Katsina,Ingawa/Kankia/Kusada,Yes
db9ac028-e6de-4723-acd2-4ee51e1a9319,SB 883,Sen. Adetokunbo Mukhail Abiru,Senate,APC,Lagos,,Yes
480ee728-fffc-468b-a5db-a245d45f1584,SB 948,Sen. Barau Jibrin,Senate,APC,Kano,,Yes
83fcbde1-2401-4789-97d1-c4819167cb07,HB 2425,Hon. Akingbaso Festus Olanrewaju,House,APC,Ondo,Idanre/Ifedore,Yes
a0e988c8-5f65-4a95-839e-243c46498ffb,HB 489,Chimaobi Sam Atu,House,LP,Enugu,Enugu North/Enugu South,Yes
65e7757a-e227-418c-bbdc-97023ab2a00f,SB 349,Sen. Justus Olugbenga Daniel,Senate,APC,Ogun,,Yes
f01fae4d-f5dd-4f8e-befb-1f5321f97e5b,HB 1043,Hon Francis Ejiroghene Waive,House,APC,Delta,"Ughelli North, Ughelli South/Udu",Yes
39cdb437-e421-440d-83e6-1011ed261b28,HB 870,Hon Emmanuel Effiong Ukpong-udo,House,PDP,Akwa Ibom,Ikono/Ini,Yes
579fe023-f5c9-41a2-9c36-7d382580c821,HB 1527,Hon Paul Asuquo Ekpo,House,PDP,Akwa Ibom,Etinan/Nsit Ibom/Nsit ubium,Yes
0cc7d92f-7608-461c-be9e-558168b2310f,HB 2695,Executive,House,APC,N/A,.,Yes
4c8bd14c-a4fe-44ac-93d7-52bdb5fe4ef1,HB 2701,Executive,House,APC,N/A,.,Yes
d87f13ca-4428-412a-b342-7b4db6be865d,SB 301,Ashiru Oyelola Yisa,Senate,APC,Kwara,,Yes
9d4b30b0-15f9-4ded-b00c-deee48325a13,HB 1321,Hon Ibrahim Almustapha Aliyu,House,APC,Sokoto,Wurno/Rabah,Yes
32143ae1-f1d3-47e4-97d0-c234213cf4fe,HB 2703,Executive,House,APC,N/A,.,Yes
12340b12-7bbd-4d24-bab2-aeb5bbf1b2a9,HB 1592,Hon Francis Ejiroghene Waive,House,APC,Delta,"Ughelli North, Ughelli South/Udu",Yes
35df1f91-abe3-40c0-9358-642776c1dac5,SB 204,Sen. Wasiu Sanni Eshilokun,Senate,APC,Lagos,,Yes
bbe59b01-209a-4aae-8715-1ea7dcd181be,HB 2146,Hon. Alfred Ajang Iliya,House,APC,Plateau,Jos South/Jos East,Yes
bbe59b01-209a-4aae-8715-1ea7dcd181be,HB 2146,Hon Julius Ihonvbere,House,APC,Edo,Owan East/Owan West,No
bbe59b01-209a-4aae-8715-1ea7dcd181be,HB 2146,Hon Paul Nnamchi,House,LP,Enugu,Enugu East/Isi Uzo,No
bbe59b01-209a-4aae-8715-1ea7dcd181be,HB 2146,Hon Inuwa Garba,House,PDP,Gombe,Yamaltu/Deba,No
bbe59b01-209a-4aae-8715-1ea7dcd181be,HB 2146,Hon Aminu Jaji,House,APC,Zamfara,Kaura-Namoda/Birnin Magaji,No
bbe59b01-209a-4aae-8715-1ea7dcd181be,HB 2146,Hon Abdulmalik Zubairu,House,APC,Zamfara,Bungudu/Maru,No
bbe59b01-209a-4aae-8715-1ea7dcd181be,HB 2146,John Moenwul Dafaan,House,APC,Plateau,Mikang/Qua’an/Pan/Shedam,No
bbe59b01-209a-4aae-8715-1ea7dcd181be,HB 2146,Garba Ibrahim Muhammad,House,NNPP,Kano,Gwale,No
bbe59b01-209a-4aae-8715-1ea7dcd181be,HB 2146,Dalyop Chollom Fom,House,LP,Plateau,Barkin Ladi/Riyom,No
bbe59b01-209a-4aae-8715-1ea7dcd181be,HB 2146,Hon Befford Onwuegbu Anayo,House,APC,Enugu,Aninri/Awgu/Oji River,No
bbe59b01-209a-4aae-8715-1ea7dcd181be,HB 2146,Hon. Sadiq Ango Abdullahi,House,APC,Kaduna,Sabon Gari,No
bbe59b01-209a-4aae-8715-1ea7dcd181be,HB 2146,Hon Nnolim John Nnaji,House,APC,Enugu,Nkanu East/Nkanu West,No
bbe59b01-209a-4aae-8715-1ea7dcd181be,HB 2146,Hon Ime Bassey Okon,House,PDP,Akwa Ibom,Itu/Ibiono Ibom,No
bbe59b01-209a-4aae-8715-1ea7dcd181be,HB 2146,Hon Ahmed Doro Yusuf,House,APC,Katsina,Bindawa/Mani,No
bbe59b01-209a-4aae-8715-1ea7dcd181be,HB 2146,Chimaobi Sam Atu,House,LP,Enugu,Enugu North/Enugu South,No
0b35dbf6-b3d6-4b60-8523-80baf4b12cbe,SB 92,Sen. Sadiq Suleiman Umar,Senate,APC,Kwara,,Yes
3dc6d3fa-3cef-493c-9658-a815679a3e36,SB 663,Sen. Barau Jibrin,Senate,APC,Kano,,Yes
f14be73f-af2d-4abc-83ed-91e8a13832ea,HB 127,Hon Benjamin Kalu,House,APC,Abia,Bende,Yes
63acca17-5b57-4077-8c2c-358a2f5aa78e,HB 128,Hon Benjamin Kalu,House,APC,Abia,Bende,Yes
833475b1-6674-47c6-abfa-9962b75309e9,SB 113,Sen. Williams Eteng Jonah,Senate,APC,Cross River,,Yes
56248baa-6075-454f-b360-795e66171b00,HB 813,Chimaobi Sam Atu,House,LP,Enugu,Enugu North/Enugu South,Yes
892ca741-a66d-45cd-952d-3b87f5176f42,HB 267,Hon Osi Kama Nkemkanma,House,LP,Ebonyi,Ivo-Ohaozara/Onicha,Yes
cff03ff7-3666-4ba4-8463-877a21a00912,HB 567,Hon Amos Gwamna Magaji,House,APC,Kaduna,Zangon Kataf/Jaba,Yes
2a16d151-3b7f-4475-8cb2-14a5aac59bbb,SB 550,Sen. Michael Opeyemi Bamidele,Senate,APC,Ekiti,,Yes
294907c7-77e1-462f-84be-a8431aa199b7,HB 807,Hon Uchenna Okonkwo,House,LP,Anambra,Idemili North/Idemili South,Yes
13c8c987-6b0f-400e-b53d-de8b5089159f,HB 289,Hon Lanre Okunlola,House,APC,Lagos,Surulere II,Yes
62d71335-9c2a-444f-9c89-a04c1adf8815,SB 844,Sen. Mohammed Sani Musa,Senate,APC,Niger,,Yes
a434671c-fe10-41a5-b2b6-8bfe53c4f326,HB 986,Hon Aliu Ademorin Kuye,House,APC,Lagos,Shomolu,Yes
b185eded-1c6f-401e-938e-516ccfd104a7,HB 711,Hon Aliu Ademorin Kuye,House,APC,Lagos,Shomolu,Yes
0d526f45-a071-4059-b806-7edc0110cf5d,SB 378,Sen. Michael Opeyemi Bamidele,Senate,APC,Ekiti,,Yes
d6322b0d-c4c1-4c8f-9e23-a883ff5caf6d,HB 412,Hon Agbedi Yeitiemone Frederick,House,PDP,Bayelsa,Sagbama/Ekeremor,Yes
0c1c08f7-ef89-40f4-b98f-7f106c3ed30f,SB 945,Sen. Akintunde Yunus Abiodun,Senate,APC,Oyo,,Yes
9bd02631-8629-437f-a2fd-a64004cdc424,SB 376,"Sen. Emmanuel, Udende Menga",Senate,APC,Benue,,Yes
dcf11084-a506-4a33-9bf9-11bd90d51703,HB 2576,Akarachi Etinosa Tosan,House,APC,Imo,Ikeduru/Mbaitoli,Yes
51f51091-1834-4e5c-b64b-0f5457bbcbbb,SB 684,Ani Anthony Okorie,Senate,APC,Ebonyi,,Yes
6a1efeab-2aed-4a6b-b984-1c3e9a8095b5,HB 1163,Hon Kingsley Chinda,House,PDP,Rivers,Obio/Akpor,Yes
c31febe9-62ae-454d-bfa8-2a36177b4c5a,HB 60,Hon Kingsley Chinda,House,PDP,Rivers,Obio/Akpor,Yes
8c78b6e3-cb80-40cf-aa1a-2ba763e53352,SB 326,"Sen. Banigo, Ipalibo Harry",Senate,PDP,Rivers,,Yes
68aae28e-8886-47f9-86e1-f475b503e91a,HB 1483,Tarkighir Dickson Dominic,House,APGA,Benue,Guma/Makurdi,Yes
14fef4ae-267e-4b67-bec9-951f59d64375,HB 2707,Executive,House,APC,N/A,.,Yes
8e433ffd-46b7-41ae-a9c7-896ebf80ba98,HB 2037,Hon Abdulmumin Ari Mohammed,House,APC,Nasarawa,Nassarawa/Toto,Yes
caa67bfb-aa6c-44d9-9e02-2e02e8972719,HB 804,Adedayo Samuel Adesola,House,APC,Lagos,Apapa,Yes
7a63257f-1462-44d2-bbc4-eea11f378fba,HB 253,Hon Dachung Musa Bagos,House,PDP,Plateau,Jos South/Jos East,Yes
ac1fac8d-ae2f-4fb9-9f09-7af62f388857,SB 1011,Sen. Michael Opeyemi Bamidele,Senate,APC,Ekiti,,Yes
60b33558-b085-49a4-b82d-6aced4beaf4b,HB 1319,Hon Bamidele Salam,House,PDP,Osun,Ede North/Ede South/ Egbedore/Ejigbo,Yes
618ad7bb-de4d-48f5-9b91-c9b1586c88d6,HB 337,Hon Sesi Whingan,House,APC,Lagos,Badagry,Yes
f9c824b4-1e4a-4edf-ad52-7353920008b3,SB 45,Sen. Justus Olugbenga Daniel,Senate,APC,Ogun,,Yes
a2e48928-cc5b-4f44-b14d-38894065258f,HB 1055,Hon Jonathan Ajirioghene Ukodhiko,House,PDP,Delta,Isoko North/Isoko South,Yes
4a5d563c-7c41-4354-bcce-48144c6a0ec5,HB 1193,Hon Tijjani Zannah Zakariya,House,APC,Yobe,Machina/Nguru/Yusufari/ Karasuwa,Yes
e5dfeaba-416c-4d37-b0e8-45517a8fc45c,SB 658,Sen. Aminu Iya Abbas,Senate,PDP,Adamawa,,Yes
a9e1bf55-b5bf-4784-8252-6e35ee82667c,HB 57,Hon Aliu Ademorin Kuye,House,APC,Lagos,Shomolu,Yes
de36051c-8b73-4a7a-8aac-29110803ed9c,SB 594,Sen. Mohammed Tahir Monguno,Senate,APC,Borno,,Yes
66677e03-3a45-435c-8213-c080351c79c5,HB. 2036,Hon Ahmed Adamu Saba,House,APC,Kwara,Edu/Moro/Pategi,Yes
66677e03-3a45-435c-8213-c080351c79c5,HB. 2036,Hon Bello A Kaoje,House,APC,Kebbi,Bagudo/Suru,No
54bb9222-2dfc-4b1d-bb7b-98d08037f70c,SB 225,Sen. Saliu Mustapha,Senate,APC,Kwara,,Yes
37ba7049-bda9-42d7-8baf-b69625090de8,HB 1399,Chinedu Tochukwu Okere,House,APC,Imo,Owerri Municipal/Owerri North/Owerri West,Yes
f40a4be8-264d-4071-8a3f-18c5235cd853,HB 1211,Hon Nnamdi Ezechi,House,PDP,Delta,Nkokwa East/Ndokwa West/ Ukwuani,Yes
653fe8ba-6626-41eb-9892-66d43230fbb9,HB 797,Isa Dogonyaro,House,APC,Jigawa,Babura/Garki,Yes
8c81d530-8c04-4885-9cf7-ac093134d01c,HB 990,Hon Sada Soli,House,APC,Katsina,Jibia/Kaita,Yes
fe6f4f28-9e15-4547-b42e-63dd78612da3,HB 560,Hon Abiola Peter Makinde,House,APC,Ondo,Ondo East/Ondo West,Yes
14b37653-e7f8-4024-bf92-bbe6281dfbc9,HB 1470,Hon Julius Ihonvbere,House,APC,Edo,Owan East/Owan West,Yes
d5aaadbe-6e87-4ee4-86bf-7014bf6f00f3,SB 461,Sen. Michael Opeyemi Bamidele,Senate,APC,Ekiti,,Yes
5d273f7f-55d6-4253-ad57-09dcb127c4c3,HB 791,Hon Paul Nnamchi,House,LP,Enugu,Enugu East/Isi Uzo,Yes
6c78684a-5ae8-48da-8aac-fdf211c058bb,HB 1441,Executive,House,APC,N/A,.,Yes
a15550ca-d938-4b17-81c3-54f8e33ed85e,SB 455,Sen. Michael Opeyemi Bamidele,Senate,APC,Ekiti,,Yes
06541737-9a4c-4fa1-9854-26ceb440d36f,HB 1059,Hon Benjamin Kalu,House,APC,Abia,Bende,Yes
2f5d44dd-f590-42fb-9f44-4ef3a50b2717,HB 878,Hon Abiola Peter Makinde,House,APC,Ondo,Ondo East/Ondo West,Yes
33542804-2548-48cc-9f61-a0c7a36af909,HB 601,Hon Ibrahim Ayokunle Isiaka,House,APC,Ogun,Ifo/Ewekoro,Yes
33542804-2548-48cc-9f61-a0c7a36af909,HB 601,Hon Benjamin Kalu,House,APC,Abia,Bende,No
43d55c40-7f75-4887-8d0c-f27691293766,SB 731,Sen. Ibrahim Jimoh Folorunsho,Senate,APC,Ondo,,Yes
99ede6d0-46b9-4b04-8467-0d31e03cfb8c,SB 363,Sen. Barau Jibrin,Senate,APC,Kano,,Yes
68939bc2-5954-41a8-bf6c-6cf96302a85a,HB 600,Hon Benjamin Kalu,House,APC,Abia,Bende,Yes
2af1bb12-bc92-4b86-abfe-bf9b6d92c523,SB 820,Sen. Sunday Steve Karimi,Senate,APC,Kogi,,Yes
a6d516a1-bdcf-420c-9a28-b93405cc6f6c,SB 962,Sen. Sunday Steve Karimi,Senate,APC,Kogi,,Yes
3e4c8370-a95a-40ca-b93f-8da8d6465b33,HB 2072,Daniel Amos,House,APC,Kaduna,Jema’a/Sanga,Yes
3e4c8370-a95a-40ca-b93f-8da8d6465b33,HB 2072,Daniel Asama Ago,House,APC,Plateau,Jos North/Bassa,No
3e4c8370-a95a-40ca-b93f-8da8d6465b33,HB 2072,Hon Tajudeen Abbas,House,APC,Kaduna,Zaria,No
3b237aba-1787-4fc5-b453-fd04a271670b,SB 373,Sen. Michael Opeyemi Bamidele,Senate,APC,Ekiti,,Yes
85b6b049-38bc-4612-8521-4742711c6210,HB 1259,Hon Julius Ihonvbere,House,APC,Edo,Owan East/Owan West,Yes
507cef4b-0492-4862-b80f-c7ed674a8a8b,SB 645,"Oluwole, Fasuyi Cyril",Senate,APC,Ekiti,,Yes
2ad9f688-ddba-4a4a-9617-f7b687681056,HB 1632,Hon Akintunde Rotimi,House,APC,Ekiti,Ikole/Oye,Yes
64cd4052-2d23-4c3c-9658-2150463bf9b7,HB 2056,Hon Tajudeen Abbas,House,APC,Kaduna,Zaria,Yes
abf371f8-320a-4386-98b7-d774b21d7026,SB 712,Sen. Godswill Akpabio,Senate,APC,Akwa Ibom,,Yes
a2696e0b-8a5c-408f-b8b9-b1bdfd72cff0,HB 2240,Hon Tajudeen Abbas,House,APC,Kaduna,Zaria,Yes
1a98acc9-d067-436b-9ccb-cce673b86509,SB 926,Sen. Abdulaziz Yari,Senate,APC,Zamfara,,Yes
827a1886-832e-47ac-84e4-a881cd43d287,HB 2244,Mukhtar Umar Zakari,House,NNPP,Kano,Tarauni,Yes
7d57252b-216f-4d03-b3b0-0010760ae883,SB 248,Sen. Yau Sahabi Alhaji,Senate,APC,Zamfara,,Yes
0539dfb5-7bc4-471a-bab3-4d7c109dc886,HB 2708,Executive,House,APC,N/A,.,Yes
e355e715-6233-47f0-bf55-0292c900787d,SB 1012,Sen. Michael Opeyemi Bamidele,Senate,APC,Ekiti,,Yes
4315db40-1074-496e-a8b0-5ff4353e063f,SB 93,Sen. Yau Sahabi Alhaji,Senate,APC,Zamfara,,Yes
900781d9-1825-410f-9fb1-6e35caccdcff,HB 1469,Hon Adewunmi Oriyomi Onanuga,House,APC,Ogun,Ikenne/Sagamu/Remo North,Yes
36b3e470-b0bf-40f7-88be-d9b2428c2456,HB 414,Hon Agbedi Yeitiemone Frederick,House,PDP,Bayelsa,Sagbama/Ekeremor,Yes
7a99de96-6d85-4261-9783-18272cf3dac5,HB 396,Hon Saidu Musa Abdullahi,House,APC,Niger,Bida/Gbako/Katcha,Yes
1eb84d18-35c9-4faa-8bc6-6f52b12c10bd,HB 468,Hon Dachung Musa Bagos,House,PDP,Plateau,Jos South/Jos East,Yes
40b71640-8a3d-464c-9291-c33fd204b362,HB 620,Hon Benjamin Kalu,House,APC,Abia,Bende,Yes
3658e8fd-48bb-4206-ab53-23062a10a965,HB 1816,Hon Unyime Josiah Idem,House,PDP,Akwa Ibom,Ukanafun/Oruk Anam,Yes
b890116a-d90d-42ac-9fdf-ff9d4fa1aaec,HB 1270,Moses Oluwatoyin Fayinka,House,APC,Lagos,Mushin II,Yes
959bac16-3ffd-4da7-9980-0230cddd7661,SB 134,Sen. Eze Kenneth Emeka,Senate,APC,Ebonyi,,Yes
d90908a9-8b28-46f1-96d4-9eaec003efe6,HB 2039,Hon Abdulmumin Ari Mohammed,House,APC,Nasarawa,Nassarawa/Toto,Yes
db831799-5575-43e9-99c5-c3b9fb63c1b9,HB 23,Hon Tajudeen Abbas,House,APC,Kaduna,Zaria,Yes
33f11ba3-4202-425f-acca-90b3a17b6478,HB 420,Hon Julius Ihonvbere,House,APC,Edo,Owan East/Owan West,Yes
7573962d-0efc-4a12-b3fc-833002dfdcae,HB 1392,Chinedu Tochukwu Okere,House,APC,Imo,Owerri Municipal/Owerri North/Owerri West,Yes
bfa30703-5547-4c31-bf4d-cb5417494bc2,HB 598,Hon Chinedu Ogah,House,APC,Ebonyi,Ezza South/Ikwo,Yes
45c75fa3-74a6-43ac-9811-a51cad4953b7,HB 1279,Ali Isa,House,PDP,Gombe,Balanga/Billiri,Yes
a44b6155-1acf-4bb4-bd5c-e1679a93af54,SB 973,"Sen. Diket, Satso Plang",Senate,APC,Plateau,,Yes
81bcdb0b-2cbe-4eee-8165-a8d112d19235,SB 347,"Sen. Ndubueze, Patrick Chiwuba",Senate,APC,Imo,,Yes
67aa88a7-da42-442e-96b3-79c09df04312,HB 182,Hon Julius Ihonvbere,House,APC,Edo,Owan East/Owan West,Yes
94d650a5-f095-4331-a802-c98b5920d8d9,SB 851,Sen. Kaka Shehu Lawan,Senate,APC,Borno,,Yes
b54fd6a7-91cc-496d-aee6-20a52cf0af67,SB 974,Joseph Ikpea,Senate,APC,Edo,,Yes
2fbbcb68-276e-44e1-98a5-61dbea058fe5,HB 1003,Hon Hassan Shehu Hussain,House,NNPP,Kano,Nassarawa,Yes
468781c0-621c-48d6-823f-1be4b61f1872,HB 2090,Hon Adetola Kafilat Ogbara,House,APC,Lagos,Kosofe,Yes
83032488-caee-49f9-ab3d-f727718970d5,HB 357,Hon Lanre Okunlola,House,APC,Lagos,Surulere II,Yes
d9361521-9097-40bf-ba91-27b4c357ee46,HB 1427,Hon Ugochinyere Onyinye Ikeagwuonu,House,PDP,Imo,Ideato North/Ideato South,Yes
fe2d5a21-002d-4504-856f-75a057eead65,SB 632,Sen. Mustapha Musa,Senate,APC,Yobe,,Yes
45ef004c-bab3-4a30-8171-b73938dda92c,SB 333,Sen. Tony Nwoye,Senate,ADC,Anambra,,Yes
f0d7bfd9-e354-4b37-843b-57875848b800,HB 2621,Murphy Osaro Omoruyi,House,LP,Edo,Egor/Ikpoba-Okha,Yes
2a48e171-3a93-44c1-beb5-42e99f59b1e2,HB 546,Hon Okunjimi John Odimayo,House,APC,Ondo,Okitipupa/Irele,Yes
9b1bacfd-0c50-4ec3-82c3-f85a8662c260,HB 391,Hon Gagdi Adamu Yusuf,House,APC,Plateau,Kanke/Pankshin/Kanam,Yes
af2cbea3-7892-4356-a1f9-fb39fa3dd2ea,HB 398,Hon Saidu Musa Abdullahi,House,APC,Niger,Bida/Gbako/Katcha,Yes
dfbb93ca-48f1-4d1c-94f4-557ed33b156d,HB 30,Hon Ghali Tijjani Mustapha,House,NNPP,Kano,Alabasu/Gaya/Ajingi,Yes
3feee98a-9b57-402d-88c0-fddc2e6f2149,HB 1557,Mukhtar Umar Zakari,House,NNPP,Kano,Tarauni,Yes
34fb690d-8ae8-4ba3-9f68-ea8e1112f755,SB 593,Sen. Aliyu Magatakarda Wamakko,Senate,APC,Sokoto,,Yes
4a2d4246-d498-4a8d-a438-58ab6fac3f11,HB 503,Hon Julius Ihonvbere,House,APC,Edo,Owan East/Owan West,Yes
4cfbe5e2-7249-4a29-a947-5e7cb1d26cc7,HB 274,Hon Julius Ihonvbere,House,APC,Edo,Owan East/Owan West,Yes
764a0447-619b-43b9-847f-635850ebb43d,HB 716,Hon Ibrahim Almustapha Aliyu,House,APC,Sokoto,Wurno/Rabah,Yes
f2e93aad-2930-4f5f-8ca0-7ffdb33bb020,HB 402,Hon Saidu Musa Abdullahi,House,APC,Niger,Bida/Gbako/Katcha,Yes
47b4f5a2-57df-4ff6-b2c8-e328246e940e,HB 2157,Hon Sada Soli,House,APC,Katsina,Jibia/Kaita,Yes
8c3fcf6b-25dd-4979-8037-7145fb4d0793,HB 591,Clement Jimbo,House,APC,Akwa Ibom,Abak/Etim Ekpo/Ika,Yes
d3093120-4b7a-4149-a00c-9724d5efda9a,SB 107,Sen. Solomon Adeola Olamilekan,Senate,APC,Ogun,,Yes
1f2f9e22-5b22-4618-9890-39ee82f64e90,HB 679,Hon Nnamdi Ezechi,House,PDP,Delta,Nkokwa East/Ndokwa West/ Ukwuani,Yes
236cd86a-1afd-4309-8117-ecf46e352925,SB 957,Sen. Kaka Shehu Lawan,Senate,APC,Borno,,Yes
21e5ad8b-a9e6-4a25-8215-2fb5592773bc,HB 424,Hon Ibrahim Almustapha Aliyu,House,APC,Sokoto,Wurno/Rabah,Yes
c7aa309a-33e0-46a6-a699-2f7c705e0ca9,HB 1287,Hon Zakaria Dauda Nyampa,House,PDP,Adamawa,Madagali/Michika,Yes
86306866-cf41-42fc-8c70-c79ef8d46d91,HB 1065,Hon Benjamin Kalu,House,APC,Abia,Bende,Yes
4b7f3b10-5d55-4d9d-aeaf-9b8f0e95cc9f,SB 546,Simon Bako Lalong,Senate,APC,Plateau,,Yes
9696e19d-a660-4d1d-bda8-ba507823744e,HB 2665,Hon Abdulmumin Ari Mohammed,House,APC,Nasarawa,Nassarawa/Toto,Yes
b14605ba-d1a3-4a33-a547-8642fd82c62c,HB 837,Hon Mansur Manu Soro,House,APC,Bauchi,Darazo/Gunjuwa,Yes
3672f457-9306-43cb-a8ac-2eb6c9b58fb6,HB 1176,Adedayo Samuel Adesola,House,APC,Lagos,Apapa,Yes
f0fbe254-4a61-4063-b295-42aca57a2cd4,HB 1357,Hon Tajudeen Kareem,House,APC,Oyo,Saki East/Saki West/Atisbo,Yes
ad8700cb-c816-4373-886a-c896c438a44b,HB 2712,Hon Tajudeen Abbas,House,APC,Kaduna,Zaria,Yes
5ecdb82a-9291-4541-b1f4-c6c8d9ba6bff,SB 498,Sen. Afolabi Salisu,Senate,APC,Ogun,,Yes
9a4f67d4-6968-4082-801c-91f3cbcdc955,HB 1599,Hon Adedeji Stanley Olajide,House,PDP,Oyo,Ibadan South West/Ibadan North West,Yes
005302bb-6a05-40ed-bae9-c5d8b44c801f,HB 852,Chimaobi Sam Atu,House,LP,Enugu,Enugu North/Enugu South,Yes
9e3c5cde-1147-408a-ba2f-e1ca525b77b0,HB 406,Mukhtar Umar Zakari,House,NNPP,Kano,Tarauni,Yes
adf7d3d0-d069-4dc9-827b-87d1b8d051d2,HB 374,Hon Austin Asema Achado,House,APC,Benue,Gwer East/Gwer West,Yes
e996c487-87da-40f7-8c8b-5abf8bb34767,HB 433,Hon Zakaria Dauda Nyampa,House,PDP,Adamawa,Madagali/Michika,Yes
9d05fcd3-c2f2-4dab-ae65-a6645dee0c58,SB 123,Sen. Tony Nwoye,Senate,ADC,Anambra,,Yes
57e2961d-d082-491a-acb4-67861385480b,HB 2584,Akarachi Etinosa Tosan,House,APC,Imo,Ikeduru/Mbaitoli,Yes
ec0ded16-e3b6-43da-b7a6-d46e7853fb26,HB 1908,Hon Eze Nwachukwu Eze,House,APC,Ebonyi,Ebonyi/Ohaukwu,Yes
851e2647-e066-4331-98b9-224f2d68db54,SB 563,Sen. Mohammed Sani Musa,Senate,APC,Niger,,Yes
d2f1d34c-e4ae-4837-9ebe-5688756c0cc9,HB 2616,Hon Aminu Jaji,House,APC,Zamfara,Kaura-Namoda/Birnin Magaji,Yes
77719448-428e-48e5-b59b-dfeff4d770af,SB 261,Sen. Ibrahim Dankwambo,Senate,PDP,Gombe,,Yes
bfec7599-99d8-4671-b521-0b95515263bb,HB 1564,Hon Ibrahim Mohammed Bukar,House,APC,Borno,Dikwa/Mafa/Konduga,Yes
f031b8cd-89a2-4a7c-837f-84cddd097071,HB 472,Hon Abass Adekunle Adeogun,House,PDP,Oyo,Ibadan North East/Ibadan South East,Yes
6860b0e1-3d99-4cad-8cac-94b157983431,HB 2043,Jubrin Abdulmumin,House,APC,Kano,Bebeji/Kiru,Yes
5c42d33a-bb1f-4264-b494-71c6a9e54a82,HB 778,Hon Jesse Okey-Joe Onuakachi,House,LP,Lagos,Oshodi/Isolo II,Yes
a12780ab-3637-4848-83f6-18db146c50a4,HB 238,Hon Philip Agbese,House,APC,Benue,Ado/Obadigbo/Okpokwu,Yes
98120ef3-c9c1-4002-913d-68da225f6b20,HB 2073,Hon Abiodun James Faleke,House,APC,Lagos,Ikeja,Yes
0089f9ad-2de2-4512-b821-da06e7f97ead,HB 2693,Executive,House,APC,N/A,.,Yes
5c728760-7d20-49a6-91dc-887cc4aa4fac,SB 998,Executive,Senate,APC,N/A,,Yes
ac2f5c6e-38c9-46a7-beec-d76389273532,HB 814,Joseph Folorunsho Adegbesan,House,APC,Ogun,Ijebu North/Ijebu East/Ogun Waterside,Yes
98ca85ce-c620-4c51-b5e7-1b7ff79cbdcf,HB 1061,Hon Benjamin Kalu,House,APC,Abia,Bende,Yes
07ee7f0d-1b0c-4b0d-8dc4-3dd79d1c7885,HB 80,Hon Jallo Hussaini Mohammed,House,PDP,Kaduna,Igabi,Yes
35307a96-5d0c-41a8-9c71-7faad5cd3221,SB 226,Sen. Justus Olugbenga Daniel,Senate,APC,Ogun,,Yes
417496b4-c4fc-4574-b2e9-dbbaed72bc91,HB 2172,Hon Adebayo Olusegun Balogun,House,APC,Lagos,Ibeju Lekki,Yes
d6e31046-4d01-4aba-96bf-8e4489e4477d,HB 2343,Hon Emeka Martins Chinedu,House,PDP,Imo,Ahiazu Mbaise/Ezinihitte,Yes
79b81eeb-e470-455b-af13-e2a218024565,HB 2123,Hon Babajimi Adegoke Benson,House,APC,Lagos,Ikorodu,Yes
79b81eeb-e470-455b-af13-e2a218024565,HB 2123,Hon Amobi Ogah,House,LP,Abia,Isuikwuato/Umu-Nneochi,No
79b81eeb-e470-455b-af13-e2a218024565,HB 2123,Hon Benjamin Kalu,House,APC,Abia,Bende,No
79b81eeb-e470-455b-af13-e2a218024565,HB 2123,Hon Abdussamad Ibrahim Dasuki,House,PDP,Sokoto,Kebbe/Tambuwal,No
79b81eeb-e470-455b-af13-e2a218024565,HB 2123,Hon Jonathan Ajirioghene Ukodhiko,House,PDP,Delta,Isoko North/Isoko South,No
79b81eeb-e470-455b-af13-e2a218024565,HB 2123,Gaza Jonathan Gbefwi,House,PDP,Nasarawa,Keffi/Karu/Kokona,No
79b81eeb-e470-455b-af13-e2a218024565,HB 2123,Kelechi Nwogu,House,PDP,Rivers,Etche/Omuma,No
568834b2-78db-4ad7-82ff-7bf59ca29516,HB 299,Hon Obinna Aguocha,House,LP,Abia,Umuahia North/ Umuahia South/ Ikwuano,Yes
56c188d5-a955-4de9-80e1-798dfe1b528d,HB 851,Chimaobi Sam Atu,House,LP,Enugu,Enugu North/Enugu South,Yes
5cab9f34-8b2e-4044-9c26-f578977e6fe9,SB 961,Sen. Sunday Steve Karimi,Senate,APC,Kogi,,Yes
2aac2c73-fb16-4af6-a8f5-3a598de62d5d,SB 386,Sen. Solomon Adeola Olamilekan,Senate,APC,Ogun,,Yes
43c1f18a-3a56-4733-a19c-0ce36af21eba,HB 2624,Murphy Osaro Omoruyi,House,LP,Edo,Egor/Ikpoba-Okha,Yes
41ac5771-37a6-40a1-bfb5-f6877b5ac438,SB 479,Osita Ngwu,Senate,APC,Enugu,,Yes
ef1562d1-a949-405a-bf74-9a13f8cc902f,HB 862,Hon Olufemi Ogunbanwo,House,APC,Ogun,Ijebu Ode /Odogbolu /Ijebu North East,Yes
1a5bf685-ac99-4bf1-8182-6bf32c27e384,SB 357,Sen. Mohammed Tahir Monguno,Senate,APC,Borno,,Yes
fbfcb118-5074-4453-88c1-256b1d945445,HB 1079,Hon Tajudeen Abbas,House,APC,Kaduna,Zaria,Yes
17f4bc3f-abb7-4f67-8e79-2dd996adb3a1,HB 1531,Hon Paul Asuquo Ekpo,House,PDP,Akwa Ibom,Etinan/Nsit Ibom/Nsit ubium,Yes
0a5178a5-bba9-4dec-85fa-d11df906d037,HB 1393,Chinedu Tochukwu Okere,House,APC,Imo,Owerri Municipal/Owerri North/Owerri West,Yes
6a88aa9b-b0d2-4030-9b98-77f7e3e8c09b,SB 19,Sen. Orji Uzor Kalu,Senate,APC,Abia,,Yes
bdba70ff-c1e0-4013-9608-d19a85f3efb6,HB 2645,Hon Paul Nnamchi,House,LP,Enugu,Enugu East/Isi Uzo,Yes
5bb1ee96-ffef-4b0c-bf09-25b6d11fd6e2,HB 528,Hon Hassan Mohammed,House,NNPP,Kano,Dawakin Kudu/Warawa,Yes
43a9584f-2a74-4c00-8bac-6b567b0d8ba6,HB 421,Hon Julius Ihonvbere,House,APC,Edo,Owan East/Owan West,Yes
33c5190f-62a8-4f25-ad9c-f3b6ee158c39,SB 662,"Sen. Abdulrahman, Kawu Suleiman",Senate,NNPP,Kano,,Yes
c16a48b8-7583-45ce-8f23-d4db31992a77,HB 1060,Hon Benjamin Kalu,House,APC,Abia,Bende,Yes
c8c74291-7eae-4cb6-8280-ac5bbecf4b4e,SB 83,Sen. Lawal Adamu Usman,Senate,ADC,Kaduna,,Yes
b44c29da-48ad-4685-8619-67a312e14d1c,HB 2692,Executive,House,APC,N/A,.,Yes
cd15dfc6-021a-4570-80c7-0a889a604d96,SB 997,Executive,Senate,APC,N/A,,Yes
49d8402d-f183-4b2d-9a06-48d32716bc3f,SB 193,Sen. Onawo Mohammed Ogoshi,Senate,ADC,Nasarawa,,Yes
24cf9bc7-5f25-4316-a1ce-51736de30b59,SB 506,Zam Titus Tartenger,Senate,APC,Benue,,Yes
5db19234-4a3c-45cf-b4e9-b02c91217069,SB 525-,Sen. Aminu Iya Abbas,Senate,PDP,Adamawa,,Yes
b835b672-9013-4aa7-8330-3b45e7957afa,SB 24,Sen. Aminu Iya Abbas,Senate,PDP,Adamawa,,Yes
f519eefc-b903-40db-8e71-686d8918a166,SB 524,Sen. Aminu Iya Abbas,Senate,PDP,Adamawa,,Yes
aa792c9b-9018-43ac-8709-7219e5c2c1ff,SB 589,Sen. Jibrin Isah,Senate,APC,Kogi,,Yes
5a21ebd6-a817-46eb-ae0f-61cb289fb467,SB 558,Sen. Oluwole Fadeyi Olubiyi,Senate,PDP,Osun,,Yes
2293be07-a819-48d8-a05e-66f6a2377a19,HB 1347,Hon Afolabi Moruf Afuape,House,APC,Ogun,Abeokuta South,Yes
e78807c5-8176-4fdf-8062-b99a3e101a48,HB 1415,Hon Oluwaseyi Sowumi,House,LP,Lagos,Ojo,Yes
8ecba0c8-364e-4d62-87f0-c51ad11159ef,SB 989,Sen. Ezenwa Francis Onyewuchi,Senate,LP,Imo,,Yes
d9d74d16-ed3d-4ab3-8759-65f8b3488a02,HB 373,Hon Austin Asema Achado,House,APC,Benue,Gwer East/Gwer West,Yes
8118f49b-975a-4034-8106-c7bd1a1c3abb,HB 475.,Aliyu Sani Madaki,House,NNPP,Kano,Dala,Yes
230736bc-bd12-446e-b667-206fbe7a1fbd,HB 1590,Murphy Osaro Omoruyi,House,LP,Edo,Egor/Ikpoba-Okha,Yes
acc68002-bae3-4ad0-9625-dcced685fa57,HB 292,Hon Lanre Okunlola,House,APC,Lagos,Surulere II,Yes
e2c5f1c3-7a62-47d0-b0a1-3a5ce4312471,HB 978,Henry Odianosen Okojie,House,APC,Edo,Esan North East/Esan South East,Yes
f6e59d0b-33b0-4465-82bc-3ac2364b68a0,SB 215,Sen. Adetokunbo Mukhail Abiru,Senate,APC,Lagos,,Yes
56ac27e3-0f6b-4c7c-bb0c-b5f0596b8a56,SB 22,Sen. Orji Uzor Kalu,Senate,APC,Abia,,Yes
6f9a6241-1e5e-4454-8f63-ce81f9287926,SB 139,Sen. Saliu Mustapha,Senate,APC,Kwara,,Yes
8a9a1291-faba-4495-bb12-9d29281aa77d,HB 48,Hon Pascal Agbodike,House,APGA,Anambra,Ihiala,Yes
59e451a8-ea80-4967-9d4f-d3cfdf9117ca,SB 34.,Sen. Mohammed Tahir Monguno,Senate,APC,Borno,,Yes
ecc78d3c-8027-428d-9325-12d1dbfb99e8,HB 613,Hon Benjamin Kalu,House,APC,Abia,Bende,Yes
8808cc62-eee8-4aed-82c3-120be3907576,HB 1235,Hon Ibrahim Almustapha Aliyu,House,APC,Sokoto,Wurno/Rabah,Yes
1fd2d76e-aa35-4549-866c-3e457cb87498,HB 521,Hon Sunday Umeha,House,LP,Enugu,Ezeagu/Udi,Yes
1501b288-20b1-43d8-a55d-6982e84b64c3,HB 812,Chimaobi Sam Atu,House,LP,Enugu,Enugu North/Enugu South,Yes
cfc1c7f4-635d-45fb-983f-d6df11a40f52,HB 948,Hon Mansur Musa,House,PDP,Kebbi,Aleiro/Gwandu/Jega,Yes
64c21953-e93c-4d96-8fc7-d90b193e7e3d,HB 488,Hon Dumnamene Robinson Dekor,House,PDP,Rivers,Khana/Gokana,Yes
7417428b-1522-4d97-96df-5bf613f70280,HB 730,Akarachi Etinosa Tosan,House,APC,Imo,Ikeduru/Mbaitoli,Yes
808e7532-0a4a-4409-9d77-7901a15ea710,HB 886,Hon Paul Nnamchi,House,LP,Enugu,Enugu East/Isi Uzo,Yes
c74e7be1-6e09-439f-930d-8e360f39cb4b,HB 1311,Hon Benjamin Kalu,House,APC,Abia,Bende,Yes
44c02d80-d5dc-46e2-842d-2d75dbd7ab6c,HB 425,Hon Ibrahim Almustapha Aliyu,House,APC,Sokoto,Wurno/Rabah,Yes
74c0f04a-c8f4-45ef-962a-05463b016fae,HB 1828,Hon Bashir Zubairu,House,APC,Kaduna,Birnin Gwari/Giwa,Yes
ac3c0d13-228d-4100-b9ef-771ffe154692,SB 344,Sen. Aminu Iya Abbas,Senate,PDP,Adamawa,,Yes
6d6694f2-33e3-4590-8393-e10eac9cde18,HB 1549,Ali Isa,House,PDP,Gombe,Balanga/Billiri,Yes
b06cb647-24ed-44db-bbdb-9343f86436ed,HB 2055,Hon Afolabi Moruf Afuape,House,APC,Ogun,Abeokuta South,Yes
1b7180d0-f8c2-421a-8cf1-4dc72169123b,HB 802,Adedayo Samuel Adesola,House,APC,Lagos,Apapa,Yes
deebbb27-dd38-4346-a19c-f08b1a789eb5,HB 533,Hon Amos Gwamna Magaji,House,APC,Kaduna,Zangon Kataf/Jaba,Yes
becfcd43-c70b-4d9e-9bba-9c1e53e79328,HB 1269,Hon Akeem Adeniyi Adeyemi,House,APC,Oyo,Afijio/Oyo East/Oyo West/ Atiba,Yes
9e421651-4cfc-4f90-aaa7-1e6dbdc32db5,SB 759,"Sen. Yar’adua, Abdulaziz Musa",Senate,APC,Katsina,,Yes
b585535d-16f1-49e0-a214-481e30c45ae4,SB 886,"Sen. Banigo, Ipalibo Harry",Senate,PDP,Rivers,,Yes
4eee6bde-a1fa-45b2-8526-585bc18f0224,SB 861,Sen. Samaila Dahuwa Kaila,Senate,PDP,Bauchi,,Yes
67251f9e-5f9b-4b45-9202-d94142d577b7,HB 803,Adedayo Samuel Adesola,House,APC,Lagos,Apapa,Yes
d0db7564-7b4c-4d1e-988f-2c5243978656,SB 418,Zam Titus Tartenger,Senate,APC,Benue,,Yes
1ba1f129-65da-4137-98dd-1ec919b3be29,SB 993,Executive,Senate,APC,N/A,,Yes
7c2e130f-ff7f-4071-a014-035a72c9d8ad,HB 2688,Executive,House,APC,N/A,.,Yes
242b5ae1-25f1-4a57-b886-7dbf02c79356,HB 1668,Hon Adamu Ibrahim Gamawa,House,APC,Bauchi,Gamawa,Yes
8494ccc1-82b5-4b1b-9982-218d6bf5e239,SB 999,Executive,Senate,APC,N/A,,Yes
e40fbb66-6a87-4243-b989-ff27392c6970,HB 2694,Executive,House,APC,N/A,.,Yes
35733b6b-ad02-4824-833a-43be2439db0b,HB 1426,Hon Ugochinyere Onyinye Ikeagwuonu,House,PDP,Imo,Ideato North/Ideato South,Yes
479fa071-3d80-4c52-afb8-b772f4ba2025,HB 483,Hon Martins Etim Esin,House,PDP,Akwa Ibom,Oron/Mbo/Okobo/Udung Uko/Urue Offong/Oruko,Yes
a91fc5c4-a277-4746-b9d7-fe802ad17129,HB 2376,Hon Lukman Mudashiru,House,PDP,Osun,Ayedire/Iwo/Ola-Oluwa,Yes
a91fc5c4-a277-4746-b9d7-fe802ad17129,HB 2376,Hon Abiola Peter Makinde,House,APC,Ondo,Ondo East/Ondo West,No
25469fda-e511-4eaf-9511-a14606d2aa78,SB 472,Sen. Barau Jibrin,Senate,APC,Kano,,Yes
3e089e0d-0f27-4554-bd17-af0c2cefc330,HB 1281,Executive,House,APC,N/A,.,Yes
62437198-79da-40c4-930b-2990fefe5ffa,HB 2344,Hon Emeka Martins Chinedu,House,PDP,Imo,Ahiazu Mbaise/Ezinihitte,Yes
c04dd35f-270a-4b1b-a0e1-8ca0e35495d7,HB 443,Hon Taofeek Abimbola Ajilesoro,House,APC,Osun,Ife Central/Ife North/Ife South/Ife East,Yes
1ecfb61e-c120-4905-8017-e2f4854fbc7c,SB 517,"Sen. Banigo, Ipalibo Harry",Senate,PDP,Rivers,,Yes
dc702fdb-1210-4c58-ae9a-35cd394f8e2e,SB 637,Sen. Tony Nwoye,Senate,ADC,Anambra,,Yes
71f089a2-2b27-45a5-bafd-a2f719d03149,HB 55,Hon Aliu Ademorin Kuye,House,APC,Lagos,Shomolu,Yes
0c717104-a172-4660-9336-c2a3102bbb7b,HB 748,Hon Dennis Idahosa,House,APC,Edo,Ovia North East/Ovia South West,Yes
353bb41a-0dc2-4f1d-bc21-640fafce0d4f,HB 395,Hon Gagdi Adamu Yusuf,House,APC,Plateau,Kanke/Pankshin/Kanam,Yes
74636a3e-777f-4a0a-a392-b8a56e9b45cf,HB 1181,Hon Oluwole Oke,House,PDP,Osun,Obokun/Oriade,Yes
951c6b07-8bcf-4874-9c76-ab71a8ed3fcb,SB 391,"Sen. Asuquo, Ekpenyong",Senate,APC,Cross River,,Yes
9a5db7a4-6706-4bc6-9b07-f1408bc0df56,HB 790,Hon Paul Nnamchi,House,LP,Enugu,Enugu East/Isi Uzo,Yes
88b1976b-21dc-4258-946f-117f06d354af,HB 143,Hon Aliu Ademorin Kuye,House,APC,Lagos,Shomolu,Yes
10a26f73-f902-4244-813b-29bb4f809c4d,SB 323,Sen. Solomon Adeola Olamilekan,Senate,APC,Ogun,,Yes
e3bf7903-376a-4e14-95c4-54aa35d7b86b,HB 178,Hon Awaji-inombek Dagomie Abiante,House,PDP,Rivers,Opobo/Nkoro/Andoni,Yes
d17ff4e2-0d5d-462d-a321-0230f67d6a12,HB 868,Hon Hassan Shehu Hussain,House,NNPP,Kano,Nassarawa,Yes
eb9040e8-6481-46af-902a-f7d286b92e0a,HB 353,Hon Lanre Okunlola,House,APC,Lagos,Surulere II,Yes
c20dadce-f855-4ba0-954a-712c29fdf1c1,HB 863,Hon Olufemi Ogunbanwo,House,APC,Ogun,Ijebu Ode /Odogbolu /Ijebu North East,Yes
3579bede-5057-4e3c-96fc-664d624becdd,HB 740,Hon Julius Ihonvbere,House,APC,Edo,Owan East/Owan West,Yes
b7739319-290d-46f3-b468-007031543f77,SB 449,Rufai Hanga,Senate,NNPP,Kano,,Yes
3756a42a-e330-4f20-9a53-cba12fc9c6e1,SB 267,Sen. Sadiq Suleiman Umar,Senate,APC,Kwara,,Yes
31557226-5aab-4777-bf1f-364452e6a14a,SB 190,Sen. Godswill Akpabio,Senate,APC,Akwa Ibom,,Yes
10b4f879-87bb-452c-a5d0-16009e7417bd,HB 2489,Hon Abdussamad Ibrahim Dasuki,House,PDP,Sokoto,Kebbe/Tambuwal,Yes
b2ab8fcd-97df-4130-8712-4e350ca9dac4,HB 354,Hon Lanre Okunlola,House,APC,Lagos,Surulere II,Yes
cc6744f3-ce5f-4bd0-9e70-2f879a89c589,HB 2341,Hon Emeka Martins Chinedu,House,PDP,Imo,Ahiazu Mbaise/Ezinihitte,Yes
1a3bcaed-057c-4de3-a1e5-fd7624927b62,HB 578,Hon Adamu Tanko,House,PDP,Niger,Gurara/Suleja/Tapa,Yes
0a9779c2-35cc-4a50-ad9f-0dbe06fc95c2,HB 464,Hon Dachung Musa Bagos,House,PDP,Plateau,Jos South/Jos East,Yes
137ebfb2-4184-455a-9200-3643387af450,HB 655,Joseph Folorunsho Adegbesan,House,APC,Ogun,Ijebu North/Ijebu East/Ogun Waterside,Yes
3f43feb2-ee04-4708-9962-d90f81afcaa8,HB 1380,Hon Amobi Ogah,House,LP,Abia,Isuikwuato/Umu-Nneochi,Yes
07f8ff1f-510c-4f28-851d-92bd9c10f4d9,HB 1465,Dalyop Chollom Fom,House,LP,Plateau,Barkin Ladi/Riyom,Yes
e742a62d-7c76-471f-a7eb-fef9210b34cd,HB 388,Hon Gagdi Adamu Yusuf,House,APC,Plateau,Kanke/Pankshin/Kanam,Yes
d2ce195e-2455-4f01-ba1e-1031bae45117,HB 318,Hon Dumnamene Robinson Dekor,House,PDP,Rivers,Khana/Gokana,Yes
ab636385-923f-4927-a7a1-9cec10b9ae02,HB 1468,Mohammed Dan Abba Shehu,House,PDP,Bauchi,Zaki,Yes
fa226feb-5517-4e22-b8e0-366b79a0f744,HB 118,Hon Jeremiah Umaru,House,APC,Nasarawa,Akwanga/Nassarawa Eggon/ Wamba,Yes
9f423de2-ea6a-4f92-950a-3e66ebf91f7a,HB 1323,Obiageli Lillian Orogbu,House,LP,Anambra,Awka North/Awka South,Yes
bb517faa-7e77-4654-b8f9-6cb69a4e1be9,HB 286,Hon Jafaru Gambe Leko,House,APC,Bauchi,Bogoro/Dass/Tafawa Balewa,Yes
a6baaa9b-8848-4f4a-bd17-173db24e8a1a,HB 764,Hon Muhammed Bello Shehu,House,NNPP,Kano,Fagge,Yes
87bf4370-eb08-4687-9784-455bebf5b717,HB 1622,Hon Ibrahim Mohammed Bukar,House,APC,Borno,Dikwa/Mafa/Konduga,Yes
1750b6e6-876e-471a-94b9-6b4481d2a023,HB 359,Hon Sani Adamu,House,NNPP,Kano,Minjibir/Ungogo,Yes
9e752fad-12f1-4bd6-9467-1de47f73d9a5,HB 2033,Hon Donald Ojogo,House,APC,Ondo,Eseodo/Ilaje,Yes
49b8a589-8792-483c-8cb6-88c9a6a3871d,HB 329,Hon Pascal Agbodike,House,APGA,Anambra,Ihiala,Yes
02d51f2d-4738-437f-9d8d-af35ca02f8a2,HB 1351,Hon Benjamin Kalu,House,APC,Abia,Bende,Yes
546dacbb-84b4-42af-94c1-78d47bc0eb34,HB 523,Henry Odianosen Okojie,House,APC,Edo,Esan North East/Esan South East,Yes
a53e66bf-ac3c-42d3-8afc-026f9eebab0b,HB 654,Joseph Folorunsho Adegbesan,House,APC,Ogun,Ijebu North/Ijebu East/Ogun Waterside,Yes
d394afb1-1844-4626-bbfb-04dce487fb89,HB 551,Joseph Folorunsho Adegbesan,House,APC,Ogun,Ijebu North/Ijebu East/Ogun Waterside,Yes
6b1ae52b-b0de-43a8-a158-f4e12ecc3c76,HB 715,Hon Hussaini Ahmed Abdulkarim,House,APC,Kaduna,Kaduna South,Yes
5d5fe0bf-b6bd-448b-81ef-cacd62018eb5,HB 479,Hon Aliu Ademorin Kuye,House,APC,Lagos,Shomolu,Yes
71b8dd57-3ce3-41f0-a456-1e319dde2c61,HB 2654,Hon Usman Zannah,House,APC,Borno,Kaga/Gubio/Magumeri,Yes
71b8dd57-3ce3-41f0-a456-1e319dde2c61,HB 2654,Hon Satomi Alhaji Ahmad,House,APC,Borno,Jere,No
acf2569b-11ab-4f79-8856-35a50e6e238c,SB 766,"Sen. Diket, Satso Plang",Senate,APC,Plateau,,Yes
fbff31e7-a526-41ab-a951-29eaae496562,HB 1547,Chris Nkwonta,House,PDP,Abia,Ukwa East/Ukwa West,Yes
a5d10b96-9e5c-49bd-a241-b08c5a24a3ec,HB 774,Chris Nkwonta,House,PDP,Abia,Ukwa East/Ukwa West,Yes
637a88d4-48e5-4f29-b25a-ff697305be5c,HB 692,Hon Benjamin Kalu,House,APC,Abia,Bende,Yes
ee5b9342-a350-4a04-927e-674bb500211e,HB 737,Joseph Folorunsho Adegbesan,House,APC,Ogun,Ijebu North/Ijebu East/Ogun Waterside,Yes
4fc88020-7f98-4d2d-baea-dad3bb2127c8,HB 243,Hon Olumide Babatunde Osoba,House,APC,Ogun,Abeokuta North/ Obafemi- Owode/Odeda,Yes
f8dc6a9a-2198-4a6a-b507-b3a26d183912,HB 269,Hon Osi Kama Nkemkanma,House,LP,Ebonyi,Ivo-Ohaozara/Onicha,Yes
ad639269-53c5-4f60-b3e1-7954beb5ec0b,SB 394,Sen. Adetokunbo Mukhail Abiru,Senate,APC,Lagos,,Yes
45f48808-e888-47a5-8ea6-1e7826ca0a81,HB 1491,Hon Marcus Onobun,House,PDP,Edo,Esan Central/Esan South/ Igueben,Yes
9a17831d-ef7b-4f8e-8790-8aca9eb0a1af,HB 825,Hon Chinedu Ogah,House,APC,Ebonyi,Ezza South/Ikwo,Yes
790ef802-96e9-4b9f-8bcd-d8cfa2dd2594,HB 370,Hon Adedeji Stanley Olajide,House,PDP,Oyo,Ibadan South West/Ibadan North West,Yes
1a38d590-4773-4328-a596-506945d9d3d4,HB 1015,Hon Adamu Tanko,House,PDP,Niger,Gurara/Suleja/Tapa,Yes
f115d520-4f71-448a-9ee3-787cf519a422,SB 435,Sen. Mohammed Sani Musa,Senate,APC,Niger,,Yes
89db0319-a358-4759-bab2-7d6dd17a86b2,HB 643,Hon Alex Egbona,House,PDP,Cross River,Yakurr/Abi,Yes
c92fb16e-4274-4df1-82b4-40b3fe41f7ff,HB 1009,Hon Jesse Okey-Joe Onuakachi,House,LP,Lagos,Oshodi/Isolo II,Yes
645115ae-5f37-400f-95e4-ff9292a118a7,HB 89,Hon Julius Ihonvbere,House,APC,Edo,Owan East/Owan West,Yes
a91575ea-c200-4f1a-8f18-98870336a57b,SB 21,Sen. Mohammed Tahir Monguno,Senate,APC,Borno,,Yes
36c3e006-9793-4fe3-b114-5a244a477d26,SB 642,Sen. Mustapha Musa,Senate,APC,Yobe,,Yes
370c6fb0-9582-48ee-ba1f-49ac1adcc5fc,HB 2657,Hon Akinola Adekunle Alabi,House,APC,Oyo,Egbeda/Ona-Ara,Yes
817a8298-e90e-4f73-83f1-1a1352eff492,SB 75,"Sen. Joel, Onowakpo Thomas",Senate,APC,Delta,,Yes
3a82e073-78e4-4c48-a9e9-9bef014feda3,HB 1037,Hon Jesse Okey-Joe Onuakachi,House,LP,Lagos,Oshodi/Isolo II,Yes
99876d25-0c86-477c-bff1-8bb4a0f63d93,HB 367,Hon Mathew Nwogu,House,LP,Imo,Aboh Mbaise/Ngor Okpala,Yes
455da450-c6ef-40d6-b81c-e03ac7b7d60d,HB 788,Hon Pascal Agbodike,House,APGA,Anambra,Ihiala,Yes
c84ef4f4-6240-4bc8-97bb-efdf3326858b,HB 966.,Hon Emeka idu,House,LP,Anambra,Onitsha North/Onitsha South,Yes
814e1465-7b36-4d78-b1cd-2677230da0f4,HB 109,Hon Adewunmi Oriyomi Onanuga,House,APC,Ogun,Ikenne/Sagamu/Remo North,Yes
ef79c69d-39d3-4bbf-9bee-3f84f9ed40e9,HB 597,Hon Chinedu Ogah,House,APC,Ebonyi,Ezza South/Ikwo,Yes
0aa32224-89fb-444d-9063-84ff54e114ad,SB 676,Oshiomhole Adams Aliyu,Senate,APC,Edo,,Yes
0cfbdb77-0941-4861-b0a2-089ea3c2b415,HB 1677,Executive,House,APC,N/A,.,Yes
3ab89af5-4e41-4734-ba9e-4fd921e67835,HB 1190,Shehu Dalhatu,House,APC,Katsina,Faskari/Kankara/Sabuwa,Yes
9e04bb39-0ef9-4884-b2bd-72bde63ad58d,SB 573,Sen. Samaila Dahuwa Kaila,Senate,PDP,Bauchi,,Yes
b6d9f78b-272d-40f3-bb68-aab1c0c367fc,HB 1066,Hon Benjamin Kalu,House,APC,Abia,Bende,Yes
96bf40e9-6fa7-4f2b-b5a5-34da4101e320,HB 674,Chris Nkwonta,House,PDP,Abia,Ukwa East/Ukwa West,Yes
fb7735cc-b756-42e7-9aab-e7540c7cbaf7,HB 2163,Hon Julius Gbabojor Pondi,House,PDP,Delta,Burutu,Yes
461fdabc-23ca-4127-b8ba-cee7d350d184,HB 573,Hon Chinedu Ogah,House,APC,Ebonyi,Ezza South/Ikwo,Yes
96047c57-3061-4c80-953b-1fcfbc08eb71,SB 74,Sen. Michael Opeyemi Bamidele,Senate,APC,Ekiti,,Yes
a7996576-6204-40a9-995b-4605d4db88ad,HB 447,Hon Miriam Onuoha,House,APC,Imo,Isiala Mbano/Okigwe/Onuimo,Yes
378a03cb-0f1e-45c3-956d-a36bd177e9cc,HB 1301,Mitema Obordor,House,PDP,Bayelsa,Ogbia,Yes
ddd945db-1c45-445b-aead-c4f9882e0bac,HB 951,Hon Mansur Musa,House,PDP,Kebbi,Aleiro/Gwandu/Jega,Yes
3c8cc1a1-8124-4db8-acb3-49a2c3a1c708,HB 1029,Hon Ibrahim Almustapha Aliyu,House,APC,Sokoto,Wurno/Rabah,Yes
77eb51f5-dce6-454a-a805-af2a316d4317,HB 2131,Hon Jonathan Ajirioghene Ukodhiko,House,PDP,Delta,Isoko North/Isoko South,Yes
f20609e4-3f40-46b6-b9ea-b86ff5304543,SB 407,Sen. Michael Opeyemi Bamidele,Senate,APC,Ekiti,,Yes
b19c1a41-5538-465d-b3c3-876a7bce2590,HB 575,Hon Victor Abang,House,APC,Cross River,Boki/Ikom,Yes
8961bdda-d441-4bdc-93c9-03d412fdbf4c,HB 2164,Hon Julius Gbabojor Pondi,House,PDP,Delta,Burutu,Yes
420c32b6-688d-411e-8447-677794ad97b0,HB 621,Hon Benjamin Kalu,House,APC,Abia,Bende,Yes
1f8ff109-f080-4bea-858c-801bc2b715d6,SB 627,Osita Ngwu,Senate,APC,Enugu,,Yes
f53dafe3-3c9e-4536-abb3-ed7d0d8d42bd,HB 673,Hon Iduma Enwo Igariwey,House,APC,Ebonyi,Afikpo North/Afikpo South,Yes
1019b3b0-30e4-476c-b8d6-8fbdf20e3969,HB 411,Hon Agbedi Yeitiemone Frederick,House,PDP,Bayelsa,Sagbama/Ekeremor,Yes
e9d6d71d-9aef-4aec-952c-527086edc709,HB 409,Hon Agbedi Yeitiemone Frederick,House,PDP,Bayelsa,Sagbama/Ekeremor,Yes
2b5ea516-4ba1-43ea-b7d2-cabb9f5ab95a,HB 258,Hon Dominic Okafor,House,APGA,Anambra,Aguata,Yes
e66cd836-7f59-401e-ab53-94b399e4f815,SB 217,Sen. Ezenwa Francis Onyewuchi,Senate,LP,Imo,,Yes
41089d16-a6b1-493d-8c2c-745db8997527,SB 366,Sen. Ezenwa Francis Onyewuchi,Senate,LP,Imo,,Yes
fb82eff7-4837-49ea-a219-26c57de5d06b,SB 572,Sen. Abdul Ningi,Senate,PDP,Bauchi,,Yes
e41e7233-7fc4-4886-91b0-7a06ffe33cbf,HB 310,Hon Benjamin Kalu,House,APC,Abia,Bende,Yes
43c81ff0-b856-44fd-b85d-b2753f059932,HB 925,Hon Ayodeji Alao,House,APC,Oyo,Ogbomoso North/ Ogbomoso South/Orire,Yes
c7e4f0d1-4770-496c-be97-7e35fc65011d,HB 21,Hon Tajudeen Abbas,House,APC,Kaduna,Zaria,Yes
d2f8d325-e390-470b-8e5b-dfe433bd68bb,HB 1078,Hon Tajudeen Abbas,House,APC,Kaduna,Zaria,Yes
5cfa005c-9b26-450f-a1dc-d975a247df0d,HB 806,Hon Adewale Hameed,House,APC,Lagos,Agege,Yes
a0c258b2-08b7-419d-abb1-57a34dfc8cbb,HB 1096,Hon Adefarati Adegboyega,House,APC,Ondo,Akoko South East/Akoko South West,Yes
fc33ff63-8324-48af-b68c-eea0fb4d413e,SB 553,"Sen. Aliu, Wadada Ahmed",Senate,APC,Nasarawa,,Yes
1e3a6b17-b74a-4aaa-9822-4cc68fd586df,SB 848,Sen. Kaka Shehu Lawan,Senate,APC,Borno,,Yes
6be0a530-2966-45b7-851c-3386b98c5633,HB 88,Hon Obinna Aguocha,House,LP,Abia,Umuahia North/ Umuahia South/ Ikwuano,Yes
35795e19-d3b7-4c5a-b7e0-218e5802410e,HB 555,Mohammed Jamilu Katsina,House,PDP,Katsina,Faskari/Kankara/Sabuwa,Yes
551b1904-decc-47ee-9ca0-ae1c621dfd11,HB 697,Hon Benjamin Kalu,House,APC,Abia,Bende,Yes
b24a3217-596e-451d-b4d5-d9a5cbb89513,HB 881,Hon. Victor Obuzor,House,PDP,Rivers,Ahoada West/Ogba Egbema,Yes
160943f0-2b69-4338-951e-111b161bdba3,HB 453,Hon Dachung Musa Bagos,House,PDP,Plateau,Jos South/Jos East,Yes
2fb4d7e6-dd67-408c-8310-8634db7b7274,SB 143,Sen. Sadiq Suleiman Umar,Senate,APC,Kwara,,Yes
54edba3e-3b63-4620-aaee-420ec652062f,HB 2711,Hon Tajudeen Abbas,House,APC,Kaduna,Zaria,Yes
20573004-c52d-437e-b040-05ba52d6cc89,HB 1030,Hon Dominic Okafor,House,APGA,Anambra,Aguata,Yes
5811e101-456d-41dd-b995-e43386272920,HB 725,Adedayo Samuel Adesola,House,APC,Lagos,Apapa,Yes
52edfd82-ce5c-4060-8222-1ba5019896a3,HB 2209,Hon Chinedu Ogah,House,APC,Ebonyi,Ezza South/Ikwo,Yes
f3fe589f-f954-4935-b7d4-79bac9d205b3,HB 262,Hon Saidu Musa Abdullahi,House,APC,Niger,Bida/Gbako/Katcha,Yes
6dd6459e-7009-4097-8793-424fb89506a8,HB 423,Hon Ibrahim Almustapha Aliyu,House,APC,Sokoto,Wurno/Rabah,Yes
dfbedf83-4b10-49f1-8077-abe5c3ae9601,HB 584,Hon Olusola Steve Fatoba,House,APC,Ekiti,Ado Ekiti/Irepodun/Ifelodun,Yes
79197fc0-c25d-412f-be8f-8e85d7abdac7,HB 900,Hon Akanni Enitan Dolapo-badru,House,APC,Lagos,Lagos Island I,Yes
4ab063ee-772f-4649-b4d4-5a7ecad8ecd8,SB 324,Ashiru Oyelola Yisa,Senate,APC,Kwara,,Yes
84a31ade-af06-47b0-8875-81637a59fdc7,HB 305,Hon Benjamin Kalu,House,APC,Abia,Bende,Yes
b4e28e60-c524-4591-bced-791a96ccb7ee,SB 60,"Sen. Ndubueze, Patrick Chiwuba",Senate,APC,Imo,,Yes
91196633-9f06-4b01-b654-960a20ff8129,SB 747,Sen. Sunday Steve Karimi,Senate,APC,Kogi,,Yes
2010132c-71d8-4889-a021-ce944bfe5f71,HB 843,Hon Amos Gwamna Magaji,House,APC,Kaduna,Zangon Kataf/Jaba,Yes
acaec874-4733-4f56-8627-82785e0799a4,HB 1377,Hon Sulaiman Gumi Abubakar,House,PDP,Zamfara,Gummi/Bukkuyum,Yes
acaec874-4733-4f56-8627-82785e0799a4,HB 1377,Hon Tajudeen Abbas,House,APC,Kaduna,Zaria,No
2dad4609-b291-4726-8b9e-df75acad8aad,HB 727,Hon Dachung Musa Bagos,House,PDP,Plateau,Jos South/Jos East,Yes
43c2bbdd-3e5f-4c72-9e78-80ec739f57bc,HB 805,Hon Satomi Alhaji Ahmad,House,APC,Borno,Jere,Yes
6ab15087-1d56-4249-9e53-cd902e20fd83,SB 250,Sen. Umar Shehu Buba,Senate,APC,Bauchi,,Yes
7b65a3af-1680-4563-aadb-8bcfcf2e8cc0,HB 1062,Hon Benjamin Kalu,House,APC,Abia,Bende,Yes
5e3ebd0b-95ac-4fc9-97b7-f5ed2ba116f4,SB 121,Sen. Tony Nwoye,Senate,ADC,Anambra,,Yes
08d0c346-0efb-4e02-a127-fceaff98cf54,HB 2210,Hon Chinedu Ogah,House,APC,Ebonyi,Ezza South/Ikwo,Yes
c7d0cfc8-5af2-415e-8ac6-144706f0a535,SB 1024,Ani Anthony Okorie,Senate,APC,Ebonyi,,Yes
6886e6ec-c5f2-4d5d-a176-a13bc7854b66,SB 869,Sen. Solomon Adeola Olamilekan,Senate,APC,Ogun,,Yes
f099ab4e-3dfd-4bbf-852f-4bf50cba8842,HB 897,Hon Adetola Kafilat Ogbara,House,APC,Lagos,Kosofe,Yes
72c60d40-68dd-4bee-b387-a6358559f59a,HB 195,Hon Saidu Musa Abdullahi,House,APC,Niger,Bida/Gbako/Katcha,Yes
2117cfc0-6cae-4ca1-b31e-9913e73475c6,HB 2207,Hon Ahmed Munir,House,APC,Kaduna,Lere,Yes
2117cfc0-6cae-4ca1-b31e-9913e73475c6,HB 2207,Hon Tajudeen Abbas,House,APC,Kaduna,Zaria,No
31cc102b-9be8-4d96-a94d-2e6612d5f015,HB 2094,Esosa Iyawe,House,LP,Edo,Oredo,Yes
16c86fde-9a62-40a6-a9ce-530861d77c92,HB 2633,Hon Benjamin Kalu,House,APC,Abia,Bende,Yes
ca269db9-c957-4033-8091-b2ebb8ea142a,SB 163,Sen. Michael Opeyemi Bamidele,Senate,APC,Ekiti,,Yes
b1bcb9a3-fe6c-44b8-a6e0-af6111aa697f,HB 794,Hon Abdulmalik Zubairu,House,APC,Zamfara,Bungudu/Maru,Yes
c58d12ec-71cf-4113-95be-f841d98a3a5b,HB 733,Hon Miriam Onuoha,House,APC,Imo,Isiala Mbano/Okigwe/Onuimo,Yes
448c2a59-537f-4b3e-9450-ac014d91492d,SB 995,Executive,Senate,APC,N/A,,Yes
a3a22ec8-51f2-4da1-a91e-abdbe21ed815,HB 356,Hon Lanre Okunlola,House,APC,Lagos,Surulere II,Yes
79363889-4909-40a8-acca-2436878fa890,SB 748,Sen. Abdul Ningi,Senate,PDP,Bauchi,,Yes
659793a3-3f57-4df6-87ba-5451829e2dc2,HB 2184,Hon Abiodun James Faleke,House,APC,Lagos,Ikeja,Yes
d38b35c7-130a-4aff-a9c3-0647221a9d5b,HB 876,Henry Odianosen Okojie,House,APC,Edo,Esan North East/Esan South East,Yes
4f4ae232-09c6-41f3-970f-472e0dc874b8,HB 2030,Esosa Iyawe,House,LP,Edo,Oredo,Yes
9a9ef5c0-771c-44b3-80ce-45c0947ad1dc,SB 409,Sen. Ned Munir Nwoko,Senate,PDP,Delta,,Yes
1b95fa08-98aa-4f36-b2d6-6ffd30e3ecad,HB 624,Hon Benjamin Kalu,House,APC,Abia,Bende,Yes
e52bd84e-ea78-4e94-95f0-1343998ef2d1,HB 623,Hon Benjamin Kalu,House,APC,Abia,Bende,Yes
16aab71c-d50f-424f-9aca-9eb99bb679bd,HB 879,Hon Abiola Peter Makinde,House,APC,Ondo,Ondo East/Ondo West,Yes
e8fc45ab-3774-4fff-a3cd-13e0c43531ff,HB 47,Hon Pascal Agbodike,House,APGA,Anambra,Ihiala,Yes
40e13ccf-3e47-48e4-831a-739dcee04097,HB 1484,Tarkighir Dickson Dominic,House,APGA,Benue,Guma/Makurdi,Yes
73034245-a724-4021-b3ce-56c99832ac96,HB 1151,Hon Mansur Manu Soro,House,APC,Bauchi,Darazo/Gunjuwa,Yes
0b712ddb-0c08-46d4-99dd-dfa3e6b02b6d,HB 1656,Hon Inuwa Garba,House,PDP,Gombe,Yamaltu/Deba,Yes
6cddb290-99fc-4eab-b9a7-73a916615ca6,HB 2130,Hon Jonathan Ajirioghene Ukodhiko,House,PDP,Delta,Isoko North/Isoko South,Yes
5bcebc64-2f41-436e-aa99-5d60d8e748d6,HB 2622,Murphy Osaro Omoruyi,House,LP,Edo,Egor/Ikpoba-Okha,Yes
8ba974ba-1209-409b-a07f-c86c043adafc,HB 306,Hon Benjamin Kalu,House,APC,Abia,Bende,Yes
0c4f8b0a-c39a-4d7b-985d-978a015a81a4,SB 656,Sen. Olalere Oyewumi,Senate,PDP,Osun,,Yes
d8c8dd15-3ffb-43bf-aecc-03f02a640d99,HB 781,Hon. Sadiq Ango Abdullahi,House,APC,Kaduna,Sabon Gari,Yes
5a8b186e-d896-44c5-b867-5b47ab5dbd30,HB 400,Hon Saidu Musa Abdullahi,House,APC,Niger,Bida/Gbako/Katcha,Yes
7219050f-e2c2-45c2-b2a9-cd4eb040df9b,HB 01,Hon Tajudeen Abbas,House,APC,Kaduna,Zaria,Yes
4453da60-f6b8-453f-8b6e-83255f52a09a,HB 1202,Chike John Okafor,House,APC,Imo,Ehime Mbano/Ihite-Uboma/ Obowo,Yes
26ce1533-7045-49b0-9617-f2d1fe706e4b,SB 778,Sen. Ibrahim Jimoh Folorunsho,Senate,APC,Ondo,,Yes
5e19087e-fa0e-40af-a944-815e4dc8106d,HB 123,Hon Benjamin Kalu,House,APC,Abia,Bende,Yes
c8017c05-1cf3-4fd6-96ab-a9dd18b4c731,HB 1042,Garba Ibrahim Muhammad,House,NNPP,Kano,Gwale,Yes
7544900b-183f-4819-840f-62260182eb4a,HB 227,Hon Dachung Musa Bagos,House,PDP,Plateau,Jos South/Jos East,Yes
15f7a4fd-517d-4de3-b26c-6bccdc79c5e5,HB 950,Hon Mansur Musa,House,PDP,Kebbi,Aleiro/Gwandu/Jega,Yes
238cc1eb-70fd-4c45-8da6-49778f6d6523,SB 571,Ani Anthony Okorie,Senate,APC,Ebonyi,,Yes
427b5443-faa2-4713-b0e3-13274d444fc5,HB 2611,Hon Akintunde Rotimi,House,APC,Ekiti,Ikole/Oye,Yes
1c67496d-53c9-4975-82b9-72cebacd57ff,HB 1186,Daniel Asama Ago,House,APC,Plateau,Jos North/Bassa,Yes
4428f56a-aed6-4adf-a244-f8a6b2cbc40b,HB 2617,Hon Ganiyu Ayuba,House,APC,Lagos,Alimosho,Yes
a61fdc27-f734-4a20-8eea-bcfc599db648,SB 16,"Sen. Banigo, Ipalibo Harry",Senate,PDP,Rivers,,Yes
a9843ce7-a8c4-40c6-bf56-c2cd1f8534ad,HB 510,Hon Abdulmalik Zubairu,House,APC,Zamfara,Bungudu/Maru,Yes
13de409a-ef69-4da5-8fbf-e5df066d9be9,HB 775,Hon Abdulraheem Abdulmaleek,House,PDP,Kogi,Adavi/Okehi,Yes
2c737019-96fe-4b2e-9f87-708bad7aea7a,HB 736,Joseph Folorunsho Adegbesan,House,APC,Ogun,Ijebu North/Ijebu East/Ogun Waterside,Yes
58a061b7-6497-4499-b76d-43e9e834a4b9,SB 284,Sen. Aliyu Magatakarda Wamakko,Senate,APC,Sokoto,,Yes
6621046c-df44-4533-8487-66d95b7ad2fb,HB 1063,Hon Benjamin Kalu,House,APC,Abia,Bende,Yes
1a2d79ef-c28a-4558-8d54-716679fe5e26,HB 15,Hon Francis Ejiroghene Waive,House,APC,Delta,"Ughelli North, Ughelli South/Udu",Yes
19f03453-85dc-4469-bb48-278b53742858,HB 760,Hon. Sadiq Ango Abdullahi,House,APC,Kaduna,Sabon Gari,Yes
802f88ff-708e-4315-a6a0-507adadab63d,HB 750,Hon Dennis Idahosa,House,APC,Edo,Ovia North East/Ovia South West,Yes
ce78fda8-556b-4ced-88b5-39e413da69c3,SB 761,"Sen. Adaramodu, Adeyemi Raphael",Senate,APC,Ekiti,,Yes
66cd480c-ff85-473b-871f-6cb5bf3e654e,SB 122,Sen. Tony Nwoye,Senate,ADC,Anambra,,Yes
7ed63d15-2181-4e88-aa38-884be3a6b6d5,HB 119,Hon Jeremiah Umaru,House,APC,Nasarawa,Akwanga/Nassarawa Eggon/ Wamba,Yes
ece4a75b-b1d6-4398-986f-217809088426,HB 519,Abdullahi Ibrahim Ali,House,APC,Kogi,Ankpa/Omala/Olamaboro,Yes
e8c1a38d-ce9c-4b80-8c00-9bd9df861afc,HB 1453,Mohammed Dan Abba Shehu,House,PDP,Bauchi,Zaki,Yes
fa431274-1f4a-4e3d-8595-a90853e18615,HB 2212,Hon Chinedu Ogah,House,APC,Ebonyi,Ezza South/Ikwo,Yes
2648b3bd-6780-46ad-a35a-1fa5700fdd8e,HB 1012,Hon Abdulmalik Zubairu,House,APC,Zamfara,Bungudu/Maru,Yes
5d1667b5-f219-4531-b6a1-b8c8fdd25093,SB 77,"Sen. Asuquo, Ekpenyong",Senate,APC,Cross River,,Yes
c2cde32c-85cd-4f43-b665-5bef1c7c8372,SB 779,Sen. Abdul Ningi,Senate,PDP,Bauchi,,Yes
00ba1682-e236-40cb-9a3e-fadb836bf6e8,HB 1170,Moses Oluwatoyin Fayinka,House,APC,Lagos,Mushin II,Yes
2aa3cf5e-6df5-4369-beb3-7e95bc8c5534,HB 547,Hon Okunjimi John Odimayo,House,APC,Ondo,Okitipupa/Irele,Yes
5cc4acbf-ee03-41c1-8f29-7764832a9a66,HB 268,Hon Osi Kama Nkemkanma,House,LP,Ebonyi,Ivo-Ohaozara/Onicha,Yes
9cc42c2e-5188-4759-b1d3-822a476b3036,HB 967,Hon Sunday Umeha,House,LP,Enugu,Ezeagu/Udi,Yes
abf4d407-754a-4cb9-880f-3692e07505fa,HB 1008,Hon Nnamdi Ezechi,House,PDP,Delta,Nkokwa East/Ndokwa West/ Ukwuani,Yes
c0168ef2-8db2-46ca-bec5-b563c61a05de,HB 484,Hon Martins Etim Esin,House,PDP,Akwa Ibom,Oron/Mbo/Okobo/Udung Uko/Urue Offong/Oruko,Yes
d36726b6-f95f-4fec-b174-376e444e7263,HB 687,Hon Adamu Tanko,House,PDP,Niger,Gurara/Suleja/Tapa,Yes
ce62e3f6-ec45-47c0-8f8d-9dad67908dc0,HB 1505,Hon Benjamin Kalu,House,APC,Abia,Bende,Yes
274f427c-de32-4492-9788-529e04ffd3d7,SB 902,Ibrahim Lamido,Senate,APC,Sokoto,,Yes
1dae8266-2d54-40b5-b1a4-eb70c47abe34,SB 1019,"Sen. Asuquo, Ekpenyong",Senate,APC,Cross River,,Yes
02532259-963e-4f6e-a1b4-71b596e244e4,HB 985,Hon Abdulmumin Ari Mohammed,House,APC,Nasarawa,Nassarawa/Toto,Yes
d91b8df8-8bdd-472b-9b21-12bb74f9e216,SB 260,"Sen. Adaramodu, Adeyemi Raphael",Senate,APC,Ekiti,,Yes
862a321e-09c9-448a-b5e0-9c93c2e53e29,HB 04,Hon Tajudeen Abbas,House,APC,Kaduna,Zaria,Yes
23cfc277-98cd-443e-ab91-80004b012819,SB 402,"Sen. Yar’adua, Abdulaziz Musa",Senate,APC,Katsina,,Yes
cdc20da3-3513-482c-b97f-6e6a4f796053,HB 2179,Hon Gagdi Adamu Yusuf,House,APC,Plateau,Kanke/Pankshin/Kanam,Yes
58c56834-6916-4da8-99e7-0c70b14bed1e,HB 385,Hon Gagdi Adamu Yusuf,House,APC,Plateau,Kanke/Pankshin/Kanam,Yes
bc679dfe-e164-43f0-818c-d70cf595c9f2,HB 1233,Hon Saidu Musa Abdullahi,House,APC,Niger,Bida/Gbako/Katcha,Yes
0c59085f-cb2d-4261-9d39-f65d2b1fdb11,SB 271,Sen. Tony Nwoye,Senate,ADC,Anambra,,Yes
6c851aea-f852-4c0b-87a2-73036c265351,HB 415,Hon Agbedi Yeitiemone Frederick,House,PDP,Bayelsa,Sagbama/Ekeremor,Yes
0d2e7e53-1a7f-4f20-ae60-80414810afd7,HB 154,Hon Pascal Agbodike,House,APGA,Anambra,Ihiala,Yes
12208551-2194-42d6-96c5-d0b224320413,HB 87,Hon Obinna Aguocha,House,LP,Abia,Umuahia North/ Umuahia South/ Ikwuano,Yes
23343f3b-53fa-4722-98bf-90d516b5e5cb,HB 264,Hon Nicholas Ebomo Mutu,House,PDP,Delta,Bomadi/Patani,Yes
38289e65-0d74-40ed-999f-25b160d57846,HB 857,George Ozodinobi,House,LP,Anambra,Njikoka/Dunukofia/Anaocha,Yes
e541d6bb-55fd-486a-9587-bc52acc923ed,SB 68.,Sen. Michael Opeyemi Bamidele,Senate,APC,Ekiti,,Yes
924672c2-3af9-42a5-8929-306ec5e5ffd8,HB 114,Hon Dumnamene Robinson Dekor,House,PDP,Rivers,Khana/Gokana,Yes
fa9eee66-96c1-4f38-9654-153319fd6303,SB 106,Sen. Justus Olugbenga Daniel,Senate,APC,Ogun,,Yes
4ad6b1fc-9d39-4696-82d8-f3479f5321d5,HB 1020,Hon. Sesoo Ikpagher,House,APC,Benue,Konshisha/Vandeikya,Yes
563669fe-3526-42d9-b4b3-54a62c954e69,SB 340,"Sen. Etim, Bassey Aniekan",Senate,PDP,Akwa Ibom,,Yes
d9ec4bbc-e8aa-4738-b938-0715a90d51ea,HB 135,Hon Julius Ihonvbere,House,APC,Edo,Owan East/Owan West,Yes
fc6136ee-2d4b-4f27-b90e-f0054a186055,HB 375,Hon Austin Asema Achado,House,APC,Benue,Gwer East/Gwer West,Yes
404d5ba3-9e73-4187-bbb1-b080bb4bde25,HB 376,Hon Austin Asema Achado,House,APC,Benue,Gwer East/Gwer West,Yes
8a3cf1b2-36fe-43e5-8c3d-0e9dc82b31d5,HB 213,Hon Benjamin Kalu,House,APC,Abia,Bende,Yes
6db36596-ad9c-414b-8584-3760dc38901c,SB 611,Sen. Babangida Hussaini,Senate,APC,Jigawa,,Yes
a6df9ebe-b1e3-4e90-9462-84900abe2797,SB 57,Sen. David Umahi,Senate,APC,Ebonyi,,Yes
a6df9ebe-b1e3-4e90-9462-84900abe2797,SB 57,Onyekachi Nwaebonyi,Senate,APC,Ebonyi,,No
410d404e-5e60-4f4c-8ebc-02764b31c611,HB 2034,Hon Sulaiman Gumi Abubakar,House,PDP,Zamfara,Gummi/Bukkuyum,Yes
4a229f0c-4438-4b5c-8897-5ac99f61c11d,SB 560,"Sen. Banigo, Ipalibo Harry",Senate,PDP,Rivers,,Yes
8506c54b-cdac-42db-a218-329e6564fb19,HB 2433,Hon Benjamin Kalu,House,APC,Abia,Bende,Yes
3254351b-ebf6-436a-80e9-fe5dc201a28e,HB 184,Hon Lanre Okunlola,House,APC,Lagos,Surulere II,Yes
8895c3af-a337-4eca-8746-831afaeee8d6,HB 392,Hon Gagdi Adamu Yusuf,House,APC,Plateau,Kanke/Pankshin/Kanam,Yes
ff2e0b56-9c76-435e-b4e3-67cb93e5a638,SB 575,Sen. Wasiu Sanni Eshilokun,Senate,APC,Lagos,,Yes
27664bff-f948-443b-8b81-9ba9a9040a57,SB 592,Sen. Jarigbe Agom Jarigbe,Senate,PDP,Cross River,,Yes
5c5c7391-4c65-4fd8-8b25-ccb359e583ef,HB 686,Hon Chinedu Ogah,House,APC,Ebonyi,Ezza South/Ikwo,Yes
eabb4189-1966-4d65-b0e1-cd84e3c703ee,SB 354,Sen. Akpoti-Uduaghan Natasha,Senate,SDP,Kogi,,Yes
996383ba-59ca-4629-aa5c-749d2ba9ac62,HB 1880,Afam Ogene,House,LP,Anambra,Ogbaru,Yes
6badbdb5-f242-43c9-8b97-21b8d99bdebd,SB 650,Sen. Ned Munir Nwoko,Senate,PDP,Delta,,Yes
9118e029-57f6-489f-8a59-2ed99e3b0875,SB 332,Sen. Ned Munir Nwoko,Senate,PDP,Delta,,Yes
279dc54f-237e-44ac-9dd2-9f03d195903d,HB 1251,Executive,House,APC,N/A,.,Yes
44a07bcd-bb40-43fa-991d-4bfb2c434ebc,SB 599,Sen. Adetokunbo Mukhail Abiru,Senate,APC,Lagos,,Yes
7e8fc09f-7712-434c-b139-2b9447203875,HB 136,Hon Julius Ihonvbere,House,APC,Edo,Owan East/Owan West,Yes
4adf03ee-a3fd-4fe4-9601-c21884d64609,SB 362,Sen. Akpoti-Uduaghan Natasha,Senate,SDP,Kogi,,Yes
c0f9bb04-6cd1-4ebb-a9ed-48dda848ac93,HB 90,Hon Balele Aminu,House,APC,Katsina,Dutsin-ma/Kurfi,Yes
08d02032-4318-4c42-a76a-ef05685b95f8,HB 932,Hon Peter Gyendeng,House,PDP,Plateau,Barkin Ladi/Riyom,Yes
2cc1a879-f579-4345-aa17-d32ba01dd24c,HB 1264,Hon Benjamin Kalu,House,APC,Abia,Bende,Yes
08c277cb-04a9-46cc-8c03-0813b218bb31,SB 887,Ani Anthony Okorie,Senate,APC,Ebonyi,,Yes
d6402020-107b-4702-b563-4b4502a2989b,SB 877,Ani Anthony Okorie,Senate,APC,Ebonyi,,Yes
677fd048-a3d0-4e76-8a11-af72b807a5a7,SB 164,Sen. Kaka Shehu Lawan,Senate,APC,Borno,,Yes
7834d0fe-52a2-430c-bdaa-9c910d497bba,SB 871,Sen. Mohammed Ali Ndume,Senate,APC,Borno,,Yes
5d8b6626-b39c-418c-b4f9-3afd900c32c5,SB 792,Sen. Wasiu Sanni Eshilokun,Senate,APC,Lagos,,Yes
960c6549-b345-46a3-9908-4d0f54cd25d1,SB 02,Sen. Sadiq Suleiman Umar,Senate,APC,Kwara,,Yes
de874467-79a0-4b3b-b14e-01ed28a7c54f,SB 258,Sen. Afolabi Salisu,Senate,APC,Ogun,,Yes
ca7c5e24-dfdb-4def-8504-b16a4f15daa9,HB 2140,Hon Sada Soli,House,APC,Katsina,Jibia/Kaita,Yes
b1122ba3-c0a5-42bc-b081-1a7cfbf56027,HB 1670,Dibiagwu Eugene Okechukwu,House,APC,Imo,Ideato North/Ideato South,Yes
232bd887-30cc-47af-b308-6ce02cc80784,HB 786,Hon Pascal Agbodike,House,APGA,Anambra,Ihiala,Yes
8ff10f89-1f09-43c9-8b56-4a0b5fac4653,HB 2132,Hon Adeboye Paul Kalejaiye,House,APC,Lagos,Ajeromi/Ifelodun,Yes
28284aab-8711-4cd0-8df6-ec45913ee9ab,HB 313,Hon Benjamin Kalu,House,APC,Abia,Bende,Yes
6321a6d7-c1b6-40b9-b607-25ec939334ed,SB 84,"Sen. Asuquo, Ekpenyong",Senate,APC,Cross River,,Yes
ea18da06-6c17-408b-b7b4-b54a134a6619,SB 168,"Sen. Abdulrahman, Kawu Suleiman",Senate,NNPP,Kano,,Yes
42a555e7-d273-4f6b-9967-59d0c1e53480,HB 1352.,Hon Afolabi Moruf Afuape,House,APC,Ogun,Abeokuta South,Yes
9ac9989a-5623-46d4-a63c-d05fd747197d,HB 1717,Hon Adetola Kafilat Ogbara,House,APC,Lagos,Kosofe,Yes
c5b96e26-55fa-44dd-b1ba-b56a474d8c4d,HB 1533,Hon Paul Asuquo Ekpo,House,PDP,Akwa Ibom,Etinan/Nsit Ibom/Nsit ubium,Yes
dd62c6e2-b232-4683-a917-5ff8fd6733f9,HB 1461,Hon Makki Yalleman Abubakar,House,APC,Jigawa,Mallam Madori/Kaugama,Yes
dd62c6e2-b232-4683-a917-5ff8fd6733f9,HB 1461,Hon Tajudeen Abbas,House,APC,Kaduna,Zaria,No
f3e1cb27-7f34-41c2-98d4-50105636b9b1,HB 2065,Hon Tasir Olawale Raji,House,APC,Lagos,Epe,Yes
f0c3f6a2-dbf7-4af0-9f8e-7c970610f778,HB 46,Hon Julius Ihonvbere,House,APC,Edo,Owan East/Owan West,Yes
e7a5c1ea-ee53-4d51-8db8-429615b62a09,HB 979,Hon Makki Yalleman Abubakar,House,APC,Jigawa,Mallam Madori/Kaugama,Yes
d3159295-6d30-40dc-8ea8-ce9bf3122b8a,HB 809,Hon Uchenna Okonkwo,House,LP,Anambra,Idemili North/Idemili South,Yes
8eb5c911-a0ea-4880-bdd6-4f4489103ee7,SB 845,Sen. Michael Opeyemi Bamidele,Senate,APC,Ekiti,,Yes
22582605-14c1-4561-965d-bf8f1f02c5f8,SB 750,Sen. Mallam-madori Ahmed Abdulhamid,Senate,APC,Jigawa,,Yes
5b41b8f8-e7b4-421a-8c8d-6c9cbc1d4039,SB 555,Sen. Buhari Abdulfatai Omotayo,Senate,APC,Oyo,,Yes
24f90681-cc81-45e3-baca-bf5f69853912,SB 63,"Sen. Nwokocha, Darlington",Senate,LP,Abia,,Yes
420445cf-cc54-481d-a7e5-97eaaaebdbfc,HB 307,Hon Benjamin Kalu,House,APC,Abia,Bende,Yes
ff3647b6-adfa-42b1-aa83-14b6b9e29d52,HB 251,Hon Dachung Musa Bagos,House,PDP,Plateau,Jos South/Jos East,Yes
0c43818e-50cd-4d50-b65b-0db8baee3b29,HB 1757,Executive,House,APC,N/A,.,Yes
bb7cb219-eefc-422c-95fb-7e6233950cae,SB 584,Sen. Michael Opeyemi Bamidele,Senate,APC,Ekiti,,Yes
3fc56231-b933-4e03-ba00-0425c037d744,HB 603,Hon Adeyemi Taofeek Alli,House,APC,Lagos,Mushin I,Yes
51cd87cf-6ccc-439f-b7ba-d0176fed7bb7,HB 604,Hon Abdulmalik Zubairu,House,APC,Zamfara,Bungudu/Maru,Yes
591d0ee8-c570-47b8-bce0-e4dca2dd1948,HB 167,Hon Adewale Hameed,House,APC,Lagos,Agege,Yes
6afdb472-5768-4d62-a4e0-d31dacf88a96,HB 312,Hon Benjamin Kalu,House,APC,Abia,Bende,Yes
ec53e6cf-dc3d-4e90-bb24-3bd8d3cb5e11,HB 239,Hon Philip Agbese,House,APC,Benue,Ado/Obadigbo/Okpokwu,Yes
0022647d-d9aa-4f7c-b76b-e00197d473d3,HB 1050,Hon Sulaiman Gumi Abubakar,House,PDP,Zamfara,Gummi/Bukkuyum,Yes
c03af5dd-c03b-4828-86dd-a395f2a80cc4,HB 451,Hon Dachung Musa Bagos,House,PDP,Plateau,Jos South/Jos East,Yes
7545a7b6-3c92-4d90-b8af-6ffafff237d3,HB 1038,Hon Tajudeen Abbas,House,APC,Kaduna,Zaria,Yes
7545a7b6-3c92-4d90-b8af-6ffafff237d3,HB 1038,Hon Abdussamad Ibrahim Dasuki,House,PDP,Sokoto,Kebbe/Tambuwal,No
9333e518-39da-49e7-a106-1f00089ae46c,HB 1187,Daniel Asama Ago,House,APC,Plateau,Jos North/Bassa,Yes
f3101b3c-8a85-446e-b444-1fab60635b82,HB 969,Hon Sunday Umeha,House,LP,Enugu,Ezeagu/Udi,Yes
c6c11d60-cb8e-42d1-99c4-65abec39f28d,HB 2579,Blessing Chigeru Amadi,House,PDP,Rivers,Port Harcourt II,Yes
5956f8c6-d297-4d81-bfdd-753e0361da76,HB 183,Hon Lanre Okunlola,House,APC,Lagos,Surulere II,Yes
2d038b32-b4a3-454a-884f-f3c0beaa48c8,SB 616,Sen. Ned Munir Nwoko,Senate,PDP,Delta,,Yes
72dde8c6-b8e2-423c-b50d-5b6319204417,HB 842,Hon Sesi Whingan,House,APC,Lagos,Badagry,Yes
8d248c51-08d0-4f57-a749-7ac7ac47d105,HB 294,Hon Pascal Agbodike,House,APGA,Anambra,Ihiala,Yes
b990ca8b-e4a3-4bd2-96a3-e5a710e0fe36,HB 1756,Executive,House,APC,N/A,.,Yes
d37d6590-3a49-4269-86c0-fb3b050d27e4,SB 585,Sen. Michael Opeyemi Bamidele,Senate,APC,Ekiti,,Yes
b3b016e4-e5a4-4864-bba2-020dd60cbb98,SB 586,Sen. Michael Opeyemi Bamidele,Senate,APC,Ekiti,,Yes
9c319be8-0203-4491-82ed-76d490904da5,SB 162,Sen. David Jimkuta,Senate,APC,Taraba,,Yes
0c99ab4c-b913-48f4-bda0-8ce8cfecc3f2,HB 441,Hon Taofeek Abimbola Ajilesoro,House,APC,Osun,Ife Central/Ife North/Ife South/Ife East,Yes
a6e2f285-1c5d-4979-bd62-95c7c3eccbfb,SB 628,Osita Ngwu,Senate,APC,Enugu,,Yes
1ea2ab1c-ea92-42b4-9788-b52b479b0942,HB 556,Hon. Sesoo Ikpagher,House,APC,Benue,Konshisha/Vandeikya,Yes
71cdf307-664d-471f-9a4b-8106af814f8b,HB 749,Hon Dennis Idahosa,House,APC,Edo,Ovia North East/Ovia South West,Yes
af33c03e-145d-4d5e-8117-903e19687a3c,HB 1160,Hon Sanni Abdulraheem,House,APC,Kogi,Ajaokuta,Yes
ac2aea4c-01bf-47e6-8fcf-f24e1469e01c,HB 652,Hon. Sagir Koki,House,APC,Kano,Municipal,Yes
6aade8b7-5a6a-4d57-9f7d-380f5da2958f,HB 1162,Hon Sanni Abdulraheem,House,APC,Kogi,Ajaokuta,Yes
144e288e-e223-47f4-b82f-47e1f2690350,HB 1601,Ahmed Yinka Aluko,House,APC,Kwara,Ilorin East/Ilorin South,Yes
6ca42345-44fa-433c-ae40-17ed87a3d18c,HB 1013,Hon Abdulmalik Zubairu,House,APC,Zamfara,Bungudu/Maru,Yes
70760ef3-2ad2-4ff1-8225-b5e742dfbf2b,HB 324,Hon Pascal Agbodike,House,APGA,Anambra,Ihiala,Yes
ff27eff1-9757-4d53-ada6-8396e5d979d4,HB 28,Hon Pascal Agbodike,House,APGA,Anambra,Ihiala,Yes
ba5dbc9b-ad9c-4d9f-8ae7-97e92176fbae,SB 159,Sen. Buhari Abdulfatai Omotayo,Senate,APC,Oyo,,Yes
7979562c-8933-4ee1-8d65-7a7ed69d61f0,HB 68,Hon Oluwole Oke,House,PDP,Osun,Obokun/Oriade,Yes
6913818f-d3d7-4368-ac39-894b7c865d51,HB 1283,Hon Bello Ambarura Isah,House,APC,Sokoto,Illela/Gwadabawa,Yes
ba67b216-4485-46a3-b1c5-b27a28010a85,HB 1359,Hon Tajudeen Kareem,House,APC,Oyo,Saki East/Saki West/Atisbo,Yes
86fabbe9-571b-483a-bcef-cc290bef5ea3,HB 2583,Akarachi Etinosa Tosan,House,APC,Imo,Ikeduru/Mbaitoli,Yes
58362ae2-135d-418f-ab66-cd8a8a90e2d7,HB 685,Hon Awaji-inombek Dagomie Abiante,House,PDP,Rivers,Opobo/Nkoro/Andoni,Yes
634319b2-1381-446b-80c0-b304903e63a3,SB 705,Sen. Kaka Shehu Lawan,Senate,APC,Borno,,Yes
322a4eb8-c334-4113-9ae6-30a34a6bcc75,HB 440,Hon Taofeek Abimbola Ajilesoro,House,APC,Osun,Ife Central/Ife North/Ife South/Ife East,Yes
cff03d43-abec-427c-9c27-7de3136d1d2f,HB 743,Hon Sani Muhammad Ahmad,House,APC,Zamfara,Bakura/Maradun,Yes
aceee041-1c4e-4c84-9c55-df781b56aa36,HB 787,Hon Pascal Agbodike,House,APGA,Anambra,Ihiala,Yes
ce87c89a-6e9f-4ebf-8e6e-ae6ea2c8af1c,HB 895,Hon Philip Agbese,House,APC,Benue,Ado/Obadigbo/Okpokwu,Yes
47be162a-fe5e-4c04-96f4-2a9f14f65adb,HB 1394,Chinedu Tochukwu Okere,House,APC,Imo,Owerri Municipal/Owerri North/Owerri West,Yes
a8cb488e-616a-4f26-9fd5-10e0c8629468,HB 667,Chimaobi Sam Atu,House,LP,Enugu,Enugu North/Enugu South,Yes
0ed3458b-f5a9-46a7-94a7-3569335a16fb,HB 1606,Hon Paul Nnamchi,House,LP,Enugu,Enugu East/Isi Uzo,Yes
adc5f00c-75fe-444e-b864-c7eb03a9abdf,HB 492,Hon Miriam Onuoha,House,APC,Imo,Isiala Mbano/Okigwe/Onuimo,Yes
ce7b5d78-d635-48a3-8e0a-4caee19e318c,HB 956,Hon Unyime Josiah Idem,House,PDP,Akwa Ibom,Ukanafun/Oruk Anam,Yes
fe6a2973-676b-4ec1-9b84-b509a8687e11,HB 124,Hon Benjamin Kalu,House,APC,Abia,Bende,Yes
70c69cec-0eeb-4225-8cb3-b1401e80fcff,SB 953,"Sen. Adebule, Idiat Oluranti",Senate,APC,Lagos,,Yes
e82cac08-9d8f-473f-9f69-8956e8200958,SB 308,"Sen. Aliu, Wadada Ahmed",Senate,APC,Nasarawa,,Yes
16c1a711-df16-483f-800e-a197e125b017,HB 59,Hon Kingsley Chinda,House,PDP,Rivers,Obio/Akpor,Yes
507998e1-3547-49ba-9298-f36d5ef62cba,SB 897,"Sen. Asuquo, Ekpenyong",Senate,APC,Cross River,,Yes
3d09b5b2-72dd-4ba2-b293-46a31c195fbe,SB 11,Sen. Mohammed Sani Musa,Senate,APC,Niger,,Yes
c3fb68a1-0efb-4fc6-a2c4-d091990b80af,HB 1167,Hon Tijjani Zannah Zakariya,House,APC,Yobe,Machina/Nguru/Yusufari/ Karasuwa,Yes
141a98e0-67cc-4fd3-89bc-ce0038e1400f,HB 607,Hon Amos Gwamna Magaji,House,APC,Kaduna,Zangon Kataf/Jaba,Yes
7e168ec8-40ef-46c7-b6f0-84ebc298ed81,SB 828,Sen. Barau Jibrin,Senate,APC,Kano,,Yes
5438aef2-5c79-4ea8-8364-36cf2587d3b8,HB 785,Hon Pascal Agbodike,House,APGA,Anambra,Ihiala,Yes
4bc7b84e-d0bf-4ae3-83dc-e97f273109b8,HB 610,Hon Adeyemi Taofeek Alli,House,APC,Lagos,Mushin I,Yes
04dfef69-3f6b-4c5e-b49b-0656038c250d,SB 1021,Sen. Mohammed Sani Musa,Senate,APC,Niger,,Yes
073327df-abdb-407e-a10a-c6605c6b9ba2,HB 74,Hon Oluwole Oke,House,PDP,Osun,Obokun/Oriade,Yes
6bfa3bcc-443a-4a24-97a8-d38a9b472a1d,HB 934,Hon Abdulmalik Zubairu,House,APC,Zamfara,Bungudu/Maru,Yes
77bb3aae-4372-40e3-853f-6d980e48435e,HB 1709,Hon Emeka idu,House,LP,Anambra,Onitsha North/Onitsha South,Yes
f42e4fca-101d-4082-83ae-5f0148eef1eb,HB 1608,Hon Paul Nnamchi,House,LP,Enugu,Enugu East/Isi Uzo,Yes
4bcdf274-81e4-4530-a14b-9cd627a1a4d1,SB 277,Sen. Adetokunbo Mukhail Abiru,Senate,APC,Lagos,,Yes
b04365d0-9845-4998-8791-30a24e66c0ae,HB 2101,Chinedu Tochukwu Okere,House,APC,Imo,Owerri Municipal/Owerri North/Owerri West,Yes
35cbb798-5296-430d-b599-bdf8e09427ad,SB 722,Sen. Omueya Dafinone Edeh,Senate,APC,Delta,,Yes
5cb8e72e-fb8f-4d1c-b2f7-45066a87f4a8,SB 371,Sen. Saliu Mustapha,Senate,APC,Kwara,,Yes
b39be0da-8845-452a-923c-cce7dcc4fd4c,HB 1224,Daniel Asama Ago,House,APC,Plateau,Jos North/Bassa,Yes
887c5286-458b-42ec-b287-d417bf95955f,HB 229,Hon Dachung Musa Bagos,House,PDP,Plateau,Jos South/Jos East,Yes
3270940a-9005-46a4-bf82-be26b2d4ba85,HB 2152,Hon Sada Soli,House,APC,Katsina,Jibia/Kaita,Yes
483f941c-f029-4587-9f47-e6dfdf05808c,SB 669,Sen. Mohammed Sani Musa,Senate,APC,Niger,,Yes
f7a34728-eb52-4f74-a671-e9794e895a8e,HB 2615,Hon Aminu Jaji,House,APC,Zamfara,Kaura-Namoda/Birnin Magaji,Yes
142a0169-5ebd-4eab-925a-d74152919732,HB 1428,Hon Ugochinyere Onyinye Ikeagwuonu,House,PDP,Imo,Ideato North/Ideato South,Yes
e240adaa-7a92-4f38-8468-bf40c7f7367c,SB 78,Sen. Barinada Barry Mpigi,Senate,PDP,Rivers,,Yes
48937fa5-8162-4cdb-80ad-60ae6979f2a9,HB 795,Hon Abdulmalik Zubairu,House,APC,Zamfara,Bungudu/Maru,Yes
81fa91b4-d67e-4ec1-ae15-84939ddb33d8,HB 916,Hon Abdulmalik Zubairu,House,APC,Zamfara,Bungudu/Maru,Yes
15904306-47ec-4560-b761-f26699936872,HB 816,Hon Mansur Manu Soro,House,APC,Bauchi,Darazo/Gunjuwa,Yes
4c758771-daf9-43d2-8a3f-04d796e225de,HB 352,Hon Aliu Ademorin Kuye,House,APC,Lagos,Shomolu,Yes
d0a064fd-1f7f-4185-b1ef-736d2defe3af,SB 607,Sen. Jibrin Isah,Senate,APC,Kogi,,Yes
26bbbd6f-d586-481d-8084-9da7d8049556,HB 1480,Hon Benjamin Kalu,House,APC,Abia,Bende,Yes
0671fd8a-015f-43df-8d5a-0fd6afbd6d55,HB 1318,Hon Bamidele Salam,House,PDP,Osun,Ede North/Ede South/ Egbedore/Ejigbo,Yes
df9e5120-31af-4a47-8423-605ef42f6215,HB 583,Hon. Sadiq Ango Abdullahi,House,APC,Kaduna,Sabon Gari,Yes
13c04c16-bcbb-49bf-9eb6-867191ea2b73,HB 690,Hon Benjamin Kalu,House,APC,Abia,Bende,Yes
69ef3f37-eaaf-4aea-887e-2866230c5bd3,HB 691,Hon Benjamin Kalu,House,APC,Abia,Bende,Yes
4bb8fac2-3f48-4a26-bd1d-6229b952537e,HB 653,Hon. Sagir Koki,House,APC,Kano,Municipal,Yes
92a402d3-72b6-4679-83af-fa76f75a9b95,HB 1161,Hon Sanni Abdulraheem,House,APC,Kogi,Ajaokuta,Yes
82dd887e-02bb-494a-bc6c-c0a0c4e41ded,HB 543,Akarachi Etinosa Tosan,House,APC,Imo,Ikeduru/Mbaitoli,Yes
0473e4b3-7f79-4f1c-9e56-c65452524775,HB 896,Hon Adeyemi Taofeek Alli,House,APC,Lagos,Mushin I,Yes
3f0fd4b7-f677-4c7f-a53f-2e9748365605,HB 241,Hon Philip Agbese,House,APC,Benue,Ado/Obadigbo/Okpokwu,Yes
5c748adf-233b-40ae-bd85-ce5a051c9d33,HB 1657,Hon Inuwa Garba,House,PDP,Gombe,Yamaltu/Deba,Yes
79309915-d8be-44c9-8847-a97a6e451fee,HB 2461,Hon Ahmed Idris Wase,House,APC,Plateau,Wase,Yes
5efec05b-a5c0-4768-b0a3-1c15cecbd30d,HB 1659,Hon Obinna Aguocha,House,LP,Abia,Umuahia North/ Umuahia South/ Ikwuano,Yes
d56e0984-6314-4d9a-b3ec-e1eb921b0f0f,HB 2110,Gaza Jonathan Gbefwi,House,PDP,Nasarawa,Keffi/Karu/Kokona,Yes
f5e9ec29-3587-4fc8-a247-e345adaf5c77,HB 689,Hon Benjamin Kalu,House,APC,Abia,Bende,Yes
84135203-81a5-4f13-a04e-04695281b567,HB 500,Hon Tajudeen Abbas,House,APC,Kaduna,Zaria,Yes
8f5b8f67-d2c9-4d9a-98d1-32de4cf797e1,SB 393,Sen. Adetokunbo Mukhail Abiru,Senate,APC,Lagos,,Yes
7d66304c-a559-4175-b050-4d0f4885d83e,HB 1584,Hon Satomi Alhaji Ahmad,House,APC,Borno,Jere,Yes
09a1c47f-1320-4440-aee4-39a82c19a519,SB 196,"Sen. Aliu, Wadada Ahmed",Senate,APC,Nasarawa,,Yes
0c07a132-8f03-41ac-ab07-2f9e6909f1cc,HB 304,Hon Ozurigbo Ugonna,House,APC,Imo,Isu/Njaba/Nkwerre/Nwangele,Yes
421bf07e-e348-48e0-b30b-d6e68cc459a8,HB 430,Hon Ozurigbo Ugonna,House,APC,Imo,Isu/Njaba/Nkwerre/Nwangele,Yes
d678f9af-c0f5-4095-8c3c-d3056a4fa39a,SB 241,Sen. Nasiru Sani Zangon Daura,Senate,APC,Katsina,,Yes
07b215c0-e64b-4cf0-9378-53643cbac74d,HB 864,Chimaobi Sam Atu,House,LP,Enugu,Enugu North/Enugu South,Yes
c0442345-a680-40d2-bd1e-b1a813e6a8c8,HB 2040,Hon Abdulmumin Ari Mohammed,House,APC,Nasarawa,Nassarawa/Toto,Yes
0713c18f-f45a-491e-a30c-3928cb5acc7c,HB 742,Hon Aliyu Wakili Boya,House,APC,Adamawa,Furore/Song,Yes
0713c18f-f45a-491e-a30c-3928cb5acc7c,HB 742,Hon Francis Ejiroghene Waive,House,APC,Delta,"Ughelli North, Ughelli South/Udu",No
913bc2ab-7676-4dd4-8c90-33e167e3c0bb,HB 225,Hon Alex Egbona,House,PDP,Cross River,Yakurr/Abi,Yes
1a1bdfd7-2721-4dcc-bba1-bc97ea318ddd,HB 73,Hon Oluwole Oke,House,PDP,Osun,Obokun/Oriade,Yes
3f53dadf-5fd4-4cad-8749-570bf895e830,HB 729,Akarachi Etinosa Tosan,House,APC,Imo,Ikeduru/Mbaitoli,Yes
4a9d5886-d94d-4087-9848-96fb43e6580d,HB 693,Hon Benjamin Kalu,House,APC,Abia,Bende,Yes
34627139-4445-4df9-919c-537b9e3f19f1,HB 1573,Hon Moshood Kayode Akiolu,House,APC,Lagos,Lagos Island II,Yes
a7c984b5-d80f-4901-90d7-6c84a31c5162,HB 1594,Hon Francis Ejiroghene Waive,House,APC,Delta,"Ughelli North, Ughelli South/Udu",Yes
e65eddd8-e57b-40e5-87e3-6d2317615107,HB 1183,Hon Oluwole Oke,House,PDP,Osun,Obokun/Oriade,Yes
8d607c71-7b67-46c0-8a95-013a7dc5ae10,HB 34,Hon Julius Ihonvbere,House,APC,Edo,Owan East/Owan West,Yes
e69af73c-56ff-4772-8cfc-967739e52db0,SB 770,Sen. Justus Olugbenga Daniel,Senate,APC,Ogun,,Yes
efd67527-2738-44f0-a84f-d906f22fdd69,SB 730,Sen. Justus Olugbenga Daniel,Senate,APC,Ogun,,Yes
978f7e69-1c73-4948-b5b6-c3f0f99239bc,HB 470.,Hon Francis Ejiroghene Waive,House,APC,Delta,"Ughelli North, Ughelli South/Udu",Yes
4f3f4c26-9e3a-420c-b083-a4614b6a98ea,HB 1353,Hon Zainab Gimba,House,APC,Borno,Bama/Ngala/Kala-Balge,Yes
6ae570ad-6c83-4605-8969-ec99473f8600,HB 2109,Abiodun Isiaq Akinlade,House,APC,Ogun,Egbado South/Ipokia,Yes
52db9479-e762-43d5-b5b1-a4a93b60bb9b,HB 537,Chimaobi Sam Atu,House,LP,Enugu,Enugu North/Enugu South,Yes
d8d0ba37-9d84-4c8f-a412-ff3c20077cff,HB 1166,Simon Chukwuemeka Atigwe,House,PDP,Enugu,Igbo-Eze North/Udenu,Yes
8e51e647-78d4-4f9b-86e2-48c8fe172de6,SB 451,"Sen, Ekong Sampson",Senate,PDP,Akwa Ibom,,Yes
2957e380-da2b-4ef1-8dd2-68e2d1da830f,HB 751,Gaza Jonathan Gbefwi,House,PDP,Nasarawa,Keffi/Karu/Kokona,Yes
4988dbc3-7e42-4f50-8cea-3577ef33c770,HB 1883,Afam Ogene,House,LP,Anambra,Ogbaru,Yes
19bccd79-761a-4c4a-8b27-848418bc2c0e,HB 230,Hon Dachung Musa Bagos,House,PDP,Plateau,Jos South/Jos East,Yes
093bc4ad-342a-4cbe-b8fd-f43ac9b76910,SB 253,Sen. Onawo Mohammed Ogoshi,Senate,ADC,Nasarawa,,Yes
8f101142-a90c-42e0-9ef2-80a7a35acb0d,HB 40,Hon Gagdi Adamu Yusuf,House,APC,Plateau,Kanke/Pankshin/Kanam,Yes
47ccbbaf-7ce8-4bc4-af2a-64a852272c69,HB 808,Hon Uchenna Okonkwo,House,LP,Anambra,Idemili North/Idemili South,Yes
b61dd5a4-0189-42b4-9fa0-6fd5a58fb76f,HB 2613,Hon Aminu Jaji,House,APC,Zamfara,Kaura-Namoda/Birnin Magaji,Yes
a922e402-335c-4a64-b7af-77e849504820,HB 1067,Hon Paul Nnamchi,House,LP,Enugu,Enugu East/Isi Uzo,Yes
98eadd5e-d856-4434-a442-daa750052455,HB 05,Hon Tajudeen Abbas,House,APC,Kaduna,Zaria,Yes
e2021920-3f6d-44b5-bd27-5d58b8ca820e,HB 1082,Hon Tajudeen Abbas,House,APC,Kaduna,Zaria,Yes
94741791-4e02-41af-954f-0821c6e275d9,SB 372,Sen. Oluwole Fadeyi Olubiyi,Senate,PDP,Osun,,Yes
90111c0c-7cf2-4218-8997-4f021d767c11,HB 632,Hon Joshua Gana,House,PDP,Niger,Lavun/Mokwa/Edati,Yes
d65d0035-90b2-4b90-8358-68728390f982,HB 1039,Hon Boma Goodhead,House,PDP,Rivers,Akuku-Toru/Asari-Toru,Yes
23628b12-4eda-4d62-bdc3-ddf4bf19d559,SB 157,Sen. Ohere Abubakar,Senate,APC,Kogi,,Yes
e1d948b4-9204-46f5-bad1-b26b4544b409,HB 894,Hon Philip Agbese,House,APC,Benue,Ado/Obadigbo/Okpokwu,Yes
2c7b063d-55c6-49f1-80b2-f708be59b374,HB 1028,Hon Ibrahim Almustapha Aliyu,House,APC,Sokoto,Wurno/Rabah,Yes
9e179ea7-7102-4b84-bde0-52160b82e6a1,HB 1247,Hon Ibrahim Almustapha Aliyu,House,APC,Sokoto,Wurno/Rabah,Yes
4f7b0617-0558-49ad-8ccd-144c54d25559,HB 482,Hon Julius Ihonvbere,House,APC,Edo,Owan East/Owan West,Yes
869f905c-0443-47f9-8623-1c856c8c45d3,HB 309,Hon Julius Ihonvbere,House,APC,Edo,Owan East/Owan West,Yes
bbd7a848-4b6a-4940-9ec5-4e3480c526dc,HB 65,Hon Oluwole Oke,House,PDP,Osun,Obokun/Oriade,Yes
cce6938c-182f-420b-9069-b1d3c2acaf9c,HB 2099,Hon Hassan Mohammed,House,NNPP,Kano,Dawakin Kudu/Warawa,Yes
42659b61-b3f6-4e03-b5c8-e1e10c141f20,HB 527,Hon Hassan Mohammed,House,NNPP,Kano,Dawakin Kudu/Warawa,Yes
1543e392-766f-4e36-8431-93a12f8b71db,SB 470,Sen. Mallam-madori Ahmed Abdulhamid,Senate,APC,Jigawa,,Yes
af1a47c5-e423-4a38-b039-4cc5daab1018,HB 599,Hon Paul Nnamchi,House,LP,Enugu,Enugu East/Isi Uzo,Yes
2d664995-de7c-43bc-8f0e-1f5ad58cfc83,HB 2111,Esosa Iyawe,House,LP,Edo,Oredo,Yes
80cb62de-b11e-4465-9732-2106584ccf12,HB 458,Hon Dachung Musa Bagos,House,PDP,Plateau,Jos South/Jos East,Yes
fbc24366-371d-4187-8809-7df26092abad,HB 563,Hon Miriam Onuoha,House,APC,Imo,Isiala Mbano/Okigwe/Onuimo,Yes
3c8e95d6-0c6c-4cbe-86b1-888e210894ab,HB 1196,Daniel Asama Ago,House,APC,Plateau,Jos North/Bassa,Yes
d4408125-d8ab-408b-acd2-84bbc30fab7c,HB 1182,Hon Oluwole Oke,House,PDP,Osun,Obokun/Oriade,Yes
8af6949a-bcbd-4164-91fc-417ac7329e9f,HB 457,Hon Dachung Musa Bagos,House,PDP,Plateau,Jos South/Jos East,Yes
909108c3-5f88-4927-91b6-d84c62123b87,HB 1204,Daniel Asama Ago,House,APC,Plateau,Jos North/Bassa,Yes
4804ce2b-c5e1-4ce4-9adf-98a3a02af6e5,HB 534,Hon Amos Gwamna Magaji,House,APC,Kaduna,Zangon Kataf/Jaba,Yes
f5859caa-408d-416a-a47f-50e731489496,SB 09,Sen. Solomon Adeola Olamilekan,Senate,APC,Ogun,,Yes
98977420-e76c-4a36-9fc4-52deb018f349,HB 1378,Hon Blessing Onyeche Onuh,House,APGA,Benue,Otukpo/Ohimini,Yes
98977420-e76c-4a36-9fc4-52deb018f349,HB 1378,Hon Francis Ejiroghene Waive,House,APC,Delta,"Ughelli North, Ughelli South/Udu",No
d38b1dff-4a3a-4c61-a3f5-03282279ebe4,HB 525,Abdullahi Ibrahim Ali,House,APC,Kogi,Ankpa/Omala/Olamaboro,Yes
f5af0efc-925d-4afe-8d00-4f99561be6a9,SB 238,Sen. Barau Jibrin,Senate,APC,Kano,,Yes
f3793373-3586-44e9-88ec-6ebacfbf85b8,HB 39,Hon Gagdi Adamu Yusuf,House,APC,Plateau,Kanke/Pankshin/Kanam,Yes
53dc8694-d5a3-4ace-8246-3b8846954382,HB 358,Hon Lanre Okunlola,House,APC,Lagos,Surulere II,Yes
6075d7ad-9c64-4309-922c-b2bb54653fdd,HB 2108,Abiodun Isiaq Akinlade,House,APC,Ogun,Egbado South/Ipokia,Yes
5d5448f4-a8bb-433e-bdc8-4aefc8e91146,HB 297,Hon Obinna Aguocha,House,LP,Abia,Umuahia North/ Umuahia South/ Ikwuano,Yes
60c0249b-0923-4d2a-a17c-753ab70bbae2,HB 768,Hon Tasir Olawale Raji,House,APC,Lagos,Epe,Yes
5f8195b2-7585-4537-9e83-005d7e2e105b,HB 1225,Hon Oluwole Oke,House,PDP,Osun,Obokun/Oriade,Yes
c3207df2-2367-4a0e-b9c1-7fc7f3608191,HB 564,Hon Miriam Onuoha,House,APC,Imo,Isiala Mbano/Okigwe/Onuimo,Yes
8fe9ae1e-221f-4a58-bb97-c20a1f9a990d,HB 1379,Hon Sunday Anamero Dekeri,House,APC,Edo,Etsako East/Etsako West/ Etsako Central,Yes
bff7d7d2-576a-4819-9ab9-36aac953b7eb,HB 752,Gaza Jonathan Gbefwi,House,PDP,Nasarawa,Keffi/Karu/Kokona,Yes
1afd2455-c60c-491c-8309-d6095bf16055,HB 36,Hon Gagdi Adamu Yusuf,House,APC,Plateau,Kanke/Pankshin/Kanam,Yes
0deb5827-c3fd-43a8-a699-c2419056b67f,HB 2614,Hon Aminu Jaji,House,APC,Zamfara,Kaura-Namoda/Birnin Magaji,Yes
b291d55a-7d87-432e-8b87-7d05c3aa5196,HB 2174,Hon Adewale Hameed,House,APC,Lagos,Agege,Yes
cfa92a04-abb8-4345-b906-39b274b85718,HB 614,Hon Benjamin Kalu,House,APC,Abia,Bende,Yes
e1ef80de-e44a-4152-877a-4da3428bb64b,SB 841,Sen. Saliu Mustapha,Senate,APC,Kwara,,Yes
c3458647-17ee-49b4-b1cc-7f7ac5c2d8cf,SB 726,Sen. Akpoti-Uduaghan Natasha,Senate,SDP,Kogi,,Yes
a14d5a87-c32e-4c94-ab84-90897fa2d4da,SB 158,Sen. Wasiu Sanni Eshilokun,Senate,APC,Lagos,,Yes
41beab3f-7d26-40ec-af45-cf92f10060a4,SB 865,Sen. Tony Nwoye,Senate,ADC,Anambra,,Yes
c0037fbc-604c-4418-b816-5b7dd19d3bee,HB 3019,Hon Sada Soli,House,APC,Katsina,Jibia/Kaita,Yes
cca45aec-4133-4624-8b26-1e5d0b98bd86,HB 2119,Hon Sada Soli,House,APC,Katsina,Jibia/Kaita,Yes
74c40586-0540-48ea-80cb-4ea258678043,HB 941,Hon Sada Soli,House,APC,Katsina,Jibia/Kaita,Yes
bc650701-5c3c-43f7-9425-d24f4d43a5bc,HB 12,Hon Philip Agbese,House,APC,Benue,Ado/Obadigbo/Okpokwu,Yes
f3ddac5a-6336-4aaa-bbd4-90126a11110f,SB 140,Abba Moro,Senate,PDP,Benue,,Yes
f3ddac5a-6336-4aaa-bbd4-90126a11110f,SB 140,Sen. Mohammed Sani Musa,Senate,APC,Niger,,No
3da4c4b9-bf34-4691-940e-62f01c9f598f,SB 782,Sen. Michael Opeyemi Bamidele,Senate,APC,Ekiti,,Yes
8bf79e28-d543-4d2f-b9b1-3793d4421809,HB 121,Hon Julius Ihonvbere,House,APC,Edo,Owan East/Owan West,Yes
48ceb18a-2b10-4977-805d-c7df47327641,HB 836,Hon Mansur Manu Soro,House,APC,Bauchi,Darazo/Gunjuwa,Yes
d34b5b0a-fec2-4f6f-a678-53f6d6cf93a6,HB 1274,Ali Isa,House,PDP,Gombe,Balanga/Billiri,Yes
e953e435-3c07-4558-8599-cdc3820bdcc9,HB 1179,Hon Yusuf Alhaji Kabiru,House,APC,Bauchi,Alkaleri/Kirfi,Yes
8ea0effd-56bd-43df-a7c6-b44460e59df6,HB 1180,Hon Yusuf Alhaji Kabiru,House,APC,Bauchi,Alkaleri/Kirfi,Yes
4ffb35bd-7539-489e-949d-915764dbc06a,SB 90,Sen. Barau Jibrin,Senate,APC,Kano,,Yes
c3398d53-024f-414f-934a-570e6ca61d95,HB 169,Hon Julius Ihonvbere,House,APC,Edo,Owan East/Owan West,Yes
25967c7b-e6ea-496e-abe0-ab86c8a828c2,SB 567,Sen. Michael Opeyemi Bamidele,Senate,APC,Ekiti,,Yes
8343cece-a4cd-46c6-8c36-72dc2513df4d,SB 703,Sen. Michael Opeyemi Bamidele,Senate,APC,Ekiti,,Yes
0cc59493-5a2b-4c63-935f-670c1a96eeaf,HB 58,Hon Julius Ihonvbere,House,APC,Edo,Owan East/Owan West,Yes
327e9943-9450-4ecf-b186-3e88f847fa5a,HB 450,Hon Dachung Musa Bagos,House,PDP,Plateau,Jos South/Jos East,Yes
f16fc40f-bdf9-4287-8f38-b409052e3c12,HB 811,Chimaobi Sam Atu,House,LP,Enugu,Enugu North/Enugu South,Yes
1f0c9f64-a7e0-4104-9cb9-fe8b6dda27d9,SB 116,Sen. Williams Eteng Jonah,Senate,APC,Cross River,,Yes
0356cf51-ff1c-452f-9981-3ed2edec8a10,HB 394,Hon Gagdi Adamu Yusuf,House,APC,Plateau,Kanke/Pankshin/Kanam,Yes
a8ab0e7a-cf98-4731-b879-89b9593a199c,HB 605,Hon Abdulmalik Zubairu,House,APC,Zamfara,Bungudu/Maru,Yes
390eda10-b73a-47e2-88dc-e00071319389,HB 2697,Executive,House,APC,N/A,.,Yes
e46d1fc3-f0e8-4dd5-b238-dacfdd57632b,HB 509,Hon Abdulmalik Zubairu,House,APC,Zamfara,Bungudu/Maru,Yes
ee5cf59a-9218-483d-ba1a-d35792afabcb,HB 2659,Chike John Okafor,House,APC,Imo,Ehime Mbano/Ihite-Uboma/ Obowo,Yes
1cb19e49-1f67-4ac7-9ff3-0476d6f3712e,HB 122,Hon Benjamin Kalu,House,APC,Abia,Bende,Yes
81f7d8d5-4fdd-4657-a394-c1eb8d1d749b,SB 28,Sen. Mohammed Tahir Monguno,Senate,APC,Borno,,Yes
3afe6f5f-5450-4e22-af97-213a0ca2f550,HB 726,Hon Olumide Babatunde Osoba,House,APC,Ogun,Abeokuta North/ Obafemi- Owode/Odeda,Yes
90ecc2dc-a0bf-40e7-a7d5-5c13db271dfe,HB 700,Hon Babajimi Adegoke Benson,House,APC,Lagos,Ikorodu,Yes
42f32154-b124-4604-a312-87081594098a,SB 433,Sen. Barau Jibrin,Senate,APC,Kano,,Yes
5fcaa547-8e74-461d-99e8-912788c93c6d,HB 2195,Hon David Idris Zacharias,House,APC,Kogi,Idah/Igalamela Odolu/Ibaji/ Ofu,Yes
5fcaa547-8e74-461d-99e8-912788c93c6d,HB 2195,Hon Erhiatake Ibori Suenu,House,PDP,Delta,Ethiope East/Ethiope West,No
5fcaa547-8e74-461d-99e8-912788c93c6d,HB 2195,Hon Akintunde Rotimi,House,APC,Ekiti,Ikole/Oye,No
5fcaa547-8e74-461d-99e8-912788c93c6d,HB 2195,Hon Benjamin Kalu,House,APC,Abia,Bende,No
5fcaa547-8e74-461d-99e8-912788c93c6d,HB 2195,Joshua Chinedu Obika,House,LP,Federal Capital Territory (Fct),Municipal/Bwari,No
5fcaa547-8e74-461d-99e8-912788c93c6d,HB 2195,Hon Lawan Shettima Ali,House,APC,Yobe,Bursari/Geidam/Yunusari,No
5fcaa547-8e74-461d-99e8-912788c93c6d,HB 2195,Gaza Jonathan Gbefwi,House,PDP,Nasarawa,Keffi/Karu/Kokona,No
78e34ae5-265f-457d-9a86-5a7774f25ef4,HB 1456,Mitema Obordor,House,PDP,Bayelsa,Ogbia,Yes
ed3f9147-d4b5-4328-9802-3113a4d55c20,HB 698,Hon Benjamin Kalu,House,APC,Abia,Bende,Yes
82c28ff7-cdc4-444a-968e-e57165f97459,HB 1366,Mitema Obordor,House,PDP,Bayelsa,Ogbia,Yes
819dfc9d-2edf-42de-b647-d771b04f8644,HB 341,Hon Sesi Whingan,House,APC,Lagos,Badagry,Yes
660f553a-107a-4c13-b825-48b6be18b2f3,HB 431,Hon Zakaria Dauda Nyampa,House,PDP,Adamawa,Madagali/Michika,Yes
b53e826f-fe82-4c46-800c-48749c03963a,HB 2098,Chinedu Tochukwu Okere,House,APC,Imo,Owerri Municipal/Owerri North/Owerri West,Yes
a2a34c90-6c88-4d17-a539-475e3e6796e4,HB 2705,Executive,House,APC,N/A,.,Yes
7610db96-09fa-4e76-8fdb-fe9bab036344,HB 964,Hon Benjamin Kalu,House,APC,Abia,Bende,Yes
558212b9-785e-43cf-975b-c0e445d3d38a,HB 84,Hon Obinna Aguocha,House,LP,Abia,Umuahia North/ Umuahia South/ Ikwuano,Yes
30600d52-cf02-40ff-ac3a-a1624027a46a,HB 2127,Hon Ahmad Abdullahi Kalambaina,House,APC,Sokoto,Kware/Wamakko,Yes
d17dd498-573e-4f07-bc23-45d7a587915a,HB 2193,Garba Umar Uba,House,APC,Kebbi,Ngaski/Shanga/Yauri,Yes
cadd50ce-c6a8-4bcf-a407-681c9ccf7e93,SB 706,Sen. Jibrin Isah,Senate,APC,Kogi,,Yes
dfea7f86-a9d6-4084-a239-d95ad573bbb2,HB 2159,Hon Bello Shinkafi Hassan,House,PDP,Zamfara,Shinkafi/Zurmi,Yes
2cfe6769-07f2-4fbb-9107-66150eb8e057,HB 2691,Executive,House,APC,N/A,.,Yes
dc982170-1f85-4050-8a6b-5afe252fe826,HB 1277,Ali Isa,House,PDP,Gombe,Balanga/Billiri,Yes
27ffe80e-5183-446a-a8b5-35a81900fd75,SB 210,Sen. Kaka Shehu Lawan,Senate,APC,Borno,,Yes
c07cbe4f-9b0e-4e41-b4a2-5b68694a2a44,SB 996,Executive,Senate,APC,N/A,,Yes
b64e4a32-9ad5-46b2-a114-62adbc6f57cb,HB 2031,Hon Paul Nnamchi,House,LP,Enugu,Enugu East/Isi Uzo,Yes
adeb1886-29b3-4680-99f9-213933d12034,SB 499,Sen. Ned Munir Nwoko,Senate,PDP,Delta,,Yes
ee4973c5-876a-45ff-a175-10ad131599a7,HB 333,Hon Sesi Whingan,House,APC,Lagos,Badagry,Yes
9e9c7817-522a-4ced-8fad-1d99c1859975,HB 2190,Hon Abdulmalik Zubairu,House,APC,Zamfara,Bungudu/Maru,Yes
3ed09acc-31d3-42c1-934c-4457820ed040,HB 2676,Munachim Alozie,House,LP,Abia,Obingwa/Ugwunagbo/Osisioma,Yes
b34a1589-4497-434e-b402-c9d0e5e3968d,SB 570.,Sen. Sani Abubakar Bello,Senate,APC,Niger,,Yes
5c400330-3aca-4b29-accd-361806e74285,SB 950,Sen. Oluwole Fadeyi Olubiyi,Senate,PDP,Osun,,Yes
aa221c4a-9fc6-4004-8809-48a397943344,HB 2585,Akarachi Etinosa Tosan,House,APC,Imo,Ikeduru/Mbaitoli,Yes
6474773f-368c-4650-9e2a-7d18faa59800,HB 344,Hon Miriam Onuoha,House,APC,Imo,Isiala Mbano/Okigwe/Onuimo,Yes
cf71e91d-1ae0-495a-bed9-fc7ad1f60b1e,HB 511,Hon Sulaiman Gumi Abubakar,House,PDP,Zamfara,Gummi/Bukkuyum,Yes
602d4b05-240c-4abc-98f8-7fd2b569eb60,SB 20,Sen. Sunday Steve Karimi,Senate,APC,Kogi,,Yes
0b84c63a-3fa7-4749-85e9-26b7bf91940f,HB 759,Hon Sesi Whingan,House,APC,Lagos,Badagry,Yes
ca903f87-a662-4238-86bb-358c862fc53e,HB 1052,Hon Miriam Onuoha,House,APC,Imo,Isiala Mbano/Okigwe/Onuimo,Yes
0b9b785f-57b1-4cb3-b535-96d6baff12cc,HB 1268,Moses Oluwatoyin Fayinka,House,APC,Lagos,Mushin II,Yes
94bc5f05-2e20-497b-b087-2fddd8ba49c8,SB 361,Sen. Aliyu Magatakarda Wamakko,Senate,APC,Sokoto,,Yes
e21c91fe-8b12-4b00-bc17-aa5687135632,HB 1390,Chinedu Tochukwu Okere,House,APC,Imo,Owerri Municipal/Owerri North/Owerri West,Yes
23db7a12-025a-4b56-ad54-853492dbfb62,SB 777,"Oluwole, Fasuyi Cyril",Senate,APC,Ekiti,,Yes
3e52404a-de0a-4cc9-9546-a03999a19e1e,HB 2726,Hon Jallo Hussaini Mohammed,House,PDP,Kaduna,Igabi,Yes
b11d4457-3ff0-41a0-9708-3d62b78f5ec6,SB 463,"Oluwole, Fasuyi Cyril",Senate,APC,Ekiti,,Yes
55b0340f-3e05-46c2-8edd-3359a7dc81d7,HB 993,Hon Sada Soli,House,APC,Katsina,Jibia/Kaita,Yes
d2bd2030-f9bf-4c2c-baa9-e570656fbb3c,SB 827,Sen. Mohammed Sani Musa,Senate,APC,Niger,,Yes
4c8dfb11-4db3-4fc6-8c5f-24754302163b,HB 81,Hon Obinna Aguocha,House,LP,Abia,Umuahia North/ Umuahia South/ Ikwuano,Yes
b9337280-0eda-4ff9-bbc6-db6415414a1e,SB 880,Sen. Ipinsagba Emmanuel Olajide,Senate,APC,Ondo,,Yes
7fa949d6-6ce4-4221-9950-ed9c834ca521,HB 498,Sekav Dzua Iyortyom,House,APC,Benue,Buruku,Yes
c462c149-8799-4ce3-a064-f1f4161b2d3e,HB 531,Hon Sesi Whingan,House,APC,Lagos,Badagry,Yes
5c1efd15-4e31-436a-b126-ed7b5bb53ed7,HB 2465,Hon Sesi Whingan,House,APC,Lagos,Badagry,Yes
f5507e78-8079-4714-a4b0-722d8b52409e,HB 1613,Hon Ugochinyere Onyinye Ikeagwuonu,House,PDP,Imo,Ideato North/Ideato South,Yes
1ffaf1f0-e8c5-4330-b156-92af054cffb4,SB 312,Konbowel Benson Friday,Senate,PDP,Bayelsa,,Yes
0ff1a235-078f-4f98-b957-00c95934c32a,HB 1054,Hon Miriam Onuoha,House,APC,Imo,Isiala Mbano/Okigwe/Onuimo,Yes
96e90637-958e-4876-bcee-d95daba1a10d,SB 293,Sen. Ifeanyi Patrick Ubah,Senate,YPP,Anambra,,Yes
afb1d258-01a8-4cd6-ad9f-229b12800815,HB 1595,Hon Abiodun James Faleke,House,APC,Lagos,Ikeja,Yes
b7639fda-f152-4e0d-b772-6a7bb7afd062,HB 362,Hon Okpolupm Etteh,House,PDP,Akwa Ibom,Eket/Onna/Esit Eket/Ibeno,Yes
37b2ae48-39b8-4282-986e-1f92f05c45b9,HB 345,Aliyu Sani Madaki,House,NNPP,Kano,Dala,Yes
aad0706c-6418-4f4f-a64a-db5c99663001,SB 1000,Executive,Senate,APC,N/A,,Yes
e065a1d0-73c5-4418-af11-326774ad8fc3,HB 2696,Executive,House,APC,N/A,.,Yes
891d23bf-f116-4c16-9f9f-a3611da310b0,HB 824,Hon Chinedu Ogah,House,APC,Ebonyi,Ezza South/Ikwo,Yes
fa070dd5-a205-4f77-ac99-dad230fdd88a,SB 598,Sen. Mallam-madori Ahmed Abdulhamid,Senate,APC,Jigawa,,Yes
2e4c000c-f02e-4667-9571-c503706c1ebb,HB 44,Hon Julius Ihonvbere,House,APC,Edo,Owan East/Owan West,Yes
3913813a-da7f-4ac6-901c-14ee0dbca2d9,HB 17,Hon Tajudeen Abbas,House,APC,Kaduna,Zaria,Yes
44438539-422d-4a52-8203-0777f32f04e8,HB 14,Gaza Jonathan Gbefwi,House,PDP,Nasarawa,Keffi/Karu/Kokona,Yes
dc7465ba-d405-40bf-bb8c-0bb6048862d2,SB 551,Sen. Michael Opeyemi Bamidele,Senate,APC,Ekiti,,Yes
bcaba416-9049-470e-8c9b-f9bee85798fa,SB 688,Sen. Ezenwa Francis Onyewuchi,Senate,LP,Imo,,Yes
de5f87e1-a9f3-4ba5-bdc3-a1a42ce82a79,SB 54,Sen. Jarigbe Agom Jarigbe,Senate,PDP,Cross River,,Yes
72086596-9f38-48f8-b5af-90e258474094,SB 294,Sen. Binos Dauda Yaroe,Senate,ADC,Adamawa,,Yes
764bb995-9c1c-49b5-a7f6-81854830869b,HB 1889,Hon Gagdi Adamu Yusuf,House,APC,Plateau,Kanke/Pankshin/Kanam,Yes
2264435c-8fa3-4284-b398-16dd4de29a6c,HB 1256,Hon Nnamdi Ezechi,House,PDP,Delta,Nkokwa East/Ndokwa West/ Ukwuani,Yes
9d68e6c7-2bd5-43e1-9cbf-4bb07d9f3f94,HB 872,Hon Mohammed Bello El-Rufai,House,APC,Kaduna,Kaduna North,Yes
69c93c4e-f812-4011-8443-eddd186f776a,SB 564,Sen. Mallam-madori Ahmed Abdulhamid,Senate,APC,Jigawa,,Yes
fb4b76d3-2b96-4685-9ef1-26a21cbaf770,HB 1862,Hon Tajudeen Abbas,House,APC,Kaduna,Zaria,Yes
6aa9cb78-cba0-45f8-90ee-73d1f2897031,HB 381,Hon Rabiu Yusuf,House,NNPP,Kano,Sumaila/Takai,Yes
1df316ab-15a4-4da1-9034-35be2e617c9c,HB 75,Hon Jallo Hussaini Mohammed,House,PDP,Kaduna,Igabi,Yes
9da069f9-8265-49cc-a413-b662e47f8893,SB 657,Sen. Shuaibu Isa Lau,Senate,PDP,Taraba,,Yes
5ea7c646-61e3-442c-b5c7-419e325c4e58,SB 671,Sen. Seriake Henry Dickson,Senate,PDP,Bayelsa,,Yes
80403cb3-2e99-4810-9138-1b4035258056,HB 1598,Hon Akintunde Rotimi,House,APC,Ekiti,Ikole/Oye,Yes
2e3777f6-3e6d-4bfb-80d8-3e5ea153c3a9,SB 166,"Sen. Etim, Bassey Aniekan",Senate,PDP,Akwa Ibom,,Yes
b46be86d-528c-490a-ac65-80f689241ed9,SB 900,Sen. Solomon Adeola Olamilekan,Senate,APC,Ogun,,Yes
5cd24656-79b1-40da-abfb-80fc2156585f,HB 827,Hon Nnamdi Ezechi,House,PDP,Delta,Nkokwa East/Ndokwa West/ Ukwuani,Yes
bd943c46-1daa-4243-ba26-947f3a4cd6b7,HB 2668,Hon Abdulraheem Olatunji Olawuyi,House,APC,Kwara,Ekiti/Isin/Irepodun/Oke-Ero,Yes
c5ae607c-d853-453f-87dd-667d45474fcd,HB 2487,Hon Amobi Ogah,House,LP,Abia,Isuikwuato/Umu-Nneochi,Yes
e9de2276-fc8b-45a1-a7dd-4510162cd0e4,HB 2612,Hon Aminu Jaji,House,APC,Zamfara,Kaura-Namoda/Birnin Magaji,Yes
52efb7b9-a99d-4409-ba90-6b65aa2e8ce2,SB 136,Osita Ngwu,Senate,APC,Enugu,,Yes
73c62ea0-6cf6-4fc8-b820-28a315bc41f1,SB 343,"Sen. Adebule, Idiat Oluranti",Senate,APC,Lagos,,Yes
826d7618-ca6b-4300-8b6d-9fa1b273a8d2,HB 2475,Hon Dumnamene Robinson Dekor,House,PDP,Rivers,Khana/Gokana,Yes
c0348124-e10b-42ac-83f8-53c099bc9327,HB 322,Hon Akintunde Rotimi,House,APC,Ekiti,Ikole/Oye,Yes
d94aed47-f562-4253-9577-b04cafc6fca6,HB 150,Hon Francis Ejiroghene Waive,House,APC,Delta,"Ughelli North, Ughelli South/Udu",Yes
f3e7ed11-efaa-46fb-9651-e0c3b0802e3f,HB 2675,Chike John Okafor,House,APC,Imo,Ehime Mbano/Ihite-Uboma/ Obowo,Yes
1b08a139-ab48-46a7-9ad5-bc31a965b7b2,HB 449,Hon Dachung Musa Bagos,House,PDP,Plateau,Jos South/Jos East,Yes
677334c3-1fa4-4b86-a358-b4d3b967baf1,SB 49,"Sen. Ndubueze, Patrick Chiwuba",Senate,APC,Imo,,Yes
3b5b5718-692b-47a7-8b22-aea62af7e2ef,HB 317,Hon Dumnamene Robinson Dekor,House,PDP,Rivers,Khana/Gokana,Yes
a6918bbe-976a-42f1-9004-fa244baca335,HB 565,Hon Sulaiman Gumi Abubakar,House,PDP,Zamfara,Gummi/Bukkuyum,Yes
0ac3710e-47cd-4939-bcd4-d21eb8e7af20,SB 901,Sen. Francis Adenigba Fadahunsi,Senate,PDP,Osun,,Yes
55c73f08-065a-48b8-9bf0-8435ef436d5b,HB 2690,Executive,House,APC,N/A,.,Yes
b941446b-2516-406e-9a1f-d9a687e68d6d,HB 2213,Hon Midala Usman Balami,House,PDP,Borno,Askira-Uba/Hawul,Yes
831956db-77b9-4671-bc11-18e35f618367,HB 622,Hon Benjamin Kalu,House,APC,Abia,Bende,Yes
1666221c-010d-4d11-9513-7d6077e96bc5,HB 66,Hon Oluwole Oke,House,PDP,Osun,Obokun/Oriade,Yes
036b5e72-7cd5-4f67-b39c-6ac77d5b5bca,HB 2093,Esosa Iyawe,House,LP,Edo,Oredo,Yes
53f06099-b55f-4096-87cb-4efc255cd5ba,HB 1002,Hon Abdulraheem Olatunji Olawuyi,House,APC,Kwara,Ekiti/Isin/Irepodun/Oke-Ero,Yes
e6fa7763-b7a0-4e18-a695-4186eb9e5d90,SB 76,Sen. Barinada Barry Mpigi,Senate,PDP,Rivers,,Yes
7e321330-5970-40d1-a11f-1d80fc71d20b,SB 454,"Sen. Khalid, Ibrahim Mustapha",Senate,PDP,Kaduna,,Yes
bcbb93b0-296c-4906-8329-cea6ffb4225a,HB 2581,Akarachi Etinosa Tosan,House,APC,Imo,Ikeduru/Mbaitoli,Yes
03a21081-a8a9-44ca-9db6-5d8e7df55f5a,HB 2677,Hon Julius Ihonvbere,House,APC,Edo,Owan East/Owan West,Yes
56c05a47-57ab-410b-93b5-b163411fbae1,SB 442,Sen. Lawal Adamu Usman,Senate,ADC,Kaduna,,Yes
a1b3254e-f3d9-404d-910d-f38bf098ea1e,HB 2029,Hon Bashiru Ayinla Dawodu,House,PDP,Lagos,Oshodi/Isolo I,Yes
da8bc64f-3f18-408f-aedf-06f2c67fb709,SB 561,"Sen. Banigo, Ipalibo Harry",Senate,PDP,Rivers,,Yes
57ba8ea9-8475-489d-bd5f-27cad2e63e41,HB 2211,Hon Chinedu Ogah,House,APC,Ebonyi,Ezza South/Ikwo,Yes
eec09edf-45e8-41c3-b0cb-8599d9add58d,HB 684,Hon Awaji-inombek Dagomie Abiante,House,PDP,Rivers,Opobo/Nkoro/Andoni,Yes
8bbb9a0c-2120-4879-be5d-f578649c16eb,HB 384,Hon Saidu Musa Abdullahi,House,APC,Niger,Bida/Gbako/Katcha,Yes
2a310a9f-9129-4e14-bbdc-bc2b9a6e0c93,SB 618,Sen. Izunaso Osita Bonaventure,Senate,APC,Imo,,Yes
2c109b52-c07b-4b66-978c-dac0ee212971,SB 699,Yohanna Amos Kumai,Senate,PDP,Adamawa,,Yes
b17836f5-30ca-4cda-b584-c6f687e1508f,SB 839,Sen. Enyinnaya Harcourt Abaribe,Senate,ADC,Abia,,Yes
99c0ea45-45b6-48ab-aca3-65b5dbea1611,HB 2642,Hon Abubakar Ahmad Mohammed,House,APC,Katsina,Funtua/Dandume,Yes
2ca45cac-77d7-4cba-91d7-ca74e7adf55d,HB 926,Hon Emmanuel Effiong Ukpong-udo,House,PDP,Akwa Ibom,Ikono/Ini,Yes
9452d878-fe18-4ef5-9bf1-2359290f4f03,SB 131,"Sen. Ndubueze, Patrick Chiwuba",Senate,APC,Imo,,Yes
e3f92b0d-6c8f-4ea8-b9b2-37dab5dd7bfd,HB 263,Hon Oluwole Oke,House,PDP,Osun,Obokun/Oriade,Yes
1340e289-7d99-4ca8-80f1-66fb48a67695,HB 03,Hon Tajudeen Abbas,House,APC,Kaduna,Zaria,Yes
2093edbe-bf70-4ca2-be3c-506aaa7b951c,HB 829,Hon Aliyu Bappa misau,House,PDP,Bauchi,Misau/Dambam,Yes
a8832118-b580-4a46-8f3a-9c916faadb22,HB 419,Hon Julius Ihonvbere,House,APC,Edo,Owan East/Owan West,Yes
5d07b72c-f6dd-4cb9-8696-dddad7e96c8d,SB 476,Osita Ngwu,Senate,APC,Enugu,,Yes
68e563c1-dd1c-49a5-a7fb-ee515343cf86,HB 1439,Murphy Osaro Omoruyi,House,LP,Edo,Egor/Ikpoba-Okha,Yes
8aeaf3ed-7429-4a30-9165-1e78fc11596b,HB 325,Hon Pascal Agbodike,House,APGA,Anambra,Ihiala,Yes
63465bc7-dd6d-446e-9047-769be8e1aa34,HB 2699,Executive,House,APC,N/A,.,Yes
ce56f5ea-6dba-4029-b266-5d3439bcc63c,SB 606,Onyekachi Nwaebonyi,Senate,APC,Ebonyi,,Yes
16c76429-b644-4863-8aba-f37f6f8e9cac,HB 612,Hon Benjamin Kalu,House,APC,Abia,Bende,Yes
dde157d0-a8dd-407e-b406-75b0d88df2fa,HB 2709,Executive,House,APC,N/A,.,Yes
3a31b31e-2451-4efa-ab38-7e480788866b,HB 380,Hon Rabiu Yusuf,House,NNPP,Kano,Sumaila/Takai,Yes
17835e66-19c6-41ba-9704-ac6e4138c7d5,HB 387,Hon Gagdi Adamu Yusuf,House,APC,Plateau,Kanke/Pankshin/Kanam,Yes
b125b49b-01b9-4351-8579-c870e6f2c634,HB 1325,Hon Anthony Adebayo Adepoju,House,PDP,Oyo,Ibarapa Central/Ibarapa North,Yes
76040649-2085-441c-a5c2-c63015684684,HB 992,Hon Sada Soli,House,APC,Katsina,Jibia/Kaita,Yes
5ef57e8a-0996-41b9-a5a1-4870ac1243e4,HB 194,Hon Saidu Musa Abdullahi,House,APC,Niger,Bida/Gbako/Katcha,Yes
119a2df6-4d95-4317-be84-a62a1cabc8da,SB 431,Sen. Barau Jibrin,Senate,APC,Kano,,Yes
bde7383d-6a54-45d2-bc9d-e84b43051026,SB 153,Sen. Wasiu Sanni Eshilokun,Senate,APC,Lagos,,Yes
3567b92e-0fe7-4427-a063-d427757234b7,SB 50,Sen. Onawo Mohammed Ogoshi,Senate,ADC,Nasarawa,,Yes
10e5c5c3-a0f0-441a-bc55-46385d0fe495,HB 86,Hon Obinna Aguocha,House,LP,Abia,Umuahia North/ Umuahia South/ Ikwuano,Yes
4b55c3f2-30ac-46de-816d-0dae438d574a,HB 913,Nwaeke Felix Uche,House,PDP,Rivers,Eleme/Tai/Oyigbo,Yes
4923ebfb-5c44-4896-9603-85eeb92324a2,SB 130,Sen. Michael Opeyemi Bamidele,Senate,APC,Ekiti,,Yes
630a8329-98ff-4526-9cf1-0f9419ef055f,HB 581,Hon Adewale Hameed,House,APC,Lagos,Agege,Yes
fec83a82-45a9-4247-b151-6899a5422171,HB 471,Hon Francis Ejiroghene Waive,House,APC,Delta,"Ughelli North, Ughelli South/Udu",Yes
a4bde1cc-66cb-4a52-91ad-f8a2dea724c3,HB 1526,Hon Paul Asuquo Ekpo,House,PDP,Akwa Ibom,Etinan/Nsit Ibom/Nsit ubium,Yes
700fe4b9-838c-42fb-bc20-bf65f0e8f0e0,SB 202,Sen. Barau Jibrin,Senate,APC,Kano,,Yes
719f5857-e8be-4f39-8d8f-ebb99fc7b01b,HB 467,Hon Dachung Musa Bagos,House,PDP,Plateau,Jos South/Jos East,Yes
156cc143-cb5d-49d5-9fdf-c324aa1e223f,HB 399,Hon Saidu Musa Abdullahi,House,APC,Niger,Bida/Gbako/Katcha,Yes
80390e19-68cd-41e6-8133-a2e695d2197d,SB 541,Sen. Mohammad Adamu Mainasara Aliero,Senate,PDP,Kebbi,,Yes
88ee2a79-a680-470d-bc91-72204c055713,HB 2204,Esosa Iyawe,House,LP,Edo,Oredo,Yes
11de6238-105a-4cd7-9178-558390e36f7d,SB 601,Sen. Adetokunbo Mukhail Abiru,Senate,APC,Lagos,,Yes
b1745d77-c672-4219-a7e1-05c11191f75d,HB 1625,Hon Paul Nnamchi,House,LP,Enugu,Enugu East/Isi Uzo,Yes
24e2912e-f892-468b-b02f-54a47bf46b79,HB 902,Hon Eze Nwachukwu Eze,House,APC,Ebonyi,Ebonyi/Ohaukwu,Yes
93381cb7-e87f-41a0-a243-75bc7f9b2185,HB 1497,Hon Befford Onwuegbu Anayo,House,APC,Enugu,Aninri/Awgu/Oji River,Yes
0620b8d0-145b-479b-9dad-628ec7139b66,SB 677,Sen. Kelvin Chukwu,Senate,LP,Enugu,,Yes
4f946810-8db7-4696-b7bd-9bf3b9d7f036,HB 180,Hon Awaji-inombek Dagomie Abiante,House,PDP,Rivers,Opobo/Nkoro/Andoni,Yes
5acc098c-2478-4d29-8d49-7ed294280415,SB 843,Sen. Michael Opeyemi Bamidele,Senate,APC,Ekiti,,Yes
dfa65e46-5bcf-441d-a1fc-d74ae24f6e48,HB 63,Hon Oluwole Oke,House,PDP,Osun,Obokun/Oriade,Yes
35984c09-2979-421f-89da-43f0d25156e5,HB 1488,Hon Okpolupm Etteh,House,PDP,Akwa Ibom,Eket/Onna/Esit Eket/Ibeno,Yes
76c43296-48d8-4bcc-a106-f88d3c5e9cdb,HB 1199,Afam Ogene,House,LP,Anambra,Ogbaru,Yes
bf2597a0-505f-46ad-ac6b-eb55721f3910,HB 290,Hon Julius Ihonvbere,House,APC,Edo,Owan East/Owan West,Yes
e81a78df-5f66-4c85-9d91-8e48a8763663,HB 231,Hon Offiono Godwin,House,PDP,Cross River,Ogoja/Yala,Yes
501e3f42-7ef7-4d1c-957b-44ec4742b348,HB 2619,Adedayo Samuel Adesola,House,APC,Lagos,Apapa,Yes
69ce294a-ab56-4d07-a293-db3082740e49,HB 179,Hon Awaji-inombek Dagomie Abiante,House,PDP,Rivers,Opobo/Nkoro/Andoni,Yes
43d449a0-9911-420d-9059-bb7271858c89,SB 780,Sen. Barinada Barry Mpigi,Senate,PDP,Rivers,,Yes
933c0850-8d77-4483-9312-269ce6ea492f,SB 529,"Sen. Khalid, Ibrahim Mustapha",Senate,PDP,Kaduna,,Yes
7df1671b-c89e-437d-b97a-5938fa5cd7e6,HB 1343,Patrick Umoh,House,APC,Akwa Ibom,Ikot Ekpene/Essien Udim/ Obot Akara,Yes
949cdefb-f4ff-4ab8-b8c0-37f19dca0570,SB 432,"Sen. Adebule, Idiat Oluranti",Senate,APC,Lagos,,Yes
ded64e9f-d27b-4d3d-bd99-062d925c42f0,SB 428,Zam Titus Tartenger,Senate,APC,Benue,,Yes
dc663411-7ece-4334-8995-591f42af9c89,SB 893,Sen. Sunday Katung,Senate,PDP,Kaduna,,Yes
1c69d1c0-53b5-4f24-8fd1-800f54f3a122,HB 1053,Hon Miriam Onuoha,House,APC,Imo,Isiala Mbano/Okigwe/Onuimo,Yes
2cd70376-5662-4829-9ad4-946b5e16783f,HB 566,Hon Sulaiman Gumi Abubakar,House,PDP,Zamfara,Gummi/Bukkuyum,Yes
5bc2b626-ac82-41eb-93a8-016081ad8fbe,HB 1069,Obed Paul Shehu,House,PDP,Gombe,Kaltungo/Shongom,Yes
89fdd901-8a0a-4012-9e6c-aab1398eab6a,SB 369,Sen. Benson Agadaga,Senate,PDP,Bayelsa,,Yes
7eab7d17-0ca0-42f7-b673-574ed9b0f18c,SB 1035,"Sen. Asuquo, Ekpenyong",Senate,APC,Cross River,,Yes
f2b36355-3d2c-409d-92d8-faadf3f63488,HB 2643,Hon Sada Soli,House,APC,Katsina,Jibia/Kaita,Yes
44c1e909-62bd-4877-a38c-671f0e7d542f,HB 1077,Hon Tajudeen Abbas,House,APC,Kaduna,Zaria,Yes
2a7ef8f8-7d75-4260-84f1-1e4b2de35c2a,HB 19,Hon Tajudeen Abbas,House,APC,Kaduna,Zaria,Yes
747e86a8-ce4a-4309-b04a-3b6ce8cc4945,SB 40,Sen. Orji Uzor Kalu,Senate,APC,Abia,,Yes
626b06c7-65b5-443a-b8e9-90776d70332e,SB 62,Sen. Onawo Mohammed Ogoshi,Senate,ADC,Nasarawa,,Yes
e9176eb9-5802-44d8-bdbb-092e0884b71b,SB 988,Sen. Mohammed Ali Ndume,Senate,APC,Borno,,Yes
f2250983-a008-4276-8f42-8f25fd144a3d,HB 1940,Afam Ogene,House,LP,Anambra,Ogbaru,Yes
07dd3621-2ff5-4132-a30f-56e36c6c3b51,SB 129,Sen. Ifeanyi Patrick Ubah,Senate,YPP,Anambra,,Yes
3a011cf9-e22b-4a40-840a-62261360c2ef,SB 568,Sen. Michael Opeyemi Bamidele,Senate,APC,Ekiti,,Yes
a8ded249-2780-4d2e-b9c5-d93f3287e016,SB 788,Sen. Michael Opeyemi Bamidele,Senate,APC,Ekiti,,Yes
8ccda455-a71e-4469-950a-c97d826a279f,HB 1287.,Hon Emeka Martins Chinedu,House,PDP,Imo,Ahiazu Mbaise/Ezinihitte,Yes
c3405073-9df4-4dba-a304-d6d0ffd71c9c,HB 1487,Hon Emeka Martins Chinedu,House,PDP,Imo,Ahiazu Mbaise/Ezinihitte,Yes
92836291-b616-4551-89de-0f2bb20e458f,HB 181,Hon Awaji-inombek Dagomie Abiante,House,PDP,Rivers,Opobo/Nkoro/Andoni,Yes
eaec7a32-158e-4f58-8162-999788eafe30,SB 358,"Sen. Asuquo, Ekpenyong",Senate,APC,Cross River,,Yes
c98ca695-9042-479f-a7e4-e52273788d35,SB 781,Sen. Michael Opeyemi Bamidele,Senate,APC,Ekiti,,Yes
2c9b35a6-de0f-4dea-9c41-00487fe3232e,SB 102,Sen. Oluwole Fadeyi Olubiyi,Senate,PDP,Osun,,Yes
753544d2-c28a-4508-adef-8701fcadc386,SB 68,Sen. Oluwole Fadeyi Olubiyi,Senate,PDP,Osun,,Yes
ecb285dd-8e47-44bd-9efd-146485d762f3,HB 1047,Moshood Olanrewaju Oshun,House,APC,Lagos,Lagos Mainland,Yes
9b1117aa-7964-4456-b120-b01246bf495a,SB 783,Sen. Michael Opeyemi Bamidele,Senate,APC,Ekiti,,Yes
f982a2a3-17f0-48a9-8aec-b9a3ff9c7d5b,HB 2674,Hon Julius Gbabojor Pondi,House,PDP,Delta,Burutu,Yes
bdc10a9d-375a-46a9-88a4-d1432ba5c886,HB 626,Hon Benjamin Kalu,House,APC,Abia,Bende,Yes
708736de-0564-46f4-8473-77e55d4c71b6,HB 276,Hon Mathew Nwogu,House,LP,Imo,Aboh Mbaise/Ngor Okpala,Yes
189943cb-6a6f-40b7-850d-3a520fa071de,HB 404,Hon Ugochinyere Onyinye Ikeagwuonu,House,PDP,Imo,Ideato North/Ideato South,Yes
6737e1ff-2a55-4c6b-80df-5edb1094e0b9,HB 153,Hon Pascal Agbodike,House,APGA,Anambra,Ihiala,Yes
a64c8af4-60bf-475a-ae70-8eefa247e4c3,HB 283,Hon Aliu Ademorin Kuye,House,APC,Lagos,Shomolu,Yes
7da5651f-6844-4df9-a300-7d87a0d0ea06,SB 721,Sen. Mohammed Sani Musa,Senate,APC,Niger,,Yes
7561dade-6f98-49ad-b1b4-e3eebf40f5c2,SB 674,Sen. Sadiq Suleiman Umar,Senate,APC,Kwara,,Yes
45370df9-f4bf-478a-90c3-322297da0f23,HB 937,Hon Jeremiah Umaru,House,APC,Nasarawa,Akwanga/Nassarawa Eggon/ Wamba,Yes
2af7d739-9ab9-43b0-acab-3506911fbca5,HB 930,Hon Alex Egbona,House,PDP,Cross River,Yakurr/Abi,Yes
dd0b1fa6-0818-41bc-b7c8-f446718f3613,HB 761,Hon Mohammed Bello El-Rufai,House,APC,Kaduna,Kaduna North,Yes
71051a76-1e9c-4d10-a6ca-000b91b54416,HB 1363,Hon Emmanuel Effiong Ukpong-udo,House,PDP,Akwa Ibom,Ikono/Ini,Yes
f3cde68e-e025-41bc-8a8f-ba6bc6aaeaa6,HB 579,Hon Adewale Hameed,House,APC,Lagos,Agege,Yes
adee0191-84e8-4811-9c6f-1e8b7e8bfd95,HB 193,Hon Saidu Musa Abdullahi,House,APC,Niger,Bida/Gbako/Katcha,Yes
8d67249f-ef83-4285-bf0b-bb87d0e3e6ec,SB 446,Rufai Hanga,Senate,NNPP,Kano,,Yes
ee381e20-9c4f-4102-98c2-d5d55942c738,HB 481,Hon Julius Ihonvbere,House,APC,Edo,Owan East/Owan West,Yes
c2e57224-3d66-469e-94d6-393c06d9f9e3,HB 627,Hon Julius Ihonvbere,House,APC,Edo,Owan East/Owan West,Yes
c2e57224-3d66-469e-94d6-393c06d9f9e3,HB 627,Hon Akanni Enitan Dolapo-badru,House,APC,Lagos,Lagos Island I,No
03d6f00a-cc2a-417c-ad32-2313fa30cf42,HB 1854,Hon Babajimi Adegoke Benson,House,APC,Lagos,Ikorodu,Yes
03d6f00a-cc2a-417c-ad32-2313fa30cf42,HB 1854,Cryril Hart Godwin,House,PDP,Rivers,Degema/Bonny,No
2dac4cd6-1ac6-46fe-bbbe-585b9cee6a8f,HB 2491,Hon Tajudeen Abbas,House,APC,Kaduna,Zaria,Yes
2dac4cd6-1ac6-46fe-bbbe-585b9cee6a8f,HB 2491,Hon Gboyega Nasir Isiaka,House,APC,Ogun,Egbado North/Imeko-Afon,No
b8b9c03c-9b96-418b-99a2-61696fa0d3ea,HB 129,Hon Benjamin Kalu,House,APC,Abia,Bende,Yes
90370a82-d849-48b9-956b-a08c8f3a05f1,HB 2589,Hon Satomi Alhaji Ahmad,House,APC,Borno,Jere,Yes
90370a82-d849-48b9-956b-a08c8f3a05f1,HB 2589,Hon Adamu Ibrahim Gamawa,House,APC,Bauchi,Gamawa,No
d3d239ca-f8a1-4378-89ed-fcbccd491c05,SB 641,Sen. Mohammed Sani Musa,Senate,APC,Niger,,Yes
7febb23d-880d-4160-84b8-9c7532388916,HB 113,Hon Bashiru Usman Gorau,House,PDP,Sokoto,Goronyo/Gada,Yes
43efe971-a26a-4dec-b5c8-3a0f1eee7a8e,SB 43,Sen. Sunday Katung,Senate,PDP,Kaduna,,Yes
7b348c8d-7b2f-4659-adfb-f92c81f5ea6d,SB 398,Sen. Michael Opeyemi Bamidele,Senate,APC,Ekiti,,Yes
f58e5a70-f7c7-491a-9398-640544af156c,HB 1266,Executive,House,APC,N/A,.,Yes
a1ce5cbe-ea4e-4e86-81c1-5dac45c92a38,HB 1667,Hon Ajilo Umar,House,PDP,Kaduna,Makarfi/Kudan,Yes
dfbe2637-e007-4f12-b2b8-f35bb94b4777,SB 730.,"Sen. Asuquo, Ekpenyong",Senate,APC,Cross River,,Yes
bbd7fe60-6596-4e8c-b648-d5059b57a84a,HB 1286,Executive,House,APC,N/A,.,Yes
3230c185-a506-474e-bd89-2031b703cecb,SB 01,Sen. Michael Opeyemi Bamidele,Senate,APC,Ekiti,,Yes
3a99ae20-331c-4519-ba86-f6c94c338de4,SB 218,Sen. Michael Opeyemi Bamidele,Senate,APC,Ekiti,,Yes
e5893c80-6d81-4eda-8e65-394d539e4a24,HB 765,Executive,House,APC,N/A,.,Yes
659066db-336b-40be-8e24-03bfc56ff6e7,HB 1076,Executive,House,APC,N/A,.,Yes
a74deaba-f6b2-46ea-8d77-3d94fe30878f,HB 1137,Hon Ayodeji Alao,House,APC,Oyo,Ogbomoso North/ Ogbomoso South/Orire,Yes
68fabcc1-88ea-4005-b79f-e1f0458ea413,SB 981,Zam Titus Tartenger,Senate,APC,Benue,,Yes
0deb72ab-73d0-41bf-b514-52d0fd58485e,HB 810,Hon Uchenna Okonkwo,House,LP,Anambra,Idemili North/Idemili South,Yes
bc453e2a-f0e5-4745-bc70-24aad028dabe,SB 17,Sen. Orji Uzor Kalu,Senate,APC,Abia,,Yes
96c7e20e-3e05-492b-8e8f-d6f87fa9f3f5,HB 1149,Hon Mansur Manu Soro,House,APC,Bauchi,Darazo/Gunjuwa,Yes
9ee40808-6f38-4195-92ab-39d0d0cd20d0,HB 504,Hon Ereyitomi Thomas,House,PDP,Delta,Warri North/Warri South/ Warri South West,Yes
cd2ed4c2-4503-449b-926b-5f7449d8012b,HB 1539,Hon Paul Nnamchi,House,LP,Enugu,Enugu East/Isi Uzo,Yes
08dea982-7df1-425f-b6f0-81f214e2e287,HB 1064,Hon Benjamin Kalu,House,APC,Abia,Bende,Yes
46777573-fa51-418f-bd4e-9d6dfe695694,SB 223,Sen. Justus Olugbenga Daniel,Senate,APC,Ogun,,Yes
37f16ef5-10b4-4392-b50e-adbe72f51d73,SB 379,"Sen. Emmanuel, Udende Menga",Senate,APC,Benue,,Yes
50b6d785-11e7-45b9-b4fc-fcb8fb2b5208,SB 969,Sen. Michael Opeyemi Bamidele,Senate,APC,Ekiti,,Yes
69f52b0c-e0d9-4ea2-b319-c4e7ae56d515,HB 1276,Ali Isa,House,PDP,Gombe,Balanga/Billiri,Yes
83661652-1ccd-454a-9080-f90452fd9d65,HB 2047,Hon Abdulmumin Ari Mohammed,House,APC,Nasarawa,Nassarawa/Toto,Yes
e56cbb88-261a-43b1-bf15-85bc81bb4f3b,HB 192,Hon Saidu Musa Abdullahi,House,APC,Niger,Bida/Gbako/Katcha,Yes
75bd0f1a-d05c-4c85-8a68-4616d29acf7a,HB 235,Hon Dachung Musa Bagos,House,PDP,Plateau,Jos South/Jos East,Yes
be6a35d3-b327-434a-b04d-525637809544,HB 02,Hon Tajudeen Abbas,House,APC,Kaduna,Zaria,Yes
5e78314c-d9bd-4d2a-afc0-f39d338f9e40,HB 1881,Afam Ogene,House,LP,Anambra,Ogbaru,Yes
86f94de6-d277-4f5a-b2d1-5654a41d7e2e,SB 459,"Oluwole, Fasuyi Cyril",Senate,APC,Ekiti,,Yes
83d25b32-4211-438e-b012-5a327abec6dc,SB 243,"Sen. Khalid, Ibrahim Mustapha",Senate,PDP,Kaduna,,Yes
828b2c15-d18c-40b7-ba72-8ba3b40c86a3,HB 351,Hon Olatunji Akinosi,House,APC,Ogun,Ado-Odo/Ota,Yes
c981a9d9-750f-47a5-b287-baeb1785af72,HB 1867,Hon Lukman Mudashiru,House,PDP,Osun,Ayedire/Iwo/Ola-Oluwa,Yes
c981a9d9-750f-47a5-b287-baeb1785af72,HB 1867,Hon Abiola Peter Makinde,House,APC,Ondo,Ondo East/Ondo West,No
bd9b85df-a72a-4dca-9783-3c0ba875d602,HB 2355,Hon Ganiyu Ayuba,House,APC,Lagos,Alimosho,Yes
1d157f0c-e8a2-406c-aebd-1b2679d37aec,HB 2534,Hon Sesi Whingan,House,APC,Lagos,Badagry,Yes
7aaa4658-e9c9-4ca9-ba26-c9d74028af1e,HB 2076,Sadiq Abbas Tafida,House,PDP,Taraba,Jalingo/Yorro/Zing,Yes
52158af7-12e6-408e-96f3-a9cb6e8285ac,HB 1682,Hon Olufemi Richard Bamisile,House,APC,Ekiti,Emure/Gbonyin/Ekiti East,Yes
bda1eeeb-4cae-4d8c-9a30-124d68d32e4e,HB 131,Hon Benjamin Kalu,House,APC,Abia,Bende,Yes
5ba0e661-7b3c-4fc0-aaa3-486df8f426ad,HB 793,Hon Paul Nnamchi,House,LP,Enugu,Enugu East/Isi Uzo,Yes
2cb95360-53bd-4bdd-b90e-6c2b0adf53af,HB 379,Hon Rabiu Yusuf,House,NNPP,Kano,Sumaila/Takai,Yes
1e503fd4-bfff-4f08-9983-c83e36e4a130,SB 946,"Sen. Asuquo, Ekpenyong",Senate,APC,Cross River,,Yes
e3cca3fc-4ee2-47ef-816c-de643ec3c588,SB 48,Sen. Jibrin Isah,Senate,APC,Kogi,,Yes
fa3e4574-6531-40d8-9058-d5c33d8ec8f9,HB 335,Hon Sesi Whingan,House,APC,Lagos,Badagry,Yes
888e1a2c-d2ae-40a7-a475-4acb7607c7ef,HB 473,Hon Alex Egbona,House,PDP,Cross River,Yakurr/Abi,Yes
d0cdcdf9-9245-4b25-9feb-8063e53b0483,HB 901,Hon Akanni Enitan Dolapo-badru,House,APC,Lagos,Lagos Island I,Yes
a23d9f75-ce50-4f87-90c7-852382130dc7,HB 1026,Hon Abdulraheem Olatunji Olawuyi,House,APC,Kwara,Ekiti/Isin/Irepodun/Oke-Ero,Yes
30f75113-6ac1-4d19-a428-064f2161bf24,HB 2200,Esosa Iyawe,House,LP,Edo,Oredo,Yes
3388d298-4a95-4325-bf82-9f1430a157b9,HB 2230,Hon Amobi Ogah,House,LP,Abia,Isuikwuato/Umu-Nneochi,Yes
3388d298-4a95-4325-bf82-9f1430a157b9,HB 2230,Hon Ahmadu Usman Jaha,House,APC,Borno,Damboa/Gwoza/Chibok,No
3388d298-4a95-4325-bf82-9f1430a157b9,HB 2230,Hon David Idris Zacharias,House,APC,Kogi,Idah/Igalamela Odolu/Ibaji/ Ofu,No
3388d298-4a95-4325-bf82-9f1430a157b9,HB 2230,Hon Julius Ihonvbere,House,APC,Edo,Owan East/Owan West,No
3388d298-4a95-4325-bf82-9f1430a157b9,HB 2230,Hon Kingsley Chinda,House,PDP,Rivers,Obio/Akpor,No
3388d298-4a95-4325-bf82-9f1430a157b9,HB 2230,Hon Muktar Tolani Shagaya,House,APC,Kwara,Ilorin West/Asa,No
3388d298-4a95-4325-bf82-9f1430a157b9,HB 2230,Hon Benjamin Kalu,House,APC,Abia,Bende,No
d6ab3ebd-a700-43d7-bdb1-058c5fb7ca60,HB 921,Hon Abubakar Hassan Nalaraba,House,APC,Nasarawa,Awe/Doma/Keana,Yes
a4342222-c1c5-4cf5-8dec-f459a3858c15,HB 383,Hon Rabiu Yusuf,House,NNPP,Kano,Sumaila/Takai,Yes
3c5473a3-62c2-443e-b912-c8b67e5e4198,HB 2218,Hon Paul Nnamchi,House,LP,Enugu,Enugu East/Isi Uzo,Yes
ff5cba07-f6fc-4d86-97bc-35ca5bf6cefb,HB 1489,Hon Zainab Gimba,House,APC,Borno,Bama/Ngala/Kala-Balge,Yes
478ef646-6ae6-4f9f-8550-d353ecfd9786,HB 144,Hon Aliu Ademorin Kuye,House,APC,Lagos,Shomolu,Yes
35461d5b-1f3b-4e29-aeb5-b14a3cab12cf,SB 429,Sen. Mohammed Ali Ndume,Senate,APC,Borno,,Yes
7733301d-a6f7-4662-b01e-21c7217b4905,HB 1051,Hon Sulaiman Gumi Abubakar,House,PDP,Zamfara,Gummi/Bukkuyum,Yes
1f648519-05c7-46eb-a0a8-418488e07ed1,HB 968,Hon Sunday Umeha,House,LP,Enugu,Ezeagu/Udi,Yes
f934dd76-4f5d-4650-9acb-f6f3e4d8218f,HB 1185,Daniel Asama Ago,House,APC,Plateau,Jos North/Bassa,Yes
3c3de76f-d6cb-4f93-9848-4c958de5b528,HB 688,Hon Benjamin Kalu,House,APC,Abia,Bende,Yes
025c0a8b-0947-4fdb-82c6-3df068e12fd3,HB 962,Hon Jonathan Ajirioghene Ukodhiko,House,PDP,Delta,Isoko North/Isoko South,Yes
b043db1b-6cfd-4b10-988f-fc42e6e97b3c,HB 1445,Mitema Obordor,House,PDP,Bayelsa,Ogbia,Yes
8b39a594-8341-4518-9052-63d0e754a562,HB 817,Adedayo Samuel Adesola,House,APC,Lagos,Apapa,Yes
b058e9d9-3905-4426-858c-b48bcb5bb3a0,SB 634,Sen. Yau Sahabi Alhaji,Senate,APC,Zamfara,,Yes
fc0b989e-ffc5-4373-b824-743bc1628961,HB 2687,Executive,House,APC,N/A,.,Yes
fcfcfbe3-8603-40d7-bfff-627cf02e73d2,SB 992,Executive,Senate,APC,N/A,,Yes
249c802e-0309-4d78-b92b-cfc71994e065,SB 879,Abba Moro,Senate,PDP,Benue,,Yes
3774276b-4aad-4bd4-9654-b208f161f777,HB 914,Hon Abdulmalik Zubairu,House,APC,Zamfara,Bungudu/Maru,Yes
d68a1c6c-69e2-4618-a64c-905c802c5bbc,SB 908,Abba Moro,Senate,PDP,Benue,,Yes
65e187e4-c21b-431a-b1c2-0dc9933db10d,HB 438,Hon Taofeek Abimbola Ajilesoro,House,APC,Osun,Ife Central/Ife North/Ife South/Ife East,Yes
a64136c2-8dc6-448a-87e9-11a6c96e0164,HB 515,Hon Lanre Okunlola,House,APC,Lagos,Surulere II,Yes
04d2ec79-0eaa-460e-b128-d906952260a4,SB 896,Sen. Mohammed Tahir Monguno,Senate,APC,Borno,,Yes
7f292de9-a32a-4888-9f2a-75a95f15ba38,SB 29,Sen. Mohammed Tahir Monguno,Senate,APC,Borno,,Yes
748ce1fc-1de0-4fea-abee-efd1993d8276,SB 475,"Sen. Khalid, Ibrahim Mustapha",Senate,PDP,Kaduna,,Yes
440b262a-9fef-4adb-b1e1-71c8a0da53df,HB 920,Hon Abubakar Hassan Nalaraba,House,APC,Nasarawa,Awe/Doma/Keana,Yes
4b3fe714-9271-4510-919f-16e0fcfe2391,HB 898,Hon Hassan Shehu Hussain,House,NNPP,Kano,Nassarawa,Yes
48a778cf-0df4-4724-bd08-de1b589e0d0e,HB 675,Chris Nkwonta,House,PDP,Abia,Ukwa East/Ukwa West,Yes
da12ba22-1357-4b91-b7c4-f029c8b97e4a,SB 368,Sen. Jibrin Isah,Senate,APC,Kogi,,Yes
da366877-a2a2-4290-9bdf-048a5b4c5390,HB 22,Hon Tajudeen Abbas,House,APC,Kaduna,Zaria,Yes
cd843ac4-d027-47a6-8370-b392fd53f6da,SB 755,Sen. Saliu Mustapha,Senate,APC,Kwara,,Yes
0e8fc5d9-0f76-4643-aa29-e0563160b9ba,SB 172,Sen. Ned Munir Nwoko,Senate,PDP,Delta,,Yes
4b4ebcad-0dcf-4885-a433-070af1c97fc7,HB 270,Hon Osi Kama Nkemkanma,House,LP,Ebonyi,Ivo-Ohaozara/Onicha,Yes
77d6ff10-d7de-4ccd-8b46-3d4856c20832,SB 286,Sen. Michael Opeyemi Bamidele,Senate,APC,Ekiti,,Yes
b4f9d0ae-17fc-435e-b56f-83585da75a0c,HB 1563,Hon Akintunde Rotimi,House,APC,Ekiti,Ikole/Oye,Yes
7c1ee010-92f8-42ba-9196-f0140b24a091,HB 401,Hon Saidu Musa Abdullahi,House,APC,Niger,Bida/Gbako/Katcha,Yes
1a3e4d7c-6760-4b67-abd7-6e7beaa3e670,HB 2432,John Moenwul Dafaan,House,APC,Plateau,Mikang/Qua’an/Pan/Shedam,Yes
d8f5ecc4-c28f-4d12-8064-8f0f517d1d82,HB 1463,Dalyop Chollom Fom,House,LP,Plateau,Barkin Ladi/Riyom,Yes
df3d03a8-1ffb-4b97-a28e-0a5a8548a520,HB 2205,Hon Moshood Kayode Akiolu,House,APC,Lagos,Lagos Island II,Yes
08f255a5-69b8-45c5-a41a-4db14b43fb04,SB 97,Onyekachi Nwaebonyi,Senate,APC,Ebonyi,,Yes
8a76749d-30f3-4dcc-8715-674348a9ba47,HB 2340,Hon Uchenna Okonkwo,House,LP,Anambra,Idemili North/Idemili South,Yes
c55515a7-958e-4dbb-be4f-2bca23022fe7,HB 2219,Hon Paul Nnamchi,House,LP,Enugu,Enugu East/Isi Uzo,Yes
c186e36c-4cd8-4205-99ec-44d796a90244,SB 738,Sen. Michael Opeyemi Bamidele,Senate,APC,Ekiti,,Yes
e49d59f9-b08c-4322-9b35-dc7cd5b88539,HB 2232,Hon Bello Ambarura Isah,House,APC,Sokoto,Illela/Gwadabawa,Yes
e49d59f9-b08c-4322-9b35-dc7cd5b88539,HB 2232,Hon Tajudeen Abbas,House,APC,Kaduna,Zaria,No
